game_pk,play_id,game_date,challenge_team_id,challenge_team_abbr,challenge_team_name,challenge_side,role,player_id,player_name,batter_id,batter_name,pitcher_id,pitcher_name,bat_team_abbr,fld_team_abbr,inning,half,outs,bases,base_state,balls,strikes,original_call,corrected_call,plate_x,plate_z,strike_zone_bottom,strike_zone_top,zone_distance_ft,zone_distance_inches,overturn_probability,wp_original_call,wp_corrected_call,wpa_if_overturned,option_cost_if_failed,missed_expected_xwpa,decision_penalty_xwpa,challenge_losses_before,remaining_challenge_losses_before,challenge_loss_limit,pitch_start_time,pitch_description,pitch_type
824690,680ce592-f041-3c7d-8331-fa92b78e4abf,2026-04-21,143,PHI,Philadelphia Phillies,fielding,pitcher,689147,Orion Kerkering,694208,Moisés Ballesteros,689147,Orion Kerkering,CHC,PHI,5,Bot,2,7,1B2B3B,3,2,Ball,Strike,0.5686144213623743,1.4882977908353565,1.534,3.04,0.07513112416868983,0.901573490024278,0.5503532293131087,0.28332787388159614,0.4999999999999999,0.21667212611840375,0.011300000000000001,0.11416519580263879,-0.11416519580263879,0,2,2,2026-04-22T01:10:04.000Z,Ball,Four-Seam Fastball
822913,e13e3df4-e56d-3592-be90-aebfd888ecfd,2026-04-22,140,TEX,Texas Rangers,batting,hitter,694497,Evan Carter,694497,Evan Carter,677952,Braxton Ashcraft,TEX,PIT,7,Bot,0,1,1B--,3,2,Strike,Ball,0.5551403086602703,1.4567553151304662,1.673,3.316,0.0954113515362005,1.144936218434406,0.628685477898015,0.2242957976100393,0.3956457427622217,0.1713499451521824,0.011300000000000001,0.10352936805604603,-0.10352936805604603,0,2,2,2026-04-23T01:57:00.400Z,Called Strike,Sinker
823471,f87a2277-0707-34d5-b338-2a782c5861db,2026-04-30,143,PHI,Philadelphia Phillies,batting,hitter,666969,Adolis García,666969,Adolis García,621366,Ryan Borucki,PHI,SF,5,Bot,2,7,1B2B3B,3,1,Strike,Ball,-0.9850886950758742,1.6979653457403816,1.623,3.216,0.15592202840920744,1.8710643409104892,0.8167905187517743,0.586571098004381,0.7166721261184036,0.13010102811402258,0.022600000000000002,0.10212475196718178,-0.10212475196718178,1,1,2,2026-04-30T23:07:37.950Z,Called Strike,Sinker
823718,e221002a-dcec-318d-b8e0-7babfe149e52,2026-04-19,113,CIN,Cincinnati Reds,batting,hitter,668715,Spencer Steer,668715,Spencer Steer,641927,Bailey Ober,CIN,MIN,4,Top,1,3,1B2B-,3,2,Strike,Ball,1.0502843909653163,2.2118772085699527,1.563,3.096,0.22111772429864962,2.6534126915837954,0.9267552944463612,0.2635249884479065,0.37279959468756263,0.10927460623965612,0.011300000000000001,0.10044315470838656,-0.10044315470838656,0,2,2,2026-04-19T19:08:31.539Z,Called Strike,Changeup
824215,ae66cdc0-8b03-3e5b-a84f-24bb94303b4e,2026-03-29,108,LAA,Los Angeles Angels,fielding,pitcher,519141,Drew Pomeranz,670623,Isaac Paredes,519141,Drew Pomeranz,HOU,LAA,8,Bot,2,5,1B-3B,2,2,Ball,Strike,0.6933802437164309,1.608827518132345,1.605,3.181,0.1246608514656784,1.4959302175881408,0.7299903515126394,0.3645255384470126,0.49999999999999994,0.13547446155298737,0.022600000000000002,0.09279283175423644,-0.09279283175423644,1,1,2,2026-03-29T21:04:20.345Z,Ball,Four-Seam Fastball
825107,6767d382-4660-345a-a889-986fefa23161,2026-03-31,116,DET,Detroit Tigers,fielding,pitcher,676684,Will Vest,606466,Ketel Marte,676684,Will Vest,AZ,DET,8,Bot,0,5,1B-3B,3,1,Ball,Strike,0.3280604402876588,1.6872538113705904,1.624,3.218,0.18408714470392362,2.2090457364470835,0.8749435697644594,0.8031693335513438,0.89395903809968,0.09078970454833624,0.011300000000000001,0.07802273053372027,-0.07802273053372027,0,2,2,2026-04-01T03:47:22.870Z,Ball,Four-Seam Fastball
822833,e191ea0f-e81a-32cd-8192-2f5d6c1a9677,2026-04-08,119,LAD,Los Angeles Dodgers,batting,hitter,669257,Will Smith,669257,Will Smith,656546,Jeff Hoffman,LAD,TOR,9,Top,1,1,1B--,2,0,Strike,Ball,0.24957373719844128,3.4190962203291475,1.583,3.138,0.16026288699581448,1.9231546439497738,0.82695608587387,0.19164714164799573,0.27973571133350766,0.08808856968551193,0.022600000000000002,0.06893458633810805,-0.06893458633810805,1,1,2,2026-04-08T21:56:08.663Z,Called Strike,Four-Seam Fastball
822838,e125d723-69d9-3bd8-a5f7-dedb3e5740af,2026-03-28,133,ATH,Athletics,fielding,pitcher,663687,Hogan Harris,680718,Addison Barger,663687,Hogan Harris,TOR,ATH,8,Bot,2,7,1B2B3B,2,2,Ball,Strike,-0.7852875808920107,1.9249278433291956,1.602,3.175,0.043879085774656046,0.5265490292958726,0.4260624580980633,0.651031674753702,0.8374249872277645,0.18639331247406243,0.022600000000000002,0.06644420443875568,-0.06644420443875568,1,1,2,2026-03-28T21:56:16.255Z,Ball,Slider
823551,627ab1d5-69e2-3f78-bb50-68c79abccb4b,2026-05-07,140,TEX,Texas Rangers,fielding,pitcher,669022,MacKenzie Gore,641857,Ryan McMahon,669022,MacKenzie Gore,NYY,TEX,6,Bot,1,3,1B2B-,3,2,Ball,Strike,-0.18211618070893168,1.6024455995675786,1.674,3.317,0.04927893290091201,0.5913471948109441,0.44731205827293835,0.459347263425696,0.615441021519005,0.15609375809330905,0.011300000000000001,0.06357724647476042,-0.06357724647476042,0,2,2,2026-05-07T18:28:45.310Z,Ball,Sinker
823236,c6054acf-b38d-39e0-9231-35eea87fa4a6,2026-04-21,119,LAD,Los Angeles Dodgers,batting,hitter,690976,Alex Freeland,690976,Alex Freeland,694738,Landen Roupp,LAD,SF,5,Top,0,0,---,3,2,Strike,Ball,-0.19255161949010058,3.4788405914342087,1.607,3.185,0.17300725810087547,2.0760870972105057,0.8542232369204387,0.21869241896858604,0.29493934264036703,0.07624692367178099,0.011300000000000001,0.06348461652133533,-0.06348461652133533,0,2,2,2026-04-22T02:57:36.594Z,Called Strike,Sinker
823647,9bc8d26c-832d-3610-8c90-d99ea95dc9d5,2026-03-29,134,PIT,Pittsburgh Pirates,batting,hitter,668804,Bryan Reynolds,668804,Bryan Reynolds,690997,Nolan McLean,PIT,NYM,5,Top,1,2,-2B-,3,2,Strike,Ball,-1.0942965539506893,2.1855397998465134,1.657,3.284,0.26512988728402254,3.1815586474082704,0.9623874081402589,0.6189879755816321,0.685063597391052,0.06607562180941995,0.022600000000000002,0.06274030183839348,-0.06274030183839348,1,1,2,2026-03-29T18:59:26.924Z,Called Strike,Curveball
824846,8c14ff5f-9c92-3d57-815e-7c7027e727a5,2026-05-08,133,ATH,Athletics,fielding,pitcher,678022,Jack Perkins,687637,Dylan Beavers,678022,Jack Perkins,BAL,ATH,9,Bot,1,1,1B--,2,2,Ball,Strike,0.7662514916868975,1.7088704203139093,1.725,3.417,0.06291517497976917,0.7549820997572301,0.5016606938123243,0.8193599199081274,0.9533481156757933,0.13398819576766585,0.011300000000000001,0.06158537709154805,-0.06158537709154805,0,2,2,2026-05-09T01:35:16.350Z,Ball,Four-Seam Fastball
823397,de424a00-997a-328d-91a5-26a3dbf673a4,2026-04-17,139,TB,Tampa Bay Rays,fielding,pitcher,607259,Nick Martinez,668804,Bryan Reynolds,607259,Nick Martinez,PIT,TB,3,Bot,1,1,1B--,3,2,Ball,Strike,0.5151570958453464,1.7536888568513642,1.657,3.284,0.21752219018469754,2.6102662822163705,0.9227531090561245,0.29102318211617767,0.35462588516549554,0.06360270304931787,0.011300000000000001,0.05781670211546572,-0.05781670211546572,0,2,2,2026-04-17T23:26:37.856Z,Ball,Sinker
825017,f5299f68-9e8d-305b-a7f5-17379bee09e4,2026-04-28,118,KC,Kansas City Royals,fielding,pitcher,621381,Matt Strahm,687231,Darell Hernaiz,621381,Matt Strahm,ATH,KC,8,Bot,2,7,1B2B3B,3,1,Ball,Strike,-0.8181819246451202,1.7077962057082527,1.608,3.186,0.010984742021546534,0.1318169042585584,0.30486349280637254,0.12836202135125535,0.3685713594909848,0.24020933813972944,0.022600000000000002,0.05752097276740893,-0.05752097276740893,1,1,2,2026-04-29T04:18:11.560Z,Ball,Slider
823803,c4c0807a-490c-380c-b3d6-7e922be4f2cc,2026-04-15,141,TOR,Toronto Blue Jays,fielding,pitcher,656302,Dylan Cease,668930,Brice Turang,656302,Dylan Cease,MIL,TOR,6,Bot,1,0,---,3,2,Ball,Strike,0.6712954871977551,2.0960271634133423,1.62,3.21,0.1578711794689116,1.8944541536269393,0.821411345422341,0.6024586319611628,0.6762532007891418,0.07379456882797897,0.022600000000000002,0.05657959247239665,-0.05657959247239665,1,1,2,2026-04-16T01:07:13.816Z,Ball,Four-Seam Fastball
823483,c697b680-d3b6-33cf-b3c8-4721f39dd572,2026-04-01,143,PHI,Philadelphia Phillies,fielding,pitcher,650911,Cristopher Sánchez,682928,CJ Abrams,650911,Cristopher Sánchez,WSH,PHI,2,Top,0,1,1B--,3,2,Ball,Strike,-0.7433314618872499,1.6392611968662196,1.626,3.223,0.08583520477941686,1.0300224573530024,0.5922714139288179,0.500154771575921,0.602135361374917,0.10198058979899594,0.011300000000000001,0.05579285509094174,-0.05579285509094174,0,2,2,2026-04-01T17:27:53.768Z,Ball,Sinker
824767,73ad7ddd-2e9d-3982-88bc-5a8281d0a779,2026-05-07,139,TB,Tampa Bay Rays,batting,hitter,666018,Jonathan Aranda,666018,Jonathan Aranda,687562,Jake Bennett,TB,BOS,6,Top,0,1,1B--,3,2,Strike,Ball,-0.20576829369947336,3.3659549607323824,1.61,3.189,0.056121627399049245,0.6734595287885909,0.47450863016499234,0.5027992743811978,0.6323061845503296,0.12950691016913185,0.011300000000000001,0.055514094062119886,-0.055514094062119886,0,2,2,2026-05-08T00:40:20.340Z,Called Strike,Sinker
822833,6aac9959-6808-3de3-b326-6928eb65b729,2026-04-08,119,LAD,Los Angeles Dodgers,batting,hitter,690976,Alex Freeland,690976,Alex Freeland,643511,Tyler Rogers,LAD,TOR,8,Top,1,0,---,3,2,Strike,Ball,-0.9529814144926985,2.1363774704481213,1.607,3.185,0.12381474782603175,1.485776973912381,0.7273137261143444,0.41742979351792087,0.5022076415633349,0.084777848045414,0.022600000000000002,0.055497382764049925,-0.055497382764049925,1,1,2,2026-04-08T21:39:37.941Z,Called Strike,Sinker
824848,605919be-703c-382e-addc-76c4518f95c2,2026-04-30,110,BAL,Baltimore Orioles,batting,hitter,687637,Dylan Beavers,687637,Dylan Beavers,663567,Peter Lambert,BAL,HOU,4,Bot,1,1,1B--,2,2,Strike,Ball,-1.0141801286178236,2.3243829346148948,1.725,3.417,0.18501346195115687,2.2201615434138824,0.87655626081433,0.5275566919941964,0.5898190448532015,0.062262352859005055,0.011300000000000001,0.05318154095879381,-0.05318154095879381,0,2,2,2026-04-30T17:39:22.699Z,Called Strike,Cutter
822838,1184d624-2a55-3678-8a80-6d1f8ae2ba8a,2026-03-28,141,TOR,Toronto Blue Jays,batting,hitter,672960,Kazuma Okamoto,672960,Kazuma Okamoto,547184,Michael Kelly,TOR,ATH,9,Bot,0,0,---,0,2,Strike,Ball,1.0582428857256971,1.9793631001342669,1.643,3.256,0.22907621905903042,2.748914628708365,0.9349428630704062,0.11450234975065986,0.17227271224483048,0.05777036249417063,0.022600000000000002,0.05254169681630628,-0.05254169681630628,1,1,2,2026-03-28T22:08:55.710Z,Called Strike,Four-Seam Fastball
823320,32e066af-fcd5-3de3-abb5-089619ac3199,2026-03-30,135,SD,San Diego Padres,batting,hitter,665487,Fernando Tatis Jr.,665487,Fernando Tatis Jr.,676254,Ryan Walker,SD,SF,9,Bot,0,1,1B--,2,1,Strike,Ball,-0.43682969965192125,3.6062147568630736,1.689,3.346,0.13938142352974037,1.6725770823568844,0.7738365620502726,0.0774370848945384,0.1516253057191472,0.0741882208246088,0.022600000000000002,0.05229826404987788,-0.05229826404987788,1,1,2,2026-03-31T03:52:45.161Z,Called Strike,Slider
824929,c80d04a2-dfda-3d3c-b7ef-4095474a3984,2026-04-30,116,DET,Detroit Tigers,batting,hitter,650402,Gleyber Torres,650402,Gleyber Torres,641755,Tyler Kinley,DET,ATL,7,Top,1,1,1B--,2,0,Strike,Ball,0.08217652480778963,3.5369654588769115,1.579,3.13,0.2861321255435785,3.4335855065229417,0.9728304779509785,0.3226257453550236,0.3764536373647993,0.053827892009775724,0.011300000000000001,0.052058398311809834,-0.052058398311809834,0,2,2,2026-04-30T18:05:01.838Z,Called Strike,Four-Seam Fastball
823148,7b74fa58-2f55-387b-961a-2344787764b2,2026-04-21,136,SEA,Seattle Mariners,batting,hitter,663728,Cal Raleigh,663728,Cal Raleigh,682052,Jacob Lopez,SEA,ATH,3,Bot,0,1,1B--,2,0,Strike,Ball,1.106450259985708,2.4033209449632413,1.656,3.282,0.2772835933190413,3.3274031198284955,0.9688271137758413,0.4893280204261479,0.5427756833624993,0.05344766293635134,0.011300000000000001,0.051429291406356284,-0.051429291406356284,0,2,2,2026-04-22T02:29:37.169Z,Called Strike,Slider
823877,ea8a4e42-e6d1-32e2-adae-62e865a35b49,2026-05-01,146,MIA,Miami Marlins,batting,hitter,669364,Xavier Edwards,669364,Xavier Edwards,641745,Brad Keller,MIA,PHI,9,Bot,2,1,1B--,2,0,Strike,Ball,-0.9015806912452565,2.2369011021545555,1.542,3.055,0.07241402457858981,0.8689682949430777,0.5395731557743709,0.09941241221571676,0.20342049907602786,0.1040080868603111,0.011300000000000001,0.05091714831352333,-0.05091714831352333,0,2,2,2026-05-02T02:31:07.533Z,Called Strike,Four-Seam Fastball
824769,e2a58a48-766a-3631-93db-c0897bc243c1,2026-05-03,111,BOS,Boston Red Sox,batting,hitter,691785,Marcelo Mayer,691785,Marcelo Mayer,675989,Cody Bolton,BOS,HOU,2,Bot,0,0,---,3,2,Strike,Ball,-1.0017174894953589,2.949385621243077,1.687,3.342,0.17255082282869216,2.070609873944306,0.8533114741546772,0.52825116251036,0.5876958671048002,0.05944470459444018,0.011300000000000001,0.049067268166118914,-0.049067268166118914,0,2,2,2026-05-03T18:11:53.389Z,Called Strike,Curveball
823647,8d64305b-325c-3274-a6d4-d8bea54df57c,2026-03-29,134,PIT,Pittsburgh Pirates,fielding,pitcher,664353,José Urquidy,596019,Francisco Lindor,664353,José Urquidy,NYM,PIT,10,Bot,0,0,---,2,2,Ball,Strike,0.23242870384262115,1.7015535165367326,1.568,3.108,0.2543868498700659,3.0526421984407905,0.9556462095034439,0.9013728792980892,0.9527136679275063,0.051340788629417156,0.022600000000000002,0.04806123438139785,-0.04806123438139785,0,1,1,2026-03-29T20:44:27.628Z,Ball,Curveball
824295,53211763-dc48-371e-8f8e-d5e8409b9206,2026-04-04,138,STL,St. Louis Cardinals,batting,hitter,671056,Iván Herrera,671056,Iván Herrera,676428,Brant Hurter,STL,DET,6,Top,0,1,1B--,2,1,Strike,Ball,0.15167000588589813,3.511756445383749,1.602,3.173,0.21792311205041592,2.615077344604991,0.9232091130184296,0.26672878878074996,0.3192832636570371,0.052554474876287116,0.011300000000000001,0.04765103311279462,-0.04765103311279462,0,2,2,2026-04-04T19:13:45.140Z,Called Strike,Sweeper
824289,27a169a5-cd84-35b6-a9e0-b80d3167fa51,2026-04-16,118,KC,Kansas City Royals,fielding,pitcher,663460,Kris Bubic,650402,Gleyber Torres,663460,Kris Bubic,DET,KC,1,Bot,0,0,---,3,2,Ball,Strike,0.4169272633547116,1.6394442902107405,1.579,3.13,0.18127762354407384,2.175331482528886,0.8699415404976668,0.4174521818698143,0.473581787583523,0.056129605713708675,0.011300000000000001,0.047359815069733996,-0.047359815069733996,0,2,2,2026-04-16T18:25:23.947Z,Ball,Four-Seam Fastball
824288,fb0faaae-513e-3149-84f4-19e57129d6b8,2026-04-23,158,MIL,Milwaukee Brewers,batting,hitter,650859,Luis Rengifo,650859,Luis Rengifo,663947,Tyler Holton,MIL,DET,7,Top,0,6,-2B3B,0,0,Strike,Ball,0.4913393572494632,3.476692376044479,1.558,3.087,0.2688590427111457,3.2263085125337483,0.9644886151519988,0.6916139529303651,0.7405781460976429,0.04896419316727785,0.011300000000000001,0.04682412821116036,-0.04682412821116036,0,2,2,2026-04-23T18:56:27.739Z,Called Strike,Cutter
823891,58054294-7ed2-3842-a8d7-56ce3e323ec1,2026-03-29,115,COL,Colorado Rockies,fielding,pitcher,622608,Antonio Senzatela,682663,Agustín Ramírez,622608,Antonio Senzatela,MIA,COL,8,Bot,1,0,---,1,2,Ball,Strike,0.4145217384483467,1.7545310212697771,1.644,3.257,0.23136435460311056,2.7763722552373267,0.9371345225081317,0.755800722961107,0.8069814771010073,0.05118075413990031,0.022600000000000002,0.04654249180118534,-0.04654249180118534,1,1,2,2026-03-29T20:00:46.227Z,Ball,Sinker
823873,493b88b0-97f8-3938-bbb3-a65ad0f26ed3,2026-05-05,146,MIA,Miami Marlins,batting,hitter,683357,Owen Caissie,683357,Owen Caissie,605135,Chris Bassitt,MIA,BAL,3,Bot,1,7,1B2B3B,3,2,Strike,Ball,0.8297400722202979,2.14505799597228,1.7,3.369,0.0005734055536311677,0.006880866643574013,0.2707490545827402,0.4460675631121529,0.6479525794112315,0.20188501629907862,0.011300000000000001,0.04641964161418159,-0.04641964161418159,0,2,2,2026-05-05T23:45:51.110Z,Called Strike,Sinker
823870,9bd0feae-49e7-3a61-bb0f-f7d530ae6f64,2026-05-07,110,BAL,Baltimore Orioles,batting,hitter,621493,Taylor Ward,621493,Taylor Ward,694795,Josh Ekness,BAL,MIA,8,Top,0,0,---,3,0,Strike,Ball,-0.3301572090103017,3.480968098531414,1.61,3.19,0.1701347651980809,2.041617182376971,0.8484063656415551,0.28405673845150126,0.33916433112714595,0.05510759267564469,0.011300000000000001,0.04504062435294846,-0.04504062435294846,0,2,2,2026-05-08T00:36:30.449Z,Called Strike,Four-Seam Fastball
823569,0115c3e7-dc9a-3d2b-aedd-fbd1ef59e056,2026-04-04,146,MIA,Miami Marlins,fielding,pitcher,676974,Max Meyer,663757,Trent Grisham,676974,Max Meyer,NYY,MIA,1,Bot,0,0,---,3,2,Ball,Strike,-0.6877049792199706,2.5420477771026078,1.584,3.138,0.14146168744669607,1.6975402493603529,0.7796086097645153,0.6127474081064008,0.6731243417434212,0.06037693363702035,0.011300000000000001,0.04457995458494086,-0.04457995458494086,0,2,2,2026-04-04T23:25:54.391Z,Ball,Four-Seam Fastball
822746,cf3743fe-aa2d-37f6-8038-4d9030f21212,2026-05-02,158,MIL,Milwaukee Brewers,fielding,pitcher,690986,Kyle Harrison,682928,CJ Abrams,690986,Kyle Harrison,WSH,MIL,2,Bot,0,0,---,3,2,Ball,Strike,-0.6100920590067797,3.1978338253184253,1.626,3.223,0.1459995080149077,1.7519940961788922,0.7918300757431329,0.7131430782223882,0.7721948178777964,0.05905173965540822,0.011300000000000001,0.04440662334000306,-0.04440662334000306,0,2,2,2026-05-02T20:34:56.013Z,Ball,Four-Seam Fastball
823561,14971d7d-7065-38e1-993c-4ce9234e9943,2026-04-15,147,NYY,New York Yankees,batting,hitter,519317,Giancarlo Stanton,519317,Giancarlo Stanton,605447,Jordan Romano,NYY,LAA,9,Bot,0,0,---,3,0,Strike,Ball,-0.9282819451059362,2.509275150682498,1.732,3.432,0.09911527843926948,1.1893833412712338,0.6424111037077257,0.2510129075651784,0.33260911363352813,0.08159620606834972,0.022600000000000002,0.04433679974252617,-0.04433679974252617,1,1,2,2026-04-16T01:21:07.332Z,Called Strike,Four-Seam Fastball
823145,7bbcc276-3202-370f-a68c-6170d8606d33,2026-05-03,136,SEA,Seattle Mariners,batting,hitter,608701,Rob Refsnyder,608701,Rob Refsnyder,663460,Kris Bubic,SEA,KC,3,Bot,0,1,1B--,3,2,Strike,Ball,-0.8911848445547895,2.023238971582882,1.608,3.187,0.062018177888122805,0.7442181346574737,0.4980727210974995,0.5570641026587763,0.6561900690965364,0.09912596643776017,0.011300000000000001,0.04370016158347636,-0.04370016158347636,0,2,2,2026-05-03T20:52:56.355Z,Called Strike,Four-Seam Fastball
823647,4a75bc29-09b6-3a11-b6e5-53d50362c738,2026-03-29,134,PIT,Pittsburgh Pirates,fielding,pitcher,664353,José Urquidy,666182,Bo Bichette,664353,José Urquidy,NYM,PIT,10,Bot,1,6,-2B3B,0,0,Ball,Strike,-0.6696483493812261,1.6199734777385086,1.596,3.162,0.1448068110718419,1.7376817328621028,0.7886669811837815,0.5101143545363116,0.5715607759387791,0.06144642140246748,0.022600000000000002,0.04368463744678399,-0.04368463744678399,0,1,1,2026-03-29T20:48:30.796Z,Ball,Sinker
824611,5aa0153c-be94-3a47-b4ee-bdcda906a09b,2026-04-24,120,WSH,Washington Nationals,fielding,pitcher,683000,Riley Cornelio,682668,Luisangel Acuña,683000,Riley Cornelio,CWS,WSH,7,Bot,0,1,1B--,2,0,Ball,Strike,0.7417290157994837,2.6864982541876063,1.518,3.008,0.08743765086718303,1.0492518104061963,0.5984479557472193,0.4612449529675479,0.5482456765972696,0.08700072362972172,0.022600000000000002,0.04299032900462292,-0.04299032900462292,1,1,2,2026-04-25T01:38:27.355Z,Ball,Four-Seam Fastball
822913,d0aea433-c22d-3505-a29d-5f65665558fd,2026-04-22,134,PIT,Pittsburgh Pirates,fielding,pitcher,677952,Braxton Ashcraft,592626,Joc Pederson,677952,Braxton Ashcraft,TEX,PIT,2,Bot,0,0,---,3,2,Ball,Strike,0.7103663803357712,1.8503001032196331,1.633,3.237,0.11880028633089557,1.4256034359707468,0.7111148162613262,0.5184823803410585,0.5833740393507894,0.06489165900973082,0.011300000000000001,0.04288101759735035,-0.04288101759735035,0,2,2,2026-04-23T00:26:31.102Z,Ball,Slider
824783,3994df71-9484-30a1-9c1d-41e5c3926dbd,2026-04-06,111,BOS,Boston Red Sox,fielding,pitcher,676477,Garrett Whitlock,661388,William Contreras,676477,Garrett Whitlock,MIL,BOS,8,Top,1,1,1B--,1,2,Ball,Strike,-0.3737486951790569,1.6266101512720303,1.581,3.133,0.16644348460536373,1.9973218152643648,0.840653133567511,0.5046480244827733,0.5572401076488678,0.05259208316609443,0.011300000000000001,0.0424110799237333,-0.0424110799237333,0,2,2,2026-04-07T01:30:25.003Z,Ball,Changeup
823229,e6f38892-e8f1-3e33-b15e-bc6bf7c85d9e,2026-04-25,146,MIA,Miami Marlins,batting,hitter,672640,Otto Lopez,672640,Otto Lopez,592662,Robbie Ray,MIA,SF,3,Top,0,1,1B--,2,0,Strike,Ball,0.12584869335883656,3.4528334083600924,1.583,3.137,0.1950000750267593,2.3400009003211117,0.8928320443740744,0.5494642909984898,0.5978340750589294,0.04836978406043957,0.011300000000000001,0.04197509529004182,-0.04197509529004182,0,2,2,2026-04-25T20:54:03.076Z,Called Strike,Four-Seam Fastball
823229,13234deb-5f1b-373f-9668-ebdab3c0ad7f,2026-04-25,146,MIA,Miami Marlins,batting,hitter,669364,Xavier Edwards,669364,Xavier Edwards,669062,Erik Miller,MIA,SF,8,Top,1,1,1B--,3,2,Strike,Ball,-0.6294868500500641,3.2501601100965782,1.542,3.055,0.07432677676324495,0.8919213211589394,0.5471664486582533,0.0445455296398049,0.1290921473651276,0.08454661772532271,0.011300000000000001,0.04114405343667002,-0.04114405343667002,0,2,2,2026-04-25T22:33:12.791Z,Called Strike,Slider
824205,747a6486-013c-31cb-8296-a67ace1263f4,2026-04-19,117,HOU,Houston Astros,batting,hitter,673237,Yainer Diaz,673237,Yainer Diaz,676617,Riley O'Brien,HOU,STL,9,Bot,1,0,---,2,2,Strike,Ball,-0.4343836306931883,3.382408363641995,1.595,3.161,0.10057503030866188,1.2069003637039426,0.6477584003215069,0.5328466724767269,0.6076291608919232,0.0747824884151963,0.022600000000000002,0.040480324915155234,-0.040480324915155234,1,1,2,2026-04-19T20:54:32.041Z,Called Strike,Sinker
824117,18ff4350-8a9f-303b-bcb1-93d3c99fff6d,2026-05-07,118,KC,Kansas City Royals,fielding,pitcher,607625,Seth Lugo,608070,José Ramírez,607625,Seth Lugo,CLE,KC,1,Top,1,1,1B--,2,2,Ball,Strike,0.6532834776936963,2.9979914033745447,1.532,3.035,0.15784192995878854,1.8941031595054625,0.8213426831037324,0.4748117737160945,0.5259350125143663,0.05112323879827174,0.011300000000000001,0.03997087044259752,-0.03997087044259752,0,2,2,2026-05-07T18:14:24.345Z,Ball,Slurve
824771,9b59cf89-9aba-3d3e-8e41-75d8ecc03155,2026-05-02,117,HOU,Houston Astros,fielding,pitcher,681293,Spencer Arrighetti,680776,Jarren Duran,681293,Spencer Arrighetti,BOS,HOU,3,Bot,1,3,1B2B-,3,2,Ball,Strike,-0.7868572327455191,3.03806589106552,1.63,3.23,0.04230943392114761,0.5077132070537713,0.4199328494876531,0.46162729737553043,0.5710919967065186,0.10946469933098812,0.011300000000000001,0.03941306430758151,-0.03941306430758151,0,2,2,2026-05-02T20:59:45.057Z,Ball,Curveball
823151,4ecbdfe9-a6a2-3f81-81e8-d8f06d9964a2,2026-04-18,136,SEA,Seattle Mariners,fielding,pitcher,669923,George Kirby,677649,Ezequiel Duran,669923,George Kirby,TEX,SEA,4,Top,1,7,1B2B3B,1,2,Ball,Strike,0.7531297777037653,3.0464023789397445,1.578,3.126,0.0760368889629014,0.9124426675548167,0.5539368663700622,0.5237980136122521,0.612196271115162,0.08839825750290986,0.022600000000000002,0.038886026933699136,-0.038886026933699136,1,1,2,2026-04-19T00:23:42.024Z,Ball,Four-Seam Fastball
824443,591fa107-1622-330f-8945-7d12549e5b67,2026-05-08,142,MIN,Minnesota Twins,batting,hitter,680777,Ryan Jeffers,680777,Ryan Jeffers,670059,Colin Holderman,MIN,CLE,7,Top,1,2,-2B-,3,2,Strike,Ball,0.8554815042501018,2.5831733258139455,1.658,3.285,0.026314837583435113,0.31577805100122136,0.3591713346155154,0.2651378151630454,0.3919596604693331,0.1268218453062877,0.011300000000000001,0.03830940751821712,-0.03830940751821712,0,2,2,2026-05-09T01:13:20.704Z,Called Strike,Sweeper
824036,65944fba-a1a9-30ef-a0b7-1e280f1e756e,2026-05-06,108,LAA,Los Angeles Angels,fielding,pitcher,700712,Walbert Ureña,672284,Jarred Kelenic,700712,Walbert Ureña,CWS,LAA,2,Top,1,2,-2B-,3,2,Ball,Strike,-0.7139606891045138,1.627365028371459,1.594,3.159,0.1152059775621529,1.3824717307458347,0.699158861766333,0.3547182089217971,0.41434621002045985,0.05962800109866273,0.011300000000000001,0.038289940515502253,-0.038289940515502253,0,2,2,2026-05-06T20:30:20.312Z,Ball,Changeup
824116,5d15b2e3-7509-30a9-bd7b-5b48cdc782ec,2026-05-08,116,DET,Detroit Tigers,batting,hitter,682985,Riley Greene,682985,Riley Greene,663460,Kris Bubic,DET,KC,6,Top,1,1,1B--,2,2,Strike,Ball,-0.18242521074799273,3.5012425298222722,1.667,3.303,0.07740919648893918,0.9289103578672702,0.559355584700113,0.4597570017316898,0.5368687441990716,0.07711174246738178,0.011300000000000001,0.03815360190219815,-0.03815360190219815,0,2,2,2026-05-09T01:00:36.376Z,Called Strike,Four-Seam Fastball
824287,f0e075ea-237d-338a-aee5-bcf20ac09cef,2026-05-01,140,TEX,Texas Rangers,fielding,pitcher,656641,Jacob Latz,650402,Gleyber Torres,656641,Jacob Latz,DET,TEX,9,Bot,1,0,---,2,2,Ball,Strike,0.21342597527252677,1.4930938960887032,1.579,3.13,0.03492722942203663,0.4191267530644396,0.39146356789861,0.8410497129795039,0.9560326461226444,0.11498293314314045,0.011300000000000001,0.038135167572915386,-0.038135167572915386,0,2,2,2026-05-02T01:41:13.510Z,Ball,Curveball
825093,6090dec1-b0a7-46b2-b1c1-7ada203bcfe5,2026-04-25,109,AZ,Arizona Diamondbacks,batting,hitter,680728,Adrian Del Castillo,680728,Adrian Del Castillo,670970,Adrian Morejon,AZ,SD,7,Bot,2,3,1B2B-,1,2,Strike,Ball,0.91791004,2.6474442,1.56,3.091,0.08874337333333326,1.0649204799999992,0.603457878336273,0.2526856438997889,0.322295539998324,0.06960989609853507,0.011300000000000001,0.037525714236030266,-0.037525714236030266,0,2,2,2026-04-26T00:17:16.820Z,Called Strike,Slider
822833,18391486-3182-36f5-a9a8-5301e510e8b2,2026-04-08,141,TOR,Toronto Blue Jays,fielding,pitcher,656546,Jeff Hoffman,669257,Will Smith,656546,Jeff Hoffman,LAD,TOR,9,Top,1,1,1B--,2,1,Ball,Strike,-0.23063576738750538,1.5342503153410205,1.583,3.138,0.0720836486743539,0.8650037840922469,0.5382596585347911,0.7466790076741247,0.8350520587595371,0.08837305108541249,0.022600000000000002,0.03713231658379805,-0.03713231658379805,1,1,2,2026-04-08T21:56:29.996Z,Ball,Sinker
823155,e16c444a-53d0-3701-a7fd-3cdb1fc72a71,2026-04-11,117,HOU,Houston Astros,fielding,pitcher,678906,Kai-Wei Teng,702284,Cole Young,678906,Kai-Wei Teng,SEA,HOU,6,Bot,1,1,1B--,2,2,Ball,Strike,0.565410174902353,1.5375327089478887,1.581,3.133,0.07736604228122212,0.9283925073746655,0.5591853934764146,0.39020495273671635,0.46537100651312147,0.07516605377640512,0.011300000000000001,0.037050554303311924,-0.037050554303311924,0,2,2,2026-04-12T03:45:43.845Z,Ball,Four-Seam Fastball
822741,76468b47-6b87-339a-ab8e-7923b1e8049a,2026-05-07,120,WSH,Washington Nationals,fielding,pitcher,663992,Richard Lovelady,807712,Luke Keaschall,663992,Richard Lovelady,MIN,WSH,6,Top,0,1,1B--,3,2,Ball,Strike,-0.4460290681443301,1.5108172836465228,1.622,3.214,0.00965061697985603,0.11580740375827236,0.3003587461749125,0.508748685065323,0.6574449388542556,0.1486962537889326,0.011300000000000001,0.03675627418072688,-0.03675627418072688,0,2,2,2026-05-07T18:44:55.086Z,Ball,Sinker
824612,ada9df25-0e6d-3100-93bb-3fe1bd991b61,2026-04-26,145,CWS,Chicago White Sox,batting,hitter,805367,Chase Meidroth,805367,Chase Meidroth,687606,Paxton Schultz,CWS,WSH,10,Bot,1,1,1B--,0,0,Strike,Ball,0.17673725978082555,3.3459104061389815,1.548,3.068,0.1570770728056483,1.8849248736677797,0.8195398675183997,0.18782975768269886,0.2372237671349542,0.04939400945225533,0.022600000000000002,0.03640196096861975,-0.03640196096861975,0,1,1,2026-04-26T20:34:13.216Z,Called Strike,Cutter
822748,18022555-c6a2-3a1d-86e1-1ff5477ee63f,2026-04-22,120,WSH,Washington Nationals,batting,hitter,695734,Daylen Lile,695734,Daylen Lile,800311,Didier Fuentes,WSH,ATL,1,Bot,2,3,1B2B-,2,0,Strike,Ball,-1.0662878132697646,2.2023925968364537,1.605,3.181,0.2371211466030979,2.845453759237175,0.9423473834127944,0.44061550910747443,0.47934570248144387,0.038730193373969435,0.011300000000000001,0.03584582181759622,-0.03584582181759622,0,2,2,2026-04-22T23:00:53.738Z,Called Strike,Four-Seam Fastball
823476,838178cd-041c-36d5-ae29-688cc474b19e,2026-04-17,144,ATL,Atlanta Braves,batting,hitter,663586,Austin Riley,663586,Austin Riley,592836,Taijuan Walker,ATL,PHI,1,Top,0,7,1B2B3B,1,2,Strike,Ball,0.1004950021592108,3.591324435085685,1.652,3.274,0.19649110175235185,2.357893221028222,0.8950933988875215,0.5837589247222751,0.6249393316099063,0.04118040688763125,0.011300000000000001,0.03567486577604995,-0.03567486577604995,0,2,2,2026-04-17T22:47:12.459Z,Called Strike,Sinker
822747,e8ddb2f9-52c6-3011-982d-b9cd83ae106b,2026-04-21,144,ATL,Atlanta Braves,fielding,pitcher,625643,Reynaldo López,695578,James Wood,625643,Reynaldo López,WSH,ATL,1,Bot,0,0,---,3,2,Ball,Strike,0.27465661101936373,1.7659379371424162,1.761,3.489,0.12577127047574965,1.5092552457089958,0.7334779052773583,0.4174521818698143,0.473581787583523,0.056129605713708675,0.022600000000000002,0.03514642628220338,-0.03514642628220338,1,1,2,2026-04-21T22:53:26.415Z,Ball,Slider
823552,2dd71455-27ec-336e-835d-3e697fbf18bd,2026-05-04,110,BAL,Baltimore Orioles,fielding,pitcher,669358,Shane Baz,592450,Aaron Judge,669358,Shane Baz,NYY,BAL,1,Bot,0,2,-2B-,1,2,Ball,Strike,0.39592370343170724,1.8405251736140815,1.778,3.523,0.18335850694741485,2.200302083368978,0.8736623745117178,0.39203534423402525,0.43357770854185296,0.041542364307827706,0.011300000000000001,0.034866385475990004,-0.034866385475990004,0,2,2,2026-05-04T23:23:11.908Z,Ball,Cutter
823159,ec55cb76-7c75-3bdb-a7f2-e48204ea9cfa,2026-03-30,136,SEA,Seattle Mariners,batting,hitter,645302,Victor Robles,645302,Victor Robles,677960,Ryan Weathers,SEA,NYY,2,Bot,0,3,1B2B-,2,2,Strike,Ball,-0.922980304860171,1.9958014092594543,1.614,3.199,0.0938136381935043,1.1257636583220516,0.6226985847361735,0.5968293525372741,0.6594513874595535,0.06262203492227936,0.011300000000000001,0.034731146526921344,-0.034731146526921344,0,2,2,2026-03-31T02:12:45.466Z,Called Strike,Four-Seam Fastball
824863,42d28a42-19c7-3c9b-b72c-bf89374fccc3,2026-03-30,140,TEX,Texas Rangers,batting,hitter,608369,Corey Seager,608369,Corey Seager,605135,Chris Bassitt,TEX,BAL,2,Top,1,5,1B-3B,3,0,Strike,Ball,-0.0346481703945227,3.7721175624835284,1.702,3.372,0.27928422915019535,3.351410749802344,0.9697794836575939,0.6470465490566255,0.6823752396684152,0.03532869061178967,0.011300000000000001,0.033919547505131084,-0.033919547505131084,0,2,2,2026-03-30T23:06:31.652Z,Called Strike,Cutter
824531,4b933175-dddd-3d6d-9e91-5dbe0c170bb2,2026-04-14,113,CIN,Cincinnati Reds,fielding,pitcher,663574,Tony Santillan,656305,Matt Chapman,663574,Tony Santillan,SF,CIN,8,Top,0,1,1B--,1,2,Ball,Strike,0.3687960746541583,1.5912552275563527,1.641,3.251,0.07108856088968607,0.8530627306762328,0.5343002849674982,0.6672385688179496,0.7402435703484042,0.07300500153045453,0.011300000000000001,0.03374418634190722,-0.03374418634190722,0,2,2,2026-04-15T00:43:37.827Z,Ball,Four-Seam Fastball
822822,4fdf2f41-7a0f-30a5-b806-688d195e875c,2026-05-08,108,LAA,Los Angeles Angels,fielding,pitcher,672282,Reid Detmers,665489,Vladimir Guerrero Jr.,672282,Reid Detmers,TOR,LAA,3,Bot,1,1,1B--,3,2,Ball,Strike,-0.23401081640643182,1.5604791818876738,1.619,3.209,0.062312515221007114,0.7477501826520854,0.499250061446391,0.39643082768986804,0.4747672392344919,0.07833641154462384,0.011300000000000001,0.03345098397148744,-0.03345098397148744,0,2,2,2026-05-08T23:54:44.602Z,Ball,Slider
824936,0d372a60-f22a-332e-9637-e0c1c907df1a,2026-04-15,144,ATL,Atlanta Braves,fielding,pitcher,693821,Bryce Elder,689414,Liam Hicks,693821,Bryce Elder,MIA,ATL,6,Top,0,1,1B--,1,0,Ball,Strike,0.15571575591259004,1.586136011506906,1.557,3.086,0.1499693448402395,1.799632138082874,0.8021060448483157,0.6894057525968947,0.7338256748134037,0.04441992221650892,0.011300000000000001,0.03339328642833977,-0.03339328642833977,0,2,2,2026-04-16T00:48:07.403Z,Ball,Four-Seam Fastball
823808,be0a5d60-5963-325b-b52d-8b92cb3b763e,2026-04-10,120,WSH,Washington Nationals,batting,hitter,691781,Brady House,691781,Brady House,682842,Abner Uribe,WSH,MIL,8,Top,2,1,1B--,2,0,Strike,Ball,0.9435347497868739,2.131415932151756,1.701,3.371,0.11436808312020719,1.3724169974424862,0.6963315287095772,0.44391096054167917,0.49568430347925835,0.05177334293757918,0.011300000000000001,0.03261995730854792,-0.03261995730854792,0,2,2,2026-04-11T02:03:08.715Z,Called Strike,Sinker
823163,6e2d900e-15e5-3afa-b7c3-17d3498851a7,2026-03-26,136,SEA,Seattle Mariners,batting,hitter,663728,Cal Raleigh,663728,Cal Raleigh,681870,Erik Sabrowski,SEA,CLE,8,Bot,0,0,---,2,2,Strike,Ball,0.9087782799576114,2.412589073312033,1.656,3.282,0.07961161329094468,0.9553393594913362,0.5680220793318134,0.24276387179669065,0.30830173126813304,0.06553785947144239,0.011300000000000001,0.032345600708374375,-0.032345600708374375,0,2,2,2026-03-27T04:36:57.879Z,Called Strike,Slider
823394,0d75ebc0-7970-3952-a4e2-afead92add51,2026-04-18,139,TB,Tampa Bay Rays,batting,hitter,656775,Cedric Mullins,656775,Cedric Mullins,676755,Isaac Mattson,TB,PIT,10,Top,1,0,---,2,1,Strike,Ball,0.23705389655568992,3.478525205044357,1.517,3.005,0.3526918717110239,4.232302460532287,0.9904637217207736,0.5818613009163109,0.6140274443828373,0.032166143466526353,0.022600000000000002,0.03164387828214952,-0.03164387828214952,0,1,1,2026-04-19T00:58:18.104Z,Called Strike,Four-Seam Fastball
823479,f08f8a2b-2e70-324f-badb-f3fc0d6afc39,2026-04-12,143,PHI,Philadelphia Phillies,fielding,pitcher,621237,José Alvarado,672695,Geraldo Perdomo,621237,José Alvarado,AZ,PHI,8,Top,0,1,1B--,2,1,Ball,Strike,-0.7501083182155239,2.3256159443275473,1.674,3.317,0.07905834845114279,0.9487001814137135,0.5658486847925615,0.5950519660364618,0.6672385688179496,0.07218660278148781,0.022600000000000002,0.031034874519859822,-0.031034874519859822,1,1,2,2026-04-12T19:51:32.753Z,Ball,Sinker
823159,91659187-17b8-3100-af08-ef424da59670,2026-03-30,136,SEA,Seattle Mariners,fielding,pitcher,666374,Matt Brash,665862,Jazz Chisholm Jr.,666374,Matt Brash,NYY,SEA,9,Top,1,2,-2B-,1,1,Ball,Strike,-0.28329240849072373,1.661452373002693,1.593,3.156,0.18928570633602648,2.271428476032318,0.883764395472362,0.43680156778888435,0.47293386741271515,0.0361322996238308,0.011300000000000001,0.030618977602918766,-0.030618977602918766,0,2,2,2026-03-31T04:16:57.668Z,Ball,Changeup
824856,fe70a83f-6ee4-3ab0-8d0e-dbc8dda29093,2026-04-13,109,AZ,Arizona Diamondbacks,batting,hitter,680728,Adrian Del Castillo,680728,Adrian Del Castillo,544150,Albert Suárez,AZ,BAL,7,Top,1,1,1B--,2,1,Strike,Ball,-0.3239031694349433,3.641426820233894,1.56,3.091,0.4295934869005609,5.1551218428067305,0.9971948685087486,0.6933339537117509,0.723636582340172,0.030302628628421147,0.011300000000000001,0.030185927784736725,-0.030185927784736725,0,2,2,2026-04-14T00:46:57.271Z,Called Strike,Four-Seam Fastball
824045,4121ba69-a271-35bc-b029-2944f0273d51,2026-04-21,141,TOR,Toronto Blue Jays,batting,hitter,676391,Ernie Clement,676391,Ernie Clement,686799,Jack Kochanowicz,TOR,LAA,6,Top,0,0,---,3,1,Strike,Ball,-0.112093695737272,3.4036189292381533,1.61,3.191,0.09178559590482038,1.1014271508578446,0.6150451285526091,0.3414020397920313,0.39747743727433854,0.05607539748230722,0.011300000000000001,0.03013891000578878,-0.03013891000578878,0,2,2,2026-04-22T02:51:06.301Z,Called Strike,Four-Seam Fastball
823807,7561ef91-bc95-309b-abd4-4cf687954618,2026-03-31,158,MIL,Milwaukee Brewers,batting,hitter,686217,Sal Frelick,686217,Sal Frelick,663556,Shane McClanahan,MIL,TB,5,Bot,1,3,1B2B-,1,0,Strike,Ball,-0.983362305342813,1.9614104425086616,1.546,3.063,0.15419563867614627,1.8503476641137553,0.8126208015009896,0.34979611261204185,0.3893242135052263,0.039528100893184426,0.011300000000000001,0.03000397208659269,-0.03000397208659269,0,2,2,2026-04-01T00:49:48.892Z,Called Strike,Four-Seam Fastball
825088,317a5ef1-fbc5-362b-ae3d-de03242d5596,2026-05-08,121,NYM,New York Mets,fielding,pitcher,690997,Nolan McLean,672515,Gabriel Moreno,690997,Nolan McLean,AZ,NYM,5,Bot,1,0,---,3,2,Ball,Strike,0.29216501082077895,1.5234858703298373,1.55,3.072,0.09431920366317059,1.131830443958047,0.6245971717401019,0.43144854425630763,0.48594597130227374,0.05449742704596611,0.011300000000000001,0.029796886840686113,-0.029796886840686113,0,2,2,2026-05-09T02:51:04.895Z,Ball,Four-Seam Fastball
824371,ba0b39a3-80c2-36b0-9c35-424ee01e5713,2026-04-19,115,COL,Colorado Rockies,fielding,pitcher,622608,Antonio Senzatela,808975,Hyeseong Kim,622608,Antonio Senzatela,LAD,COL,6,Top,1,3,1B2B-,0,1,Ball,Strike,0.08808428234586398,1.684960967259143,1.577,3.124,0.2287943005924764,2.745531607109717,0.9346679624855876,0.4377610631020204,0.47105157270865144,0.03329050960663105,0.022600000000000002,0.029639068736311003,-0.029639068736311003,1,1,2,2026-04-19T20:52:37.661Z,Ball,Changeup
824125,4b7ac15a-d0bf-3ba7-8816-a10e5b4bd607,2026-04-20,118,KC,Kansas City Royals,fielding,pitcher,607625,Seth Lugo,683002,Gunnar Henderson,607625,Seth Lugo,BAL,KC,1,Top,0,0,---,3,2,Ball,Strike,-0.5008208121776503,3.361770917213104,1.68,3.329,0.08806241612022925,1.056748993442751,0.6008477515164159,0.46471079962636996,0.521443117536349,0.05673231790997901,0.011300000000000001,0.02957706524666088,-0.02957706524666088,0,2,2,2026-04-20T23:41:46.297Z,Ball,Cutter
823960,092dfacb-237f-3e6f-9144-a09e1578de69,2026-04-25,112,CHC,Chicago Cubs,fielding,pitcher,607067,Colin Rea,571970,Max Muncy,607067,Colin Rea,LAD,CHC,1,Bot,1,1,1B--,2,2,Ball,Strike,0.7260465253516236,1.5839454442872678,1.579,3.128,0.1031201413150431,1.2374416957805172,0.6569929441628628,0.4273405193720652,0.4781187074922952,0.050778188120229995,0.011300000000000001,0.029484931581405954,-0.029484931581405954,0,2,2,2026-04-25T23:28:52.176Z,Ball,Four-Seam Fastball
823323,c9c94780-92ee-3e54-940a-36bc8bcbc745,2026-03-28,116,DET,Detroit Tigers,batting,hitter,679529,Spencer Torkelson,679529,Spencer Torkelson,681190,Randy Vásquez,DET,SD,1,Top,2,5,1B-3B,3,2,Strike,Ball,0.916084553013195,2.0626099766925594,1.631,3.232,0.0869178863465283,1.0430146361583397,0.5964478726151503,0.45225557975481884,0.5090454635916123,0.05678988383679345,0.011300000000000001,0.02931206636106816,-0.02931206636106816,0,2,2,2026-03-29T00:50:50.282Z,Called Strike,Four-Seam Fastball
823553,7cf345a8-d4b8-3aa9-b720-ebbd33703d6f,2026-05-05,147,NYY,New York Yankees,fielding,pitcher,695684,Elmer Rodríguez,669394,Jake Burger,695684,Elmer Rodríguez,TEX,NYY,5,Top,2,3,1B2B-,2,1,Ball,Strike,0.5770453544426932,1.657247731588925,1.63,3.23,0.14808106492225837,1.7769727790671004,0.7972665558618384,0.4848586419295768,0.5243007709602868,0.03944212903071004,0.011300000000000001,0.029155002449411195,-0.029155002449411195,0,2,2,2026-05-06T00:28:59.775Z,Ball,Sinker
823321,1528415a-0036-3f40-8b6b-b803d3dc366c,2026-04-01,135,SD,San Diego Padres,fielding,pitcher,601713,Nick Pivetta,672275,Patrick Bailey,601713,Nick Pivetta,SF,SD,5,Top,1,2,-2B-,0,0,Ball,Strike,0.6258121026598815,1.8203903257691132,1.627,3.224,0.2033545640067852,2.4402547680814224,0.9049668920561665,0.5994157595113607,0.6337996661886541,0.03438390667729341,0.022600000000000002,0.02896854892296885,-0.02896854892296885,1,1,2,2026-04-01T21:18:47.421Z,Ball,Four-Seam Fastball
824043,d8a53bbe-39cf-3de9-a53b-0f3aebb9affb,2026-05-03,121,NYM,New York Mets,fielding,pitcher,605280,Clay Holmes,687093,Vaughn Grissom,605280,Clay Holmes,LAA,NYM,2,Bot,1,0,---,3,2,Ball,Strike,-0.6640337615883175,2.770114635128695,1.666,3.302,0.1651329050783492,1.9815948609401906,0.8378240804317789,0.34153863346086016,0.37771085626898027,0.0361722228081201,0.011300000000000001,0.028473371420265747,-0.028473371420265747,0,2,2,2026-05-03T20:40:17.413Z,Ball,Sinker
824929,78e93f9f-7870-3818-ab0d-29dff8f34532,2026-04-30,144,ATL,Atlanta Braves,fielding,pitcher,693821,Bryce Elder,805808,Kevin McGonigle,693821,Bryce Elder,DET,ATL,3,Top,1,0,---,3,2,Ball,Strike,0.5263497915973215,1.5429394038822641,1.557,3.086,0.10677273721559755,1.2812728465871706,0.6700395176659296,0.6105913363409765,0.6584287149684737,0.04783737862749715,0.011300000000000001,0.02832438065159564,-0.02832438065159564,0,2,2,2026-04-30T16:58:38.031Z,Ball,Slider
823240,7c21abdc-9b03-39f1-8265-52e1ec9a901e,2026-04-03,121,NYM,New York Mets,fielding,pitcher,690997,Nolan McLean,672275,Patrick Bailey,690997,Nolan McLean,SF,NYM,6,Bot,0,1,1B--,3,2,Ball,Strike,0.7670272294921081,2.1903018858959697,1.627,3.224,0.06213943717455861,0.7456732460947033,0.4985577526982355,0.8769316589757474,0.9448257773565749,0.06789411838082748,0.011300000000000001,0.028182841686863372,-0.028182841686863372,0,2,2,2026-04-04T03:37:27.967Z,Ball,Sinker
824529,bdc21c86-b7b2-377d-b351-cc01240db63e,2026-04-24,116,DET,Detroit Tigers,fielding,pitcher,676684,Will Vest,667472,Dane Myers,676684,Will Vest,CIN,DET,7,Bot,0,0,---,3,0,Ball,Strike,0.5644088997809565,1.6157317942935154,1.622,3.214,0.11456512762684867,1.374781531522184,0.6969977691380298,0.7146783155493699,0.759851478195048,0.045173162645678056,0.011300000000000001,0.028061668380206725,-0.028061668380206725,0,2,2,2026-04-25T03:05:07.552Z,Ball,Four-Seam Fastball
824210,6f992cbd-da43-35e4-a16f-acf2d70213d7,2026-04-14,115,COL,Colorado Rockies,batting,hitter,671289,Tyler Freeman,671289,Tyler Freeman,687911,Bryan King,COL,HOU,8,Top,1,7,1B2B3B,1,0,Strike,Ball,-0.8585478310276373,2.216755440832859,1.59,3.151,0.029381164360970602,0.3525739723316472,0.3705398921556375,0.4252155431340828,0.5199535391480337,0.09473799601395089,0.011300000000000001,0.027991307607409276,-0.027991307607409276,0,2,2,2026-04-15T02:45:07.277Z,Called Strike,Four-Seam Fastball
823641,03ee8aef-5626-39b1-bffe-b70d28aed9e8,2026-04-22,142,MIN,Minnesota Twins,batting,hitter,621439,Byron Buxton,621439,Byron Buxton,548384,Brooks Raley,MIN,NYM,8,Top,0,0,---,0,2,Strike,Ball,1.055641012437261,2.1293908845595286,1.644,3.258,0.22647434577059433,2.717692149247132,0.9323644175677532,0.4548350986839942,0.48564609804210096,0.030810999358106772,0.011300000000000001,0.02796279738971725,-0.02796279738971725,0,2,2,2026-04-23T01:12:17.806Z,Called Strike,Sweeper
822741,10cd056a-ec8c-3e3e-9d2e-5d7ddfd0f3a8,2026-05-07,142,MIN,Minnesota Twins,fielding,pitcher,680573,Simeon Woods Richardson,660688,Keibert Ruiz,680573,Simeon Woods Richardson,WSH,MIN,5,Bot,0,3,1B2B-,0,0,Ball,Strike,-0.27366218732555886,1.6375039560521487,1.602,3.175,0.15633728938548197,1.8760474726257836,0.8177826862459112,0.4328437569540624,0.46931883018087495,0.03647507322681254,0.011300000000000001,0.02776962771901787,-0.02776962771901787,0,2,2,2026-05-07T18:22:10.651Z,Ball,Curveball
823066,1c1f21a4-0abb-3cd0-bb97-520cc947c4f9,2026-05-01,138,STL,St. Louis Cardinals,fielding,pitcher,669461,Matthew Liberatore,669257,Will Smith,669461,Matthew Liberatore,LAD,STL,6,Top,1,1,1B--,3,2,Ball,Strike,0.2313623123479686,1.5046301768814385,1.583,3.138,0.042463510214771905,0.5095621225772629,0.4205334690000537,0.8109515583887263,0.8921024419335125,0.08115088354478617,0.011300000000000001,0.027578690769208904,-0.027578690769208904,0,2,2,2026-05-02T01:52:49.267Z,Ball,Changeup
824683,b7e2ce51-c2ce-3811-a2f1-1695c9ef84c2,2026-05-06,113,CIN,Cincinnati Reds,batting,hitter,680574,Matt McLain,680574,Matt McLain,657097,Jacob Webb,CIN,CHC,7,Top,0,0,---,2,0,Strike,Ball,-0.39748673572276594,3.320217572023085,1.538,3.047,0.1523842386897516,1.8286108642770191,0.8081676667306674,0.1898169465243852,0.22650857031320518,0.03669162378881999,0.011300000000000001,0.027485278620026643,-0.027485278620026643,0,2,2,2026-05-07T01:19:42.716Z,Called Strike,Four-Seam Fastball
823959,a368df42-1357-3c0b-a215-9ba6cae51759,2026-04-26,119,LAD,Los Angeles Dodgers,fielding,pitcher,680736,Justin Wrobleski,663538,Nico Hoerner,680736,Justin Wrobleski,CHC,LAD,2,Top,1,7,1B2B3B,1,0,Ball,Strike,-0.3044767755400836,1.6124803900831521,1.608,3.186,0.1253137234164854,1.5037646809978247,0.7320443415355344,0.6646967035760182,0.706262146559437,0.0415654429834188,0.011300000000000001,0.02739984839878115,-0.02739984839878115,0,2,2,2026-04-26T20:45:56.465Z,Ball,Four-Seam Fastball
823307,247793cd-b3db-3264-8065-d39964f8a622,2026-05-03,135,SD,San Diego Padres,batting,hitter,609280,Miguel Andujar,609280,Miguel Andujar,663542,Bryan Hudson,SD,CWS,8,Bot,0,1,1B--,1,1,Strike,Ball,0.995436590478663,2.7933233776155633,1.61,3.191,0.16626992381199623,1.9952390857439548,0.8402807909702121,0.6428324617103689,0.6775493574069457,0.034716895696576766,0.011300000000000001,0.027367113513913275,-0.027367113513913275,0,2,2,2026-05-03T22:26:05.330Z,Called Strike,Sweeper
823877,aac9087d-43e4-3556-b5c4-05057de18707,2026-05-01,146,MIA,Miami Marlins,batting,hitter,669364,Xavier Edwards,669364,Xavier Edwards,641745,Brad Keller,MIA,PHI,9,Bot,2,1,1B--,2,1,Strike,Ball,-0.8879609346121734,1.9247409892622027,1.542,3.055,0.058794267945506684,0.7055312153460802,0.48518141276521576,0.08346981777179405,0.15112260595115004,0.067652788179356,0.011300000000000001,0.027006425310612765,-0.027006425310612765,0,2,2,2026-05-02T02:31:24.681Z,Called Strike,Slider
825021,d3908685-65ed-399a-a843-dd44a99d647f,2026-04-15,133,ATH,Athletics,fielding,pitcher,669372,J.T. Ginn,607043,Brandon Nimmo,669372,J.T. Ginn,TEX,ATH,3,Top,1,0,---,3,2,Ball,Strike,-0.7115466934891387,3.2803347867670483,1.65,3.27,0.11049854656628488,1.3259825587954186,0.6830830606405405,0.7115486790014063,0.7561771471448117,0.044628468143405375,0.011300000000000001,0.026903789196334307,-0.026903789196334307,0,2,2,2026-04-16T02:29:09.456Z,Ball,Sinker
823970,e55daa36-9924-3b5d-be6e-29e9a29c3ec3,2026-04-01,114,CLE,Cleveland Guardians,fielding,pitcher,668909,Gavin Williams,660271,Shohei Ohtani,668909,Gavin Williams,LAD,CLE,1,Bot,0,0,---,3,2,Ball,Strike,-0.7501398399212599,2.5694010418665436,1.7,3.369,0.07902682674540684,0.9483219209448821,0.565724780732031,0.4174521818698143,0.473581787583523,0.056129605713708675,0.011300000000000001,0.026846598907235147,-0.026846598907235147,0,2,2,2026-04-02T00:28:27.178Z,Ball,Sweeper
824536,85734c91-381a-3d5a-a709-9659b0530fdc,2026-04-01,113,CIN,Cincinnati Reds,batting,hitter,670770,TJ Friedl,670770,TJ Friedl,694973,Paul Skenes,CIN,PIT,5,Bot,1,1,1B--,2,0,Strike,Ball,-0.9589346597533598,2.552008888289701,1.536,3.044,0.12976799308669307,1.5572159170403168,0.7457908583056528,0.29857497658855897,0.3382148619403194,0.03963988535176044,0.011300000000000001,0.02669050081848097,-0.02669050081848097,0,2,2,2026-04-01T17:55:04.100Z,Called Strike,Sinker
824285,9e907b82-e89d-31eb-9a7b-e9549e2bafd7,2026-05-03,116,DET,Detroit Tigers,fielding,pitcher,663947,Tyler Holton,457705,Andrew McCutchen,663947,Tyler Holton,TEX,DET,1,Top,0,1,1B--,2,1,Ball,Strike,-0.08281409815202906,1.6392423965985647,1.579,3.13,0.18107572993189813,2.1729087591827776,0.8695756171172743,0.4358886382063882,0.46827266051832483,0.032384022311936655,0.011300000000000001,0.026686560660067096,-0.026686560660067096,0,2,2,2026-05-03T23:23:42.468Z,Ball,Cutter
824772,e93ca3b0-d2ef-3d33-bf89-72f81b006daa,2026-05-01,111,BOS,Boston Red Sox,fielding,pitcher,677161,Zack Kelly,673237,Yainer Diaz,677161,Zack Kelly,HOU,BOS,6,Top,1,3,1B2B-,0,0,Ball,Strike,0.4305696389869222,1.7265240922275245,1.595,3.161,0.25235742556085783,3.028289106730294,0.9542493411716922,0.6978378588824639,0.7260984825508194,0.028260623668355578,0.011300000000000001,0.026450699071869564,-0.026450699071869564,0,2,2,2026-05-02T00:46:35.990Z,Ball,Sinker
824695,7383f4f0-17ab-368c-9d36-7804048f7414,2026-04-10,134,PIT,Pittsburgh Pirates,fielding,pitcher,682254,Mason Montgomery,691718,Pete Crow-Armstrong,682254,Mason Montgomery,CHC,PIT,6,Bot,1,3,1B2B-,1,0,Ball,Strike,-0.5663299962731795,1.6947158436940886,1.616,3.202,0.1995491770274218,2.3945901243290617,0.8995998933874236,0.33462184279484497,0.3652626248193413,0.030640782024496327,0.011300000000000001,0.02642992303782207,-0.02642992303782207,0,2,2,2026-04-10T19:56:45.762Z,Ball,Four-Seam Fastball
824445,a9261928-4638-3dc0-8544-b2fc3dcf701d,2026-04-29,114,CLE,Cleveland Guardians,fielding,pitcher,668909,Gavin Williams,641584,Jake Fraley,668909,Gavin Williams,TB,CLE,7,Top,1,1,1B--,0,2,Ball,Strike,0.5267810090127144,1.7163061760500025,1.6,3.17,0.23713950938333572,2.8456741126000287,0.9423633433812671,0.8937415558364826,0.922437045924237,0.028695490087754405,0.011300000000000001,0.026390283759268572,-0.026390283759268572,0,2,2,2026-04-29T20:10:53.771Z,Ball,Sinker
824133,8b64032d-65b3-38c4-b818-52b043da19b3,2026-04-02,118,KC,Kansas City Royals,fielding,pitcher,666142,Cole Ragans,605137,Josh Bell,666142,Cole Ragans,MIN,KC,5,Top,0,1,1B--,2,1,Ball,Strike,0.01198401688723676,1.7485348405476668,1.683,3.335,0.18636817388100013,2.2364180865720016,0.8788825762982732,0.29565613742520974,0.3271642027322002,0.03150806530699046,0.011300000000000001,0.026323262723352506,-0.026323262723352506,0,2,2,2026-04-02T19:31:00.941Z,Ball,Cutter
824537,ccfc96fc-f599-39b9-b9d2-38bf391bffc2,2026-03-31,113,CIN,Cincinnati Reds,fielding,pitcher,682227,Brandon Williamson,656811,Ryan O'Hearn,682227,Brandon Williamson,PIT,CIN,1,Top,0,1,1B--,2,1,Ball,Strike,-0.654123262147196,2.773035586058774,1.66,3.289,0.17504340451947076,2.100520854233649,0.8582334517310874,0.4358886382063882,0.46827266051832483,0.032384022311936655,0.011300000000000001,0.026191089254271233,-0.026191089254271233,0,2,2,2026-03-31T22:44:03.057Z,Ball,Sinker
823160,36b60187-20bd-3cdf-a80f-52c2f78b6157,2026-03-29,136,SEA,Seattle Mariners,batting,hitter,660844,Leo Rivas,660844,Leo Rivas,677944,Slade Cecconi,SEA,CLE,2,Bot,2,1,1B--,3,2,Strike,Ball,0.13393302442416855,3.231071074732706,1.517,3.007,0.10323774139937258,1.238852896792471,0.6574168437329705,0.4999999999999997,0.5457011275745233,0.04570112757452355,0.011300000000000001,0.026173501379263664,-0.026173501379263664,0,2,2,2026-03-29T23:55:34.539Z,Called Strike,Four-Seam Fastball
822836,7ef7c288-5fe2-3e6a-9a07-baaa2723b069,2026-03-31,115,COL,Colorado Rockies,batting,hitter,691720,Kyle Karros,691720,Kyle Karros,453286,Max Scherzer,COL,TOR,2,Top,2,3,1B2B-,3,2,Strike,Ball,-0.8970595737270758,2.4684619785193123,1.732,3.432,0.06789290706040907,0.8147148847249088,0.5215582541500363,0.4490879092752318,0.5095409885637732,0.06045307928854138,0.011300000000000001,0.026123410763620767,-0.026123410763620767,0,2,2,2026-03-31T23:30:34.526Z,Called Strike,Slider
824944,925904e9-da48-3ae4-b420-ca0cb2a277ae,2026-03-29,144,ATL,Atlanta Braves,fielding,pitcher,656550,Grant Holmes,695506,Jac Caglianone,656550,Grant Holmes,KC,ATL,3,Top,0,0,---,3,1,Ball,Strike,0.3024653297273591,1.7308834368671913,1.717,3.402,0.13471677020052453,1.6166012424062943,0.7605083106393027,0.4601288799756735,0.49797309135805323,0.037844211382379755,0.011300000000000001,0.026074581176114414,-0.026074581176114414,0,2,2,2026-03-29T17:59:12.755Z,Ball,Four-Seam Fastball
822915,b58945ae-a0f5-384e-9882-45d61cd46834,2026-04-08,140,TEX,Texas Rangers,fielding,pitcher,669022,MacKenzie Gore,608701,Rob Refsnyder,669022,MacKenzie Gore,SEA,TEX,1,Top,0,0,---,3,2,Ball,Strike,0.7546300904001823,2.789663059469041,1.608,3.187,0.07453657626648447,0.8944389151978136,0.5479980464575592,0.46471079962636996,0.521443117536349,0.05673231790997901,0.011300000000000001,0.025981577310648117,-0.025981577310648117,0,2,2,2026-04-08T18:40:52.516Z,Ball,Four-Seam Fastball
823971,b87bc3da-bc49-334c-b932-d067895f9d50,2026-03-27,119,LAD,Los Angeles Dodgers,fielding,pitcher,686218,Emmet Sheehan,656976,Pavin Smith,686218,Emmet Sheehan,AZ,LAD,2,Top,0,1,1B--,3,1,Ball,Strike,-0.7426750166661851,2.926088066225501,1.66,3.29,0.08649165000048165,1.0378998000057797,0.5948052921024494,0.40221739231325754,0.45341201263736464,0.0511946203241071,0.011300000000000001,0.02587213089671219,-0.02587213089671219,0,2,2,2026-03-28T02:31:11.139Z,Ball,Changeup
824620,e1bc3f8a-78eb-33bb-b844-39aa23ca625b,2026-04-05,145,CWS,Chicago White Sox,batting,hitter,656537,Derek Hill,656537,Derek Hill,608723,Austin Voth,CWS,TOR,4,Bot,0,1,1B--,2,2,Strike,Ball,0.6714738001794877,3.597420286786727,1.623,3.216,0.26058695345339355,3.1270434414407227,0.9596660283999732,0.7887246997303856,0.8159416280982767,0.027216928367891136,0.011300000000000001,0.025663387672980344,-0.025663387672980344,0,2,2,2026-04-05T19:31:12.064Z,Called Strike,Four-Seam Fastball
823972,4e766af5-6af6-3b1d-9b97-acf4b001188c,2026-03-30,114,CLE,Cleveland Guardians,fielding,pitcher,800048,Parker Messick,571970,Max Muncy,800048,Parker Messick,LAD,CLE,5,Bot,1,0,---,2,0,Ball,Strike,-0.6583726546468791,2.22646372700403,1.579,3.128,0.1707940120197876,2.0495281442374513,0.8497579893595815,0.5814232162212851,0.6131595944685676,0.03173637824728248,0.011300000000000001,0.025270506248729188,-0.025270506248729188,0,2,2,2026-03-31T03:33:05.554Z,Ball,Sinker
822835,16d6eb89-7ab6-3822-8724-a78417ab4197,2026-04-01,115,COL,Colorado Rockies,fielding,pitcher,607536,Kyle Freeland,543807,George Springer,607536,Kyle Freeland,TOR,COL,3,Bot,1,1,1B--,3,2,Ball,Strike,0.0585788092307256,1.5840691027988083,1.649,3.267,0.05590243613214163,0.6708292335856996,0.4736342230879925,0.39643082768986804,0.4747672392344919,0.07833641154462384,0.022600000000000002,0.025206938863227793,-0.025206938863227793,1,1,2,2026-04-01T17:49:14.186Z,Ball,Four-Seam Fastball
822838,cc19aa6c-398e-3bd5-9ee6-7ca43c7459d9,2026-03-28,133,ATH,Athletics,batting,hitter,691777,Max Muncy,691777,Max Muncy,693686,Spencer Miles,ATH,TOR,11,Top,1,3,1B2B-,1,0,Strike,Ball,1.0545157863784347,2.6165911343372694,1.629,3.228,0.22534911971176796,2.7041894365412156,0.9312202155885585,0.7245883653011287,0.7532835138692321,0.0286951485681034,0.022600000000000002,0.02516707930823639,-0.02516707930823639,0,1,1,2026-03-28T22:33:47.063Z,Called Strike,Slider
825096,a0660654-8335-31a4-bffe-21d8db9d20e9,2026-04-23,145,CWS,Chicago White Sox,batting,hitter,643217,Andrew Benintendi,643217,Andrew Benintendi,656464,Kevin Ginkel,CWS,AZ,7,Top,1,0,---,2,1,Strike,Ball,-0.29032470849541947,3.582340590099739,1.548,3.068,0.39350725676640597,4.722087081196872,0.995013966690561,0.46307514064668137,0.48833599628267166,0.025260855635990287,0.022600000000000002,0.025022219815570988,-0.025022219815570988,1,1,2,2026-04-23T21:22:43.518Z,Called Strike,Four-Seam Fastball
823873,7a12bd0a-cfca-3b89-91fe-a07d2508d220,2026-05-05,146,MIA,Miami Marlins,batting,hitter,688363,Graham Pauley,688363,Graham Pauley,552640,Andrew Kittredge,MIA,BAL,8,Bot,1,3,1B2B-,0,0,Strike,Ball,0.1263442027438982,3.4904868245990723,1.642,3.254,0.1156534912657392,1.3878418951888705,0.700662760821047,0.39982785920044345,0.44022404235781804,0.04039618315737459,0.011300000000000001,0.024921590414956587,-0.024921590414956587,0,2,2,2026-05-06T01:19:56.771Z,Called Strike,Four-Seam Fastball
823324,5d970088-71bd-341b-8ca6-cb7fc1d3228e,2026-03-27,135,SD,San Diego Padres,fielding,pitcher,670970,Adrian Morejon,805808,Kevin McGonigle,670970,Adrian Morejon,DET,SD,6,Top,2,1,1B--,2,2,Ball,Strike,-0.5384659666415391,1.5380707779478915,1.557,3.086,0.1019041112812249,1.2228493353746988,0.6525950690040777,0.5307976965467047,0.574842522925763,0.044044826379058266,0.011300000000000001,0.02481776078986023,-0.02481776078986023,0,2,2,2026-03-28T03:13:20.594Z,Ball,Slider
824684,73c82cf8-b971-312f-a1e5-853d6a4a5d19,2026-05-04,113,CIN,Cincinnati Reds,fielding,pitcher,668933,Graham Ashcraft,694208,Moisés Ballesteros,668933,Graham Ashcraft,CHC,CIN,8,Bot,0,0,---,2,2,Ball,Strike,0.7743857175855628,1.5349116821830324,1.534,3.04,0.05478094908110387,0.6573713889732464,0.46916298390905486,0.6916982687318669,0.7572361282033093,0.06553785947144242,0.011300000000000001,0.024749479426806557,-0.024749479426806557,0,2,2,2026-05-05T02:56:32.869Z,Ball,Slider
824613,2ec740c7-f302-3dbb-b0ab-2b355efb8746,2026-04-25,145,CWS,Chicago White Sox,fielding,pitcher,702273,Noah Schultz,695734,Daylen Lile,702273,Noah Schultz,WSH,CWS,2,Top,0,1,1B--,2,1,Ball,Strike,0.15774720758886882,1.630468617703501,1.605,3.181,0.1463019510368344,1.755623412442013,0.792626601471392,0.4322691528945391,0.4663529494623552,0.03408379656781613,0.011300000000000001,0.024672404435417118,-0.024672404435417118,0,2,2,2026-04-25T20:27:00.299Z,Ball,Cutter
823873,93f5ece9-1449-397a-ae59-0219c88ee6db,2026-05-05,110,BAL,Baltimore Orioles,fielding,pitcher,552640,Andrew Kittredge,683357,Owen Caissie,552640,Andrew Kittredge,MIA,BAL,8,Bot,1,1,1B--,0,0,Ball,Strike,0.18628965929602603,1.7179825314045234,1.7,3.369,0.1388158647378568,1.6657903768542814,0.7722489517797411,0.669606994268237,0.7048875346569039,0.0352805403886669,0.011300000000000001,0.02467177348848191,-0.02467177348848191,0,2,2,2026-05-06T01:16:27.822Z,Ball,Slider
824539,c028ef72-40ed-3695-b022-125f3d2e0c2d,2026-03-30,134,PIT,Pittsburgh Pirates,batting,hitter,656811,Ryan O'Hearn,656811,Ryan O'Hearn,683175,Connor Phillips,PIT,CIN,9,Top,0,1,1B--,3,1,Strike,Ball,0.8389255445384673,2.126262553699099,1.66,3.289,0.00975887787180063,0.11710653446160757,0.30072287694354444,0.17349280914421933,0.28102321474730013,0.1075304056030808,0.011300000000000001,0.02443502144132674,-0.02443502144132674,0,2,2,2026-03-31T00:51:51.046Z,Called Strike,Four-Seam Fastball
823231,115ddf1d-18b8-3e19-9cb5-a57126df30ed,2026-04-22,119,LAD,Los Angeles Dodgers,fielding,pitcher,660271,Shohei Ohtani,687551,Drew Gilbert,660271,Shohei Ohtani,SF,LAD,5,Bot,1,1,1B--,1,0,Ball,Strike,-0.47828375920389116,1.628333808680576,1.544,3.059,0.2051671420139094,2.462005704166913,0.9074319285666259,0.40675629689426074,0.4347553917929449,0.027999094898684185,0.011300000000000001,0.02436125347483584,-0.02436125347483584,0,2,2,2026-04-23T02:54:45.682Z,Ball,Splitter
823242,f63b64a2-8d28-3ade-b555-e87037a32d29,2026-04-02,137,SF,San Francisco Giants,fielding,pitcher,592662,Robbie Ray,673357,Luis Robert Jr.,592662,Robbie Ray,NYM,SF,1,Top,2,6,-2B3B,0,2,Ball,Strike,-0.6571991547823564,1.7695518540859199,1.671,3.31,0.17196751188431036,2.0636101426117244,0.8521393999613157,0.4155416496912567,0.44592576779456455,0.030384118103307878,0.011300000000000001,0.02422067938846939,-0.02422067938846939,0,2,2,2026-04-03T01:55:00.407Z,Ball,Changeup
824448,54d176d0-fff1-3e02-9bbf-9560551b6a7a,2026-04-21,117,HOU,Houston Astros,fielding,pitcher,678906,Kai-Wei Teng,700932,Kyle Manzardo,678906,Kai-Wei Teng,CLE,HOU,7,Bot,0,1,1B--,1,0,Ball,Strike,-0.20008308361963836,1.5733128469329245,1.609,3.188,0.08514618026625786,1.0217541631950944,0.5896064938411049,0.6662583693164184,0.7227174978847297,0.05645912856831137,0.022600000000000002,0.024013775601295192,-0.024013775601295192,1,1,2,2026-04-22T00:23:03.649Z,Ball,Four-Seam Fastball
823321,f9c385bc-5ce5-3cce-9e7d-ae21646075ab,2026-04-01,135,SD,San Diego Padres,fielding,pitcher,601713,Nick Pivetta,808982,Jung Hoo Lee,601713,Nick Pivetta,SF,SD,5,Top,0,0,---,2,0,Ball,Strike,-0.6127279479163741,1.6930741613825429,1.627,3.224,0.1869074947158762,2.2428899365905144,0.8797981312065553,0.603294105909081,0.6335670428791657,0.030272936970084707,0.022600000000000002,0.02391751113768251,-0.02391751113768251,1,1,2,2026-04-01T21:16:25.835Z,Ball,Four-Seam Fastball
825017,0f4a9a9f-fdc8-3bff-84ce-e1e31df228af,2026-04-28,133,ATH,Athletics,batting,hitter,666126,Carlos Cortes,666126,Carlos Cortes,621381,Matt Strahm,ATH,KC,8,Bot,1,1,1B--,0,0,Strike,Ball,0.21162140974566193,3.417245716802959,1.509,2.99,0.30641238346962574,3.676948601635509,0.9802101563638287,0.5947121729711617,0.6195148178381067,0.024802644866944945,0.022600000000000002,0.023864553937087148,-0.023864553937087148,1,1,2,2026-04-29T04:09:22.370Z,Called Strike,Slider
822832,6de1b41c-d0e6-3cb2-a443-f2802df713d6,2026-04-06,119,LAD,Los Angeles Dodgers,fielding,pitcher,680736,Justin Wrobleski,665926,Andrés Giménez,680736,Justin Wrobleski,TOR,LAD,2,Bot,1,0,---,2,2,Ball,Strike,-0.6707694902900898,1.6324315746319953,1.597,3.165,0.15626490796532866,1.875178895583944,0.817610049021007,0.5705879671547734,0.602275284821548,0.03168731766677457,0.011300000000000001,0.02384686290481316,-0.02384686290481316,0,2,2,2026-04-06T23:41:21.990Z,Ball,Slider
824619,b5403c31-3e7d-3831-8fe7-3ac069fc666e,2026-04-06,110,BAL,Baltimore Orioles,fielding,pitcher,664854,Ryan Helsley,700337,Edgar Quero,664854,Ryan Helsley,CWS,BAL,9,Bot,2,5,1B-3B,0,2,Ball,Strike,-0.8146121010476569,2.5550828930262264,1.582,3.134,0.014554565619009807,0.17465478742811769,0.31710093209235035,0.8761364597428958,1.0,0.12386354025710422,0.022600000000000002,0.02384372513307323,-0.02384372513307323,1,1,2,2026-04-07T02:03:55.556Z,Ball,Four-Seam Fastball
822742,8249a054-da12-3526-9e1a-c10de40bf728,2026-05-03,120,WSH,Washington Nationals,fielding,pitcher,641793,Zack Littell,686217,Sal Frelick,641793,Zack Littell,MIL,WSH,5,Top,0,1,1B--,2,0,Ball,Strike,0.7053643045298791,1.4933953635957957,1.546,3.063,0.06822869692912903,0.8187443631495483,0.5228987581587798,0.38693177484757335,0.44269784522052047,0.05576607037294712,0.011300000000000001,0.023768764912603383,-0.023768764912603383,0,2,2,2026-05-03T18:29:55.353Z,Ball,Four-Seam Fastball
822758,f9841c24-c532-31ab-aafa-2e142fbeb4fc,2026-04-03,120,WSH,Washington Nationals,batting,hitter,678391,Jorbit Vivas,678391,Jorbit Vivas,686218,Emmet Sheehan,WSH,LAD,4,Bot,0,0,---,3,0,Strike,Ball,-0.09638549844492474,3.3658597071197383,1.544,3.06,0.18502637378640507,2.220316485436861,0.8765786131565424,0.2256629797207959,0.25436918148123244,0.028706201760436534,0.011300000000000001,0.02376858085682428,-0.02376858085682428,0,2,2,2026-04-03T18:10:52.591Z,Called Strike,Four-Seam Fastball
823732,6cdc82b4-65c6-38de-a911-336f342d7522,2026-04-03,139,TB,Tampa Bay Rays,batting,hitter,666018,Jonathan Aranda,666018,Jonathan Aranda,641927,Bailey Ober,TB,MIN,1,Top,0,1,1B--,3,0,Strike,Ball,-0.7348793618765224,3.4969130319969333,1.61,3.189,0.18707969866360008,2.244956383963201,0.8800892048212847,0.5641113617936111,0.5925748589157498,0.028463497122138692,0.011300000000000001,0.023695424563136485,-0.023695424563136485,0,2,2,2026-04-03T21:10:50.627Z,Called Strike,Four-Seam Fastball
823974,8d107c08-84bd-36c9-99c1-3cbb45aa1b4c,2026-03-26,109,AZ,Arizona Diamondbacks,fielding,pitcher,668678,Zac Gallen,571970,Max Muncy,668678,Zac Gallen,LAD,AZ,2,Bot,1,0,---,2,2,Ball,Strike,0.6566974232691705,1.7424241486455914,1.579,3.128,0.17246924339749625,2.069630920769955,0.8531480167300569,0.45992922142895065,0.4895245523973414,0.029595330968390732,0.011300000000000001,0.02358977050920183,-0.02358977050920183,0,2,2,2026-03-27T00:59:33.704Z,Ball,Knuckle Curve
823082,41a35dbd-8047-32a4-bf74-cd7cb37228d8,2026-03-28,138,STL,St. Louis Cardinals,fielding,pitcher,700241,Michael McGreevy,691406,Junior Caminero,700241,Michael McGreevy,TB,STL,4,Top,1,3,1B2B-,2,1,Ball,Strike,0.45701532967757774,1.5619912562759068,1.637,3.244,0.045824589609240185,0.5498950753108822,0.4336912457071183,0.6254848347939358,0.6945439808721929,0.06905914607825714,0.011300000000000001,0.02355105816663963,-0.02355105816663963,0,2,2,2026-03-28T19:06:54.588Z,Ball,Sinker
824126,1eb1cd98-a681-3ec2-b997-33f0e2b3e9ff,2026-04-12,118,KC,Kansas City Royals,fielding,pitcher,683232,Nick Mears,695657,Colson Montgomery,683232,Nick Mears,CWS,KC,6,Top,1,7,1B2B3B,1,1,Ball,Strike,0.8025405123695597,1.98778498695307,1.686,3.34,0.02662615429710702,0.3195138515652842,0.36031861580903957,0.4891566539372296,0.5745243951484785,0.0853677412112489,0.011300000000000001,0.02353118670662365,-0.02353118670662365,0,2,2,2026-04-12T22:46:10.249Z,Ball,Changeup
823396,f64dc254-5532-3346-b1ab-5cce0aeb1afc,2026-04-16,134,PIT,Pittsburgh Pirates,batting,hitter,663698,Joey Bart,663698,Joey Bart,672335,Cionel Pérez,PIT,WSH,8,Bot,0,1,1B--,0,1,Strike,Ball,1.0567274832164917,2.491456624555414,1.665,3.3,0.22756081654982496,2.7307297985978995,0.9334524357240396,0.360324656751653,0.38619727768598366,0.02587262093433068,0.011300000000000001,0.023398873553397398,-0.023398873553397398,0,2,2,2026-04-16T19:16:21.781Z,Called Strike,Curveball
823402,5451cdf7-03dc-3c6a-bc71-e3dff9aafdd5,2026-04-07,135,SD,San Diego Padres,fielding,pitcher,593974,Wandy Peralta,687462,Spencer Horwitz,593974,Wandy Peralta,PIT,SD,7,Bot,0,0,---,3,2,Ball,Strike,-0.7221689748344864,1.5964857196024171,1.581,3.133,0.10699769183218033,1.283972301986164,0.6708347811773138,0.18220616360966552,0.2281568861012575,0.04595072249159199,0.022600000000000002,0.023386208922193872,-0.023386208922193872,1,1,2,2026-04-08T00:35:12.125Z,Ball,Sinker
824686,923d80d2-39fa-3dfc-995a-583d87bd125b,2026-05-01,112,CHC,Chicago Cubs,batting,hitter,664023,Ian Happ,664023,Ian Happ,668678,Zac Gallen,CHC,AZ,1,Bot,1,5,1B-3B,3,0,Strike,Ball,-0.9441516295712769,2.310105070928331,1.583,3.137,0.11498496290461013,1.3798195548553216,0.6984145418057038,0.592432783139001,0.6304568468452085,0.03802406370620748,0.011300000000000001,0.023148643353366243,-0.023148643353366243,0,2,2,2026-05-01T18:35:56.279Z,Called Strike,Four-Seam Fastball
823563,7ee6db81-76d9-3695-8dfe-4356a42561eb,2026-04-13,108,LAA,Los Angeles Angels,fielding,pitcher,579328,Yusei Kikuchi,545341,Randal Grichuk,579328,Yusei Kikuchi,NYY,LAA,2,Bot,0,0,---,3,2,Ball,Strike,-0.7024038469218246,3.021810764924156,1.619,3.209,0.12676281974484216,1.521153836938106,0.7365677721743384,0.2270795565747972,0.26645782385966726,0.03937826728487007,0.022600000000000002,0.02305119425724243,-0.02305119425724243,1,1,2,2026-04-13T23:42:52.556Z,Ball,Slider
823395,03923219-4aaa-32ff-af57-b1c5beaba555,2026-04-27,138,STL,St. Louis Cardinals,batting,hitter,665877,José Fermín,665877,José Fermín,642397,Gregory Soto,STL,PIT,8,Top,0,0,---,2,1,Strike,Ball,0.021006993170672596,3.495145802974108,1.583,3.138,0.236312469640775,2.8357496356893,0.9416403957771233,0.13222620557620005,0.1573482717365941,0.025122066160394058,0.011300000000000001,0.022996488794294032,-0.022996488794294032,0,2,2,2026-04-28T00:34:43.141Z,Called Strike,Sinker
822746,a1e8601a-53f9-394d-9e64-280387fc7bef,2026-05-02,158,MIL,Milwaukee Brewers,fielding,pitcher,690986,Kyle Harrison,695734,Daylen Lile,690986,Kyle Harrison,WSH,MIL,2,Bot,1,1,1B--,2,1,Ball,Strike,-0.5660644322691921,1.7366506264262078,1.605,3.181,0.2524839597595412,3.0298075171144943,0.9543376466728839,0.7239194838970338,0.7485401870795506,0.024620703182516857,0.011300000000000001,0.022980479342038306,-0.022980479342038306,0,2,2,2026-05-02T20:38:31.553Z,Ball,Four-Seam Fastball
824529,d2c74f1d-2ace-37df-afd1-c8b75f645a57,2026-04-24,113,CIN,Cincinnati Reds,batting,hitter,663993,Nathaniel Lowe,663993,Nathaniel Lowe,676428,Brant Hurter,CIN,DET,7,Bot,2,2,-2B-,2,0,Strike,Ball,1.0759604363128894,3.049793236584717,1.699,3.367,0.24679376964622268,2.961525235754672,0.950202025710339,0.5533483241705324,0.5786871314532148,0.025338807282682452,0.022600000000000002,0.022951551790142417,-0.022951551790142417,1,1,2,2026-04-25T03:16:49.500Z,Called Strike,Sinker
822748,c2521a45-a71c-3af0-8873-a439b7cb738f,2026-04-22,120,WSH,Washington Nationals,batting,hitter,695734,Daylen Lile,695734,Daylen Lile,663158,Robert Suarez,WSH,ATL,9,Bot,1,1,1B--,0,0,Strike,Ball,-0.0036858967945027766,3.5003791271461067,1.605,3.181,0.19854579381277349,2.382549525753282,0.8981405547888744,0.09709644692676367,0.12511283021619538,0.028016383289431707,0.022600000000000002,0.022860626568976507,-0.022860626568976507,1,1,2,2026-04-23T01:16:18.195Z,Called Strike,Cutter
823715,c8e65f76-1877-32b5-a049-eff70fbced88,2026-05-02,142,MIN,Minnesota Twins,fielding,pitcher,687570,Connor Prielipp,676914,Davis Schneider,687570,Connor Prielipp,TOR,MIN,4,Top,2,3,1B2B-,2,2,Ball,Strike,-0.06240588746895252,1.4963481319094798,1.537,3.045,0.08018146524281322,0.9621775829137587,0.5702578976858099,0.6381197029627906,0.6865453752973638,0.04842567233457318,0.011300000000000001,0.02275903634338524,-0.02275903634338524,0,2,2,2026-05-02T19:12:35.055Z,Ball,Slider
823877,0a12aa43-b2e5-35db-910f-60efa5c149ff,2026-05-01,146,MIA,Miami Marlins,batting,hitter,805300,Jakob Marsee,805300,Jakob Marsee,641745,Brad Keller,MIA,PHI,9,Bot,0,1,1B--,1,0,Strike,Ball,-0.4857132530893,3.362724430724044,1.621,3.212,0.02989109739071072,0.35869316868852863,0.37244488287974925,0.17583268351779477,0.25592749204658516,0.08009480852879039,0.011300000000000001,0.022739528758322445,-0.022739528758322445,0,2,2,2026-05-02T02:22:59.005Z,Called Strike,Four-Seam Fastball
823887,86c428a7-16a4-340d-8184-822091d2e13c,2026-04-07,113,CIN,Cincinnati Reds,batting,hitter,680574,Matt McLain,680574,Matt McLain,645261,Sandy Alcantara,CIN,MIA,9,Top,1,0,---,2,0,Strike,Ball,0.032298685885282105,3.2398146523930818,1.538,3.047,0.07198131905974847,0.8637758287169817,0.537852711319324,0.045123252941277114,0.09708449620244292,0.0519612432611658,0.011300000000000001,0.022725231209449342,-0.022725231209449342,0,2,2,2026-04-08T00:48:09.702Z,Called Strike,Sinker
823142,e401e6cf-fc8b-3bef-bc06-4a71b318c495,2026-05-05,144,ATL,Atlanta Braves,fielding,pitcher,693821,Bryce Elder,660844,Leo Rivas,693821,Bryce Elder,SEA,ATL,3,Bot,0,1,1B--,2,1,Ball,Strike,0.2405149281240333,1.5216069501143088,1.517,3.007,0.12544028344764224,1.505283401371707,0.7324413618320054,0.3750774738799334,0.40986127865476324,0.03478380477482984,0.011300000000000001,0.022453684727676643,-0.022453684727676643,0,2,2,2026-05-06T02:14:38.266Z,Ball,Slider
823483,3e25ed40-8366-31a3-b2c0-5e90248d862e,2026-04-01,120,WSH,Washington Nationals,batting,hitter,682928,CJ Abrams,682928,CJ Abrams,650911,Cristopher Sánchez,WSH,PHI,6,Top,0,0,---,1,2,Strike,Ball,-1.0045777087403067,1.986786896941496,1.626,3.223,0.17541104207364,2.10493250488368,0.858947625050928,0.46726003720522385,0.4952062636569578,0.027946226451733946,0.011300000000000001,0.022410453002927783,-0.022410453002927783,0,2,2,2026-04-01T18:43:09.935Z,Called Strike,Sinker
824940,a2b5f28d-933a-3623-9f99-41430fb4a968,2026-04-01,133,ATH,Athletics,fielding,pitcher,622663,Luis Severino,671739,Michael Harris II,622663,Luis Severino,ATL,ATH,2,Bot,0,1,1B--,1,1,Ball,Strike,0.23010106814932726,1.7644266883968374,1.606,3.181,0.2792600217301706,3.3511202607620474,0.9697681303505215,0.4035690854760566,0.42730710999090166,0.02373802451484508,0.022600000000000002,0.022337139397897943,-0.022337139397897943,1,1,2,2026-04-01T16:47:27.039Z,Ball,Changeup
824528,e32666c9-a186-3c4b-bc65-6932ac3fdd8e,2026-04-26,113,CIN,Cincinnati Reds,fielding,pitcher,656271,Brock Burke,663330,Jahmai Jones,656271,Brock Burke,DET,CIN,6,Top,1,3,1B2B-,1,0,Ball,Strike,-0.5092567845513476,1.561167357090706,1.584,3.138,0.09800069042403936,1.1760082850884723,0.6383041080261108,0.5493475659396682,0.5905564769722407,0.041208911032572515,0.011300000000000001,0.022216653620068607,-0.022216653620068607,0,2,2,2026-04-26T19:15:04.848Z,Ball,Slider
824865,4951a839-f0ed-3234-bf46-3467d549768a,2026-03-26,110,BAL,Baltimore Orioles,fielding,pitcher,669432,Trevor Rogers,605137,Josh Bell,669432,Trevor Rogers,MIN,BAL,2,Top,0,3,1B2B-,0,2,Ball,Strike,0.7087925797306913,1.6733043460418489,1.683,3.335,0.11113767937518215,1.3336521525021858,0.6852926620930411,0.41569300561191913,0.4532620831928609,0.037569077580941745,0.011300000000000001,0.02218962026947492,-0.02218962026947492,0,2,2,2026-03-26T19:29:51.114Z,Ball,Changeup
824362,1962ff12-9132-3b5e-9f55-c76650d91d9a,2026-05-07,115,COL,Colorado Rockies,fielding,pitcher,675848,Juan Mejia,682626,Francisco Alvarez,675848,Juan Mejia,NYM,COL,7,Top,1,0,---,3,2,Ball,Strike,-0.5553162640547078,3.203155304885714,1.575,3.121,0.03867802844761892,0.464136341371427,0.40584918850379537,0.4972599460043342,0.5684241819984355,0.07116423599410127,0.011300000000000001,0.022168043258791473,-0.022168043258791473,0,2,2,2026-05-07T21:11:21.592Z,Ball,Sweeper
823157,28a3c638-0b03-3150-99bc-6a30cfb05f2f,2026-04-01,147,NYY,New York Yankees,batting,hitter,641355,Cody Bellinger,641355,Cody Bellinger,669923,George Kirby,NYY,SEA,6,Top,1,1,1B--,0,2,Strike,Ball,0.5154814384451053,3.658624989914656,1.688,3.345,0.1927916565813228,2.3134998789758736,0.8894038870666187,0.6321946412284419,0.6581889160993669,0.025994274870924983,0.011300000000000001,0.021869673035531598,-0.021869673035531598,0,2,2,2026-04-01T21:26:17.325Z,Called Strike,Sinker
824364,88ed4673-0e16-3ae3-ac87-95b6a148ed05,2026-05-03,144,ATL,Atlanta Braves,batting,hitter,643289,Mauricio Dubón,643289,Mauricio Dubón,622608,Antonio Senzatela,ATL,COL,6,Top,0,1,1B--,3,0,Strike,Ball,-0.4625090195658807,3.4444386736406045,1.6,3.171,0.15260534030727158,1.831264083687259,0.8087155165568883,0.7267866601332754,0.7564581580776362,0.029671497944360747,0.011300000000000001,0.02183428612418319,-0.02183428612418319,0,2,2,2026-05-03T21:11:16.931Z,Called Strike,Four-Seam Fastball
823159,9676d721-b4c4-34e5-8510-da71b1da42f2,2026-03-30,136,SEA,Seattle Mariners,fielding,pitcher,678606,Jose A. Ferrer,665862,Jazz Chisholm Jr.,678606,Jose A. Ferrer,NYY,SEA,7,Top,0,3,1B2B-,0,1,Ball,Strike,-0.7119244257244224,1.8983943406780306,1.593,3.156,0.11724224094224434,1.406906891306932,0.7059668685665003,0.5211912833393549,0.5566961042423384,0.03550482090298346,0.011300000000000001,0.021742652846695104,-0.021742652846695104,0,2,2,2026-03-31T03:33:00.711Z,Ball,Sinker
823796,414a3bba-4029-3f97-91cc-0a7c64f8506a,2026-04-29,109,AZ,Arizona Diamondbacks,fielding,pitcher,593958,Eduardo Rodriguez,668930,Brice Turang,593958,Eduardo Rodriguez,MIL,AZ,3,Bot,0,1,1B--,2,1,Ball,Strike,0.6582355041513512,1.8159916413922677,1.62,3.21,0.17093116251531548,2.051173950183786,0.850037933018609,0.2741420972360276,0.301698505912541,0.027556408676513378,0.011300000000000001,0.021729421315909776,-0.021729421315909776,0,2,2,2026-04-30T00:25:00.835Z,Ball,Sinker
823162,a5daeefb-8189-32be-96b3-9e9c2bc8f7fd,2026-03-27,136,SEA,Seattle Mariners,batting,hitter,660844,Leo Rivas,660844,Leo Rivas,668909,Gavin Williams,SEA,CLE,3,Bot,0,0,---,3,1,Strike,Ball,0.20099623828297195,3.220896942557023,1.517,3.007,0.09306360922368961,1.1167633106842754,0.6198750114910297,0.43691753127418026,0.4784865331773623,0.041569001903182023,0.011300000000000001,0.021472173162254228,-0.021472173162254228,0,2,2,2026-03-28T02:29:20.097Z,Called Strike,Cutter
823473,151642e7-ece9-3d2d-900f-f5221a0cdcfb,2026-04-28,143,PHI,Philadelphia Phillies,batting,hitter,702222,Justin Crawford,702222,Justin Crawford,641816,Tyler Mahle,PHI,SF,3,Bot,0,1,1B--,1,2,Strike,Ball,0.4593904513737544,3.5258469911382817,1.655,3.279,0.12601365780494866,1.512163893659384,0.7342353597632252,0.5570641026587763,0.5901387213452364,0.03307461868646011,0.011300000000000001,0.021281414115608972,-0.021281414115608972,0,2,2,2026-04-28T23:16:14.650Z,Called Strike,Four-Seam Fastball
824126,b59aabc6-3de2-343b-853b-e71cd51c762b,2026-04-12,118,KC,Kansas City Royals,fielding,pitcher,702070,Noah Cameron,808959,Munetaka Murakami,702070,Noah Cameron,CWS,KC,6,Top,1,0,---,2,0,Ball,Strike,-0.6084085952231189,3.299548974845506,1.664,3.296,0.11728435848782715,1.4074123018539257,0.7061067317261414,0.655017708747618,0.6898002188810185,0.0347825101334005,0.011300000000000001,0.021239170620032218,-0.021239170620032218,0,2,2,2026-04-12T22:38:51.066Z,Ball,Cutter
824701,e86be707-1473-34cd-b578-86178023c9dd,2026-03-28,120,WSH,Washington Nationals,fielding,pitcher,571945,Miles Mikolas,621020,Dansby Swanson,571945,Miles Mikolas,CHC,WSH,2,Bot,1,1,1B--,2,1,Ball,Strike,0.6648082427320535,2.2923260277772766,1.624,3.218,0.1643584239346132,1.9723010872153584,0.8361333034610205,0.4210112280201633,0.44860054293299206,0.02758931491282879,0.011300000000000001,0.021216651347399466,-0.021216651347399466,0,2,2,2026-03-28T18:39:25.145Z,Ball,Slider
823794,7f67c622-1ad9-3e30-9f6b-b4618146aa7f,2026-05-08,158,MIL,Milwaukee Brewers,fielding,pitcher,694819,Jacob Misiorowski,669224,Austin Wells,694819,Jacob Misiorowski,NYY,MIL,3,Top,0,2,-2B-,1,2,Ball,Strike,-0.7108159908157157,1.7245434414516565,1.642,3.254,0.11835067585095105,1.4202081102114126,0.7096347553210298,0.8150673163679021,0.8495213493570686,0.034454032989166494,0.011300000000000001,0.021168652005217493,-0.021168652005217493,0,2,2,2026-05-09T00:29:07.216Z,Ball,Curveball
824454,3ac9acd5-93a0-3a5d-8f6d-fdfc38f2d448,2026-04-17,110,BAL,Baltimore Orioles,fielding,pitcher,605135,Chris Bassitt,700932,Kyle Manzardo,605135,Chris Bassitt,CLE,BAL,5,Bot,2,5,1B-3B,2,2,Ball,Strike,-0.7974489020587445,2.9509928460619914,1.609,3.188,0.031717764607922194,0.38061317529506633,0.37930109674688967,0.4073237841347128,0.4999999999999999,0.09267621586528707,0.022600000000000002,0.02112439510653459,-0.02112439510653459,1,1,2,2026-04-17T23:52:34.700Z,Ball,Curveball
823720,0948690e-b619-313b-9b3f-73211c46d1a5,2026-04-17,113,CIN,Cincinnati Reds,fielding,pitcher,682227,Brandon Williamson,807712,Luke Keaschall,682227,Brandon Williamson,MIN,CIN,3,Bot,2,7,1B2B3B,1,2,Ball,Strike,0.3718365872080378,1.5553028711687302,1.622,3.214,0.05413620450206347,0.6496344540247616,0.46659465500978464,0.4289378879460325,0.4999999999999998,0.07106211205396729,0.022600000000000002,0.021102240861308658,-0.021102240861308658,1,1,2,2026-04-18T00:56:57.072Z,Ball,Curveball
823569,c817a87c-ebc0-338e-8995-5b81f68ba392,2026-04-04,146,MIA,Miami Marlins,batting,hitter,805300,Jakob Marsee,805300,Jakob Marsee,657612,Tim Hill,MIA,NYY,7,Top,0,0,---,1,0,Strike,Ball,1.0297705645294593,2.707979248117663,1.621,3.212,0.20060389786279254,2.4072467743535104,0.9011138450951385,0.3024880076095691,0.3271455691446343,0.024657561535065153,0.011300000000000001,0.02110185653510761,-0.02110185653510761,0,2,2,2026-04-05T01:48:08.313Z,Called Strike,Sinker
822838,b2433e27-c9f6-354f-aea2-f164fd8c5fad,2026-03-28,141,TOR,Toronto Blue Jays,batting,hitter,672960,Kazuma Okamoto,672960,Kazuma Okamoto,547184,Michael Kelly,TOR,ATH,9,Bot,0,0,---,0,0,Strike,Ball,0.9919952736933624,1.844800045298347,1.643,3.256,0.16282860702669566,1.953943284320348,0.8327519407331894,0.18378545196000493,0.2136530777896733,0.02986762582966837,0.022600000000000002,0.02109251723531915,-0.02109251723531915,1,1,2,2026-03-28T22:08:27.503Z,Called Strike,Sweeper
823469,3507166a-cd18-3086-8b13-34823863ab64,2026-05-05,133,ATH,Athletics,fielding,pitcher,622663,Luis Severino,592663,J.T. Realmuto,622663,Luis Severino,PHI,ATH,1,Bot,2,7,1B2B3B,1,1,Ball,Strike,0.32542310295698773,1.682252029308311,1.615,3.2,0.18808536264164433,2.257024351699732,0.8817769253789774,0.43407420028155314,0.4594034347101295,0.025329234428576375,0.011300000000000001,0.020998813713415863,-0.020998813713415863,0,2,2,2026-05-05T22:55:06.288Z,Ball,Sinker
824782,b7de4588-824c-384a-bd4c-8c1edc6456f4,2026-04-04,111,BOS,Boston Red Sox,fielding,pitcher,813349,Connelly Early,666023,Freddy Fermin,813349,Connelly Early,SD,BOS,2,Top,0,0,---,3,1,Ball,Strike,-0.717155201262058,2.6866021783751304,1.567,3.105,0.11201146540460871,1.3441375848553045,0.6882999664975288,0.4626224731145562,0.49808468612887097,0.03546221301431479,0.011300000000000001,0.020886429651103176,-0.020886429651103176,0,2,2,2026-04-04T20:33:19.966Z,Ball,Slider
824693,98ad570f-5ce2-3d73-8e22-1fcd4a4f321a,2026-04-17,121,NYM,New York Mets,batting,hitter,669004,MJ Melendez,669004,MJ Melendez,665795,Edward Cabrera,NYM,CHC,2,Top,0,1,1B--,3,1,Strike,Ball,0.42798981704712513,3.4348486179159643,1.629,3.229,0.08501528458263108,1.020183414991573,0.5890996322324676,0.19227405394401068,0.23554827152588403,0.04327421758187336,0.011300000000000001,0.020849651506856266,-0.020849651506856266,0,2,2,2026-04-17T18:45:32.127Z,Called Strike,Sinker
823968,8b25b7e8-d6f9-397a-a8c4-12b8c0066a9e,2026-04-10,140,TEX,Texas Rangers,fielding,pitcher,677958,Kumar Rocker,660271,Shohei Ohtani,677958,Kumar Rocker,LAD,TEX,5,Bot,1,3,1B2B-,0,0,Ball,Strike,-0.12010978792526325,1.7583610271271912,1.7,3.369,0.17919436046052462,2.1503323255262954,0.8661234991258168,0.5061644380772534,0.5318867332311026,0.025722295153849162,0.011300000000000001,0.020765879824320606,-0.020765879824320606,0,2,2,2026-04-11T03:33:56.664Z,Ball,Four-Seam Fastball
824288,ad4b3e64-2bf9-3258-baa5-2f86a4784232,2026-04-23,116,DET,Detroit Tigers,fielding,pitcher,669373,Tarik Skubal,663368,Blake Perkins,669373,Tarik Skubal,MIL,DET,7,Top,0,3,1B2B-,1,2,Ball,Strike,-0.052769695473276194,1.5611867247512894,1.622,3.214,0.06002005808462263,0.7202406970154716,0.4900815336308101,0.6863137632281466,0.7404173237258013,0.054103560497654635,0.011300000000000001,0.020753077233606053,-0.020753077233606053,0,2,2,2026-04-23T18:52:09.097Z,Ball,Changeup
822833,e4f7d9c2-fa99-3ab3-96c6-bb110f9ac0a7,2026-04-08,141,TOR,Toronto Blue Jays,batting,hitter,662139,Daulton Varsho,662139,Daulton Varsho,676263,Jack Dreyer,TOR,LAD,7,Bot,1,6,-2B3B,0,0,Strike,Ball,0.31369282794273506,3.257363064514249,1.532,3.037,0.09952973118091579,1.1943567741709895,0.6439329841475897,0.4781323014567344,0.5165657631355808,0.03843346167884637,0.011300000000000001,0.020725016390849338,-0.020725016390849338,0,2,2,2026-04-08T21:26:23.083Z,Called Strike,Slider
824682,7a4e41ae-d32b-31e5-b640-a2c66ab6a0b6,2026-05-05,113,CIN,Cincinnati Reds,batting,hitter,670770,TJ Friedl,670770,TJ Friedl,669020,Ryan Rolison,CIN,CHC,10,Top,1,0,---,1,0,Strike,Ball,0.15078205482235946,3.3432333621711017,1.536,3.044,0.1784000288377685,2.140800346053222,0.8646429401852799,0.5792167630253549,0.6063671129853945,0.02715034996003962,0.022600000000000002,0.02041628886469528,-0.02041628886469528,0,1,1,2026-05-06T02:40:55.152Z,Called Strike,Four-Seam Fastball
825088,8f97495b-7ef8-382f-be12-e9198b24fcb2,2026-05-08,109,AZ,Arizona Diamondbacks,batting,hitter,699912,Jose Fernandez,699912,Jose Fernandez,690997,Nolan McLean,AZ,NYM,5,Bot,1,1,1B--,2,2,Strike,Ball,0.8662089966283345,2.576545471939792,1.691,3.352,0.037042329961667786,0.44450795954001343,0.39955425592891813,0.5305727888718373,0.5985203170273787,0.06794752815554139,0.011300000000000001,0.02036368714639333,-0.02036368714639333,0,2,2,2026-05-09T02:52:54.618Z,Called Strike,Curveball
822754,fe740cbf-5ef8-368e-9200-9735c5c3de4e,2026-04-07,138,STL,St. Louis Cardinals,batting,hitter,691026,Masyn Winn,691026,Masyn Winn,687606,Paxton Schultz,STL,WSH,6,Top,0,1,1B--,0,1,Strike,Ball,-0.07457667848866198,3.5071000313286045,1.555,3.081,0.3052666979952714,3.6632003759432568,0.9798514206800217,0.24495337035376566,0.26617432518659595,0.02122095483283029,0.022600000000000002,0.020338024848503822,-0.020338024848503822,1,1,2,2026-04-08T00:34:51.603Z,Called Strike,Cutter
823648,474f8525-caff-3c20-8201-86de81f0a319,2026-04-07,121,NYM,New York Mets,fielding,pitcher,642547,Freddy Peralta,606466,Ketel Marte,642547,Freddy Peralta,AZ,NYM,1,Top,0,0,---,2,2,Ball,Strike,0.4204081470060235,1.7103663005086298,1.624,3.218,0.20719963384196305,2.4863956061035566,0.9101276178775811,0.49818101187545205,0.521443117536349,0.023262105660896926,0.011300000000000001,0.020155926893985383,-0.020155926893985383,0,2,2,2026-04-07T20:12:01.179Z,Ball,Four-Seam Fastball
823143,81829b6d-7e6a-3d40-9cdb-7369c3df2ea0,2026-05-04,144,ATL,Atlanta Braves,fielding,pitcher,702275,JR Ritchie,641598,Mitch Garver,702275,JR Ritchie,SEA,ATL,2,Bot,2,3,1B2B-,2,2,Ball,Strike,0.07297078364395558,1.6034280354986072,1.64,3.249,0.08426136883194069,1.0111364259832882,0.5861766254017758,0.5710539552150296,0.6132088941911807,0.04215493897615119,0.011300000000000001,0.020034035740098162,-0.020034035740098162,0,2,2,2026-05-05T02:10:14.500Z,Ball,Changeup
823244,9bc33f54-d047-35dc-a18a-c454d2f1bd41,2026-03-25,137,SF,San Francisco Giants,batting,hitter,672275,Patrick Bailey,672275,Patrick Bailey,608331,Max Fried,SF,NYY,2,Bot,1,1,1B--,2,2,Strike,Ball,-0.9406506575681034,2.2009382514879143,1.627,3.224,0.11148399090143668,1.3378078908172402,0.686486438816964,0.10490852653684248,0.13918600304555426,0.03427747650871178,0.011300000000000001,0.019988319538729385,-0.019988319538729385,0,2,2,2026-03-26T01:02:27.863Z,Called Strike,Four-Seam Fastball
822838,39e03af9-7112-31cf-8101-64fa71986c2b,2026-03-28,141,TOR,Toronto Blue Jays,batting,hitter,676391,Ernie Clement,676391,Ernie Clement,663687,Hogan Harris,TOR,ATH,8,Bot,0,3,1B2B-,0,0,Strike,Ball,0.06336069707555002,3.3948394532616666,1.61,3.191,0.08300611992833362,0.9960734391400035,0.5812964993547296,0.20338394631079346,0.2540423137591401,0.05065836744834665,0.022600000000000002,0.01998483254616638,-0.01998483254616638,1,1,2,2026-03-28T21:49:10.594Z,Called Strike,Curveball
822906,931e44f6-f5e1-389b-a2c8-8f89ce7559aa,2026-04-27,140,TEX,Texas Rangers,batting,hitter,673962,Josh Jung,673962,Josh Jung,657612,Tim Hill,TEX,NYY,8,Bot,2,1,1B--,3,1,Strike,Ball,1.0214882409803419,2.6105349212868374,1.647,3.263,0.19232157431367514,2.3078588917641016,0.8886618860063399,0.05935991412257038,0.08466982605315414,0.02530991193058376,0.022600000000000002,0.019975712694630207,-0.019975712694630207,1,1,2,2026-04-28T02:27:25.427Z,Called Strike,Sinker
823967,53b9b7ef-5508-3242-8a49-0bdb18ffb8c6,2026-04-11,119,LAD,Los Angeles Dodgers,fielding,pitcher,656945,Tanner Scott,664059,Sam Haggerty,656945,Tanner Scott,TEX,LAD,8,Top,0,0,---,2,2,Ball,Strike,-0.54759657972218,1.5596061628730664,1.59,3.151,0.09043949620639968,1.0852739544767962,0.6099333196320886,0.8600484818856833,0.8999232810807869,0.039874799195103616,0.011300000000000001,0.019913215154575087,-0.019913215154575087,0,2,2,2026-04-12T03:18:28.103Z,Ball,Four-Seam Fastball
823890,9d2eea7d-435b-3bac-b699-0e5dce817720,2026-03-30,145,CWS,Chicago White Sox,fielding,pitcher,663436,Davis Martin,665052,Griffin Conine,663436,Davis Martin,MIA,CWS,3,Bot,0,0,---,3,0,Ball,Strike,-0.6270951646804832,3.006338653208358,1.632,3.234,0.2020715019861835,2.424858023834202,0.9031866235779786,0.8066341686829207,0.8298422536613148,0.023208084978394106,0.011300000000000001,0.019867240757777738,-0.019867240757777738,0,2,2,2026-03-30T23:26:15.994Z,Ball,Sinker
825012,e99e2747-c838-3629-8459-e9fd6b51df13,2026-05-01,133,ATH,Athletics,batting,hitter,701762,Nick Kurtz,701762,Nick Kurtz,683769,Hunter Gaddis,ATH,CLE,7,Bot,0,3,1B2B-,3,1,Strike,Ball,0.48977891883358177,3.598098748168217,1.722,3.413,0.06426541483488402,0.7711849780186082,0.5070611898516663,0.17647041354940649,0.22657407922196496,0.05010366567255847,0.011300000000000001,0.01983541577718141,-0.01983541577718141,0,2,2,2026-05-02T04:04:30.474Z,Called Strike,Slider
823475,4caa8a7e-96ee-30e4-97b3-21aa593aed83,2026-04-19,143,PHI,Philadelphia Phillies,fielding,pitcher,679775,Kyle Backhus,621566,Matt Olson,679775,Kyle Backhus,ATL,PHI,6,Top,2,5,1B-3B,0,2,Ball,Strike,-0.596304075774611,3.1279286127216093,1.702,3.372,0.23286259089205574,2.794351090704669,0.9385320701539346,0.23491573035257404,0.2567484091713531,0.021832678818779067,0.011300000000000001,0.019796081641534135,-0.019796081641534135,0,2,2,2026-04-20T01:23:53.188Z,Ball,Sinker
823075,380a4bb4-cd1c-3fe2-b98e-572653983ba7,2026-04-12,138,STL,St. Louis Cardinals,fielding,pitcher,669467,Andre Pallante,701350,Roman Anthony,669467,Andre Pallante,BOS,STL,4,Top,0,3,1B2B-,0,2,Ball,Strike,0.6068088931658514,1.715815359260441,1.679,3.326,0.15764869259377434,1.891784311125292,0.82088854531521,0.2083735529710609,0.23488905846675026,0.026515505495689373,0.011300000000000001,0.01974231529671578,-0.01974231529671578,0,2,2,2026-04-12T19:18:17.044Z,Ball,Four-Seam Fastball
823726,f2aab594-a4bd-3774-9aed-5941ecafb895,2026-04-08,116,DET,Detroit Tigers,batting,hitter,682985,Riley Greene,682985,Riley Greene,641927,Bailey Ober,DET,MIN,6,Top,1,7,1B2B3B,3,0,Strike,Ball,-0.3127201984694,3.713976829551908,1.667,3.303,0.29014349621857516,3.481721954622902,0.9744763789270351,0.07285494620288643,0.09332840711216615,0.02047346090927972,0.011300000000000001,0.0196624871328546,-0.0196624871328546,0,2,2,2026-04-09T01:10:46.634Z,Called Strike,Four-Seam Fastball
824125,3b98bd41-9290-3929-87df-84eecde902dd,2026-04-20,110,BAL,Baltimore Orioles,batting,hitter,687637,Dylan Beavers,687637,Dylan Beavers,607625,Seth Lugo,BAL,KC,7,Top,0,1,1B--,2,2,Strike,Ball,-0.8676640888147971,2.182459550995633,1.725,3.417,0.038497422148130345,0.46196906577756414,0.4051525687106599,0.3107544553688862,0.39203663155978397,0.08128217619089778,0.022600000000000002,0.019488130526995592,-0.019488130526995592,1,1,2,2026-04-21T01:32:08.863Z,Called Strike,Curveball
823730,01f9f7cb-8c32-327a-8374-2f93a5ecb774,2026-04-04,139,TB,Tampa Bay Rays,fielding,pitcher,571927,Steven Matz,668904,Royce Lewis,571927,Steven Matz,MIN,TB,2,Bot,1,3,1B2B-,0,0,Ball,Strike,0.08095804357246628,1.7709100067990382,1.618,3.205,0.27374334013237145,3.2849200815884574,0.9670702119905508,0.6924246037954532,0.7128744733095379,0.020449869514084673,0.011300000000000001,0.01940435304165819,-0.01940435304165819,0,2,2,2026-04-04T23:53:56.924Z,Ball,Changeup
823082,6813e447-7ddd-359d-8a8c-30d3cc4dff59,2026-03-28,139,TB,Tampa Bay Rays,batting,hitter,666018,Jonathan Aranda,666018,Jonathan Aranda,700241,Michael McGreevy,TB,STL,4,Top,0,1,1B--,2,0,Strike,Ball,-0.9001456509270156,2.4477896355617124,1.61,3.189,0.07097898426034888,0.8517478111241865,0.5338640150135149,0.32514543213851227,0.38115091316056565,0.05600548102205338,0.022600000000000002,0.019364637700502067,-0.019364637700502067,1,1,2,2026-03-28T19:02:45.240Z,Called Strike,Slider
824294,a2c540fe-ed21-338f-a726-3a0e3397edf9,2026-04-11,116,DET,Detroit Tigers,fielding,pitcher,663554,Casey Mize,681715,Heriberto Hernández,663554,Casey Mize,MIA,DET,5,Top,0,0,---,3,1,Ball,Strike,0.28731128497435765,1.6198710267620893,1.604,3.179,0.13670436009542253,1.6404523211450703,0.7662524076803333,0.8683691871927236,0.8970256939927599,0.028656506800036285,0.011300000000000001,0.019316769538023415,-0.019316769538023415,0,2,2,2026-04-11T18:27:04.565Z,Ball,Sinker
822912,b940822a-056f-300c-9c54-8a976147ac94,2026-04-23,134,PIT,Pittsburgh Pirates,fielding,pitcher,696149,Bubba Chandler,696030,Alejandro Osuna,696149,Bubba Chandler,TEX,PIT,4,Bot,0,1,1B--,2,1,Ball,Strike,-0.061013401790671176,1.7808556904624218,1.551,3.073,0.3506890237957552,4.208268285549062,0.9901562339937101,0.17193749509616466,0.19153052172044094,0.019593026624276283,0.011300000000000001,0.019288922898960822,-0.019288922898960822,0,2,2,2026-04-24T01:14:18.505Z,Ball,Changeup
824364,cd4bf910-b31d-32cb-be02-787d38f1a764,2026-05-03,144,ATL,Atlanta Braves,fielding,pitcher,625643,Reynaldo López,687859,Troy Johnston,625643,Reynaldo López,COL,ATL,7,Bot,0,1,1B--,3,1,Ball,Strike,-0.8051301937874034,3.131765890064746,1.594,3.159,0.02403647287926336,0.2884376745511603,0.3508246284074439,0.7350576458513731,0.810751989310597,0.07569434345922388,0.011300000000000001,0.019219758217631763,-0.019219758217631763,0,2,2,2026-05-03T21:36:56.961Z,Ball,Four-Seam Fastball
824119,ac282ca7-a3b4-307e-b0a9-5044a313132a,2026-05-05,114,CLE,Cleveland Guardians,batting,hitter,666310,Bo Naylor,666310,Bo Naylor,663568,Stephen Kolek,CLE,KC,5,Top,1,0,---,2,2,Strike,Ball,0.44730848582510024,3.294036127141302,1.559,3.089,0.08420279380796902,1.0104335256956283,0.5859492669950002,0.3047513721449618,0.3454214906749932,0.04067011853003144,0.011300000000000001,0.019151852858315197,-0.019151852858315197,0,2,2,2026-05-06T00:50:29.247Z,Called Strike,Sinker
824776,5b85b79e-37cc-3f3c-88a7-8886c79b3b98,2026-04-20,116,DET,Detroit Tigers,batting,hitter,663837,Matt Vierling,663837,Matt Vierling,677161,Zack Kelly,DET,BOS,4,Top,1,3,1B2B-,1,0,Strike,Ball,0.46502204823873966,3.5064390841451223,1.652,3.274,0.11160575081178914,1.3392690097414697,0.686905574567417,0.43181642851846186,0.4648412387952596,0.03302481027679777,0.011300000000000001,0.019146959270775518,-0.019146959270775518,0,2,2,2026-04-20T16:22:52.286Z,Called Strike,Cutter
823148,67dc0ce9-3c40-3d1c-a4e4-c40956642ea0,2026-04-21,136,SEA,Seattle Mariners,batting,hitter,641487,J.P. Crawford,641487,J.P. Crawford,682052,Jacob Lopez,SEA,ATH,6,Bot,0,0,---,2,0,Strike,Ball,0.9485066457818819,1.8590200463420208,1.625,3.219,0.11933997911521521,1.4320797493825825,0.7128854873686888,0.40089329112022326,0.4367520495835591,0.03585875846333586,0.022600000000000002,0.019074400518103645,-0.019074400518103645,1,1,2,2026-04-22T03:34:16.524Z,Called Strike,Slider
824127,807d4447-6f03-3bd6-89c5-99e8842083bf,2026-04-21,110,BAL,Baltimore Orioles,fielding,pitcher,669358,Shane Baz,664728,Kyle Isbel,669358,Shane Baz,KC,BAL,7,Bot,0,0,---,1,2,Ball,Strike,0.6895008704963923,2.0434697077608814,1.571,3.114,0.13966579617027441,1.675989554043293,0.7746318747491531,0.4186174740267342,0.4498148815001782,0.03119740747344396,0.022600000000000002,0.019073186607797995,-0.019073186607797995,1,1,2,2026-04-22T01:39:11.942Z,Ball,Knuckle Curve
823635,8ecb7717-aefd-3a7a-9d45-5b0ec2a272b3,2026-04-26,121,NYM,New York Mets,batting,hitter,683146,Brett Baty,683146,Brett Baty,675848,Juan Mejia,NYM,COL,7,Bot,1,0,---,2,2,Strike,Ball,-0.9115391236906613,2.5966177774880803,1.68,3.328,0.08237245702399454,0.9884694842879345,0.5788268405924929,0.15143831863525614,0.20076010946155612,0.04932179082629998,0.022600000000000002,0.019030262953741356,-0.019030262953741356,1,1,2,2026-04-26T19:47:53.194Z,Called Strike,Sweeper
824942,32ebad05-25c1-393b-bf03-de3864c2ef77,2026-03-31,144,ATL,Atlanta Braves,batting,hitter,660670,Ronald Acuña Jr.,660670,Ronald Acuña Jr.,650644,Aaron Civale,ATL,ATH,5,Bot,1,3,1B2B-,0,0,Strike,Ball,1.052297745585268,2.7235733282227472,1.615,3.201,0.2231310789186013,2.6775729470232155,0.9289121188669793,0.15324674501479812,0.17443652851287753,0.0211897834980794,0.011300000000000001,0.018880153630730354,-0.018880153630730354,0,2,2,2026-04-01T00:41:03.676Z,Called Strike,Cutter
823073,f2f8157b-3de3-3315-8dcd-0892c2dae817,2026-04-13,138,STL,St. Louis Cardinals,fielding,pitcher,669461,Matthew Liberatore,656555,Rhys Hoskins,669461,Matthew Liberatore,CLE,STL,4,Top,0,1,1B--,1,1,Ball,Strike,0.34500012520988754,1.70192005564613,1.683,3.334,0.13975338897946332,1.6770406677535599,0.7748764480795077,0.447009277519095,0.4745654609591846,0.027556183440089588,0.011300000000000001,0.018808741409982406,-0.018808741409982406,0,2,2,2026-04-14T00:41:25.993Z,Ball,Changeup
823720,167a18dc-dcc9-39df-8c1f-05667bcad98f,2026-04-17,113,CIN,Cincinnati Reds,batting,hitter,680574,Matt McLain,680574,Matt McLain,663485,Cole Sands,CIN,MIN,9,Top,0,0,---,3,2,Strike,Ball,-0.5674624770846822,3.274067247603575,1.538,3.047,0.10623391427024176,1.274806971242901,0.6681307070844985,0.8215692836513107,0.8607938221072541,0.039224538455943425,0.022600000000000002,0.01870687259374225,-0.01870687259374225,1,1,2,2026-04-18T02:33:54.839Z,Called Strike,Cutter
823959,f17c29df-b116-30bd-84a2-32b1265a0bd8,2026-04-26,119,LAD,Los Angeles Dodgers,fielding,pitcher,680736,Justin Wrobleski,621020,Dansby Swanson,680736,Justin Wrobleski,CHC,LAD,6,Top,0,1,1B--,1,2,Ball,Strike,-0.5744283750580761,1.6271576272923438,1.624,3.218,0.12399096062567705,1.4878915275081246,0.7278725358478811,0.8287467381799734,0.8627686973767089,0.03402195919673556,0.022600000000000002,0.01861356902520317,-0.01861356902520317,1,1,2,2026-04-26T21:39:56.322Z,Ball,Four-Seam Fastball
823393,e1516b48-29ed-3b06-9288-23d218d334d1,2026-04-19,139,TB,Tampa Bay Rays,fielding,pitcher,663556,Shane McClanahan,804606,Konnor Griffin,663556,Shane McClanahan,PIT,TB,4,Bot,2,2,-2B-,1,2,Ball,Strike,0.6215460044156783,2.3792701435749235,1.683,3.335,0.2076206622509884,2.491447947011861,0.9106771082343257,0.33907501285681835,0.36020772433469256,0.02113271147787421,0.011300000000000001,0.01823572790086871,-0.01823572790086871,0,2,2,2026-04-19T18:35:44.420Z,Ball,Four-Seam Fastball
824458,40de2e0b-9bdc-3b19-82d0-13ad01734a04,2026-04-03,112,CHC,Chicago Cubs,fielding,pitcher,607067,Colin Rea,666310,Bo Naylor,607067,Colin Rea,CLE,CHC,4,Bot,1,3,1B2B-,0,0,Ball,Strike,-0.33888785495073204,1.609288145206488,1.559,3.089,0.1711214785398214,2.053457742477857,0.8504256832516272,0.501683670366486,0.5250834267531794,0.02339975638669345,0.011300000000000001,0.01820956403381879,-0.01820956403381879,0,2,2,2026-04-03T21:13:49.588Z,Ball,Curveball
823968,bb2e2500-3735-39e2-bb1b-77d75453a15b,2026-04-10,140,TEX,Texas Rangers,fielding,pitcher,676395,Robert Garcia,681624,Andy Pages,676395,Robert Garcia,LAD,TEX,6,Bot,1,3,1B2B-,1,1,Ball,Strike,-0.47086366029020377,1.6240608001218129,1.633,3.237,0.1118941334551462,1.3427296014617545,0.6878970599842328,0.5223109151919219,0.5538763651144131,0.03156544992249122,0.011300000000000001,0.018187016976583068,-0.018187016976583068,0,2,2,2026-04-11T03:52:02.057Z,Ball,Four-Seam Fastball
824775,d29fbdc8-65c8-3791-b867-a202cdf8732c,2026-04-18,111,BOS,Boston Red Sox,batting,hitter,575929,Willson Contreras,575929,Willson Contreras,669373,Tarik Skubal,BOS,DET,6,Bot,0,7,1B2B3B,1,2,Strike,Ball,-0.23958274544392788,1.4734606778956154,1.63,3.23,0.035705988771051134,0.4284718652526136,0.39443580391371136,0.2716124163669682,0.3350516604053869,0.06343924403841872,0.011300000000000001,0.018179833806196744,-0.018179833806196744,0,2,2,2026-04-18T21:53:19.411Z,Called Strike,Changeup
824846,cd8b1490-c27d-3daf-8311-31f0f1b06708,2026-05-08,133,ATH,Athletics,fielding,pitcher,663687,Hogan Harris,665750,Leody Taveras,663687,Hogan Harris,BAL,ATH,9,Bot,2,1,1B--,2,1,Ball,Strike,-0.5436848721534225,1.5681490117320835,1.659,3.287,0.02998234506541686,0.3597881407850023,0.37278618303261185,0.8488773940488499,0.9165301822282059,0.06765278817935605,0.011300000000000001,0.018132508545164454,-0.018132508545164454,0,2,2,2026-05-09T01:42:18.477Z,Ball,Four-Seam Fastball
824530,c92ce1da-8030-3f6d-9fc3-d3e0bc95f272,2026-04-16,113,CIN,Cincinnati Reds,batting,hitter,667472,Dane Myers,667472,Dane Myers,669062,Erik Miller,CIN,SF,9,Bot,0,0,---,1,0,Strike,Ball,1.0413825867489652,2.805233679162484,1.622,3.214,0.2122159200822985,2.546591040987582,0.9164800459694175,0.03802173539968188,0.0588249381060719,0.020803202706390023,0.011300000000000001,0.018121944692117854,-0.018121944692117854,0,2,2,2026-04-16T18:58:59.632Z,Called Strike,Slider
824862,fb395796-2625-3ad8-add3-7d9035db6e61,2026-03-28,142,MIN,Minnesota Twins,batting,hitter,665019,Kody Clemens,665019,Kody Clemens,680694,Kyle Bradish,MIN,BAL,1,Top,0,0,---,2,0,Strike,Ball,0.19564678984444195,3.5486949312566836,1.621,3.211,0.21686159792335058,2.602339175080207,0.9219963444245911,0.504224569918625,0.5247999652396521,0.020575395321027146,0.011300000000000001,0.018088997963075743,-0.018088997963075743,0,2,2,2026-03-28T20:06:14.141Z,Called Strike,Sinker
824205,2d9e49c1-43bf-380c-a8ac-7a39ae2f1ba3,2026-04-19,117,HOU,Houston Astros,fielding,pitcher,687911,Bryan King,691023,Jordan Walker,687911,Bryan King,STL,HOU,10,Top,1,0,---,0,1,Ball,Strike,-0.5388338098187375,1.914054958724613,1.747,3.461,0.2878882920579462,3.4546595046953543,0.973563377816011,0.4207832369746453,0.4399500856413439,0.0191668486666986,0.022600000000000002,0.01806267426868124,-0.01806267426868124,0,1,1,2026-04-19T20:59:19.162Z,Ball,Sweeper
825016,025da3c4-73d2-32ab-800e-6c9cd084c88e,2026-04-30,118,KC,Kansas City Royals,batting,hitter,686555,Isaac Collins,686555,Isaac Collins,665622,Luis Medina,KC,ATH,5,Top,2,1,1B--,2,0,Strike,Ball,0.5666187629419047,3.28674340783251,1.521,3.013,0.15291007449917693,1.8349208939901231,0.8094686338344625,0.1351465617891859,0.16262789272390984,0.027481330934723935,0.022600000000000002,0.017939266532342592,-0.017939266532342592,1,1,2,2026-04-30T20:39:48.311Z,Called Strike,Four-Seam Fastball
823973,c2234cc2-cb17-3a3a-a3f9-7ce7f8986281,2026-03-28,109,AZ,Arizona Diamondbacks,batting,hitter,678489,Jorge Barrosa,678489,Jorge Barrosa,694361,Will Klein,AZ,LAD,8,Top,0,0,---,2,0,Strike,Ball,0.3824195796764933,3.409116321125699,1.493,2.958,0.33028298779236565,3.9633958535083877,0.9864071838349098,0.7514966539653367,0.769748531067033,0.01825187710169629,0.011300000000000001,0.01785018386891959,-0.01785018386891959,0,2,2,2026-03-29T03:11:48.290Z,Called Strike,Four-Seam Fastball
824299,cb46e845-c467-3eb2-a5a2-fdeaf48cec13,2026-04-03,138,STL,St. Louis Cardinals,batting,hitter,671056,Iván Herrera,671056,Iván Herrera,664285,Framber Valdez,STL,DET,1,Top,1,0,---,2,2,Strike,Ball,0.04331126375150083,3.422260638522391,1.602,3.173,0.12842730518905787,1.5411276622686945,0.7417026312398372,0.4619245429321819,0.4897359352912186,0.027811392359036735,0.011300000000000001,0.017709022624151208,-0.017709022624151208,0,2,2,2026-04-03T17:16:39.622Z,Called Strike,Sinker
823728,b21ecd22-5df9-38f7-a540-7c882b8e89e8,2026-04-06,116,DET,Detroit Tigers,batting,hitter,650402,Gleyber Torres,650402,Gleyber Torres,657746,Joe Ryan,DET,MIN,4,Top,0,1,1B--,2,0,Strike,Ball,0.9053811334887234,2.1320139211816875,1.579,3.13,0.07621446682205668,0.9145736018646802,0.5546388040529229,0.2333196886376788,0.28325735538252217,0.04993766674484337,0.022600000000000002,0.017632204732149402,-0.017632204732149402,1,1,2,2026-04-07T00:37:27.589Z,Called Strike,Four-Seam Fastball
824699,c9a4d4d6-15b1-3b80-afa2-b4014ebf5ba6,2026-03-31,108,LAA,Los Angeles Angels,fielding,pitcher,667755,José Soriano,621020,Dansby Swanson,667755,José Soriano,CHC,LAA,4,Bot,2,2,-2B-,0,2,Ball,Strike,-0.30197309147729323,1.6635654966399578,1.624,3.218,0.16039882997329102,1.9247859596794923,0.8272671189851758,0.4763447304476329,0.49999999999999983,0.02365526955236691,0.011300000000000001,0.017617345135936806,-0.017617345135936806,0,2,2,2026-04-01T00:48:54.809Z,Ball,Knuckle Curve
822756,03448071-4e79-343a-84a9-ab92d5368a66,2026-04-05,120,WSH,Washington Nationals,fielding,pitcher,656492,Foster Griffin,669743,Alex Call,656492,Foster Griffin,LAD,WSH,2,Top,1,1,1B--,2,1,Ball,Strike,-0.6996093704990486,2.3704451862563016,1.595,3.16,0.12955729616761813,1.5546875540114176,0.7451512030378807,0.47175405649080626,0.4992502049491297,0.027496148458323433,0.011300000000000001,0.01760899669695593,-0.01760899669695593,0,2,2,2026-04-05T20:02:50.915Z,Ball,Cutter
823387,3ff4890e-1c1d-3656-a2c1-776e381e021f,2026-05-03,113,CIN,Cincinnati Reds,fielding,pitcher,695505,Chase Burns,668804,Bryan Reynolds,695505,Chase Burns,PIT,CIN,7,Bot,0,0,---,1,2,Ball,Strike,-0.603779414677372,3.295383891428671,1.657,3.284,0.10944944190466188,1.3133933028559426,0.6794381720630829,0.4186174740267342,0.4498148815001782,0.03119740747344396,0.011300000000000001,0.01757436085117676,-0.01757436085117676,0,2,2,2026-05-03T19:01:45.838Z,Ball,Four-Seam Fastball
824541,63203d5d-b805-34e6-b156-f5db7c34a88a,2026-03-26,111,BOS,Boston Red Sox,batting,hitter,596115,Trevor Story,596115,Trevor Story,671096,Andrew Abbott,BOS,CIN,5,Top,1,3,1B2B-,1,2,Strike,Ball,-0.35450223956762483,3.419243294010579,1.636,3.242,0.056409960677245685,0.6769195281269482,0.4756590987433707,0.4930813381072093,0.5424137283140089,0.04933239020679964,0.011300000000000001,0.01754034808042269,-0.01754034808042269,0,2,2,2026-03-26T21:18:09.784Z,Called Strike,Four-Seam Fastball
824684,e49743c3-7651-330e-bfbd-dea8dda57f7d,2026-05-04,113,CIN,Cincinnati Reds,batting,hitter,663993,Nathaniel Lowe,663993,Nathaniel Lowe,665795,Edward Cabrera,CIN,CHC,1,Top,2,3,1B2B-,1,2,Strike,Ball,0.09712779796686083,3.6027566196029794,1.699,3.367,0.11492328626964632,1.3790794352357558,0.6982066442745375,0.45225557975481884,0.48222721922491685,0.02997163947009801,0.011300000000000001,0.01751613289812568,-0.01751613289812568,0,2,2,2026-05-05T00:54:45.137Z,Called Strike,Sinker
823311,c17beff3-6fdc-3065-b42f-ee85e6e1885c,2026-04-27,135,SD,San Diego Padres,fielding,pitcher,681190,Randy Vásquez,664023,Ian Happ,681190,Randy Vásquez,CHC,SD,5,Top,1,0,---,1,2,Ball,Strike,0.48082544784319664,1.705282638728952,1.583,3.137,0.2431159720622853,2.9173916647474236,0.9473426763594277,0.382781183575675,0.4018156064273907,0.01903442285171575,0.011300000000000001,0.01743709333016298,-0.01743709333016298,0,2,2,2026-04-28T03:15:10.522Z,Ball,Four-Seam Fastball
823564,1edbb210-8898-38da-88a3-c14d21ef5e25,2026-04-08,147,NYY,New York Yankees,fielding,pitcher,657612,Tim Hill,701762,Nick Kurtz,657612,Tim Hill,ATH,NYY,6,Top,2,1,1B--,0,2,Ball,Strike,-0.6523298220024601,2.1782286227358587,1.722,3.413,0.17683684466420657,2.122042135970479,0.8616889845865936,0.5528032536361694,0.574842522925763,0.022039269289593544,0.011300000000000001,0.017428081101008866,-0.017428081101008866,0,2,2,2026-04-09T00:52:03.369Z,Ball,Sinker
824218,fc6445e5-7b1d-3ca1-80f4-f7cdc0a0cf7b,2026-03-26,108,LAA,Los Angeles Angels,fielding,pitcher,667755,José Soriano,676694,Jake Meyers,667755,José Soriano,HOU,LAA,3,Bot,1,0,---,3,2,Ball,Strike,0.7657122137504407,2.9679175769988144,1.62,3.21,0.06345445291622598,0.7614534349947117,0.503817737470336,0.4429358973412232,0.4886349962023885,0.0456990988611653,0.011300000000000001,0.017417157026080304,-0.017417157026080304,0,2,2,2026-03-26T21:01:43.925Z,Ball,Knuckle Curve
823078,a70df163-ff07-36e2-a4e5-8d349a2979fe,2026-04-01,121,NYM,New York Mets,fielding,pitcher,642547,Freddy Peralta,701675,Nathan Church,642547,Freddy Peralta,STL,NYM,5,Bot,0,3,1B2B-,0,1,Ball,Strike,0.6504986356744252,2.2074737164793916,1.571,3.113,0.1786680309922415,2.144016371906898,0.8651440083172551,0.3200299282398725,0.34365875794365147,0.023628829703778997,0.022600000000000002,0.017394595029743144,-0.017394595029743144,1,1,2,2026-04-01T19:23:34.126Z,Ball,Four-Seam Fastball
823065,0c10081a-cfbd-3b6f-91ed-fbdfad23ffcc,2026-05-03,119,LAD,Los Angeles Dodgers,fielding,pitcher,680736,Justin Wrobleski,671056,Iván Herrera,680736,Justin Wrobleski,STL,LAD,1,Bot,0,1,1B--,0,2,Ball,Strike,0.5664695760759451,1.7727231248952444,1.602,3.173,0.26269709059072166,3.15236508708866,0.9609527747834399,0.4316785251111104,0.4502348241884794,0.018556299077369,0.011300000000000001,0.017390493443161993,-0.017390493443161993,0,2,2,2026-05-03T18:24:25.381Z,Ball,Slider
825100,3840c004-719d-3c2d-8a4f-e58f70827650,2026-04-19,109,AZ,Arizona Diamondbacks,fielding,pitcher,669194,Ryne Nelson,665489,Vladimir Guerrero Jr.,669194,Ryne Nelson,TOR,AZ,1,Top,0,6,-2B3B,0,2,Ball,Strike,-0.35963498371724145,1.539710866489113,1.619,3.209,0.04154419982244639,0.4985303978693567,0.41695336274441075,0.3807261230844582,0.43820175444782955,0.05747563136337136,0.011300000000000001,0.017376230771827653,-0.017376230771827653,0,2,2,2026-04-19T20:13:30.894Z,Ball,Four-Seam Fastball
822911,8d434135-f924-3f72-9253-bd310967050a,2026-04-26,133,ATH,Athletics,fielding,pitcher,678022,Jack Perkins,669701,Josh Smith,678022,Jack Perkins,TEX,ATH,8,Bot,0,1,1B--,0,0,Ball,Strike,0.4835790320540927,1.6688743484027617,1.548,3.068,0.24170768173609503,2.9004921808331403,0.9462072490891441,0.5936298142182695,0.6126184850869434,0.01898867086867384,0.011300000000000001,0.01735935994121437,-0.01735935994121437,0,2,2,2026-04-26T21:00:27.658Z,Ball,Four-Seam Fastball
824288,5807f059-02a1-3538-9ad0-f1d1682b306c,2026-04-23,158,MIL,Milwaukee Brewers,batting,hitter,687401,Joey Ortiz,687401,Joey Ortiz,572143,Burch Smith,MIL,DET,9,Top,1,2,-2B-,2,0,Strike,Ball,0.10675884904630564,3.5795023184555506,1.583,3.137,0.3216689851222174,3.860027821466609,0.9844298000402857,0.5631984322111158,0.581154991332141,0.01795655912102523,0.022600000000000002,0.01732508538583289,-0.01732508538583289,1,1,2,2026-04-23T19:34:35.716Z,Called Strike,Four-Seam Fastball
822986,74874e67-0496-336e-a720-46657731827c,2026-05-05,139,TB,Tampa Bay Rays,fielding,pitcher,656876,Drew Rasmussen,678218,Brandon Valenzuela,656876,Drew Rasmussen,TOR,TB,5,Top,0,2,-2B-,3,2,Ball,Strike,0.7401420858121208,1.5048351259660613,1.625,3.219,0.0006684592993946303,0.008021511592735564,0.2710494439327414,0.37939510643406527,0.47353100969313394,0.09413590325906868,0.011300000000000001,0.017278342948916878,-0.017278342948916878,0,2,2,2026-05-05T23:56:32.130Z,Ball,Cutter
823718,80848b0e-adfa-3aeb-a2b7-1434b8a6d224,2026-04-19,113,CIN,Cincinnati Reds,batting,hitter,680574,Matt McLain,680574,Matt McLain,641927,Bailey Ober,CIN,MIN,5,Top,2,2,-2B-,1,2,Strike,Ball,0.990433015604816,2.045423233611073,1.538,3.047,0.16126634893814928,1.9351961872577914,0.8292415613205149,0.1862456295834343,0.20934152585197954,0.023095896268545246,0.011300000000000001,0.01722250672474693,-0.01722250672474693,0,2,2,2026-04-19T19:25:49.934Z,Called Strike,Four-Seam Fastball
824848,995badfb-d1e2-3e9e-b29f-a82acc5b0b3f,2026-04-30,117,HOU,Houston Astros,batting,hitter,673237,Yainer Diaz,673237,Yainer Diaz,605135,Chris Bassitt,HOU,BAL,2,Top,1,1,1B--,2,0,Strike,Ball,0.000584735178414575,3.4019542579252677,1.595,3.161,0.12012092459193457,1.441451095103215,0.7154361691290224,0.5085742771805114,0.5371168060347788,0.028542528854267446,0.011300000000000001,0.01720478621190964,-0.01720478621190964,0,2,2,2026-04-30T16:49:54.958Z,Called Strike,Sinker
823230,64cdca6e-b0b2-3f1d-958d-91e64bc72ead,2026-04-26,137,SF,San Francisco Giants,batting,hitter,669477,Casey Schmitt,669477,Casey Schmitt,676974,Max Meyer,SF,MIA,1,Bot,2,4,--3B,3,2,Strike,Ball,0.8930753276276475,1.9152832986185278,1.613,3.196,0.0639086609609808,0.7669039315317696,0.5056344053287092,0.49999999999999967,0.5450333786151405,0.045033378615140784,0.011300000000000001,0.017184094396223735,-0.017184094396223735,0,2,2,2026-04-26T20:18:18.967Z,Called Strike,Sweeper
824121,6742852d-a033-346b-aadd-3dbb4cee2a4d,2026-04-25,118,KC,Kansas City Royals,fielding,pitcher,666142,Cole Ragans,672724,Oswald Peraza,666142,Cole Ragans,LAA,KC,2,Top,1,0,---,2,2,Ball,Strike,0.7154330523152916,3.0289529711583727,1.608,3.187,0.11373361435137508,1.364803372216501,0.6941806857797674,0.5109046469829764,0.5405512344005149,0.02964658741753845,0.011300000000000001,0.017124330133848037,-0.017124330133848037,0,2,2,2026-04-25T23:28:24.632Z,Ball,Changeup
824769,886d4d59-dd8a-3cd8-a5d5-a98b2e31b367,2026-05-03,111,BOS,Boston Red Sox,batting,hitter,655316,Andruw Monasterio,655316,Andruw Monasterio,805123,AJ Blubaugh,BOS,HOU,6,Bot,0,0,---,1,0,Strike,Ball,-0.21531097480053474,3.5778340244720424,1.589,3.148,0.3090006911387091,3.708008293664509,0.9809977180386243,0.5726865507512175,0.5903440129022309,0.01765746215101338,0.011300000000000001,0.01710720429033396,-0.01710720429033396,0,2,2,2026-05-03T19:31:53.796Z,Called Strike,Sweeper
824046,f3b4cab6-c85b-3f3d-a79e-3a107c77d30e,2026-04-20,141,TOR,Toronto Blue Jays,fielding,pitcher,656302,Dylan Cease,694384,Nolan Schanuel,656302,Dylan Cease,LAA,TOR,3,Bot,0,3,1B2B-,0,0,Ball,Strike,-0.6998471856910284,1.7399878592808593,1.66,3.29,0.12931948097563828,1.5518337717076593,0.7444279481936618,0.4385995299763882,0.4693239546613526,0.030724424684964446,0.022600000000000002,0.017096192056835532,-0.017096192056835532,1,1,2,2026-04-21T02:30:33.508Z,Ball,Changeup
822830,1fd1e437-b896-3703-9c7f-81a30e7d74ed,2026-04-11,142,MIN,Minnesota Twins,batting,hitter,605137,Josh Bell,605137,Josh Bell,641778,Eric Lauer,MIN,TOR,3,Top,1,7,1B2B3B,0,0,Strike,Ball,0.7140902236125084,3.662993970051261,1.683,3.335,0.20716063671792773,2.4859276406151327,0.9100765682891349,0.5857589935023477,0.6055472446688641,0.01978825116651639,0.011300000000000001,0.01699268893573393,-0.01699268893573393,0,2,2,2026-04-11T19:49:07.619Z,Called Strike,Curveball
824042,e672b167-2895-309e-a6ec-4b6ffbd77697,2026-05-02,108,LAA,Los Angeles Angels,batting,hitter,624585,Jorge Soler,624585,Jorge Soler,690997,Nolan McLean,LAA,NYM,4,Bot,1,0,---,2,0,Strike,Ball,-0.8465870789979344,1.4260128347069887,1.693,3.354,0.14615383195967802,1.7538459835161362,0.7922367907748368,0.5390016526418355,0.5632461415349171,0.024244488893081617,0.011300000000000001,0.01685965181038681,-0.01685965181038681,0,2,2,2026-05-03T02:29:57.914Z,Called Strike,Sinker
823873,9ec8869b-7551-3bd1-8bbb-0f0280e00837,2026-05-05,146,MIA,Miami Marlins,batting,hitter,691788,Joe Mack,691788,Joe Mack,552640,Andrew Kittredge,MIA,BAL,8,Bot,1,0,---,1,1,Strike,Ball,0.9426022488099881,2.286310883489033,1.625,3.221,0.11343558214332139,1.3612269857198567,0.6931674229337477,0.2267362204672771,0.25588926700154163,0.029153046534264537,0.011300000000000001,0.016740734015975124,-0.016740734015975124,0,2,2,2026-05-06T01:14:56.915Z,Called Strike,Sinker
823638,06a54241-4b21-3ef1-929e-d9ca97fae243,2026-04-24,115,COL,Colorado Rockies,batting,hitter,681198,TJ Rumfield,681198,TJ Rumfield,642547,Freddy Peralta,COL,NYM,4,Top,0,0,---,2,1,Strike,Ball,-1.0297286585856575,3.218388176569559,1.727,3.423,0.20056199191899082,2.40674390302789,0.9010540827595234,0.37176670652623034,0.391470330290759,0.019703623764528666,0.011300000000000001,0.016635941773368735,-0.016635941773368735,0,2,2,2026-04-24T23:54:52.760Z,Called Strike,Four-Seam Fastball
823879,fb278889-9be8-3df3-a0ab-08f7ed21473d,2026-04-20,138,STL,St. Louis Cardinals,batting,hitter,665877,José Fermín,665877,José Fermín,677053,Andrew Nardi,STL,MIA,7,Top,0,0,---,1,0,Strike,Ball,0.99724480525599,2.3539325935051925,1.583,3.138,0.1680781385893233,2.0169376630718796,0.8441255307235853,0.18006050581283736,0.20165752986750887,0.02159702405467151,0.011300000000000001,0.01646921788937614,-0.01646921788937614,0,2,2,2026-04-21T00:25:13.254Z,Called Strike,Sweeper
824215,fe3f581b-a23e-36c3-85ad-e8021f2d4f09,2026-03-29,108,LAA,Los Angeles Angels,fielding,pitcher,686799,Jack Kochanowicz,572233,Christian Walker,686799,Jack Kochanowicz,HOU,LAA,2,Bot,1,2,-2B-,0,0,Ball,Strike,0.672859594267154,3.0791214117179746,1.604,3.179,0.1563070723995127,1.8756848687941523,0.8177106310342263,0.4189096680443901,0.44408023354685183,0.025170565502461717,0.022600000000000002,0.016462499261879808,-0.016462499261879808,1,1,2,2026-03-29T18:43:11.295Z,Ball,Slider
824118,dd6db320-a9b3-36c4-90cd-7685bc3928a3,2026-05-06,118,KC,Kansas City Royals,fielding,pitcher,679883,Luinder Avila,800050,Chase DeLauter,679883,Luinder Avila,CLE,KC,5,Top,1,3,1B2B-,1,0,Ball,Strike,-0.3669583477950034,1.6469167751432585,1.685,3.339,0.08275010847659181,0.9930013017191017,0.5802991950043298,0.5407424094297341,0.577268852746943,0.03652644331720889,0.011300000000000001,0.016453646556896528,-0.016453646556896528,0,2,2,2026-05-07T00:57:55.544Z,Ball,Slider
823800,2bd7d9fc-45ea-3d54-aa2b-74da37ac2c83,2026-04-24,158,MIL,Milwaukee Brewers,batting,hitter,686217,Sal Frelick,686217,Sal Frelick,694973,Paul Skenes,MIL,PIT,6,Bot,0,0,---,2,0,Strike,Ball,-0.6498264088856329,3.3498650278297157,1.546,3.063,0.16603169449638244,1.9923803339565893,0.8397685669886944,0.09844546926196489,0.12017244934931084,0.021726980087345957,0.011300000000000001,0.016435019739914656,-0.016435019739914656,0,2,2,2026-04-25T01:10:15.865Z,Called Strike,Four-Seam Fastball
823078,4b33ede5-b817-3c7a-912a-6d4cc374fbdc,2026-04-01,121,NYM,New York Mets,fielding,pitcher,642547,Freddy Peralta,691026,Masyn Winn,642547,Freddy Peralta,STL,NYM,1,Bot,2,1,1B--,1,2,Ball,Strike,0.609302701838581,2.444908729210939,1.555,3.081,0.21986396482808568,2.638367577937028,0.925381901740317,0.4814247788280466,0.49999999999999967,0.018575221171953094,0.011300000000000001,0.016345988983014537,-0.016345988983014537,0,2,2,2026-04-01T18:30:44.992Z,Ball,Four-Seam Fastball
823870,85b376e6-41ec-3ab5-b3f2-41e55a44816a,2026-05-07,146,MIA,Miami Marlins,fielding,pitcher,694795,Josh Ekness,624413,Pete Alonso,694795,Josh Ekness,BAL,MIA,8,Top,0,3,1B2B-,0,1,Ball,Strike,0.7678525373503688,2.824594236952683,1.677,3.324,0.06131412931629787,0.7357695517955745,0.49525665956852527,0.5351750579992726,0.5796178442678993,0.044442786268626744,0.011300000000000001,0.01630698612244234,-0.01630698612244234,0,2,2,2026-05-08T00:41:59.874Z,Ball,Sinker
823481,237a8c3c-cea8-3b1b-ae8b-c11d1f815713,2026-04-13,112,CHC,Chicago Cubs,batting,hitter,621020,Dansby Swanson,621020,Dansby Swanson,650911,Cristopher Sánchez,CHC,PHI,2,Top,0,3,1B2B-,0,0,Strike,Ball,0.48712344696866416,3.4513811106883563,1.624,3.218,0.11254777735502319,1.3505733282602783,0.6901379780082534,0.4825662953658032,0.5112384648269789,0.02867216946117568,0.011300000000000001,0.016286312208539037,-0.016286312208539037,0,2,2,2026-04-13T22:57:50.754Z,Called Strike,Slider
822748,af6a089e-745a-3463-be77-71067ab14b4d,2026-04-22,120,WSH,Washington Nationals,fielding,pitcher,641793,Zack Littell,686948,Drake Baldwin,641793,Zack Littell,ATL,WSH,4,Top,1,3,1B2B-,1,0,Ball,Strike,-0.6368987307865271,3.1793846876225507,1.618,3.206,0.14744864571078242,1.769383748529389,0.795626122581791,0.3094667901569529,0.33283260748294613,0.023365817325993243,0.011300000000000001,0.01628102982520867,-0.01628102982520867,0,2,2,2026-04-22T23:52:29.404Z,Ball,Splitter
823964,666ba3c2-f26a-3136-b755-733f412bb231,2026-04-13,121,NYM,New York Mets,fielding,pitcher,656849,David Peterson,663656,Kyle Tucker,656849,David Peterson,LAD,NYM,1,Bot,0,1,1B--,1,1,Ball,Strike,-0.621724411859213,3.317942328107695,1.691,3.351,0.15389100522563792,1.846692062707655,0.8118774943911485,0.40904488154475394,0.4316785251111104,0.022633643566356443,0.011300000000000001,0.016249961514215785,-0.016249961514215785,0,2,2,2026-04-14T02:20:08.832Z,Ball,Slider
823233,6190348c-42d0-3868-8ae8-8ab802cb29db,2026-04-23,119,LAD,Los Angeles Dodgers,batting,hitter,690976,Alex Freeland,690976,Alex Freeland,657277,Logan Webb,LAD,SF,3,Top,0,0,---,2,0,Strike,Ball,-1.0236180981787657,2.2083696975158635,1.607,3.185,0.19445143151209898,2.333417178145188,0.891989209772676,0.6173534232524135,0.6369055059954425,0.019552082743028998,0.011300000000000001,0.01621972490579565,-0.01621972490579565,0,2,2,2026-04-23T20:21:22.173Z,Called Strike,Changeup
824684,b199404f-ac8e-3ddb-8642-4a0597c30455,2026-05-04,112,CHC,Chicago Cubs,fielding,pitcher,665795,Edward Cabrera,663647,Ke'Bryan Hayes,665795,Edward Cabrera,CIN,CHC,2,Top,2,1,1B--,2,0,Ball,Strike,0.38125031541358784,1.5946843213829125,1.598,3.166,0.11751765471624576,1.410211856594949,0.706880753528983,0.4994455612373878,0.5270224875813063,0.027576926343918506,0.011300000000000001,0.016181350988879885,-0.016181350988879885,0,2,2,2026-05-05T01:08:46.408Z,Ball,Four-Seam Fastball
824376,f789677c-a434-31ce-99bf-7cacb1b5c8fe,2026-04-06,115,COL,Colorado Rockies,batting,hitter,664983,Jake McCarthy,664983,Jake McCarthy,675989,Cody Bolton,COL,HOU,2,Bot,2,3,1B2B-,1,0,Strike,Ball,-0.22910432071213888,3.527594945343676,1.629,3.229,0.17776161201034268,2.133139344124112,0.8634430020114783,0.3337685099645008,0.3542417160715509,0.020473206107050113,0.011300000000000001,0.016134352464600783,-0.016134352464600783,0,2,2,2026-04-07T01:11:50.075Z,Called Strike,Curveball
823319,e4ccc093-7af6-396d-99c4-c8d2d6ed5262,2026-04-09,135,SD,San Diego Padres,batting,hitter,665487,Fernando Tatis Jr.,665487,Fernando Tatis Jr.,675848,Juan Mejia,SD,COL,8,Bot,0,0,---,3,0,Strike,Ball,-0.5131126381799813,3.546825172532419,1.689,3.346,0.07999183919908592,0.9599020703890311,0.5695142119834864,0.6314029238614707,0.668131023306618,0.03672809944514732,0.011300000000000001,0.016052685208567598,-0.016052685208567598,0,2,2,2026-04-10T04:04:28.421Z,Called Strike,Four-Seam Fastball
823873,e328f730-e892-31c3-a456-b475bacdcfcb,2026-05-05,110,BAL,Baltimore Orioles,fielding,pitcher,605135,Chris Bassitt,669065,Kyle Stowers,605135,Chris Bassitt,MIA,BAL,3,Bot,0,0,---,2,0,Ball,Strike,0.5844088473984264,3.29023722767318,1.663,3.295,0.1255961056601529,1.5071532679218347,0.7329296647915436,0.6440803800533954,0.6700794037750617,0.025999023721666292,0.011300000000000001,0.016037560953372713,-0.016037560953372713,0,2,2,2026-05-05T23:36:17.290Z,Ball,Sinker
824608,57972540-3f00-3575-9ebc-969ea96a1eb0,2026-04-29,108,LAA,Los Angeles Angels,batting,hitter,545361,Mike Trout,545361,Mike Trout,607200,Erick Fedde,LAA,CWS,6,Top,0,0,---,2,2,Strike,Ball,0.9136588205929734,2.725184538724952,1.637,3.244,0.08449215392630671,1.0139058471156805,0.5870720573456268,0.46726003720522385,0.5025010320884917,0.03524099488326787,0.011300000000000001,0.01602291761703236,-0.01602291761703236,0,2,2,2026-04-29T18:36:52.868Z,Called Strike,Sinker
823388,25a30be2-db3e-3664-8096-fb4d1829b693,2026-05-02,113,CIN,Cincinnati Reds,fielding,pitcher,695076,Rhett Lowder,693304,Nick Gonzales,695076,Rhett Lowder,PIT,CIN,1,Bot,0,6,-2B3B,0,0,Ball,Strike,-0.6401873097115554,1.5057158673587623,1.54,3.051,0.0865492006920956,1.0385904083051472,0.5950271991914008,0.30606730976387575,0.3406439157400871,0.03457660597621137,0.011300000000000001,0.01599782836243253,-0.01599782836243253,0,2,2,2026-05-02T20:24:45.154Z,Ball,Sinker
823730,719d13bf-6980-3e08-9f03-ef93a24da416,2026-04-04,142,MIN,Minnesota Twins,fielding,pitcher,690953,Mick Abel,810938,Ben Williamson,690953,Mick Abel,TB,MIN,2,Top,0,3,1B2B-,0,0,Ball,Strike,0.6825904507367252,1.9453501532115718,1.63,3.23,0.14657621592994152,1.7589145911592983,0.7933469685698498,0.3918827149103572,0.41790803803660054,0.026025323126243338,0.022600000000000002,0.01597675269793456,-0.01597675269793456,1,1,2,2026-04-04T23:32:51.814Z,Ball,Slider
823732,b896a57a-4e23-338a-9c3d-262637013fba,2026-04-03,139,TB,Tampa Bay Rays,fielding,pitcher,685801,Hunter Bigge,665019,Kody Clemens,685801,Hunter Bigge,MIN,TB,6,Bot,2,7,1B2B3B,1,2,Ball,Strike,0.33204637045254926,1.5190945005415533,1.621,3.211,0.018927833874886613,0.22713400649863935,0.3324433783941331,0.40696694614492,0.4999999999999999,0.09303305385507987,0.022600000000000002,0.015841443077613492,-0.015841443077613492,1,1,2,2026-04-03T23:08:59.156Z,Ball,Four-Seam Fastball
823082,ad908ee8-36b7-38cc-be53-b6ce930653a9,2026-03-28,139,TB,Tampa Bay Rays,fielding,pitcher,671212,Joe Boyle,671056,Iván Herrera,671212,Joe Boyle,STL,TB,1,Bot,0,1,1B--,2,0,Ball,Strike,0.14503661106124038,1.56693996181186,1.602,3.173,0.08577329514519327,1.0292795417423193,0.5920321871379061,0.36673512767830135,0.40904488154475394,0.04230975386645258,0.022600000000000002,0.015828663548139076,-0.015828663548139076,1,1,2,2026-03-28T18:25:07.149Z,Ball,Four-Seam Fastball
824051,2acaf717-1b2d-337d-aecf-88c9d7521eaf,2026-04-07,108,LAA,Los Angeles Angels,fielding,pitcher,579328,Yusei Kikuchi,643289,Mauricio Dubón,579328,Yusei Kikuchi,ATL,LAA,4,Top,0,1,1B--,1,0,Ball,Strike,-0.7423210697465525,2.4353266028581357,1.6,3.171,0.08684559692011418,1.0421471630413701,0.5961694430825816,0.42883109916975776,0.46279432877169996,0.0339632296019422,0.011300000000000001,0.015684554383908905,-0.015684554383908905,0,2,2,2026-04-08T02:43:46.137Z,Ball,Splitter
822834,a4fc2fc3-7ce5-3316-9543-da42be416c9b,2026-03-30,115,COL,Colorado Rockies,batting,hitter,687859,Troy Johnston,687859,Troy Johnston,664074,Cody Ponce,COL,TOR,2,Top,1,2,-2B-,0,0,Strike,Ball,-0.9557793305517063,2.401672348788146,1.594,3.159,0.12661266388503956,1.5193519666204747,0.736101337767655,0.5046630919620126,0.5297855750292713,0.025122483067258616,0.011300000000000001,0.01551063851062883,-0.01551063851062883,0,2,2,2026-03-30T23:23:44.758Z,Called Strike,Curveball
823472,a1c5634f-fb1e-3b2f-9b7f-73be4c668f5c,2026-04-30,137,SF,San Francisco Giants,fielding,pitcher,657277,Logan Webb,665561,Rafael Marchán,657277,Logan Webb,PHI,SF,7,Bot,1,1,1B--,0,0,Ball,Strike,-0.6006471723273995,1.5577954138270336,1.542,3.056,0.13662874716036688,1.6395449659244026,0.7660356497781416,0.6192419398304511,0.6463853785997984,0.027143438769347328,0.022600000000000002,0.015505247439876182,-0.015505247439876182,1,1,2,2026-04-30T18:15:14.817Z,Ball,Changeup
823225,9e561d82-7084-3c8b-9b9b-b086c45f3387,2026-05-08,134,PIT,Pittsburgh Pirates,batting,hitter,664040,Brandon Lowe,664040,Brandon Lowe,668873,Caleb Kilian,PIT,SF,9,Top,1,7,1B2B3B,1,0,Strike,Ball,-0.8419447469369247,2.2103631091821807,1.559,3.088,0.012778080270257952,0.15333696324309543,0.3109780675026843,0.1271685889623777,0.2019950225380959,0.0748264335757182,0.011300000000000001,0.015483431874275146,-0.015483431874275146,0,2,2,2026-05-09T04:37:47.359Z,Called Strike,Knuckle Curve
823162,214968aa-84d9-3fbc-a8a5-3361f65e8e8a,2026-03-27,114,CLE,Cleveland Guardians,fielding,pitcher,668909,Gavin Williams,668227,Randy Arozarena,668909,Gavin Williams,SEA,CLE,2,Bot,0,0,---,3,0,Ball,Strike,0.7117114866530936,2.873271521153185,1.579,3.128,0.11745518001357313,1.4094621601628776,0.7066735942183285,0.5184823803410585,0.5450340022444813,0.02655162190342275,0.011300000000000001,0.015448741697484964,-0.015448741697484964,0,2,2,2026-03-28T02:11:42.486Z,Ball,Four-Seam Fastball
824529,03d31d98-4231-3ce8-936c-8114295c7d20,2026-04-24,113,CIN,Cincinnati Reds,batting,hitter,663993,Nathaniel Lowe,663993,Nathaniel Lowe,640448,Kyle Finnegan,CIN,DET,6,Bot,1,0,---,2,0,Strike,Ball,-0.5207518454056705,3.595130258301839,1.699,3.367,0.10729692496850607,1.2875630996220728,0.6718911200947479,0.13872492541263884,0.16720951051554084,0.028484585102902,0.011300000000000001,0.015430909447293646,-0.015430909447293646,0,2,2,2026-04-25T00:57:36.549Z,Called Strike,Four-Seam Fastball
824455,c16133eb-de28-3565-b968-723dfe8eb2e6,2026-04-08,114,CLE,Cleveland Guardians,batting,hitter,595978,Austin Hedges,595978,Austin Hedges,679883,Luinder Avila,CLE,KC,2,Bot,0,0,---,3,2,Strike,Ball,0.9323529849773492,1.8871212162004591,1.618,3.207,0.10318631831068248,1.2382358197281897,0.6572315156631715,0.8118571868334976,0.8412023973309564,0.02934521049745875,0.011300000000000001,0.015413313299693462,-0.015413313299693462,0,2,2,2026-04-08T17:42:14.092Z,Called Strike,Sinker
824617,e39bd655-cb5e-36c5-9ce5-cbf7734e3d5f,2026-04-08,145,CWS,Chicago White Sox,batting,hitter,671976,Tristan Peters,671976,Tristan Peters,680694,Kyle Bradish,CWS,BAL,5,Bot,0,0,---,3,0,Strike,Ball,-0.061164378288089,3.423817387378513,1.614,3.197,0.10598405404517974,1.271808648542157,0.6672436796732546,0.5827677904696702,0.6114695124900845,0.028701722020414322,0.011300000000000001,0.015390896194167909,-0.015390896194167909,0,2,2,2026-04-08T19:33:47.056Z,Called Strike,Four-Seam Fastball
824775,908696c6-7b64-3b17-bb70-75a728ec43a3,2026-04-18,116,DET,Detroit Tigers,fielding,pitcher,445276,Kenley Jansen,596115,Trevor Story,445276,Kenley Jansen,BOS,DET,9,Bot,0,1,1B--,0,0,Ball,Strike,0.5459017444329093,1.673254943221337,1.636,3.242,0.1580882765546705,1.897059318656046,0.8219203286948001,0.8989578052133719,0.9200359514888352,0.02107814627546334,0.011300000000000001,0.015312256629257146,-0.015312256629257146,0,2,2,2026-04-18T22:40:12.315Z,Ball,Cutter
823070,fa38a321-8152-3886-a1e9-312288f93539,2026-04-25,138,STL,St. Louis Cardinals,batting,hitter,701675,Nathan Church,701675,Nathan Church,681867,Cooper Criswell,STL,SEA,7,Bot,1,1,1B--,0,0,Strike,Ball,0.9870424459196823,2.917225645585489,1.571,3.113,0.15787577925301555,1.8945093510361866,0.8214221413936086,0.579216632530508,0.6002213478641439,0.021004715333635904,0.011300000000000001,0.015235808446466147,-0.015235808446466147,0,2,2,2026-04-25T20:27:11.592Z,Called Strike,Sweeper
823402,2d572736-2be5-3260-b916-8a26889cd486,2026-04-07,135,SD,San Diego Padres,fielding,pitcher,601713,Nick Pivetta,656811,Ryan O'Hearn,601713,Nick Pivetta,PIT,SD,4,Bot,2,0,---,3,2,Ball,Strike,-0.12070902002207437,1.6715867403099127,1.66,3.289,0.13242007364324615,1.5890408837189538,0.7537514311137202,0.47244330800580325,0.49999999999999983,0.02755669199419658,0.022600000000000002,0.015205678370555746,-0.015205678370555746,1,1,2,2026-04-07T23:38:59.208Z,Ball,Four-Seam Fastball
822826,a18ddd4f-60d6-3251-bea2-55dc44a0ee64,2026-04-25,141,TOR,Toronto Blue Jays,fielding,pitcher,592332,Kevin Gausman,671655,George Valera,592332,Kevin Gausman,CLE,TOR,2,Top,1,0,---,1,2,Ball,Strike,-0.3879305752584199,1.6589890135072125,1.585,3.14,0.1948223468405459,2.3378681620865507,0.8925596512597241,0.5222177568705623,0.5405512344005149,0.018333477529952624,0.011300000000000001,0.015149646369747385,-0.015149646369747385,0,2,2,2026-04-25T19:23:32.514Z,Ball,Splitter
824200,383d8667-b191-3bac-95e2-2468f77e7813,2026-05-05,119,LAD,Los Angeles Dodgers,batting,hitter,669289,Santiago Espinal,669289,Santiago Espinal,687911,Bryan King,LAD,HOU,9,Top,1,1,1B--,0,1,Strike,Ball,-0.06906507876236415,3.624765849831052,1.559,3.089,0.4149325164977191,4.979190197972629,0.9964558986906148,0.1476287996384943,0.1628646961561718,0.01523589651767751,0.011300000000000001,0.015141850612083499,-0.015141850612083499,0,2,2,2026-05-06T02:21:50.566Z,Called Strike,Four-Seam Fastball
824783,bd0178e8-6537-3ea8-8467-7be814807ba7,2026-04-06,158,MIL,Milwaukee Brewers,batting,hitter,641343,Jake Bauers,641343,Jake Bauers,678394,Brayan Bello,MIL,BOS,3,Top,1,3,1B2B-,0,0,Strike,Ball,-0.2210709931254262,3.5110072701150186,1.624,3.217,0.17317393678168536,2.0780872413802243,0.8545550163035837,0.43005632315951997,0.4515613541949781,0.021505031035458144,0.022600000000000002,0.015090175515576,-0.015090175515576,1,1,2,2026-04-06T23:35:20.153Z,Called Strike,Cutter
823485,d984b548-08d0-3232-b09f-650b7b2d41aa,2026-03-31,143,PHI,Philadelphia Phillies,fielding,pitcher,691725,Andrew Painter,683083,Nasim Nuñez,691725,Andrew Painter,WSH,PHI,5,Top,1,1,1B--,1,0,Ball,Strike,-0.14876451313569533,1.5277299153181403,1.537,3.045,0.11156324865147371,1.3387589838176845,0.6867593034596768,0.7247579845925103,0.7517588216004534,0.02700083700794309,0.011300000000000001,0.01500345614549761,-0.01500345614549761,0,2,2,2026-03-31T23:44:33.444Z,Ball,Four-Seam Fastball
822984,5bc9df83-55a6-317b-98c2-648ba3242a72,2026-05-04,139,TB,Tampa Bay Rays,batting,hitter,676356,Jonny DeLuca,676356,Jonny DeLuca,693686,Spencer Miles,TB,TOR,6,Bot,1,1,1B--,2,2,Strike,Ball,-0.145881854705888,3.354332274639209,1.581,3.133,0.10049894130587589,1.2059872956705107,0.6474805738330361,0.8307503576500048,0.8600643713529216,0.029314013702916752,0.011300000000000001,0.014996784898027332,-0.014996784898027332,0,2,2,2026-05-05T00:11:02.020Z,Called Strike,Sinker
823319,f334f409-8c19-3237-9886-ef219bccc4f2,2026-04-09,135,SD,San Diego Padres,fielding,pitcher,670970,Adrian Morejon,687859,Troy Johnston,670970,Adrian Morejon,COL,SD,8,Top,2,1,1B--,0,1,Ball,Strike,-0.5282020554650801,2.9687377013102525,1.594,3.159,0.3009646112015866,3.611575334419039,0.9784466241241925,0.5598647572464807,0.5754205508836815,0.015555793637200832,0.011300000000000001,0.014976960622495122,-0.014976960622495122,0,2,2,2026-04-10T03:59:04.071Z,Ball,Sinker
824283,474e06fd-d35f-3a6d-a445-d152fbf9f0f7,2026-05-04,111,BOS,Boston Red Sox,fielding,pitcher,801139,Payton Tolle,663330,Jahmai Jones,801139,Payton Tolle,DET,BOS,6,Bot,1,1,1B--,1,0,Ball,Strike,0.5615779576246348,1.555807326692452,1.584,3.138,0.0926406600257852,1.1116879203094223,0.6182791708209683,0.3956647844449975,0.42680978009384757,0.031144995648850093,0.011300000000000001,0.014942856715270644,-0.014942856715270644,0,2,2,2026-05-04T23:40:07.082Z,Ball,Sinker
823796,9faeff5f-b5a1-3f37-a7f0-947e2d155ab9,2026-04-29,109,AZ,Arizona Diamondbacks,fielding,pitcher,656464,Kevin Ginkel,686217,Sal Frelick,656464,Kevin Ginkel,MIL,AZ,6,Bot,0,0,---,1,1,Ball,Strike,0.15368709141767364,1.6157503931239228,1.546,3.063,0.19058372645725608,2.287004717487073,0.8858808743221249,0.7362806615776071,0.7546021316967887,0.018321470119181615,0.011300000000000001,0.014941093847887308,-0.014941093847887308,0,2,2,2026-04-30T01:33:10.631Z,Ball,Slider
823226,60b6434e-7ef6-32a3-ba56-e97478b438e3,2026-05-06,137,SF,San Francisco Giants,fielding,pitcher,676775,Keaton Winn,592206,Nick Castellanos,676775,Keaton Winn,SD,SF,7,Top,0,3,1B2B-,0,1,Ball,Strike,-0.4946791094589289,1.6536109756284303,1.68,3.33,0.0944443089617637,1.1333317075411644,0.6250664006844385,0.35459177238369516,0.3852404458738013,0.030648673490106138,0.011300000000000001,0.014920706351947366,-0.014920706351947366,0,2,2,2026-05-06T21:10:04.525Z,Ball,Splitter
824214,06b67716-d23e-3da2-9088-d576c2c5d499,2026-03-30,117,HOU,Houston Astros,fielding,pitcher,621121,Lance McCullers Jr.,702332,Caleb Durbin,621121,Lance McCullers Jr.,BOS,HOU,5,Top,1,1,1B--,1,0,Ball,Strike,0.6698840999685396,1.8278135134465443,1.487,2.947,0.15928256669812713,1.9113908003775255,0.8247000253370192,0.8167483536542517,0.8371878169332815,0.02043946327902979,0.011300000000000001,0.014875536170399262,-0.014875536170399262,0,2,2,2026-03-31T01:15:51.497Z,Ball,Sinker
824540,d4e4cbeb-598a-3849-9703-220585b75812,2026-03-28,113,CIN,Cincinnati Reds,batting,hitter,624431,Jose Trevino,624431,Jose Trevino,669711,Greg Weissert,CIN,BOS,5,Bot,2,7,1B2B3B,2,2,Strike,Ball,0.6140917468757422,3.241316347020974,1.545,3.061,0.05948301368764097,0.7137961642516917,0.48793439756312806,0.7811683597914196,0.8234383510274262,0.04226999123600661,0.011300000000000001,0.014838641401202935,-0.014838641401202935,0,2,2,2026-03-28T21:50:01.142Z,Called Strike,Four-Seam Fastball
824932,ead9d673-12dc-31bc-8eb8-6701dfb4d026,2026-04-24,143,PHI,Philadelphia Phillies,fielding,pitcher,691725,Andrew Painter,660670,Ronald Acuña Jr.,691725,Andrew Painter,ATL,PHI,3,Bot,0,1,1B--,0,1,Ball,Strike,0.49702012658054734,1.7252059947565763,1.615,3.201,0.23103932808990968,2.772471937078916,0.9368274504180848,0.6365768035919387,0.6539385790033625,0.017361775411423808,0.022600000000000002,0.014837288172864277,-0.014837288172864277,1,1,2,2026-04-25T00:00:16.448Z,Ball,Sinker
822746,713022e2-53e3-3b50-a95c-aef802cefe7a,2026-05-02,158,MIL,Milwaukee Brewers,fielding,pitcher,682842,Abner Uribe,677588,José Tena,682842,Abner Uribe,WSH,MIL,9,Bot,0,3,1B2B-,0,0,Ball,Strike,0.7973480156999037,1.6323242428670126,1.585,3.14,0.03181865096676306,0.38182381160115675,0.3796812003921024,0.7818520341304618,0.8392722113883185,0.05742017725785675,0.011300000000000001,0.014791759392421108,-0.014791759392421108,0,2,2,2026-05-02T22:40:58.888Z,Ball,Sinker
822835,a9ffc26e-7c4e-30ab-b2b4-8347ce383ad8,2026-04-01,115,COL,Colorado Rockies,fielding,pitcher,607536,Kyle Freeland,543807,George Springer,607536,Kyle Freeland,TOR,COL,3,Bot,1,1,1B--,2,2,Ball,Strike,-0.7027939838524948,1.5820482648984393,1.649,3.267,0.05388159823177263,0.6465791787812716,0.4655809151954127,0.4170824325883961,0.4747672392344919,0.057684806646095765,0.022600000000000002,0.014779073754576018,-0.014779073754576018,1,1,2,2026-04-01T17:48:51.286Z,Ball,Sweeper
824779,f42a29d4-9762-3e13-ab27-4d9d5da20da9,2026-04-08,158,MIL,Milwaukee Brewers,fielding,pitcher,675660,Shane Drohan,655316,Andruw Monasterio,675660,Shane Drohan,BOS,MIL,1,Bot,1,0,---,2,0,Ball,Strike,-0.6691294686329597,2.6714507812544586,1.589,3.148,0.16003719803370697,1.9204463764044837,0.8264387392037079,0.44888937188363115,0.4690662004489106,0.02017682856527947,0.011300000000000001,0.014713670513620825,-0.014713670513620825,0,2,2,2026-04-08T17:45:25.915Z,Ball,Four-Seam Fastball
824205,0b38e27c-318b-3431-9267-36701325894c,2026-04-19,138,STL,St. Louis Cardinals,fielding,pitcher,669461,Matthew Liberatore,694376,Shay Whitcomb,669461,Matthew Liberatore,HOU,STL,3,Bot,0,0,---,2,2,Ball,Strike,0.4142173110115644,1.6217814796994212,1.63,3.23,0.11261481303275467,1.351377756393056,0.690367297865988,0.4432463209568572,0.4694822622292431,0.026235941272385932,0.011300000000000001,0.014613586349073494,-0.014613586349073494,0,2,2,2026-04-19T18:43:05.414Z,Ball,Changeup
824618,a263314e-cd23-33e6-b419-809e065e731a,2026-04-07,145,CWS,Chicago White Sox,batting,hitter,672820,Lenyn Sosa,672820,Lenyn Sosa,669432,Trevor Rogers,CWS,BAL,5,Bot,2,7,1B2B3B,0,1,Strike,Ball,0.20170232302124358,3.476359290970842,1.591,3.153,0.2025259576375089,2.430311491650107,0.9038205678672706,0.6992119174808179,0.717717114950356,0.01850519746953805,0.022600000000000002,0.014551722919214175,-0.014551722919214175,1,1,2,2026-04-07T21:01:03.486Z,Called Strike,Four-Seam Fastball
822749,b3ed825b-35c3-3334-ac3e-e982549bd35a,2026-04-20,120,WSH,Washington Nationals,batting,hitter,695734,Daylen Lile,695734,Daylen Lile,693821,Bryce Elder,WSH,ATL,1,Bot,2,3,1B2B-,1,0,Strike,Ball,-0.6118446404934481,3.496966335655817,1.605,3.181,0.19513300232248376,2.341596027869805,0.8930353765024459,0.542757422973873,0.5604015309702012,0.017644107996328207,0.011300000000000001,0.014548112382028416,-0.014548112382028416,0,2,2,2026-04-20T22:58:12.149Z,Called Strike,Cutter
823559,da46cd5f-dd2f-34ea-af2f-328a1187c095,2026-04-17,118,KC,Kansas City Royals,batting,hitter,657041,Lane Thomas,657041,Lane Thomas,670280,David Bednar,KC,NYY,9,Top,0,1,1B--,0,1,Strike,Ball,0.00878710460074795,3.3749879153516473,1.588,3.146,0.1081545820183143,1.2978549842197715,0.6749091291122906,0.11709457942786144,0.14408032913771146,0.026985749709850015,0.011300000000000001,0.014539401994086008,-0.014539401994086008,0,2,2,2026-04-18T01:39:40.613Z,Called Strike,Curveball
823078,1cc2b779-81de-398e-a045-a792f5184361,2026-04-01,121,NYM,New York Mets,batting,hitter,683146,Brett Baty,683146,Brett Baty,700669,Gordon Graceffo,NYM,STL,11,Top,1,7,1B2B3B,0,0,Strike,Ball,-0.3023260797263943,3.521851666860044,1.68,3.328,0.07301833352671094,0.8762200023205313,0.5419743122041614,0.7998579624622317,0.8457783487863754,0.045920386324143636,0.022600000000000002,0.014536289249991171,-0.014536289249991171,0,1,1,2026-04-01T21:19:43.099Z,Called Strike,Four-Seam Fastball
824529,7ad00f0f-042f-371b-abaa-388579dae09d,2026-04-24,116,DET,Detroit Tigers,fielding,pitcher,676684,Will Vest,667472,Dane Myers,676684,Will Vest,CIN,DET,7,Bot,0,0,---,1,0,Ball,Strike,0.5536964159208875,1.624106871699634,1.622,3.214,0.12294020503296732,1.4752824603956078,0.7245297687788905,0.7609373658308872,0.7852226141280944,0.02428524829720713,0.011300000000000001,0.01448257172071489,-0.01448257172071489,0,2,2,2026-04-25T03:04:35.288Z,Ball,Four-Seam Fastball
824694,1489c1d7-cb21-387d-9542-bcb6922f87c9,2026-04-18,121,NYM,New York Mets,batting,hitter,669004,MJ Melendez,669004,MJ Melendez,592791,Jameson Taillon,NYM,CHC,3,Top,1,1,1B--,2,1,Strike,Ball,-0.9247043183081547,3.325804219248808,1.629,3.229,0.09553765164148798,1.1464518196978557,0.6291570911373268,0.500665459518314,0.5303221008318163,0.02965664131350232,0.011300000000000001,0.014468161311557981,-0.014468161311557981,0,2,2,2026-04-18T19:07:37.200Z,Called Strike,Four-Seam Fastball
824621,041216b3-5480-30b4-a33e-3c37b6efd7c8,2026-04-03,145,CWS,Chicago White Sox,fielding,pitcher,680732,Sean Burke,672386,Alejandro Kirk,680732,Sean Burke,TOR,CWS,7,Top,0,0,---,1,1,Ball,Strike,0.3702499404760163,1.6058715701873874,1.519,3.01,0.2077049035207208,2.4924588422486496,0.9107866883323701,0.8101830534756146,0.8282739284874384,0.018090875011823826,0.022600000000000002,0.014460707297365412,-0.014460707297365412,1,1,2,2026-04-03T19:57:35.402Z,Ball,Sinker
824783,1e4c3721-f55e-3e44-963e-ef2db9c70d80,2026-04-06,111,BOS,Boston Red Sox,fielding,pitcher,678394,Brayan Bello,592885,Christian Yelich,678394,Brayan Bello,MIL,BOS,3,Top,0,1,1B--,2,2,Ball,Strike,-0.7880147237195693,2.8477557925035533,1.7,3.368,0.04115194294709745,0.49382331536516944,0.41542841978761136,0.5598887128361966,0.6105913363409765,0.05070262350477994,0.011300000000000001,0.014457651905276939,-0.014457651905276939,0,2,2,2026-04-06T23:30:18.803Z,Ball,Cutter
824689,c55501ba-919f-32af-85bc-8cb14b71b832,2026-04-23,112,CHC,Chicago Cubs,fielding,pitcher,665795,Edward Cabrera,607208,Trea Turner,665795,Edward Cabrera,PHI,CHC,1,Top,0,0,---,1,2,Ball,Strike,-0.6514334003521122,3.1470872781737285,1.637,3.245,0.17773326631455455,2.1327991957746546,0.8633895177105367,0.502912061664889,0.521443117536349,0.018531055871459978,0.011300000000000001,0.014455820941655904,-0.014455820941655904,0,2,2,2026-04-23T18:20:22.676Z,Ball,Curveball
823801,851928ca-6ec6-3ed8-a8f5-9f765b174ee6,2026-04-16,158,MIL,Milwaukee Brewers,fielding,pitcher,687075,Brandon Sproat,676914,Davis Schneider,687075,Brandon Sproat,TOR,MIL,1,Top,0,0,---,2,2,Ball,Strike,-0.6997496582091812,3.016471912086046,1.537,3.045,0.1294170084574855,1.553004101489826,0.7447247163644218,0.49818101187545205,0.521443117536349,0.023262105660896926,0.011300000000000001,0.014439254335268641,-0.014439254335268641,0,2,2,2026-04-16T17:41:29.994Z,Ball,Sweeper
824540,269bdb15-06e7-31ad-ae42-ff50faa27175,2026-03-28,113,CIN,Cincinnati Reds,batting,hitter,624431,Jose Trevino,624431,Jose Trevino,543243,Sonny Gray,CIN,BOS,2,Bot,0,0,---,2,2,Strike,Ball,1.049694024177457,3.030466636296166,1.545,3.061,0.22052735751079033,2.646328290129484,0.9261115193350146,0.7335421761403321,0.7499642424022599,0.01642206626192777,0.011300000000000001,0.014373724904939874,-0.014373724904939874,0,2,2,2026-03-28T20:45:48.114Z,Called Strike,Sinker
824689,696f5a39-e30a-3aa1-9462-8aa33cad143b,2026-04-23,143,PHI,Philadelphia Phillies,fielding,pitcher,650911,Cristopher Sánchez,621020,Dansby Swanson,650911,Cristopher Sánchez,CHC,PHI,2,Bot,0,5,1B-3B,0,2,Ball,Strike,-0.5884532282511525,1.7010027467036313,1.624,3.218,0.1978360800369645,2.374032960443574,0.8970970076689416,0.48201312431467225,0.4993093588578839,0.017296234543211664,0.011300000000000001,0.014353596439314407,-0.014353596439314407,0,2,2,2026-04-23T18:44:22.700Z,Ball,Changeup
825099,5108e7fc-02c9-3030-b274-4e0bb5a3bde8,2026-04-21,109,AZ,Arizona Diamondbacks,batting,hitter,680728,Adrian Del Castillo,680728,Adrian Del Castillo,680732,Sean Burke,AZ,CWS,1,Bot,1,3,1B2B-,0,0,Strike,Ball,-0.6979103257533336,3.401689283447863,1.56,3.091,0.18985595011452983,2.278271401374358,0.8846983704066218,0.22361289448695038,0.24128388256356886,0.017670988076618488,0.011300000000000001,0.014330585940454046,-0.014330585940454046,0,2,2,2026-04-22T02:04:36.240Z,Called Strike,Four-Seam Fastball
824609,bd016e80-c870-3174-87ff-f6bad19174c6,2026-04-27,145,CWS,Chicago White Sox,fielding,pitcher,641743,Anthony Kay,669326,Bryce Teodosio,641743,Anthony Kay,LAA,CWS,4,Top,0,1,1B--,2,2,Ball,Strike,-0.6992584348486851,2.140860096881214,1.674,3.317,0.1299082318179816,1.5588987818157793,0.7462160223628077,0.1596326875835902,0.18262756375826036,0.022994876174670165,0.011300000000000001,0.014291386086487392,-0.014291386086487392,0,2,2,2026-04-28T03:35:21.590Z,Ball,Four-Seam Fastball
825024,99af14aa-f76c-3c0e-a447-715f48e534b8,2026-04-13,140,TEX,Texas Rangers,fielding,pitcher,543135,Nathan Eovaldi,666126,Carlos Cortes,543135,Nathan Eovaldi,ATH,TEX,3,Bot,0,1,1B--,1,0,Ball,Strike,0.3957633385851235,1.4935815272558166,1.509,2.99,0.10541486058915006,1.2649783270698007,0.6652185649242408,0.7824058964978757,0.8095605115252846,0.0271546150274089,0.011300000000000001,0.014280723823247094,-0.014280723823247094,0,2,2,2026-04-14T02:23:31.372Z,Ball,Splitter
824859,d60ff16b-58a2-31be-b1bf-76eb4121a68a,2026-04-12,110,BAL,Baltimore Orioles,batting,hitter,621493,Taylor Ward,621493,Taylor Ward,605288,Adrian Houser,BAL,SF,3,Bot,1,1,1B--,2,0,Strike,Ball,-0.0904561057730388,3.4807804231954687,1.61,3.19,0.16994708986213558,2.039365078345627,0.8480197616474376,0.7716838273087673,0.7905100517489868,0.01882622444021953,0.011300000000000001,0.014247633669132176,-0.014247633669132176,0,2,2,2026-04-12T18:19:41.134Z,Called Strike,Four-Seam Fastball
822992,ae77b875-4da4-30d5-a02e-879025b854ef,2026-04-24,142,MIN,Minnesota Twins,batting,hitter,621439,Byron Buxton,621439,Byron Buxton,656876,Drew Rasmussen,MIN,TB,5,Top,1,1,1B--,0,0,Strike,Ball,-1.0650847449271919,2.6317647374014643,1.644,3.258,0.23591807826052513,2.8310169391263016,0.9412926551911227,0.24276113220355136,0.258573877315245,0.015812745111693643,0.011300000000000001,0.014221027835706243,-0.014221027835706243,0,2,2,2026-04-25T00:18:24.162Z,Called Strike,Sinker
824940,2e8ebd51-1d3d-31c0-a682-7aaa18044cf2,2026-04-01,144,ATL,Atlanta Braves,batting,hitter,643289,Mauricio Dubón,643289,Mauricio Dubón,622663,Luis Severino,ATL,ATH,2,Bot,1,7,1B2B3B,0,0,Strike,Ball,0.1639018900105778,3.470934991963787,1.6,3.171,0.1791016586304539,2.149219903565447,0.8659514199604847,0.6301067584024498,0.6482762534967753,0.018169495094325527,0.011300000000000001,0.01421915112244973,-0.01421915112244973,0,2,2,2026-04-01T16:51:16.149Z,Called Strike,Cutter
823959,3978d599-c477-3387-a5f4-042a241cdc2e,2026-04-26,119,LAD,Los Angeles Dodgers,fielding,pitcher,680736,Justin Wrobleski,691718,Pete Crow-Armstrong,680736,Justin Wrobleski,CHC,LAD,2,Top,1,3,1B2B-,0,0,Ball,Strike,-0.05052824089637373,1.6581095165570938,1.616,3.202,0.16294284989042707,1.9553141986851248,0.8330063668043137,0.7266547359807332,0.7459075089189915,0.019252772938258333,0.011300000000000001,0.01415065438109573,-0.01415065438109573,0,2,2,2026-04-26T20:43:00.919Z,Ball,Sinker
824047,a39deb42-e198-3eb6-949c-63cec394c0fe,2026-04-19,108,LAA,Los Angeles Angels,batting,hitter,681351,Logan O'Hoppe,681351,Logan O'Hoppe,695243,Mason Miller,LAA,SD,9,Bot,2,0,---,1,0,Strike,Ball,0.3002636879255163,3.660938900254429,1.661,3.291,0.24910556692109598,2.9892668030531517,0.9519234033692637,0.04495023623159384,0.06037453679329594,0.015424300561702103,0.011300000000000001,0.014139487143358593,-0.014139487143358593,0,2,2,2026-04-19T22:58:51.192Z,Called Strike,Slider
824136,c32fe54a-d688-39e5-aa1c-d8f59c891612,2026-04-01,142,MIN,Minnesota Twins,fielding,pitcher,657746,Joe Ryan,672580,Maikel Garcia,657746,Joe Ryan,KC,MIN,2,Bot,2,5,1B-3B,0,2,Ball,Strike,0.6499345807668838,1.7969249057684054,1.646,3.262,0.1792320858997829,2.150785030797395,0.8661934740574722,0.26614285427913,0.2859416549968328,0.01979880071770279,0.022600000000000002,0.014125564489537425,-0.014125564489537425,1,1,2,2026-04-02T00:13:46.519Z,Ball,Four-Seam Fastball
823398,59aaf721-7d26-39b0-9554-490a60446ff5,2026-04-14,134,PIT,Pittsburgh Pirates,batting,hitter,542303,Marcell Ozuna,542303,Marcell Ozuna,571945,Miles Mikolas,PIT,WSH,4,Bot,1,3,1B2B-,0,0,Strike,Ball,-0.06104232793512451,3.527688004637822,1.643,3.256,0.15085467130448915,1.8102560556538698,0.8043448998193342,0.17453377377612178,0.19476711957704418,0.020233345800922398,0.011300000000000001,0.014063685869211348,-0.014063685869211348,0,2,2,2026-04-15T00:17:13.841Z,Called Strike,Sweeper
824939,8175aa21-8785-385d-af35-f568eee4e617,2026-04-11,114,CLE,Cleveland Guardians,batting,hitter,677587,Brayan Rocchio,677587,Brayan Rocchio,527048,Martín Pérez,CLE,ATL,2,Top,2,3,1B2B-,2,0,Strike,Ball,0.024084571945210773,3.26615679167252,1.548,3.068,0.07732345833918686,0.9278815000702423,0.5590174376258656,0.5989493471370116,0.6329470971650356,0.033997750028023965,0.011300000000000001,0.014022232150882942,-0.014022232150882942,0,2,2,2026-04-11T23:38:34.493Z,Called Strike,Sinker
823145,8886da62-9999-3866-9741-5ae3d8e52c0f,2026-05-03,118,KC,Kansas City Royals,fielding,pitcher,663460,Kris Bubic,656582,Connor Joe,663460,Kris Bubic,SEA,KC,2,Bot,2,1,1B--,3,2,Ball,Strike,0.6079919325302802,3.2455762115926827,1.602,3.173,0.048257121740650444,0.5790854608878053,0.443273767219012,0.45429887242547606,0.4999999999999997,0.04570112757452366,0.011300000000000001,0.013967104555690606,-0.013967104555690606,0,2,2,2026-05-03T20:35:44.076Z,Ball,Slider
823403,f6c22804-4c87-3547-8dff-9a47347fc74e,2026-04-08,135,SD,San Diego Padres,fielding,pitcher,650633,Michael King,687462,Spencer Horwitz,650633,Michael King,PIT,SD,2,Bot,1,2,-2B-,1,0,Ball,Strike,0.5487322160941928,1.6821457036935776,1.581,3.133,0.22197903702691102,2.6637484443229322,0.9276852638770372,0.4205886054445954,0.4365066195260771,0.01591801408148169,0.011300000000000001,0.013949750575388256,-0.013949750575388256,0,2,2,2026-04-08T17:00:58.544Z,Ball,Changeup
823805,3d932cda-acb1-38b9-8fe4-6dc50446f830,2026-04-11,158,MIL,Milwaukee Brewers,batting,hitter,661388,William Contreras,661388,William Contreras,656492,Foster Griffin,MIL,WSH,4,Bot,1,0,---,2,0,Strike,Ball,0.9474092474048768,2.2086049971805037,1.581,3.133,0.11824258073821003,1.4189109688585204,0.7092782525313182,0.5390016526418355,0.5632461415349171,0.024244488893081617,0.011300000000000001,0.013910932969203774,-0.013910932969203774,0,2,2,2026-04-12T00:10:16.683Z,Called Strike,Cutter
823972,6cf04d7f-8e51-3e64-b1e5-5e51b854d501,2026-03-30,119,LAD,Los Angeles Dodgers,batting,hitter,500743,Miguel Rojas,500743,Miguel Rojas,800048,Parker Messick,LAD,CLE,3,Bot,0,0,---,1,0,Strike,Ball,0.23115691213511447,3.4887576360978567,1.585,3.141,0.22692430276452358,2.723091633174283,0.9328170027221815,0.4325980062170179,0.44830746330856625,0.015709457091548362,0.011300000000000001,0.013894880809291512,-0.013894880809291512,0,2,2,2026-03-31T02:49:01.344Z,Called Strike,Slider
824864,07cfa430-e4d7-3b27-b4a5-e46755f09025,2026-03-29,110,BAL,Baltimore Orioles,fielding,pitcher,682274,Yaramil Hiraldo,807712,Luke Keaschall,682274,Yaramil Hiraldo,MIN,BAL,7,Top,2,3,1B2B-,1,0,Ball,Strike,0.20549469320317668,1.6161915534760674,1.622,3.214,0.1150248868094006,1.3802986417128071,0.6985490725697656,0.4820376571419614,0.5115827197666171,0.02954506262465567,0.022600000000000002,0.013825885135545566,-0.013825885135545566,1,1,2,2026-03-29T19:42:27.890Z,Ball,Four-Seam Fastball
824363,aa291d39-e060-30e4-b734-1a80d131cab3,2026-05-04,115,COL,Colorado Rockies,batting,hitter,691720,Kyle Karros,691720,Kyle Karros,656849,David Peterson,COL,NYM,5,Bot,1,0,---,1,2,Strike,Ball,0.9490073529411831,2.066057935349242,1.732,3.432,0.11984068627451638,1.4380882352941966,0.7145224408149584,0.514054028697726,0.5378959588963583,0.023841930198632344,0.011300000000000001,0.01380969774047568,-0.01380969774047568,0,2,2,2026-05-04T22:41:57.302Z,Called Strike,Four-Seam Fastball
823309,3754d14f-ccd1-3725-9290-a16209be9ece,2026-05-01,145,CWS,Chicago White Sox,fielding,pitcher,702273,Noah Schultz,592518,Manny Machado,702273,Noah Schultz,SD,CWS,1,Bot,2,1,1B--,2,0,Ball,Strike,0.7203770588736931,2.824825237340264,1.672,3.314,0.10878960779297364,1.3054752935156837,0.6771344188325366,0.4518166958097773,0.4775713738903385,0.0257546780805612,0.011300000000000001,0.013790997907107538,-0.013790997907107538,0,2,2,2026-05-02T01:59:00.211Z,Ball,Changeup
823388,6ccd3067-33fb-39f3-bf32-f7de49ccf671,2026-05-02,113,CIN,Cincinnati Reds,fielding,pitcher,683175,Connor Phillips,542303,Marcell Ozuna,683175,Connor Phillips,PIT,CIN,2,Bot,1,7,1B2B3B,2,2,Ball,Strike,0.7157581966715444,1.5922360890595528,1.643,3.256,0.07006942239288616,0.8408330687146339,0.5302407348107725,0.1366418579924039,0.17253595495233334,0.035894096959929456,0.011300000000000001,0.013724232650763838,-0.013724232650763838,0,2,2,2026-05-02T20:57:52.961Z,Ball,Four-Seam Fastball
823149,6a1a4396-2840-3c67-95cb-ba7d9e3eb7a3,2026-04-20,136,SEA,Seattle Mariners,batting,hitter,608701,Rob Refsnyder,608701,Rob Refsnyder,663687,Hogan Harris,SEA,ATH,6,Bot,1,0,---,1,1,Strike,Ball,-0.28214912787556073,3.528142299308042,1.608,3.187,0.22030896597470884,2.643707591696506,0.9258720540910284,0.5339725497638358,0.5494393762237356,0.01546682645989983,0.011300000000000001,0.013482656595925544,-0.013482656595925544,0,2,2,2026-04-21T03:30:57.758Z,Called Strike,Changeup
824695,35a68f8f-9701-3464-8299-f71bcdd59d61,2026-04-10,112,CHC,Chicago Cubs,fielding,pitcher,684007,Shota Imanaga,665833,Oneil Cruz,684007,Shota Imanaga,PIT,CHC,2,Top,2,0,---,3,2,Ball,Strike,-0.7091693577962411,3.26720619028927,1.774,3.516,0.11999730887042559,1.439967706445107,0.7150333322405528,0.5276046706590081,0.5509120907247675,0.023307420065759477,0.011300000000000001,0.013445458889868566,-0.013445458889868566,0,2,2,2026-04-10T18:39:04.947Z,Ball,Four-Seam Fastball
824767,c583789e-ec33-3e30-ba03-1abaa463610a,2026-05-07,111,BOS,Boston Red Sox,fielding,pitcher,687562,Jake Bennett,676356,Jonny DeLuca,687562,Jake Bennett,TB,BOS,2,Top,1,0,---,2,0,Ball,Strike,-0.6982896014464517,2.847164070861626,1.581,3.133,0.13087706522021503,1.5705247826425803,0.7491404089679575,0.49628751691265083,0.5179783709027427,0.021690853990091852,0.011300000000000001,0.013414781850339584,-0.013414781850339584,0,2,2,2026-05-07T23:25:46.418Z,Ball,Four-Seam Fastball
823324,ff7b9a89-3841-3b09-95d4-8b534b5e681a,2026-03-27,135,SD,San Diego Padres,fielding,pitcher,650633,Michael King,678009,Parker Meadows,650633,Michael King,DET,SD,5,Top,0,3,1B2B-,1,2,Ball,Strike,0.7833173140214327,3.108842323891954,1.73,3.427,0.04584935264523404,0.5501922317428085,0.4337885583363957,0.5292870781182125,0.5749520258959002,0.0456649477776877,0.011300000000000001,0.013410742572191214,-0.013410742572191214,0,2,2,2026-03-28T02:50:29.043Z,Ball,Sinker
824699,1ebcec2c-4b0a-3e2a-bbed-4add4e335ebb,2026-03-31,108,LAA,Los Angeles Angels,fielding,pitcher,519141,Drew Pomeranz,665804,Miguel Amaya,519141,Drew Pomeranz,CHC,LAA,8,Bot,0,0,---,1,1,Ball,Strike,0.11543978826441552,1.6333975072153264,1.64,3.249,0.11423084054865984,1.370770086583918,0.6958670009289885,0.8257808040599968,0.8499780405866723,0.024197236526675492,0.011300000000000001,0.013401355523084617,-0.013401355523084617,0,2,2,2026-04-01T02:02:07.479Z,Ball,Knuckle Curve
824537,4dbdb22f-1732-3515-b0d9-3ac5571613e2,2026-03-31,113,CIN,Cincinnati Reds,batting,hitter,670770,TJ Friedl,670770,TJ Friedl,696149,Bubba Chandler,CIN,PIT,5,Bot,1,3,1B2B-,3,1,Strike,Ball,-0.3294285412796394,3.3595375684624456,1.536,3.044,0.1947042351291124,2.3364508215493487,0.8923782919816804,0.11397048226963256,0.13170716975547916,0.0177366874858466,0.022600000000000002,0.01339558428281861,-0.01339558428281861,1,1,2,2026-04-01T00:14:50.871Z,Called Strike,Four-Seam Fastball
823393,a6c2b3a4-95c7-3e2e-9e0e-f1860a7c95be,2026-04-19,139,TB,Tampa Bay Rays,fielding,pitcher,663556,Shane McClanahan,693304,Nick Gonzales,663556,Shane McClanahan,PIT,TB,3,Bot,1,3,1B2B-,1,1,Ball,Strike,-0.5925532596543345,1.6091672434457485,1.54,3.051,0.19000057677908178,2.2800069213489813,0.8849342076523202,0.2868554021988007,0.3034345054511639,0.016579103252363225,0.011300000000000001,0.013371172146687274,-0.013371172146687274,0,2,2,2026-04-19T18:15:58.654Z,Ball,Slider
823881,bbd7ec20-a2a4-3da7-81f8-f9118fbb0dcb,2026-04-19,146,MIA,Miami Marlins,batting,hitter,681393,Connor Norby,681393,Connor Norby,694819,Jacob Misiorowski,MIA,MIL,1,Bot,2,1,1B--,2,2,Strike,Ball,0.2984433748278775,3.442790707988168,1.571,3.113,0.208957374654835,2.50748849585802,0.9124016386346748,0.7806047794867658,0.7963243978934402,0.015719618406674463,0.011300000000000001,0.013352744109533401,-0.013352744109533401,0,2,2,2026-04-19T18:04:07.033Z,Called Strike,Four-Seam Fastball
823324,7bd9aa54-f18c-3b94-94fb-9d01f3715496,2026-03-27,135,SD,San Diego Padres,fielding,pitcher,650633,Michael King,678009,Parker Meadows,650633,Michael King,DET,SD,5,Top,0,3,1B2B-,0,1,Ball,Strike,0.7250486950637497,1.8344390758196374,1.73,3.427,0.10411797160291703,1.2494156592350043,0.6605817011635096,0.5092659969238618,0.5352680325147556,0.02600203559089387,0.011300000000000001,0.01334104212749445,-0.01334104212749445,0,2,2,2026-03-28T02:49:46.957Z,Ball,Changeup
825023,a6f2f7f6-6dbb-332d-b04c-78d46d6b3844,2026-04-16,133,ATH,Athletics,fielding,pitcher,682052,Jacob Lopez,543309,Kyle Higashioka,682052,Jacob Lopez,TEX,ATH,4,Top,0,2,-2B-,1,1,Ball,Strike,-0.6034724262461165,1.862549367972667,1.638,3.245,0.2256942404205502,2.7083308850466024,0.9315730494096203,0.3022823184102459,0.31737378890981727,0.01509147049957138,0.011300000000000001,0.013285582651689744,-0.013285582651689744,0,2,2,2026-04-16T19:54:44.552Z,Ball,Changeup
824777,d966c9b5-f549-393e-a13c-6ab9893672c4,2026-04-19,116,DET,Detroit Tigers,fielding,pitcher,664285,Framber Valdez,702332,Caleb Durbin,664285,Framber Valdez,BOS,DET,2,Bot,0,0,---,0,2,Ball,Strike,0.5633715997946502,1.5842417817053838,1.487,2.947,0.21807511503871702,2.616901380464604,0.9233813533637242,0.4564402237337821,0.4717488374896395,0.015308613755857403,0.011300000000000001,0.013269897781016218,-0.013269897781016218,0,2,2,2026-04-19T21:08:03.484Z,Ball,Changeup
822913,c2313196-967e-32c6-9b58-55b619e86b0c,2026-04-22,140,TEX,Texas Rangers,batting,hitter,673962,Josh Jung,673962,Josh Jung,677952,Braxton Ashcraft,TEX,PIT,7,Bot,0,0,---,2,0,Strike,Ball,0.8835717735570591,2.3798855563215544,1.647,3.263,0.05440510689039235,0.6528612826847082,0.46766561567000875,0.22578220080602598,0.26699506502379217,0.04121286421776618,0.011300000000000001,0.013258460974997194,-0.013258460974997194,0,2,2,2026-04-23T01:52:32.315Z,Called Strike,Four-Seam Fastball
822752,844d9e3a-c999-3c6b-8314-3331ebcf8edd,2026-04-17,137,SF,San Francisco Giants,batting,hitter,650333,Luis Arraez,650333,Luis Arraez,641793,Zack Littell,SF,WSH,2,Top,1,3,1B2B-,1,0,Strike,Ball,-0.2027925088744467,3.5691386127683864,1.577,3.124,0.32430527943505316,3.891663353220638,0.9850632976409159,0.8058083169286352,0.819430273960804,0.013621957032168841,0.011300000000000001,0.013249705177773453,-0.013249705177773453,0,2,2,2026-04-17T23:08:55.378Z,Called Strike,Slider
823555,0a7d9620-6aee-303b-a0d2-6ff285c5a38b,2026-05-03,147,NYY,New York Yankees,batting,hitter,592450,Aaron Judge,592450,Aaron Judge,670329,Rico Garcia,NYY,BAL,7,Bot,1,0,---,2,2,Strike,Ball,0.9402428062112608,2.0463320184903386,1.778,3.523,0.11107613954459405,1.3329136745351287,0.6850802699547276,0.7567579060155394,0.7812379263233072,0.024480020307767858,0.011300000000000001,0.01321218597143124,-0.01321218597143124,0,2,2,2026-05-03T20:14:21.786Z,Called Strike,Curveball
823485,ff207b0c-a8ba-3561-98ab-bb7129f3a66e,2026-03-31,120,WSH,Washington Nationals,batting,hitter,660688,Keibert Ruiz,660688,Keibert Ruiz,691725,Andrew Painter,WSH,PHI,2,Top,0,3,1B2B-,0,0,Strike,Ball,-0.7176673454217467,3.398857870993206,1.602,3.175,0.10302453765987307,1.2362944519184769,0.6566481479711375,0.5820919619633987,0.6081172850896422,0.026025323126243505,0.011300000000000001,0.013209604303272064,-0.013209604303272064,0,2,2,2026-03-31T22:55:57.175Z,Called Strike,Slider
825013,87c4fb7a-1f06-31c4-93de-f2fe64063a1d,2026-05-03,114,CLE,Cleveland Guardians,batting,hitter,683953,Travis Bazzana,683953,Travis Bazzana,650644,Aaron Civale,CLE,ATH,2,Top,0,0,---,2,1,Strike,Ball,1.0241466817735068,2.5997719555099112,1.604,3.179,0.19498001510684004,2.3397601812820805,0.8928013302135688,0.4968802560344842,0.5129816939784031,0.016101437943918884,0.011300000000000001,0.013164040246095337,-0.013164040246095337,0,2,2,2026-05-03T20:22:19.344Z,Called Strike,Sinker
823145,105aac6e-22e2-349f-b9a2-ca34b8d2a77a,2026-05-03,136,SEA,Seattle Mariners,fielding,pitcher,622491,Luis Castillo,672580,Maikel Garcia,622491,Luis Castillo,KC,SEA,3,Top,2,1,1B--,2,1,Ball,Strike,-0.4818042535411562,3.2197679748616834,1.646,3.262,0.1630653584716497,1.9567843016597966,0.8332788572004235,0.5154001019878567,0.5334452937907626,0.01804519180290587,0.011300000000000001,0.013152727889852637,-0.013152727889852637,0,2,2,2026-05-03T20:45:03.543Z,Ball,Slider
825102,7d5efa5c-ef05-317a-b4f5-dd1045f68e09,2026-04-05,144,ATL,Atlanta Braves,batting,hitter,686948,Drake Baldwin,686948,Drake Baldwin,694297,Brandon Pfaadt,ATL,AZ,5,Top,1,3,1B2B-,0,0,Strike,Ball,-0.9345554553393051,2.2286196521101966,1.618,3.206,0.10538878867263834,1.2646654640716601,0.6651256578906386,0.41294321124232103,0.4383712444929841,0.025428033250663062,0.011300000000000001,0.01312875727887652,-0.01312875727887652,0,2,2,2026-04-05T21:22:12.344Z,Called Strike,Changeup
823889,f8f41dae-e525-334e-b7f4-6a7540001196,2026-04-01,145,CWS,Chicago White Sox,fielding,pitcher,681343,Shane Smith,681393,Connor Norby,681343,Shane Smith,MIA,CWS,1,Bot,1,7,1B2B3B,1,0,Ball,Strike,0.48932838896611003,1.5218056167857157,1.571,3.113,0.07163895011904908,0.859667401428589,0.5364908054577346,0.25712711237406327,0.29132070352052336,0.03419359114646009,0.011300000000000001,0.01310689335732924,-0.01310689335732924,0,2,2,2026-04-01T17:23:36.556Z,Ball,Slider
824782,a36ae3fc-9f48-3819-85fd-5f0244294425,2026-04-04,135,SD,San Diego Padres,fielding,pitcher,681190,Randy Vásquez,691785,Marcelo Mayer,681190,Randy Vásquez,BOS,SD,2,Bot,1,5,1B-3B,0,2,Ball,Strike,0.514824970401223,1.5824052046149042,1.687,3.342,0.016238537948237486,0.19486245537884983,0.3229640421011305,0.49796656900781405,0.562182742736965,0.06421617372915095,0.011300000000000001,0.013089008711577792,-0.013089008711577792,0,2,2,2026-04-04T20:49:15.598Z,Ball,Changeup
823400,4e3f5536-ecb2-36ec-9d16-84233e647f59,2026-04-13,134,PIT,Pittsburgh Pirates,batting,hitter,663968,Jake Mangum,663968,Jake Mangum,676917,Cade Cavalli,PIT,WSH,2,Bot,1,1,1B--,2,0,Strike,Ball,-0.7747071561491183,3.383684042416762,1.605,3.18,0.08285070908342851,0.9942085090011421,0.5806911679842198,0.4504069941787441,0.4811067620543807,0.030699767875636608,0.011300000000000001,0.013088894262769536,-0.013088894262769536,0,2,2,2026-04-13T23:12:23.762Z,Called Strike,Four-Seam Fastball
823146,d976d0f9-65fe-31d3-8f02-4e5836a9df8b,2026-05-01,118,KC,Kansas City Royals,fielding,pitcher,663738,Daniel Lynch IV,663728,Cal Raleigh,663738,Daniel Lynch IV,SEA,KC,7,Bot,1,1,1B--,0,0,Ball,Strike,-0.6276958740622909,1.6596751073294063,1.656,3.282,0.1245084406627397,1.4941012879528763,0.7295094284950924,0.763428874655198,0.7854439320197253,0.022015057364527246,0.011300000000000001,0.01300364845827749,-0.01300364845827749,0,2,2,2026-05-02T03:51:16.981Z,Ball,Slider
824205,7b9d3c57-3c69-3cea-938b-3d372587e956,2026-04-19,138,STL,St. Louis Cardinals,fielding,pitcher,669461,Matthew Liberatore,572233,Christian Walker,669461,Matthew Liberatore,HOU,STL,4,Bot,0,0,---,1,2,Ball,Strike,-0.14525686155532186,1.651509610770351,1.604,3.179,0.16834294410368433,2.020115329244212,0.8446821979238356,0.3164480417676352,0.33390124437411883,0.017453202606483642,0.011300000000000001,0.01298731837499396,-0.01298731837499396,0,2,2,2026-04-19T18:59:08.697Z,Ball,Slider
822839,06d2ca4b-b37e-3f2b-b353-9381fa436ec5,2026-03-27,133,ATH,Athletics,batting,hitter,805779,Jacob Wilson,805779,Jacob Wilson,686973,Louis Varland,ATH,TOR,7,Top,1,3,1B2B-,0,0,Strike,Ball,0.9052952409314886,2.6142181737524433,1.661,3.291,0.07612857426482189,0.9135428911778627,0.5542993111619573,0.3762868464363642,0.40874198776972664,0.03245514133336247,0.011300000000000001,0.012953444700876903,-0.012953444700876903,0,2,2,2026-03-28T01:22:52.153Z,Called Strike,Four-Seam Fastball
823645,27bd92ff-1cf3-3d5f-a4c7-008e605019d0,2026-04-09,109,AZ,Arizona Diamondbacks,batting,hitter,678489,Jorge Barrosa,678489,Jorge Barrosa,690997,Nolan McLean,AZ,NYM,3,Top,1,0,---,2,1,Strike,Ball,-0.9940748385100621,3.0911329980355973,1.493,2.958,0.16490817184339535,1.9788980621207442,0.8373349171002996,0.3619134980714667,0.3795698205158298,0.017656322444363104,0.011300000000000001,0.012946139853480323,-0.012946139853480323,0,2,2,2026-04-09T23:47:33.806Z,Called Strike,Cutter
825023,8ea7cef8-5946-39bc-b0d4-fe1ee9a49795,2026-04-16,140,TEX,Texas Rangers,batting,hitter,669394,Jake Burger,669394,Jake Burger,605130,Scott Barlow,TEX,ATH,7,Top,1,2,-2B-,3,1,Strike,Ball,-0.8790555189453509,2.749431640675612,1.63,3.23,0.049888852278684226,0.5986662273442107,0.44972586736089903,0.5289740701575177,0.5715829369664042,0.042608866808886425,0.011300000000000001,0.012944211884069629,-0.012944211884069629,0,2,2,2026-04-16T21:13:42.625Z,Called Strike,Four-Seam Fastball
824211,130089d3-13e8-35eb-8cc0-49e3ead8dc9e,2026-04-01,111,BOS,Boston Red Sox,batting,hitter,677800,Wilyer Abreu,677800,Wilyer Abreu,681347,Mike Burrows,BOS,HOU,1,Top,1,7,1B2B3B,0,0,Strike,Ball,-0.9214550188912805,3.4362345805762695,1.573,3.117,0.1984012472429364,2.3808149669152368,0.8979287804795568,0.6652534272699372,0.680953065645981,0.015699638376043823,0.011300000000000001,0.012943752360390071,-0.012943752360390071,0,2,2,2026-04-01T18:17:01.477Z,Called Strike,Four-Seam Fastball
823891,4af64d88-5c6b-38be-a7bc-cde10d9a137a,2026-03-29,115,COL,Colorado Rockies,fielding,pitcher,622608,Antonio Senzatela,689414,Liam Hicks,622608,Antonio Senzatela,MIA,COL,7,Bot,1,0,---,1,0,Ball,Strike,0.7220762249145153,3.06404718333581,1.557,3.086,0.10709044175215143,1.2850853010258172,0.6711623879487058,0.6588805334548018,0.6891639074432342,0.030283373988432394,0.022600000000000002,0.012893331568860755,-0.012893331568860755,1,1,2,2026-03-29T19:45:14.667Z,Ball,Cutter
824777,03d3d6ea-6a7a-36b7-a285-bf94b18de1eb,2026-04-19,116,DET,Detroit Tigers,batting,hitter,650402,Gleyber Torres,650402,Gleyber Torres,676979,Garrett Crochet,DET,BOS,3,Top,1,0,---,2,1,Strike,Ball,0.7190145202272167,3.42647550597484,1.579,3.13,0.17564217264150717,2.107706071698086,0.8593950784914847,0.4761651951849518,0.4929460831394035,0.016780887954451706,0.011300000000000001,0.012832576907726611,-0.012832576907726611,0,2,2,2026-04-19T21:15:04.377Z,Called Strike,Cutter
824459,1130b4ab-8a6e-3748-af6a-d77b3a6ce6b3,2026-04-05,114,CLE,Cleveland Guardians,fielding,pitcher,677944,Slade Cecconi,665804,Miguel Amaya,677944,Slade Cecconi,CHC,CLE,3,Top,1,1,1B--,1,2,Ball,Strike,0.7467166839020493,1.6498753751310131,1.64,3.249,0.08244998276461746,0.9893997931754095,0.5791292064406749,0.4993345404816855,0.529649293502094,0.03031475302040848,0.011300000000000001,0.01280031889293384,-0.01280031889293384,0,2,2,2026-04-05T17:45:00.557Z,Ball,Curveball
823567,f2dd009b-134c-3014-a719-d8057af1913e,2026-04-07,147,NYY,New York Yankees,batting,hitter,592450,Aaron Judge,592450,Aaron Judge,650644,Aaron Civale,NYY,ATH,1,Bot,1,0,---,1,0,Strike,Ball,1.0838890063148492,3.45136140635548,1.778,3.523,0.25472233964818247,3.0566680757781897,0.9558731778017978,0.5252263529129738,0.5391382084013248,0.013911855488350944,0.011300000000000001,0.012799336423929714,-0.012799336423929714,0,2,2,2026-04-07T23:18:04.847Z,Called Strike,Sinker
824682,9801bfaf-bf8e-34c9-a09d-d06778f6dc6f,2026-05-05,112,CHC,Chicago Cubs,batting,hitter,624424,Michael Conforto,624424,Michael Conforto,663574,Tony Santillan,CHC,CIN,8,Bot,1,0,---,1,2,Strike,Ball,0.10418527811280809,1.4261299408772263,1.606,3.181,0.059036725789440414,0.708440709473285,0.4861504467685625,0.5244732812878163,0.5627233240307796,0.038250042742963286,0.011300000000000001,0.01278877541689297,-0.01278877541689297,0,2,2,2026-05-06T02:04:13.708Z,Called Strike,Slurve
823806,2cdc2e40-9539-3b9b-8fa8-25dfbb822ea1,2026-04-01,158,MIL,Milwaukee Brewers,batting,hitter,687401,Joey Ortiz,687401,Joey Ortiz,656876,Drew Rasmussen,MIL,TB,5,Bot,1,0,---,1,0,Strike,Ball,0.22084711173312813,1.3057336467279967,1.583,3.137,0.15643301993866987,1.8771962392640384,0.8180108184933969,0.5357294421640753,0.5538243158138121,0.01809487364973683,0.011300000000000001,0.012745324653731207,-0.012745324653731207,0,2,2,2026-04-01T19:16:38.947Z,Called Strike,Cutter
823559,1ddad7f6-adef-355f-ac54-ca397c7ce834,2026-04-17,118,KC,Kansas City Royals,fielding,pitcher,608379,Michael Wacha,665862,Jazz Chisholm Jr.,608379,Michael Wacha,NYY,KC,2,Bot,2,0,---,3,2,Ball,Strike,0.05323928440262996,1.5854542364512778,1.593,3.156,0.11328756978461119,1.3594508374153342,0.6926635093241277,0.47661348913123347,0.4999999999999997,0.023386510868766253,0.011300000000000001,0.012726080344569131,-0.012726080344569131,0,2,2,2026-04-17T23:32:59.956Z,Ball,Four-Seam Fastball
823633,b8d9f2f1-c9e4-37fe-a439-9b181ff457dd,2026-04-29,120,WSH,Washington Nationals,fielding,pitcher,676917,Cade Cavalli,621438,Tyrone Taylor,676917,Cade Cavalli,NYM,WSH,1,Bot,2,7,1B2B3B,0,1,Ball,Strike,0.6808215949936399,1.6418212213132217,1.631,3.231,0.13165455464655507,1.5798546557586608,0.7514709615854299,0.639224200860467,0.6598923769169882,0.02066817605652116,0.011300000000000001,0.012723156001326272,-0.012723156001326272,0,2,2,2026-04-29T23:34:38.184Z,Ball,Sinker
823163,a359f3b4-8f84-37d0-a35e-4aca4e2e634e,2026-03-26,136,SEA,Seattle Mariners,fielding,pitcher,669302,Logan Gilbert,682177,Daniel Schneemann,669302,Logan Gilbert,CLE,SEA,5,Top,0,1,1B--,1,1,Ball,Strike,0.0581491573223924,1.5633528691442673,1.614,3.197,0.07018620247760055,0.8422344297312065,0.5307061199879783,0.5751894711285948,0.6090925693069004,0.03390309817830561,0.011300000000000001,0.012689560845644222,-0.012689560845644222,0,2,2,2026-03-27T03:13:54.245Z,Ball,Cutter
824283,b8b36503-ef36-3b79-9126-7d3c75a894e6,2026-05-04,116,DET,Detroit Tigers,batting,hitter,701678,Hao-Yu  Lee,701678,Hao-Yu  Lee,547973,Aroldis Chapman,DET,BOS,9,Bot,2,0,---,0,0,Strike,Ball,-1.0466143802187602,2.4229199019781498,1.558,3.087,0.21744771355209347,2.6093725626251216,0.9226681273734044,0.03780603843637529,0.0524851460132444,0.014679107576869112,0.011300000000000001,0.012670094538782045,-0.012670094538782045,0,2,2,2026-05-05T01:15:13.137Z,Called Strike,Sinker
822741,9e57333d-eac5-3579-91f5-3560446d2392,2026-05-07,120,WSH,Washington Nationals,fielding,pitcher,663623,Jake Irvin,663616,Trevor Larnach,663623,Jake Irvin,MIN,WSH,5,Top,1,3,1B2B-,1,0,Ball,Strike,-0.09344615779555646,1.6664068037435638,1.677,3.324,0.11024013707689706,1.3228816449227647,0.6821873336496979,0.2924671246358205,0.31617844519193244,0.02371132055611197,0.011300000000000001,0.012584279417728881,-0.012584279417728881,0,2,2,2026-05-07T18:13:33.083Z,Ball,Sinker
824287,9a01a5e9-7c92-3c50-973d-6d4438e8ec0a,2026-05-01,140,TEX,Texas Rangers,batting,hitter,608369,Corey Seager,608369,Corey Seager,676428,Brant Hurter,TEX,DET,7,Top,1,1,1B--,0,0,Strike,Ball,0.953542859171675,2.7223052979173388,1.702,3.372,0.12437619250500831,1.4925143100600997,0.729091691005912,0.49264976932762067,0.51407030051734,0.021420531189719372,0.011300000000000001,0.01255626741572418,-0.01255626741572418,0,2,2,2026-05-02T01:01:05.487Z,Called Strike,Sinker
824047,fd7cdde0-0a1d-33ab-ba1e-41f103250c6a,2026-04-19,135,SD,San Diego Padres,fielding,pitcher,676760,Ron Marinaccio,694384,Nolan Schanuel,676760,Ron Marinaccio,LAA,SD,6,Bot,1,0,---,2,1,Ball,Strike,-0.42242756008923527,1.6330354451430111,1.66,3.29,0.09386877847634456,1.1264253417161347,0.6229058412777638,0.6176173005277771,0.6446008592889638,0.026983558761186743,0.011300000000000001,0.012547052377243732,-0.012547052377243732,0,2,2,2026-04-19T21:51:57.881Z,Ball,Cutter
824286,bdd58948-d7e2-36c6-8ee4-0bcd6ec99c47,2026-04-22,158,MIL,Milwaukee Brewers,fielding,pitcher,694477,Chad Patrick,668670,Jake Rogers,694477,Chad Patrick,DET,MIL,3,Bot,1,0,---,1,0,Ball,Strike,0.6703855027362065,1.729131942918213,1.607,3.184,0.15878116393046027,1.9053739671655232,0.823537198624488,0.5758509724483021,0.5934127799417737,0.017561807493471582,0.011300000000000001,0.012468772090412843,-0.012468772090412843,0,2,2,2026-04-22T23:20:22.063Z,Ball,Cutter
824686,b114d306-5c17-3e67-8f8a-725afd14b044,2026-05-01,112,CHC,Chicago Cubs,batting,hitter,694208,Moisés Ballesteros,694208,Moisés Ballesteros,805299,Brandyn Garcia,CHC,AZ,6,Bot,1,0,---,1,2,Strike,Ball,-0.08970046487327078,3.3267091514542146,1.534,3.04,0.16587581812088148,1.9905098174505778,0.8394326936273395,0.7047155035118495,0.7217036810219384,0.016988177510088853,0.011300000000000001,0.012446021045102212,-0.012446021045102212,0,2,2,2026-05-01T20:34:17.317Z,Called Strike,Sinker
823651,16ca99e9-039a-38a5-a404-299f411ec9c9,2026-03-28,121,NYM,New York Mets,batting,hitter,543760,Marcus Semien,543760,Marcus Semien,682995,Hunter Barco,NYM,PIT,10,Bot,0,0,---,0,0,Strike,Ball,0.18499223368640477,3.43873165727859,1.621,3.212,0.10589832394525667,1.27077988734308,0.6669390559884716,0.18378545196000493,0.2136530777896733,0.02986762582966837,0.022600000000000002,0.012392708840795373,-0.012392708840795373,0,1,1,2026-03-28T23:07:23.301Z,Called Strike,Slider
825092,13aaee22-2083-37e3-80ce-4ef5b6eec4d4,2026-05-05,109,AZ,Arizona Diamondbacks,fielding,pitcher,593958,Eduardo Rodriguez,668804,Bryan Reynolds,593958,Eduardo Rodriguez,PIT,AZ,4,Top,0,0,---,3,2,Ball,Strike,0.08658919640766667,1.542907929245003,1.657,3.284,0.006741262578336293,0.08089515094003552,0.2906684455470728,0.6872122082447251,0.757359685894068,0.07014747764934293,0.011300000000000001,0.01237421172206446,-0.01237421172206446,0,2,2,2026-05-06T02:35:44.125Z,Ball,Changeup
823722,1782f7ec-ad83-3995-bd17-d8a9ecf63c12,2026-04-15,142,MIN,Minnesota Twins,batting,hitter,680777,Ryan Jeffers,680777,Ryan Jeffers,813349,Connelly Early,MIN,BOS,4,Bot,0,0,---,3,2,Strike,Ball,0.8576433537764296,1.712841559490207,1.658,3.285,0.02847668710976292,0.34172024531715506,0.36717089721308693,0.12174678106733185,0.17479047792710706,0.05304369685977521,0.011300000000000001,0.012325132906010547,-0.012325132906010547,0,2,2,2026-04-15T18:45:18.000Z,Called Strike,Sinker
822753,7afc3901-85ae-3278-9750-856e91d8d69e,2026-04-08,138,STL,St. Louis Cardinals,fielding,pitcher,694335,Matt Svanson,695734,Daylen Lile,694335,Matt Svanson,WSH,STL,7,Bot,0,0,---,1,0,Ball,Strike,0.6186151844849975,1.6270264977196434,1.605,3.181,0.14285983105297673,1.7143179726357207,0.7834282019532997,0.8587545849684961,0.8776038241673535,0.018849239198857393,0.011300000000000001,0.012319764255820787,-0.012319764255820787,0,2,2,2026-04-08T22:02:23.812Z,Ball,Sinker
825096,c43604ac-b770-3a8b-9665-f5198ecb97e6,2026-04-23,145,CWS,Chicago White Sox,batting,hitter,803011,Sam Antonacci,803011,Sam Antonacci,647336,Michael Soroka,CWS,AZ,2,Top,1,1,1B--,3,0,Strike,Ball,-0.21039969894465008,3.405618133253913,1.592,3.154,0.1307847999205798,1.5694175990469574,0.7488628776529914,0.4248410726710929,0.44508187722911974,0.020240804558026848,0.011300000000000001,0.012319737664814572,-0.012319737664814572,0,2,2,2026-04-23T20:03:05.747Z,Called Strike,Four-Seam Fastball
824208,36f3263a-93ee-3b1c-a3c5-68365ec6b327,2026-04-16,117,HOU,Houston Astros,fielding,pitcher,680802,Ryan Weiss,686668,Brenton Doyle,680802,Ryan Weiss,COL,HOU,3,Top,0,1,1B--,2,0,Ball,Strike,-0.12117683821950472,1.6003376312910238,1.691,3.35,0.03017096462435709,0.36205157549228506,0.3734920917880454,0.6096890976780097,0.6616199016669246,0.05193080398891492,0.011300000000000001,0.012316205247259716,-0.012316205247259716,0,2,2,2026-04-17T00:59:10.710Z,Ball,Four-Seam Fastball
824863,1e0efb7c-6a02-3a3a-9878-be751e38ae82,2026-03-30,140,TEX,Texas Rangers,batting,hitter,543309,Kyle Higashioka,543309,Kyle Higashioka,605135,Chris Bassitt,TEX,BAL,2,Top,0,2,-2B-,1,1,Strike,Ball,0.9961352588181288,1.9164430874238432,1.638,3.245,0.1669685921514621,2.003623105817545,0.8417753712603467,0.5575307060733027,0.5742682605829784,0.016737554509675734,0.011300000000000001,0.0123013228566145,-0.0123013228566145,0,2,2,2026-03-30T23:01:06.609Z,Called Strike,Sinker
823564,6b864188-d825-3cfd-b2c8-b42b2a47613d,2026-04-08,133,ATH,Athletics,fielding,pitcher,622663,Luis Severino,700250,Ben Rice,622663,Luis Severino,NYY,ATH,3,Bot,1,0,---,2,2,Ball,Strike,-0.5344895900246639,1.691776329431608,1.656,3.281,0.15660966276494137,1.8793159531792965,0.8184311869825884,0.24103898367019874,0.2610723466010891,0.020033362930890336,0.022600000000000002,0.012292473828588061,-0.012292473828588061,1,1,2,2026-04-08T23:59:43.878Z,Ball,Sweeper
824616,ed7aa95b-2eb8-3f5d-8a2d-e3f2858f55f4,2026-04-14,145,CWS,Chicago White Sox,fielding,pitcher,685126,Brandon Eisert,666018,Jonathan Aranda,685126,Brandon Eisert,TB,CWS,6,Top,2,7,1B2B3B,1,1,Ball,Strike,-0.476702055134749,1.9882549650181764,1.61,3.189,0.3524646115319177,4.229575338383013,0.9904293156125127,0.12661471649908534,0.13923533638633978,0.012620619887254436,0.022600000000000002,0.012283534450381866,-0.012283534450381866,1,1,2,2026-04-15T01:27:47.943Z,Ball,Sinker
822904,d1f4e47f-68b3-300e-a803-cdaa6c177b6a,2026-05-08,140,TEX,Texas Rangers,fielding,pitcher,615698,Cal Quantrill,683737,Michael Busch,615698,Cal Quantrill,CHC,TEX,6,Top,1,0,---,2,2,Ball,Strike,-0.5228542620605083,1.5963990344202703,1.598,3.166,0.11923236775360357,1.430788413043243,0.7125329443351848,0.22677236048008165,0.24855643188323587,0.02178407140315422,0.011300000000000001,0.012273490807484966,-0.012273490807484966,0,2,2,2026-05-09T01:50:08.663Z,Ball,Splitter
824846,8c425f56-b839-3ff8-a8d1-0e1c43e693e2,2026-05-08,110,BAL,Baltimore Orioles,batting,hitter,621493,Taylor Ward,621493,Taylor Ward,682052,Jacob Lopez,BAL,ATH,3,Bot,1,0,---,2,1,Strike,Ball,0.9961579749854733,3.2415670014917914,1.61,3.19,0.1669913083188066,2.003895699825679,0.8418237741614213,0.5311153591800172,0.5477350940656971,0.016619734885679915,0.011300000000000001,0.012203496595049365,-0.012203496595049365,0,2,2,2026-05-08T23:51:54.783Z,Called Strike,Cutter
823242,d85e4981-96ff-3695-8c6e-fc06cf9f5737,2026-04-02,121,NYM,New York Mets,batting,hitter,666182,Bo Bichette,666182,Bo Bichette,592662,Robbie Ray,NYM,SF,3,Top,1,1,1B--,2,0,Strike,Ball,-0.6191770990485987,3.3554968165922343,1.596,3.162,0.07266348325890126,0.8719617991068151,0.540564582008758,0.39664831838424874,0.42880201217919406,0.032153693794945315,0.011300000000000001,0.012189527823001176,-0.012189527823001176,0,2,2,2026-04-03T02:28:51.063Z,Called Strike,Four-Seam Fastball
823959,522118e2-8a16-3166-975c-a1abe0fdddc5,2026-04-26,119,LAD,Los Angeles Dodgers,fielding,pitcher,683618,Edgardo Henriquez,673548,Seiya Suzuki,683618,Edgardo Henriquez,CHC,LAD,7,Top,1,3,1B2B-,1,2,Ball,Strike,0.35064176318286533,1.7186800971203593,1.604,3.178,0.23551343045369255,2.8261611654443106,0.9409338527781315,0.9582567955391529,0.9726092251339197,0.014352429594766791,0.022600000000000002,0.012169791948116564,-0.012169791948116564,1,1,2,2026-04-26T22:12:10.401Z,Ball,Slider
822827,1bc6e106-c9bb-371e-b9d9-8fa871d32d61,2026-04-24,141,TOR,Toronto Blue Jays,fielding,pitcher,453286,Max Scherzer,608070,José Ramírez,453286,Max Scherzer,CLE,TOR,1,Top,1,0,---,1,0,Ball,Strike,-0.4209876636949034,1.7234884555914294,1.532,3.035,0.3123217889247627,3.7478614670971524,0.9819633577198879,0.4103293189204067,0.42289508022384814,0.012565761303441447,0.011300000000000001,0.012135303104068731,-0.012135303104068731,0,2,2,2026-04-24T23:12:58.596Z,Ball,Four-Seam Fastball
823809,905695eb-9869-361c-87e3-f6a5534dbe00,2026-03-30,139,TB,Tampa Bay Rays,batting,hitter,663743,Nick Fortes,663743,Nick Fortes,676879,Aaron Ashby,TB,MIL,7,Top,0,0,---,2,0,Strike,Ball,0.03231048136858184,3.3529664308202616,1.595,3.161,0.07113309748692842,0.853597169843141,0.5344775886516174,0.5072338652625725,0.5396575100565612,0.032423644793988626,0.011300000000000001,0.012069308236550887,-0.012069308236550887,0,2,2,2026-03-31T01:21:28.681Z,Called Strike,Sinker
823229,3103bf0f-131a-340d-832b-7bf5a2e7fb3d,2026-04-25,146,MIA,Miami Marlins,batting,hitter,677870,Leo Jiménez,677870,Leo Jiménez,657424,Matt Gage,MIA,SF,6,Top,2,2,-2B-,1,0,Strike,Ball,-0.5703771314229737,3.492495361737734,1.574,3.118,0.2536620284044009,3.0439443408528106,0.9551520410706303,0.46600906808185333,0.4791339316866571,0.01312486360480375,0.011300000000000001,0.012029458325000056,-0.012029458325000056,0,2,2,2026-04-25T21:54:12.021Z,Called Strike,Four-Seam Fastball
823888,663efcaa-1c90-3685-ace2-c90ed0ee7e07,2026-03-31,146,MIA,Miami Marlins,batting,hitter,683357,Owen Caissie,683357,Owen Caissie,607200,Erick Fedde,MIA,CWS,4,Bot,1,6,-2B3B,0,1,Strike,Ball,-0.19898254413289215,3.5794189756343346,1.7,3.369,0.0895856423010013,1.0750277076120156,0.6066781715882099,0.6144520970154377,0.6415938224549244,0.027141725439486675,0.011300000000000001,0.01202175570232375,-0.01202175570232375,0,2,2,2026-03-31T23:45:09.369Z,Called Strike,Cutter
822746,16bbde6e-5983-351c-b80a-c6bb9e6a5212,2026-05-02,120,WSH,Washington Nationals,batting,hitter,695734,Daylen Lile,695734,Daylen Lile,682842,Abner Uribe,WSH,MIL,9,Bot,0,1,1B--,1,0,Strike,Ball,-0.21876776492335884,3.3189738258098433,1.605,3.181,0.017140492476510172,0.20568590971812206,0.3261275866552015,0.08491556374770522,0.14506604578627716,0.06015048203857194,0.011300000000000001,0.012001973272590286,-0.012001973272590286,0,2,2,2026-05-02T22:37:58.645Z,Called Strike,Slider
823072,4660ad5e-5e6c-353a-a31a-40c1e41bb02d,2026-04-14,138,STL,St. Louis Cardinals,fielding,pitcher,668941,JoJo Romero,800050,Chase DeLauter,668941,JoJo Romero,CLE,STL,8,Top,0,0,---,0,1,Ball,Strike,-0.5663361092860782,1.81779395008512,1.685,3.339,0.2536272834184532,3.0435274010214384,0.9551282213202933,0.5028669718907187,0.5164834176380103,0.013616445747291595,0.022600000000000002,0.01199134940915352,-0.01199134940915352,1,1,2,2026-04-15T01:42:44.871Z,Ball,Sweeper
824449,65a2c512-66de-3e15-982c-9cee37ab1265,2026-04-22,114,CLE,Cleveland Guardians,batting,hitter,680757,Steven Kwan,680757,Steven Kwan,595345,Steven Okert,CLE,HOU,8,Bot,0,0,---,2,0,Strike,Ball,0.3590699162771353,3.2023626207433207,1.525,3.023,0.05852928740998742,0.702351448919849,0.48412248973286764,0.1742191959400032,0.22304301149386452,0.04882381555386131,0.022600000000000002,0.011977875412156454,-0.011977875412156454,1,1,2,2026-04-22T19:17:15.781Z,Called Strike,Slider
823724,bbcc00b1-1d54-3a1e-b810-2b02ae609bfb,2026-04-09,142,MIN,Minnesota Twins,fielding,pitcher,690953,Mick Abel,690993,Colt Keith,690953,Mick Abel,DET,MIN,1,Top,0,0,---,2,1,Ball,Strike,-0.6180117254388959,1.7209415476425656,1.654,3.278,0.187774880975899,2.253298571710788,0.8812580769894554,0.4878322034205372,0.502912061664889,0.015079858244351818,0.011300000000000001,0.011947463147671911,-0.011947463147671911,0,2,2,2026-04-09T17:42:04.198Z,Ball,Four-Seam Fastball
824855,9f9a2d58-267d-39fb-8030-2055c0bff620,2026-04-15,110,BAL,Baltimore Orioles,batting,hitter,642215,Weston Wilson,642215,Weston Wilson,593958,Eduardo Rodriguez,BAL,AZ,3,Bot,1,3,1B2B-,1,2,Strike,Ball,0.8959135675428264,2.7663626668595036,1.687,3.343,0.06674690087615964,0.8009628105139157,0.5169810701744644,0.428908003293481,0.4731214997522422,0.044213496458761214,0.022600000000000002,0.011941312901348157,-0.011941312901348157,1,1,2,2026-04-15T17:30:54.522Z,Called Strike,Four-Seam Fastball
824211,f9a905db-e693-3e42-9351-901cc51325c4,2026-04-01,117,HOU,Houston Astros,fielding,pitcher,681347,Mike Burrows,677800,Wilyer Abreu,681347,Mike Burrows,BOS,HOU,5,Top,2,1,1B--,2,0,Ball,Strike,-0.16100560737337213,1.5146869011249133,1.573,3.117,0.06252023445824673,0.7502428134989607,0.5000809378322799,0.49971791892062345,0.5348353970114821,0.035117478090858634,0.011300000000000001,0.011912495975485892,-0.011912495975485892,0,2,2,2026-04-01T19:25:14.389Z,Ball,Four-Seam Fastball
823402,8fd24024-4005-3a3b-b772-23bfa7288527,2026-04-07,135,SD,San Diego Padres,fielding,pitcher,601713,Nick Pivetta,680779,Henry Davis,601713,Nick Pivetta,PIT,SD,5,Bot,1,3,1B2B-,0,0,Ball,Strike,-0.6817576000868011,3.0582522489059465,1.609,3.188,0.14740906657986563,1.7689087989583876,0.7955231309469485,0.3670576504626029,0.387761646754997,0.02070399629239411,0.022600000000000002,0.011849330713040413,-0.011849330713040413,1,1,2,2026-04-07T23:57:24.076Z,Ball,Sweeper
822917,aa5ac159-db72-315f-8a76-08caac776962,2026-04-05,113,CIN,Cincinnati Reds,fielding,pitcher,695505,Chase Burns,592626,Joc Pederson,695505,Chase Burns,TEX,CIN,7,Bot,0,0,---,1,1,Ball,Strike,0.731233218389905,1.6703003483546226,1.633,3.237,0.09793344827676176,1.175201379321141,0.6380556818486661,0.62988343545853,0.6548181938671876,0.024934758408657665,0.011300000000000001,0.011819793483057756,-0.011819793483057756,0,2,2,2026-04-05T20:24:42.603Z,Ball,Four-Seam Fastball
824769,0a22d637-928f-3a1f-9f43-ff728b52946c,2026-05-03,111,BOS,Boston Red Sox,fielding,pitcher,676477,Garrett Whitlock,701358,Cam Smith,676477,Garrett Whitlock,HOU,BOS,8,Top,2,2,-2B-,1,0,Ball,Strike,-0.6761826448416077,1.7834956093679892,1.69,3.348,0.152984021825059,1.835808261900708,0.8096510443723656,0.5257545536617242,0.5430038329140003,0.01724927925227615,0.011300000000000001,0.011814953762683694,-0.011814953762683694,0,2,2,2026-05-03T20:07:44.085Z,Ball,Slider
823564,ee19f8f4-3458-3463-92be-8754209d008d,2026-04-08,133,ATH,Athletics,batting,hitter,687231,Darell Hernaiz,687231,Darell Hernaiz,657612,Tim Hill,ATH,NYY,6,Top,2,0,---,2,0,Strike,Ball,1.0939936111889739,2.8408531121758425,1.608,3.186,0.26482694452230715,3.177923334267686,0.9622115601736821,0.4426709639835551,0.45582054074094497,0.01314957675738987,0.022600000000000002,0.01179865602727691,-0.01179865602727691,1,1,2,2026-04-09T00:49:50.681Z,Called Strike,Sinker
825097,ead501c0-bfba-3b43-ab0a-bb2ae2729b9f,2026-04-22,109,AZ,Arizona Diamondbacks,fielding,pitcher,593958,Eduardo Rodriguez,808959,Munetaka Murakami,593958,Eduardo Rodriguez,CWS,AZ,1,Top,0,7,1B2B3B,2,1,Ball,Strike,0.7783918998976316,3.0733835313434508,1.664,3.296,0.05077476676903514,0.6092972012284217,0.4532361418133846,0.3354445170540863,0.37506066839009294,0.039616151336006655,0.011300000000000001,0.011777039987518063,-0.011777039987518063,0,2,2,2026-04-23T01:44:42.876Z,Ball,Four-Seam Fastball
823645,f0a19bf5-1a25-3bf8-8fde-b49d0f1b8ebc,2026-04-09,109,AZ,Arizona Diamondbacks,fielding,pitcher,593958,Eduardo Rodriguez,621438,Tyrone Taylor,593958,Eduardo Rodriguez,NYM,AZ,5,Bot,0,0,---,2,2,Ball,Strike,-0.6927586807351839,1.6749435599434532,1.631,3.231,0.13640798593148284,1.6368958311777941,0.7654019999886121,0.2891883704113643,0.31145170083074125,0.022263330419376948,0.022600000000000002,0.011738482829141056,-0.011738482829141056,1,1,2,2026-04-10T00:21:30.543Z,Ball,Four-Seam Fastball
823798,cc31ab17-d793-3bc8-ad75-7527b2f1e375,2026-04-28,109,AZ,Arizona Diamondbacks,batting,hitter,571448,Nolan Arenado,571448,Nolan Arenado,694477,Chad Patrick,AZ,MIL,2,Top,1,1,1B--,0,0,Strike,Ball,1.0779688685448698,2.3295295311669566,1.654,3.277,0.24880220187820312,2.9856264225384375,0.9517007782922142,0.49622776957600756,0.5091277654897082,0.012899995913700613,0.011300000000000001,0.011731154945737277,-0.011731154945737277,0,2,2,2026-04-29T00:11:09.939Z,Called Strike,Sinker
823488,3866880d-59ea-3ab6-8f13-63574cee765c,2026-03-28,140,TEX,Texas Rangers,fielding,pitcher,668390,Cole Winn,702222,Justin Crawford,668390,Cole Winn,PHI,TEX,5,Bot,2,3,1B2B-,1,0,Ball,Strike,-0.5640734931903907,3.2657823915938713,1.655,3.279,0.13405094173946175,1.608611300873541,0.7585625940252613,0.79219017564975,0.8147942676291757,0.0226040919794257,0.022600000000000002,0.011690133272469667,-0.011690133272469667,1,1,2,2026-03-28T21:37:14.865Z,Ball,Four-Seam Fastball
823643,d9d4fbbe-1248-37e3-927c-fad49aa12069,2026-04-10,121,NYM,New York Mets,fielding,pitcher,605280,Clay Holmes,701762,Nick Kurtz,605280,Clay Holmes,ATH,NYM,1,Top,1,0,---,3,1,Ball,Strike,-0.48386703748364956,3.2481823434768953,1.722,3.413,0.28565098985643766,3.427811878277252,0.9726262626620037,0.49795020183632804,0.5102640647087807,0.012313862872452674,0.011300000000000001,0.011667463192646691,-0.011667463192646691,0,2,2,2026-04-10T23:12:49.909Z,Ball,Sinker
824933,c71e4e51-bebe-330e-856a-c3dc075ee999,2026-04-25,144,ATL,Atlanta Braves,batting,hitter,660670,Ronald Acuña Jr.,660670,Ronald Acuña Jr.,554430,Zack Wheeler,ATL,PHI,1,Bot,0,0,---,1,1,Strike,Ball,-0.6580295931979794,3.6723747574769554,1.615,3.201,0.3505414241436222,4.206497089723467,0.990133189183745,0.4385331614920925,0.45042384150811127,0.011890680016018784,0.011300000000000001,0.011661861963600422,-0.011661861963600422,0,2,2,2026-04-26T00:20:34.468Z,Called Strike,Sinker
824782,df21ec01-6b9c-3541-8880-29a7ba5ad93f,2026-04-04,135,SD,San Diego Padres,fielding,pitcher,681190,Randy Vásquez,596115,Trevor Story,681190,Randy Vásquez,BOS,SD,3,Bot,1,1,1B--,1,1,Ball,Strike,-0.15409923101341289,1.8183622621585198,1.636,3.242,0.30319559549185326,3.638347145902239,0.9791866878567248,0.5551285823722755,0.5672759797074833,0.012147397335207866,0.011300000000000001,0.011659379335522786,-0.011659379335522786,0,2,2,2026-04-04T21:14:11.897Z,Ball,Sinker
823081,054ea611-2eb2-3334-88e8-2cccbfb8e5dc,2026-03-26,139,TB,Tampa Bay Rays,fielding,pitcher,656876,Drew Rasmussen,802139,JJ Wetherholt,656876,Drew Rasmussen,STL,TB,1,Bot,0,0,---,2,2,Ball,Strike,-0.39705574320737397,1.54809917937488,1.563,3.096,0.10593251270821336,1.2711901524985603,0.6670605552282421,0.4504825508086573,0.473581787583523,0.023099236774865695,0.011300000000000001,0.011646373982469675,-0.011646373982469675,0,2,2,2026-03-26T20:28:19.185Z,Ball,Cutter
823886,ae5ac1b2-1918-3253-9c74-9f20dee715d0,2026-04-06,113,CIN,Cincinnati Reds,fielding,pitcher,682227,Brandon Williamson,672640,Otto Lopez,682227,Brandon Williamson,MIA,CIN,7,Bot,0,0,---,0,0,Ball,Strike,0.0783346732704819,1.6135204787722615,1.583,3.137,0.15135381210559484,1.8162457452671381,0.8055986757627024,0.6315944709498464,0.6487646399809135,0.01717016903106705,0.011300000000000001,0.011635530470167917,-0.011635530470167917,0,2,2,2026-04-07T00:10:18.980Z,Ball,Four-Seam Fastball
825091,fc52d622-9bdf-36f3-9e57-ebc09421fecd,2026-05-06,109,AZ,Arizona Diamondbacks,fielding,pitcher,647336,Michael Soroka,693304,Nick Gonzales,647336,Michael Soroka,PIT,AZ,3,Top,2,1,1B--,1,2,Ball,Strike,-0.4462148904449175,1.5548804852925031,1.54,3.051,0.13571381862583642,1.628565823510037,0.7634017898077984,0.4159350031549534,0.4346631289014593,0.018728125746505897,0.011300000000000001,0.011623524939456233,-0.011623524939456233,0,2,2,2026-05-07T02:17:01.837Z,Ball,Sinker
822907,acd810d1-8c73-34bb-bd55-65c739c94ee8,2026-04-29,140,TEX,Texas Rangers,fielding,pitcher,543135,Nathan Eovaldi,641355,Cody Bellinger,543135,Nathan Eovaldi,NYY,TEX,1,Top,2,2,-2B-,0,2,Ball,Strike,0.6891529502789626,2.698185259873183,1.688,3.345,0.1400137163877041,1.6801645966524492,0.7756022125318295,0.5295085182061473,0.5477444202451806,0.018235902039033247,0.011300000000000001,0.01160811097059756,-0.01160811097059756,0,2,2,2026-04-29T18:42:02.248Z,Ball,Four-Seam Fastball
825015,7cdf0eaa-192f-3f9c-a7b7-c263be1beae2,2026-04-29,118,KC,Kansas City Royals,fielding,pitcher,608379,Michael Wacha,701762,Nick Kurtz,608379,Michael Wacha,ATH,KC,1,Bot,0,0,---,0,2,Ball,Strike,-0.6539276771526447,1.8206002700863178,1.722,3.413,0.17523898951402206,2.1028678741682647,0.8586137705143916,0.5614668385079068,0.5768323426514265,0.01536550414351967,0.011300000000000001,0.011595369055334556,-0.011595369055334556,0,2,2,2026-04-30T01:52:18.457Z,Ball,Changeup
822915,1442d23e-fefb-317a-9ce1-a23f80ae9479,2026-04-08,140,TEX,Texas Rangers,fielding,pitcher,669022,MacKenzie Gore,677594,Julio Rodríguez,669022,MacKenzie Gore,SEA,TEX,1,Top,1,1,1B--,3,1,Ball,Strike,0.6963463015582337,3.3028451109396064,1.705,3.378,0.13282036510843298,1.5938443813011958,0.7549382691508173,0.45585865700603345,0.4748117737160945,0.018953116710061058,0.011300000000000001,0.011539235565511162,-0.011539235565511162,0,2,2,2026-04-08T18:44:29.088Z,Ball,Four-Seam Fastball
824620,4d1396bd-98c2-3088-92a9-c5be226399ff,2026-04-05,145,CWS,Chicago White Sox,batting,hitter,682668,Luisangel Acuña,682668,Luisangel Acuña,608723,Austin Voth,CWS,TOR,4,Bot,0,0,---,3,0,Strike,Ball,0.2755919972187091,3.3175538946620255,1.518,3.008,0.18872056132869242,2.264646735944309,0.8828322959975691,0.7960879699357376,0.81063316310803,0.014545193172292414,0.011300000000000001,0.011516971228795608,-0.011516971228795608,0,2,2,2026-04-05T19:27:13.441Z,Called Strike,Cutter
823142,5a3f5205-98bb-3513-8791-ffc6cb3c5ed1,2026-05-05,136,SEA,Seattle Mariners,batting,hitter,660844,Leo Rivas,660844,Leo Rivas,663158,Robert Suarez,SEA,ATL,8,Bot,0,0,---,0,0,Strike,Ball,0.2863545037147513,3.3093701011462064,1.517,3.007,0.1815367678128732,2.1784412137544784,0.8704099481640554,0.5980872775796326,0.6129753018146759,0.014888024235043207,0.011300000000000001,0.011494316816942983,-0.011494316816942983,0,2,2,2026-05-06T03:36:24.567Z,Called Strike,Four-Seam Fastball
824203,d864badd-695c-3282-a176-681d6e064c7f,2026-04-25,147,NYY,New York Yankees,batting,hitter,641857,Ryan McMahon,641857,Ryan McMahon,681347,Mike Burrows,NYY,HOU,5,Top,0,0,---,1,0,Strike,Ball,-0.1532540960438208,3.592752896450594,1.674,3.317,0.15491956311726085,1.8590347574071302,0.8143781097479609,0.4978855008889535,0.5145652109072923,0.016679710018338845,0.011300000000000001,0.011486063356030873,-0.011486063356030873,0,2,2,2026-04-26T00:21:21.436Z,Called Strike,Four-Seam Fastball
824781,5c43ad0e-1b17-399a-812d-a02b81fd6b53,2026-04-05,111,BOS,Boston Red Sox,fielding,pitcher,624133,Ranger Suarez,609280,Miguel Andujar,624133,Ranger Suarez,SD,BOS,4,Top,1,3,1B2B-,0,1,Ball,Strike,0.30122937233947095,1.5855325723662996,1.61,3.191,0.09636590569963288,1.1563908683955946,0.6322437141005686,0.7697823835097325,0.7945126736048481,0.024730290095115626,0.011300000000000001,0.011479924429856833,-0.011479924429856833,0,2,2,2026-04-05T18:40:49.882Z,Ball,Cutter
824769,80a4f8ee-248b-3234-a198-7fe40c9ce3cd,2026-05-03,111,BOS,Boston Red Sox,fielding,pitcher,676477,Garrett Whitlock,572233,Christian Walker,676477,Garrett Whitlock,HOU,BOS,8,Top,0,0,---,0,0,Ball,Strike,0.04252855737249263,1.6505820951728587,1.604,3.179,0.16741542850619195,2.0089851420743035,0.8427252694088831,0.49289888464345155,0.5085993451418744,0.015700460498422886,0.011300000000000001,0.011453970347697334,-0.011453970347697334,0,2,2,2026-05-03T20:03:21.643Z,Ball,Sinker
824121,eabc2294-9668-3e42-9eae-6eb93770c0d7,2026-04-25,118,KC,Kansas City Royals,fielding,pitcher,666142,Cole Ragans,672724,Oswald Peraza,666142,Cole Ragans,LAA,KC,2,Top,1,0,---,1,2,Ball,Strike,-0.6920127794723722,3.0266368393272094,1.608,3.187,0.13715388719429455,1.6458466463315347,0.7675381741914624,0.5222177568705623,0.5405512344005149,0.018333477529952624,0.011300000000000001,0.011444825238283564,-0.011444825238283564,0,2,2,2026-04-25T23:28:07.545Z,Ball,Four-Seam Fastball
822917,18c9ff2d-a786-3923-b915-498b495eda0d,2026-04-05,140,TEX,Texas Rangers,batting,hitter,664059,Sam Haggerty,664059,Sam Haggerty,656271,Brock Burke,TEX,CIN,9,Bot,1,0,---,3,0,Strike,Ball,-0.88843739029738,2.361693708942875,1.59,3.151,0.059270723630713285,0.7112486835685594,0.487085767409097,0.17580648073233163,0.21110724636470116,0.03530076563236953,0.011300000000000001,0.011398569689894184,-0.011398569689894184,0,2,2,2026-04-05T21:28:28.774Z,Called Strike,Four-Seam Fastball
824698,cbeb6439-6af7-37ae-923d-9395285f29eb,2026-04-01,112,CHC,Chicago Cubs,fielding,pitcher,571510,Matthew Boyd,672724,Oswald Peraza,571510,Matthew Boyd,LAA,CHC,5,Top,1,0,---,2,2,Ball,Strike,0.21849406986765943,1.7252076924336166,1.608,3.187,0.23804102576694985,2.8564923092033982,0.94314181173363,0.9445054715297382,0.9579461243581551,0.013440652828416888,0.022600000000000002,0.01139144660465588,-0.01139144660465588,1,1,2,2026-04-01T19:40:48.324Z,Ball,Four-Seam Fastball
823966,d1dd417e-f09d-32c9-9636-c9e503433d8f,2026-04-12,140,TEX,Texas Rangers,batting,hitter,694497,Evan Carter,694497,Evan Carter,808963,Roki Sasaki,TEX,LAD,1,Top,0,1,1B--,2,0,Strike,Ball,-0.8704693241611796,2.0208908109594064,1.673,3.316,0.041302657494512895,0.49563188993415475,0.41601414973008116,0.5440321422399808,0.5872694525275087,0.043237310287527975,0.011300000000000001,0.011388292767831557,-0.011388292767831557,0,2,2,2026-04-12T20:12:06.114Z,Called Strike,Four-Seam Fastball
824056,8ccc4647-3b88-3de2-be7b-b87bcec2d8e5,2026-04-03,108,LAA,Los Angeles Angels,fielding,pitcher,672282,Reid Detmers,641487,J.P. Crawford,672282,Reid Detmers,SEA,LAA,4,Top,2,3,1B2B-,0,0,Ball,Strike,-0.5955409878559905,2.9218349873233587,1.625,3.219,0.2336256788106762,2.8035081457281144,0.939232666381921,0.4982837468451588,0.5111259772621284,0.01284223041696958,0.011300000000000001,0.011375171446937057,-0.011375171446937057,0,2,2,2026-04-04T02:57:19.881Z,Ball,Curveball
823957,5aecc7d5-dbd1-3c61-ae9d-5816288d69a0,2026-05-08,144,ATL,Atlanta Braves,batting,hitter,573262,Mike Yastrzemski,573262,Mike Yastrzemski,592779,Brock Stewart,ATL,LAD,8,Top,2,3,1B2B-,0,0,Strike,Ball,-0.15777445675500532,3.367683417450174,1.577,3.125,0.12185008411684084,1.46220100940209,0.7210349983902122,0.12754205567838872,0.1476501905438138,0.020108134865425065,0.011300000000000001,0.01134636447213133,-0.01134636447213133,0,2,2,2026-05-09T04:33:30.646Z,Called Strike,Four-Seam Fastball
824372,0b5a28b6-8d59-3d1b-8065-7ce761d17b45,2026-04-18,115,COL,Colorado Rockies,fielding,pitcher,677955,Jaden Hill,518692,Freddie Freeman,677955,Jaden Hill,LAD,COL,8,Top,1,3,1B2B-,0,1,Ball,Strike,-0.5302715924275304,1.6095537416130319,1.707,3.382,0.02338707494636516,0.2806448993563819,0.34846193993203856,0.6454087703866481,0.6990682760590256,0.05365950567237743,0.011300000000000001,0.011335915363622898,-0.011335915363622898,0,2,2,2026-04-19T02:23:19.014Z,Ball,Slider
824769,5cdeaf03-222e-381d-9c24-a1990fdd34b4,2026-05-03,111,BOS,Boston Red Sox,batting,hitter,678882,Ceddanne Rafaela,678882,Ceddanne Rafaela,675989,Cody Bolton,BOS,HOU,2,Bot,1,0,---,1,0,Strike,Ball,1.0102356335280067,2.8496288373727405,1.57,3.11,0.18106896686134,2.17282760233608,0.869563344211126,0.5269982322529212,0.541706322534287,0.014708090281365771,0.011300000000000001,0.011315681961609305,-0.011315681961609305,0,2,2,2026-05-03T18:12:34.773Z,Called Strike,Four-Seam Fastball
824453,4376d2ea-02b9-3c30-91d8-bc214e1dc405,2026-04-16,114,CLE,Cleveland Guardians,fielding,pitcher,800048,Parker Messick,621493,Taylor Ward,800048,Parker Messick,BAL,CLE,1,Top,0,0,---,2,2,Ball,Strike,0.7268066214900074,1.6540303287011002,1.61,3.19,0.10236004517665931,1.2283205421199117,0.6542470936787217,0.49818101187545205,0.521443117536349,0.023262105660896926,0.011300000000000001,0.011312157180058707,-0.011312157180058707,0,2,2,2026-04-16T22:11:44.803Z,Ball,Four-Seam Fastball
823717,4e6e4643-fc11-39b6-a560-0390d2c497cc,2026-04-29,142,MIN,Minnesota Twins,batting,hitter,668885,Austin Martin,668885,Austin Martin,678606,Jose A. Ferrer,MIN,SEA,7,Bot,1,1,1B--,1,1,Strike,Ball,0.980802701435636,2.68352478402024,1.579,3.13,0.15163603476896925,1.819632417227631,0.8063048798110639,0.5795227853061322,0.5989638474563865,0.019441062150254318,0.022600000000000002,0.011297913564190278,-0.011297913564190278,1,1,2,2026-04-29T19:43:08.468Z,Called Strike,Sinker
824213,13d4101a-5dfd-31b7-a750-4cf24737a125,2026-03-28,117,HOU,Houston Astros,fielding,pitcher,664299,Cristian Javier,660162,Yoán Moncada,664299,Cristian Javier,LAA,HOU,2,Top,0,1,1B--,0,1,Ball,Strike,0.6324891798018578,1.7198925528658173,1.624,3.217,0.1966774868648089,2.360129842377707,0.8953730977199028,0.46737783966203494,0.4812809279741052,0.013903088312070266,0.011300000000000001,0.01126616725408663,-0.01126616725408663,0,2,2,2026-03-28T23:30:49.402Z,Ball,Sweeper
824929,6f5ed3fd-06e1-3cb5-a129-801bf6df2479,2026-04-30,116,DET,Detroit Tigers,batting,hitter,650402,Gleyber Torres,650402,Gleyber Torres,607481,Aaron Bummer,DET,ATL,8,Top,1,7,1B2B3B,1,0,Strike,Ball,0.8295992322216443,2.15837426118363,1.579,3.13,0.0004325655549776153,0.005190786659731383,0.27030435629132477,0.6415663301884836,0.7136424018931599,0.07207607170467623,0.011300000000000001,0.011236915392231844,-0.011236915392231844,0,2,2,2026-04-30T18:33:26.529Z,Called Strike,Curveball
823968,d7d69a27-65ab-3f8b-a6c8-13b3cc783670,2026-04-10,140,TEX,Texas Rangers,fielding,pitcher,676395,Robert Garcia,681624,Andy Pages,676395,Robert Garcia,LAD,TEX,6,Bot,1,3,1B2B-,0,0,Ball,Strike,-0.560239747297483,1.5898465116656197,1.633,3.237,0.07767984499895308,0.932158139987437,0.5604226465184718,0.5143438715412497,0.5432276475277671,0.028883775986517368,0.011300000000000001,0.01121989808546948,-0.01121989808546948,0,2,2,2026-04-11T03:51:24.663Z,Ball,Changeup
824132,3c73962b-1f34-3055-9323-abb9ddee03d7,2026-04-04,118,KC,Kansas City Royals,fielding,pitcher,679883,Luinder Avila,669003,Garrett Mitchell,679883,Luinder Avila,MIL,KC,3,Top,2,5,1B-3B,1,1,Ball,Strike,-0.6919087118837199,2.64662415113418,1.662,3.293,0.13725795478294678,1.6470954573953613,0.7678351312002265,0.2812182709001482,0.3026548088777329,0.021436537977584658,0.022600000000000002,0.011212800915622474,-0.011212800915622474,1,1,2,2026-04-04T18:55:23.884Z,Ball,Four-Seam Fastball
824769,f0b9970c-ff96-376d-afec-288f3291ed53,2026-05-03,111,BOS,Boston Red Sox,fielding,pitcher,547973,Aroldis Chapman,621043,Carlos Correa,547973,Aroldis Chapman,HOU,BOS,9,Top,1,1,1B--,1,0,Ball,Strike,-0.07268236510732162,1.5889305741837594,1.684,3.337,0.025763907517092788,0.30916689020511345,0.3571449659869618,0.45633185345271593,0.5079774647516464,0.05164561129893047,0.011300000000000001,0.011180708206385042,-0.011180708206385042,0,2,2,2026-05-03T20:28:53.631Z,Ball,Sinker
823635,474e5cb6-17c2-325e-bc95-01244feba638,2026-04-26,115,COL,Colorado Rockies,fielding,pitcher,500779,Jose Quintana,665742,Juan Soto,500779,Jose Quintana,NYM,COL,1,Bot,0,1,1B--,1,1,Ball,Strike,-0.7247078605891702,1.636863597243766,1.645,3.259,0.10445880607749647,1.2535056729299576,0.6618033434749809,0.40904488154475394,0.4316785251111104,0.022633643566356443,0.011300000000000001,0.011157398768502969,-0.011157398768502969,0,2,2,2026-04-26T17:50:02.766Z,Ball,Curveball
822825,16a031bb-ba3b-3b66-a8c0-f20cf545d4c1,2026-04-27,111,BOS,Boston Red Sox,batting,hitter,677800,Wilyer Abreu,677800,Wilyer Abreu,656302,Dylan Cease,BOS,TOR,5,Top,2,5,1B-3B,0,0,Strike,Ball,-0.08347085240005636,3.531758651467677,1.573,3.117,0.29392531813434397,3.5271038176121277,0.975938936084832,0.7455586911997504,0.7572621049736473,0.011703413773896942,0.011300000000000001,0.011149927164816152,-0.011149927164816152,0,2,2,2026-04-28T00:19:10.159Z,Called Strike,Four-Seam Fastball
823396,e7f07787-3358-3892-a560-b2c422b19491,2026-04-16,120,WSH,Washington Nationals,fielding,pitcher,656492,Foster Griffin,695257,Billy Cook,656492,Foster Griffin,PIT,WSH,3,Bot,0,0,---,1,2,Ball,Strike,0.557738747575009,1.6089420478628642,1.615,3.2,0.11477538119619757,1.3773045743543708,0.6977077594913937,0.44862588225316885,0.4694822622292431,0.020856379976074257,0.011300000000000001,0.011135755826460687,-0.011135755826460687,0,2,2,2026-04-16T17:14:18.840Z,Ball,Splitter
823965,bede59c2-6c9d-3a3a-80f8-6a2b31aeca9e,2026-04-14,121,NYM,New York Mets,fielding,pitcher,690997,Nolan McLean,669257,Will Smith,690997,Nolan McLean,LAD,NYM,1,Bot,1,1,1B--,0,0,Ball,Strike,-0.09773537520459799,1.6845043492061844,1.583,3.138,0.2223376825395178,2.6680521904742136,0.9280692779319498,0.5449013124352506,0.5577511208441625,0.012849808408911811,0.011300000000000001,0.011112695252253715,-0.011112695252253715,0,2,2,2026-04-15T02:20:48.296Z,Ball,Sinker
823974,3c445c88-c6bf-3a38-88a6-b343c2bf3070,2026-03-26,119,LAD,Los Angeles Dodgers,fielding,pitcher,808967,Yoshinobu Yamamoto,691783,Jordan Lawlar,808967,Yoshinobu Yamamoto,AZ,LAD,5,Top,0,0,---,2,0,Ball,Strike,-0.6569316988716501,2.6414068677668308,1.626,3.223,0.17223496779501657,2.066819613540199,0.8526777697514073,0.2283307283918274,0.24331464939383507,0.014983921002007683,0.011300000000000001,0.011111715140314084,-0.011111715140314084,0,2,2,2026-03-27T01:37:35.172Z,Ball,Cutter
824459,6d072c6d-c171-36d8-a0a1-19fe9f6c9ee3,2026-04-05,112,CHC,Chicago Cubs,batting,hitter,807713,Matt Shaw,807713,Matt Shaw,677944,Slade Cecconi,CHC,CLE,3,Top,0,1,1B--,3,0,Strike,Ball,0.10049966562908706,3.2927937946326695,1.567,3.105,0.06696046129933642,0.803525535592037,0.517834276225396,0.5719980036734095,0.6039510577533141,0.031953054079904675,0.011300000000000001,0.011097913954005348,-0.011097913954005348,0,2,2,2026-04-05T17:41:29.020Z,Called Strike,Four-Seam Fastball
824121,5683368d-3ba0-3547-abca-4f8872b80f5c,2026-04-25,108,LAA,Los Angeles Angels,fielding,pitcher,700712,Walbert Urena,677951,Bobby Witt Jr.,700712,Walbert Urena,KC,LAA,1,Bot,1,0,---,1,0,Ball,Strike,0.6382266564971495,2.8005187856766036,1.634,3.238,0.19094001016951723,2.2912801220342067,0.8864559092942611,0.4608617915986746,0.4747736470870257,0.01391185548835111,0.011300000000000001,0.011049198281921791,-0.011049198281921791,0,2,2,2026-04-25T23:18:50.400Z,Ball,Sweeper
823568,a9278092-a4a4-3109-ad5d-b427b0df63a4,2026-04-03,146,MIA,Miami Marlins,fielding,pitcher,691587,Eury Pérez,663757,Trent Grisham,691587,Eury Pérez,NYY,MIA,1,Bot,0,0,---,1,1,Ball,Strike,0.5324476143098996,1.7293314501136343,1.584,3.138,0.2661647834469676,3.193977401363611,0.9629822173058348,0.5495761584918881,0.5614668385079068,0.011890680016018673,0.011300000000000001,0.011032212462655774,-0.011032212462655774,0,2,2,2026-04-03T17:49:40.929Z,Ball,Slider
823064,34524105-0e88-3495-99dd-4476cf37f07f,2026-05-04,158,MIL,Milwaukee Brewers,batting,hitter,683734,Andrew Vaughn,683734,Andrew Vaughn,681517,Kyle Leahy,MIL,STL,6,Top,0,1,1B--,1,1,Strike,Ball,-0.06317035382944268,1.3598594550895922,1.579,3.128,0.09830721157707445,1.1796865389248934,0.6394356125670863,0.09657390727210391,0.12019216203325828,0.023618254761154367,0.011300000000000001,0.011027975622972318,-0.011027975622972318,0,2,2,2026-05-05T01:21:31.545Z,Called Strike,Four-Seam Fastball
824125,b0679764-9ffc-33d1-8f43-dcf8d549aad3,2026-04-20,110,BAL,Baltimore Orioles,fielding,pitcher,689296,Anthony Nunez,679845,Nick Loftin,689296,Anthony Nunez,KC,BAL,10,Bot,0,0,---,1,1,Ball,Strike,0.7161283954772095,1.991728084774793,1.606,3.182,0.1130382711894572,1.3564592542734863,0.6918137233581998,0.3542900185891663,0.3802942486837037,0.026004230094537395,0.022600000000000002,0.011025073392660583,-0.011025073392660583,0,1,1,2026-04-21T02:40:31.546Z,Ball,Sweeper
823158,6075b036-e87c-3e37-bd25-bce0ca132621,2026-03-31,147,NYY,New York Yankees,fielding,pitcher,608331,Max Fried,645302,Victor Robles,608331,Max Fried,SEA,NYY,5,Bot,1,0,---,1,1,Ball,Strike,0.5512645005225529,3.1047389880547014,1.614,3.199,0.21509434527863158,2.581132143343579,0.9199383375104841,0.7385240183765237,0.7524695234739424,0.013945505097418653,0.022600000000000002,0.01101961120280024,-0.01101961120280024,1,1,2,2026-04-01T02:56:48.876Z,Ball,Curveball
822838,9b9d107f-8b4b-319b-b219-b94de61a8585,2026-03-28,133,ATH,Athletics,fielding,pitcher,605488,Jeffrey Springs,664702,Myles Straw,605488,Jeffrey Springs,TOR,ATH,3,Bot,0,0,---,2,1,Ball,Strike,-0.5762322067257474,1.5713147292294092,1.551,3.073,0.1411480625627426,1.6937767507529111,0.7787452126146972,0.43127024503269396,0.44862588225316885,0.017355637220474895,0.011300000000000001,0.011015440299868354,-0.011015440299868354,0,2,2,2026-03-28T19:46:58.389Z,Ball,Four-Seam Fastball
824047,ae0f0a79-1dfe-3623-bf51-f58ec95ad35c,2026-04-19,108,LAA,Los Angeles Angels,batting,hitter,694384,Nolan Schanuel,694384,Nolan Schanuel,650633,Michael King,LAA,SD,1,Bot,0,3,1B2B-,1,0,Strike,Ball,-0.07442006363037988,3.546851225563671,1.66,3.29,0.1360178922303379,1.6322147067640547,0.7642794093548642,0.6358042236557353,0.6536832684174287,0.01787904476169344,0.011300000000000001,0.011000943096006206,-0.011000943096006206,0,2,2,2026-04-19T20:20:08.984Z,Called Strike,Four-Seam Fastball
824541,126de496-38e8-39c7-91cd-3976de0c50a2,2026-03-26,113,CIN,Cincinnati Reds,fielding,pitcher,671096,Andrew Abbott,678882,Ceddanne Rafaela,671096,Andrew Abbott,BOS,CIN,2,Top,1,3,1B2B-,1,0,Ball,Strike,0.6075694705377086,1.5368894087336404,1.57,3.11,0.08772274206697372,1.0526729048036847,0.5995436169595507,0.42889797631198573,0.4547796914414386,0.025881715129452865,0.011300000000000001,0.010992059973471819,-0.010992059973471819,0,2,2,2026-03-26T20:30:10.953Z,Ball,Four-Seam Fastball
824364,4c208cd0-2424-3598-9425-6dc856274f55,2026-05-03,115,COL,Colorado Rockies,batting,hitter,666397,Edouard Julien,666397,Edouard Julien,641755,Tyler Kinley,COL,ATL,8,Bot,1,0,---,2,1,Strike,Ball,-0.43000047844193956,3.4744810415955336,1.633,3.235,0.11864770826220061,1.4237724991464074,0.7106130508017813,0.060230096952995756,0.08023028267491901,0.020000185721923254,0.011300000000000001,0.010942320466518237,-0.010942320466518237,0,2,2,2026-05-03T21:54:04.549Z,Called Strike,Four-Seam Fastball
824846,6ad78576-cc13-3575-98ba-680cb3da4d32,2026-05-08,110,BAL,Baltimore Orioles,fielding,pitcher,694346,Trey Gibson,666126,Carlos Cortes,694346,Trey Gibson,ATH,BAL,8,Top,1,3,1B2B-,0,1,Ball,Strike,-0.6080260967332732,1.4959722596488272,1.509,2.99,0.10780559298216064,1.2936671157859276,0.6736828055318086,0.21281620486391942,0.23448815796641378,0.021671953102494368,0.011300000000000001,0.010912637869951626,-0.010912637869951626,0,2,2,2026-05-09T01:07:50.303Z,Ball,Curveball
824609,7639dc4c-2ed0-3fc6-a412-72a966e0f819,2026-04-27,108,LAA,Los Angeles Angels,batting,hitter,669326,Bryce Teodosio,669326,Bryce Teodosio,641743,Anthony Kay,LAA,CWS,4,Top,0,1,1B--,1,0,Strike,Ball,0.09007084226340872,1.386932371324518,1.674,3.317,0.1662342953421485,1.994811544105782,0.8402042695573068,0.8330444267305224,0.8481782699226598,0.015133843192137397,0.011300000000000001,0.010909827910842189,-0.010909827910842189,0,2,2,2026-04-28T03:34:17.717Z,Called Strike,Four-Seam Fastball
824619,6355b1c0-e932-3a53-94b1-b69268d05364,2026-04-06,110,BAL,Baltimore Orioles,fielding,pitcher,687064,Brandon Young,808959,Munetaka Murakami,687064,Brandon Young,CWS,BAL,1,Bot,0,1,1B--,0,1,Ball,Strike,0.3020701458469372,1.758906430786975,1.664,3.296,0.21573976412030849,2.588877169443702,0.9206956268122569,0.42193602719083667,0.43475528584125817,0.012819258650421494,0.011300000000000001,0.010906495961396768,-0.010906495961396768,0,2,2,2026-04-06T23:50:25.153Z,Ball,Curveball
824852,fc3f71c1-f35c-32af-9a50-d5672313b885,2026-04-26,110,BAL,Baltimore Orioles,fielding,pitcher,680694,Kyle Bradish,701350,Roman Anthony,680694,Kyle Bradish,BOS,BAL,1,Top,2,0,---,3,2,Ball,Strike,0.6485631222717684,1.6650910156081742,1.679,3.326,0.10692434894150749,1.2830921872980898,0.670575605322635,0.5259350125143663,0.5477444202451806,0.0218094077308143,0.011300000000000001,0.010902361130964731,-0.010902361130964731,0,2,2,2026-04-26T17:43:45.503Z,Ball,Curveball
823799,48dbeedf-6c67-3c5a-a647-02d1fe602336,2026-04-25,134,PIT,Pittsburgh Pirates,fielding,pitcher,656605,Mitch Keller,687401,Joey Ortiz,656605,Mitch Keller,MIL,PIT,3,Bot,1,0,---,3,2,Ball,Strike,-0.7690730218880514,1.84228649679715,1.583,3.137,0.06009364477861534,0.7211237373433841,0.4903757679822184,0.4429358973412232,0.4886349962023885,0.0456990988611653,0.022600000000000002,0.010892223056537389,-0.010892223056537389,1,1,2,2026-04-25T23:51:26.473Z,Ball,Four-Seam Fastball
822908,95e71aaf-2589-303a-9b12-a1cd88f508bc,2026-04-28,140,TEX,Texas Rangers,fielding,pitcher,594798,Jacob deGrom,663757,Trent Grisham,594798,Jacob deGrom,NYY,TEX,3,Top,1,0,---,1,0,Ball,Strike,0.29990938034539505,1.657002445839763,1.584,3.138,0.19383577917309625,2.326029350077155,0.8910365037569193,0.3955251388144353,0.40911690411423624,0.01359176529980094,0.011300000000000001,0.010879471525072435,-0.010879471525072435,0,2,2,2026-04-29T00:45:42.121Z,Ball,Curveball
824620,ded6990c-dcd0-3cb1-aa88-89392a96f62f,2026-04-05,145,CWS,Chicago White Sox,fielding,pitcher,663436,Davis Martin,680718,Addison Barger,663436,Davis Martin,TOR,CWS,1,Top,2,1,1B--,2,1,Ball,Strike,0.06015152227146263,1.6390604835076814,1.602,3.175,0.15789381684101467,1.894725802092176,0.8214644717742675,0.5135409868734773,0.5292401370340365,0.015699150160559228,0.011300000000000001,0.010878842624997916,-0.010878842624997916,0,2,2,2026-04-05T18:17:31.366Z,Ball,Curveball
824934,f9119515-778f-30f3-b78a-76b8e165cdd0,2026-04-26,144,ATL,Atlanta Braves,fielding,pitcher,519242,Chris Sale,656941,Kyle Schwarber,519242,Chris Sale,PHI,ATL,1,Top,1,0,---,2,2,Ball,Strike,-0.6105989038628662,1.5633789362861512,1.605,3.181,0.07921226961948458,0.9505472354338149,0.5664535925070964,0.5102640647087807,0.5380754570678175,0.027811392359036735,0.011300000000000001,0.010854788709730959,-0.010854788709730959,0,2,2,2026-04-26T17:39:16.597Z,Ball,Slider
825093,1e9a3fab-b6fb-4d42-93cc-169dbd4c6342,2026-04-25,135,SD,San Diego Padres,fielding,pitcher,695243,Mason Miller,677950,Alek Thomas,695243,Mason Miller,AZ,SD,9,Bot,0,0,---,0,2,Ball,Strike,-0.7508202,1.5052395,1.551,3.073,0.07507283333333348,0.9008740000000017,0.5501224198429476,0.9237474261099146,0.9527136679275063,0.028966241817591776,0.011300000000000001,0.010851362386674878,-0.010851362386674878,0,2,2,2026-04-26T00:56:05.793Z,Ball,Cutter
823552,36ac86a9-2730-3334-b30c-b1de6ae5fb80,2026-05-04,110,BAL,Baltimore Orioles,batting,hitter,668939,Adley Rutschman,668939,Adley Rutschman,693645,Cam Schlittler,BAL,NYY,1,Top,1,0,---,1,0,Strike,Ball,-1.0112234357596646,1.9042564264159572,1.642,3.253,0.18205676909299784,2.184681229115974,0.8713455284218994,0.4773387433609229,0.4914397990574897,0.014101055696566778,0.011300000000000001,0.010833096298399077,-0.010833096298399077,0,2,2,2026-05-04T23:12:21.298Z,Called Strike,Four-Seam Fastball
824117,39d8b3c7-bf24-31e2-b45d-d49db9630f58,2026-05-07,114,CLE,Cleveland Guardians,fielding,pitcher,677944,Slade Cecconi,695506,Jac Caglianone,677944,Slade Cecconi,KC,CLE,4,Bot,1,0,---,2,1,Ball,Strike,-0.19719995790635714,1.80830806727252,1.717,3.402,0.2121414006058533,2.5456968072702395,0.9163887358944288,0.8648118392518592,0.8776637499023175,0.01285191065045832,0.011300000000000001,0.010832538870408692,-0.010832538870408692,0,2,2,2026-05-07T19:24:08.789Z,Ball,Sinker
824125,e2010a42-e35e-32ef-ba5f-7df893aebb58,2026-04-20,118,KC,Kansas City Royals,fielding,pitcher,668674,Lucas Erceg,687637,Dylan Beavers,668674,Lucas Erceg,BAL,KC,9,Top,1,1,1B--,0,0,Ball,Strike,0.7604069513537447,1.9999045075428554,1.725,3.417,0.06875971531292202,0.8251165837550642,0.5250179515885969,0.8051517725721066,0.8462077872087007,0.04105601463659414,0.022600000000000002,0.010820550410798397,-0.010820550410798397,1,1,2,2026-04-21T02:17:53.152Z,Ball,Four-Seam Fastball
825022,2a1e25a0-8688-37f3-8ffa-0a0ebbf2041a,2026-04-14,133,ATH,Athletics,batting,hitter,680869,Zack Gelof,680869,Zack Gelof,669022,MacKenzie Gore,ATH,TEX,3,Bot,0,0,---,1,0,Strike,Ball,0.9859960148636502,2.6373052181716443,1.661,3.292,0.15682934819698346,1.8819521783638016,0.8189529321030016,0.4325980062170179,0.44830746330856625,0.015709457091548362,0.011300000000000001,0.01081947407963374,-0.01081947407963374,0,2,2,2026-04-15T02:20:03.224Z,Called Strike,Four-Seam Fastball
823394,62f35671-eccb-3275-8c11-d8b9914c22f5,2026-04-18,139,TB,Tampa Bay Rays,batting,hitter,666018,Jonathan Aranda,666018,Jonathan Aranda,694973,Paul Skenes,TB,PIT,3,Top,1,0,---,2,2,Strike,Ball,0.008091531550809812,3.4048566780979357,1.61,3.189,0.0950233447646025,1.14028013717523,0.6272351027522898,0.24382285285518773,0.2745022937096677,0.03067944085447999,0.022600000000000002,0.010818735558944302,-0.010818735558944302,1,1,2,2026-04-18T20:15:26.015Z,Called Strike,Sinker
823233,0985be00-9044-3f21-8415-800a4f769a6b,2026-04-23,137,SF,San Francisco Giants,batting,hitter,650333,Luis Arraez,650333,Luis Arraez,607192,Tyler Glasnow,SF,LAD,4,Bot,0,0,---,1,0,Strike,Ball,0.2655840515637157,3.406453648411717,1.577,3.124,0.16162031507838392,1.939443780940607,0.8300420122784783,0.2101183279143577,0.22544442829365427,0.015326100379296576,0.011300000000000001,0.010800781937960083,-0.010800781937960083,0,2,2,2026-04-23T20:45:52.065Z,Called Strike,Four-Seam Fastball
823320,32d4310f-3437-3223-82d3-54c7c2f58fd7,2026-03-30,135,SD,San Diego Padres,batting,hitter,657757,Gavin Sheets,657757,Gavin Sheets,694738,Landen Roupp,SD,SF,2,Bot,1,1,1B--,1,2,Strike,Ball,0.36057858892258243,3.5498895318614503,1.691,3.351,0.07805619852811718,0.9366743823374062,0.5619055321718456,0.5233865108687661,0.5513994570670073,0.02801294619824124,0.011300000000000001,0.010790161954765877,-0.010790161954765877,0,2,2,2026-03-31T02:01:36.471Z,Called Strike,Sinker
824689,f042ddda-53af-3319-a90f-b89e86fdb637,2026-04-23,112,CHC,Chicago Cubs,fielding,pitcher,571948,Hoby Milner,656941,Kyle Schwarber,571948,Hoby Milner,PHI,CHC,8,Top,0,0,---,0,1,Ball,Strike,-0.6864366470675655,2.072298929727822,1.605,3.181,0.14273001959910125,1.712760235189215,0.7830755959697577,0.7508558225472305,0.7677003450866876,0.01684452253945712,0.011300000000000001,0.010739288760869662,-0.010739288760869662,0,2,2,2026-04-23T20:16:25.430Z,Ball,Sinker
824457,b170ebd1-b585-3108-a228-159c10ffeb63,2026-04-07,118,KC,Kansas City Royals,batting,hitter,672580,Maikel Garcia,672580,Maikel Garcia,668909,Gavin Williams,KC,CLE,1,Top,0,0,---,2,0,Strike,Ball,-0.6927608525225937,3.495572746965335,1.646,3.262,0.1127394136320019,1.3528729635840229,0.6907932906204108,0.504224569918625,0.5247999652396521,0.020575395321027146,0.011300000000000001,0.010719309223638788,-0.010719309223638788,0,2,2,2026-04-07T17:11:22.427Z,Called Strike,Sinker
824134,2f7776b5-cdda-3ac2-801b-486544cc7da4,2026-04-04,118,KC,Kansas City Royals,batting,hitter,686469,Vinnie Pasquantino,686469,Vinnie Pasquantino,687075,Brandon Sproat,KC,MIL,6,Bot,0,0,---,0,0,Strike,Ball,-1.0978495413422378,2.605924452130749,1.697,3.363,0.26868287467557106,3.2241944961068527,0.9643919476506969,0.5685237823204976,0.5800415106731567,0.011517728352659073,0.011300000000000001,0.010705233486985412,-0.010705233486985412,0,2,2,2026-04-05T00:51:00.310Z,Called Strike,Cutter
823470,65d40bec-4ee6-3660-a24d-07dbe6eaa3ed,2026-05-06,143,PHI,Philadelphia Phillies,batting,hitter,592663,J.T. Realmuto,592663,J.T. Realmuto,686993,Justin Sterner,PHI,ATH,6,Bot,1,1,1B--,2,1,Strike,Ball,-0.695524225844254,3.3508333040080753,1.615,3.2,0.029999970674742027,0.3599996480969043,0.37285212397119316,0.39425125653127263,0.4419242479860488,0.04767299145477616,0.011300000000000001,0.010688205120848317,-0.010688205120848317,0,2,2,2026-05-07T00:17:01.561Z,Called Strike,Cutter
825020,a9677403-9e6a-3bd7-95ff-62933ae0106f,2026-04-18,133,ATH,Athletics,fielding,pitcher,678022,Jack Perkins,682668,Luisangel Acuña,678022,Jack Perkins,CWS,ATH,11,Top,0,0,---,1,2,Ball,Strike,0.6118518261388555,3.067779900653998,1.518,3.008,0.06105343267933527,0.7326411921520233,0.494213989009603,0.3741416975026955,0.41881832393102647,0.04467662642833098,0.022600000000000002,0.010649049914254331,-0.010649049914254331,0,1,1,2026-04-18T23:22:47.487Z,Ball,Four-Seam Fastball
822827,4c370c61-e21a-37fe-bafa-2f5d4235071d,2026-04-24,141,TOR,Toronto Blue Jays,batting,hitter,672820,Lenyn Sosa,672820,Lenyn Sosa,681870,Erik Sabrowski,TOR,CLE,8,Bot,1,0,---,1,0,Strike,Ball,0.4602743436970206,3.3632452174483403,1.591,3.153,0.08941188411500711,1.0729426093800853,0.6060145810007349,0.11989773203946551,0.15208481618636066,0.032187084146895154,0.022600000000000002,0.010601771843532672,-0.010601771843532672,1,1,2,2026-04-25T01:31:49.328Z,Called Strike,Four-Seam Fastball
823724,88753b30-69eb-3352-a1a4-238c71795745,2026-04-09,116,DET,Detroit Tigers,fielding,pitcher,676684,Will Vest,665019,Kody Clemens,676684,Will Vest,MIN,DET,8,Bot,1,3,1B2B-,0,0,Ball,Strike,-0.5554108874630499,1.6147571399473966,1.621,3.211,0.11459047328072991,1.375085679368759,0.697083407035629,0.3062543227480113,0.33121252374370275,0.02495820099569146,0.022600000000000002,0.010552032782561845,-0.010552032782561845,1,1,2,2026-04-09T20:06:05.011Z,Ball,Changeup
823068,437d04dc-5162-38bf-8708-934f51480ddc,2026-04-26,138,STL,St. Louis Cardinals,fielding,pitcher,700241,Michael McGreevy,668227,Randy Arozarena,700241,Michael McGreevy,SEA,STL,2,Top,0,0,---,1,1,Ball,Strike,-0.24403842993946587,1.6949294411408895,1.579,3.128,0.2367627744742229,2.8411532936906747,0.9420350733255085,0.495510016248579,0.5074008756209322,0.01189085937235318,0.011300000000000001,0.010546602909316282,-0.010546602909316282,0,2,2,2026-04-26T18:34:13.990Z,Ball,Changeup
824283,1f5a55ab-a447-362b-9247-e4918e1a060d,2026-05-04,116,DET,Detroit Tigers,batting,hitter,679529,Spencer Torkelson,679529,Spencer Torkelson,801139,Payton Tolle,DET,BOS,7,Bot,0,0,---,0,0,Strike,Ball,1.124479813743964,2.8454486619858694,1.631,3.232,0.2953131470772973,3.5437577649275673,0.9764548889693956,0.11909417748216122,0.1301342042133668,0.011040026731205577,0.011300000000000001,0.010514028321392671,-0.010514028321392671,0,2,2,2026-05-05T00:10:39.094Z,Called Strike,Four-Seam Fastball
824460,25544ec9-ad8a-3297-8eac-49e3c753abad,2026-04-05,114,CLE,Cleveland Guardians,fielding,pitcher,681870,Erik Sabrowski,666185,Dylan Carlson,681870,Erik Sabrowski,CHC,CLE,7,Top,1,0,---,2,1,Ball,Strike,-0.7162412534239985,1.7577082349134336,1.651,3.272,0.11292541324266825,1.355104958912019,0.6914285955057422,0.5116640037173281,0.5369248593533184,0.02526085563599023,0.022600000000000002,0.01049236419209581,-0.01049236419209581,1,1,2,2026-04-05T22:33:16.265Z,Ball,Four-Seam Fastball
823564,785aff7b-a564-37d1-8a26-ba8cc15f86a6,2026-04-08,133,ATH,Athletics,fielding,pitcher,663687,Hogan Harris,592450,Aaron Judge,663687,Hogan Harris,NYY,ATH,7,Bot,2,1,1B--,2,0,Ball,Strike,-0.76493305070317,1.978669361691913,1.778,3.523,0.06423361596349675,0.770803391561961,0.506934019280059,0.4160612956430042,0.45873825236417354,0.042676956721169335,0.022600000000000002,0.010491110037032831,-0.010491110037032831,1,1,2,2026-04-09T01:18:25.711Z,Ball,Changeup
824041,277d4ac1-407a-322b-8ea8-66925573590d,2026-05-01,108,LAA,Los Angeles Angels,fielding,pitcher,700712,Walbert Ureña,665742,Juan Soto,700712,Walbert Ureña,NYM,LAA,4,Top,0,1,1B--,1,0,Ball,Strike,-0.7648783032866274,2.2291534282114616,1.645,3.259,0.06428836338003929,0.7714603605604715,0.5071529654857302,0.7502825402848358,0.781896134753371,0.03161359446853529,0.011300000000000001,0.010463756694369702,-0.010463756694369702,0,2,2,2026-05-02T02:26:58.808Z,Ball,Sinker
823565,d72020b7-a071-3266-828d-280d18ac46ac,2026-04-09,133,ATH,Athletics,fielding,pitcher,605488,Jeffrey Springs,642708,Amed Rosario,605488,Jeffrey Springs,NYY,ATH,3,Bot,2,2,-2B-,3,0,Ball,Strike,-0.6771612469175553,1.7736731889241895,1.651,3.271,0.15200541974911141,1.824065036989337,0.8072262420806311,0.4508736051857073,0.46652108669683456,0.01564748151112727,0.011300000000000001,0.010452714233764553,-0.010452714233764553,0,2,2,2026-04-09T18:18:29.355Z,Ball,Four-Seam Fastball
823146,1629e6da-5adb-36ea-878a-b592922aeeaa,2026-05-01,118,KC,Kansas City Royals,batting,hitter,686469,Vinnie Pasquantino,686469,Vinnie Pasquantino,693433,Bryan Woo,KC,SEA,1,Top,0,3,1B2B-,2,0,Strike,Ball,-0.9549636088493064,2.3196180363212338,1.697,3.363,0.1257969421826397,1.5095633061916764,0.7335581937745402,0.6056195683213358,0.623968577368012,0.018349009046676246,0.011300000000000001,0.01044927352348483,-0.01044927352348483,0,2,2,2026-05-02T01:49:59.682Z,Called Strike,Four-Seam Fastball
823162,5a868100-142b-34c5-8064-6103a666090d,2026-03-27,114,CLE,Cleveland Guardians,batting,hitter,677587,Brayan Rocchio,677587,Brayan Rocchio,669923,George Kirby,CLE,SEA,5,Top,1,6,-2B3B,1,1,Strike,Ball,0.3673535272195086,3.244833298098652,1.548,3.068,0.055999964765318655,0.6719995771838239,0.4740232687891316,0.29069089271713244,0.337748532961362,0.04705764024422954,0.022600000000000002,0.010419342324707046,-0.010419342324707046,1,1,2,2026-03-28T03:06:12.528Z,Called Strike,Four-Seam Fastball
824776,718d7d49-7047-3c3f-bc0a-631de26b7411,2026-04-20,111,BOS,Boston Red Sox,fielding,pitcher,677161,Zack Kelly,663837,Matt Vierling,677161,Zack Kelly,DET,BOS,4,Top,1,3,1B2B-,0,0,Ball,Strike,0.7336838837195172,1.6922868393635684,1.652,3.274,0.09548278294714951,1.1457933953657942,0.6289522378670214,0.5539224895921611,0.5771486612761868,0.023226171684025743,0.011300000000000001,0.010415312945648975,-0.010415312945648975,0,2,2,2026-04-20T16:22:32.479Z,Ball,Cutter
822821,d3107882-12aa-3ce9-b3da-40766ec6ff26,2026-04-29,111,BOS,Boston Red Sox,fielding,pitcher,678394,Brayan Bello,665489,Vladimir Guerrero Jr.,678394,Brayan Bello,TOR,BOS,3,Bot,2,3,1B2B-,1,0,Ball,Strike,0.534678759884905,1.598605285711979,1.619,3.209,0.10043861904531237,1.2052634285437485,0.6472602460942691,0.5488935382227818,0.5711103479262806,0.02221680970349882,0.011300000000000001,0.010394098496981433,-0.010394098496981433,0,2,2,2026-04-29T19:52:22.025Z,Ball,Sinker
824685,4e03cf94-c424-3efd-8feb-4c73e80cf063,2026-05-02,112,CHC,Chicago Cubs,fielding,pitcher,676962,Ben Brown,678489,Jorge Barrosa,676962,Ben Brown,AZ,CHC,8,Top,0,0,---,1,1,Ball,Strike,0.22717418417054697,1.446587590677151,1.493,2.958,0.07442092401048428,0.8930510881258114,0.5475396599094335,0.7364835211248046,0.7647785468482045,0.028295025723399814,0.011300000000000001,0.010379846918695607,-0.010379846918695607,0,2,2,2026-05-02T20:23:43.245Z,Ball,Changeup
823000,65269e9b-7c80-3cc4-a179-d6d29e22b20e,2026-04-08,112,CHC,Chicago Cubs,fielding,pitcher,607067,Colin Rea,641584,Jake Fraley,607067,Colin Rea,TB,CHC,3,Bot,2,1,1B--,3,2,Ball,Strike,0.8029578668580007,1.6199491131803203,1.6,3.17,0.026208799808665972,0.31450559770399167,0.358780925158883,0.4508736051857073,0.4999999999999998,0.049126394814292484,0.011300000000000001,0.010379837835487786,-0.010379837835487786,0,2,2,2026-04-08T23:20:30.384Z,Ball,Splitter
825021,6de21a1d-235e-314b-8590-1fe818bfef31,2026-04-15,140,TEX,Texas Rangers,batting,hitter,592626,Joc Pederson,592626,Joc Pederson,669372,J.T. Ginn,TEX,ATH,2,Top,0,2,-2B-,1,2,Strike,Ball,-0.0014231672843660241,3.3892651410547106,1.633,3.237,0.031431807721377325,0.3771816926565279,0.3782245197515059,0.41535660421872733,0.4611943409828405,0.04583773676411318,0.011300000000000001,0.01031089304729467,-0.01031089304729467,0,2,2,2026-04-16T02:01:47.830Z,Called Strike,Sinker
825102,f0ccc321-c954-3ebb-9e6f-bd09e48dc90a,2026-04-05,144,ATL,Atlanta Braves,batting,hitter,660670,Ronald Acuña Jr.,660670,Ronald Acuña Jr.,657044,Ryan Thompson,ATL,AZ,7,Top,1,2,-2B-,0,0,Strike,Ball,-0.8837442141696376,2.170837693266472,1.615,3.201,0.054577547502970836,0.65493057003565,0.4683525543470418,0.31473864373708893,0.36235956977056744,0.047620926033478506,0.022600000000000002,0.010288150076394343,-0.010288150076394343,1,1,2,2026-04-05T22:05:40.658Z,Called Strike,Sinker
823798,16449316-26ab-35ef-ab52-928813b89bc5,2026-04-28,109,AZ,Arizona Diamondbacks,fielding,pitcher,518876,Merrill Kelly,686217,Sal Frelick,518876,Merrill Kelly,MIL,AZ,4,Bot,1,1,1B--,2,1,Ball,Strike,-0.44580804556899584,1.5091122804483343,1.546,3.063,0.08394561378166765,1.0073473653800118,0.5849505928563268,0.28823583598828123,0.3137939210960947,0.02555808510781349,0.011300000000000001,0.010260158735364448,-0.010260158735364448,0,2,2,2026-04-29T00:50:26.791Z,Ball,Changeup
823870,39a54cd3-0139-36a9-8ead-93964158ce39,2026-05-07,146,MIA,Miami Marlins,fielding,pitcher,676974,Max Meyer,683002,Gunnar Henderson,676974,Max Meyer,BAL,MIA,5,Top,0,0,---,2,0,Ball,Strike,-0.7621904712607814,3.31600593150597,1.68,3.329,0.06697619540588529,0.8037143448706234,0.5178971322984611,0.603294105909081,0.6335670428791657,0.030272936970084707,0.011300000000000001,0.010230504838031545,-0.010230504838031545,0,2,2,2026-05-07T23:56:08.905Z,Ball,Sinker
825023,92953ea0-3760-3ada-943b-f757e8c7a3cd,2026-04-16,140,TEX,Texas Rangers,fielding,pitcher,676395,Robert Garcia,643446,Jeff McNeil,676395,Robert Garcia,ATH,TEX,6,Bot,2,2,-2B-,1,2,Ball,Strike,-0.7757476605170031,1.5892449175285108,1.622,3.214,0.05341900614966366,0.6410280737959639,0.4637397926300586,0.4649783397462869,0.4999999999999999,0.035021660253713005,0.011300000000000001,0.010181197120336896,-0.010181197120336896,0,2,2,2026-04-16T21:00:00.934Z,Ball,Four-Seam Fastball
824698,2282b894-de7c-3d30-8cf0-586db3e880b6,2026-04-01,112,CHC,Chicago Cubs,batting,hitter,807713,Matt Shaw,807713,Matt Shaw,579328,Yusei Kikuchi,CHC,LAA,2,Bot,1,1,1B--,0,0,Strike,Ball,-0.4761322823896865,3.445111247378882,1.567,3.105,0.21927791404554897,2.6313349685465877,0.9247318424616081,0.5471031283656513,0.5599479975191072,0.01284486915345584,0.022600000000000002,0.010176999158085839,-0.010176999158085839,1,1,2,2026-04-01T18:45:57.547Z,Called Strike,Splitter
823466,7dc0d42b-7fdd-36a4-819e-a68f24dc94af,2026-05-08,115,COL,Colorado Rockies,fielding,pitcher,801403,Chase Dollander,656941,Kyle Schwarber,801403,Chase Dollander,PHI,COL,1,Bot,1,0,---,1,2,Ball,Strike,0.5492017387619376,1.6083798810080778,1.605,3.181,0.1242132143414112,1.4905585720969343,0.7285763281052429,0.5762328646080505,0.594380782393889,0.018147917785838574,0.011300000000000001,0.010155055810751342,-0.010155055810751342,0,2,2,2026-05-08T22:55:39.145Z,Ball,Four-Seam Fastball
825012,50bae83c-5ff8-3f49-877d-e4db39a82128,2026-05-01,133,ATH,Athletics,fielding,pitcher,669372,J.T. Ginn,800050,Chase DeLauter,669372,J.T. Ginn,CLE,ATH,1,Top,0,1,1B--,1,0,Ball,Strike,-0.7555813087301526,3.3770173609087837,1.685,3.339,0.0735853579365141,0.8830242952381693,0.5442255529862866,0.4410077206509786,0.46912924963986674,0.028121528988888145,0.011300000000000001,0.01015420341354258,-0.01015420341354258,0,2,2,2026-05-02T01:42:31.996Z,Ball,Sinker
823474,b0cb5fd4-05a6-34ea-9fc0-af708185f7b8,2026-04-18,144,ATL,Atlanta Braves,fielding,pitcher,519242,Chris Sale,666969,Adolis García,519242,Chris Sale,PHI,ATL,3,Bot,2,1,1B--,0,1,Ball,Strike,-0.5096643416643156,1.7907279170638184,1.623,3.216,0.28856125039715175,3.462735004765821,0.9738390959517038,0.7066619937789353,0.7173812124427392,0.010719218663803876,0.011300000000000001,0.01014317599712165,-0.01014317599712165,0,2,2,2026-04-19T00:19:26.123Z,Ball,Changeup
824215,60ec47d8-aaf9-3f91-85af-d9ea35c0a2e2,2026-03-29,108,LAA,Los Angeles Angels,batting,hitter,518595,Travis d'Arnaud,518595,Travis d'Arnaud,685005,Christian Roa,LAA,HOU,5,Top,2,5,1B-3B,0,0,Strike,Ball,0.2490653111475067,3.5685080975369523,1.612,3.195,0.25267476420361934,3.032097170443432,0.9544704981887076,0.7455586911997504,0.7572621049736473,0.011703413773896942,0.022600000000000002,0.010141596434344787,-0.010141596434344787,1,1,2,2026-03-29T19:58:36.271Z,Called Strike,Sinker
823068,c718b313-fa26-3665-b881-38fcbe2a2052,2026-04-26,138,STL,St. Louis Cardinals,batting,hitter,802139,JJ Wetherholt,802139,JJ Wetherholt,678606,Jose A. Ferrer,STL,SEA,9,Bot,2,0,---,0,0,Strike,Ball,0.42874970766445747,3.376365201647988,1.563,3.096,0.1595318683146547,1.9143824197758565,0.8252759427919294,0.03780603843637529,0.0524851460132444,0.014679107576869112,0.011300000000000001,0.010139932498393612,-0.010139932498393612,0,2,2,2026-04-26T20:49:41.773Z,Called Strike,Sinker
823639,725b3eda-1c42-3d1f-82e6-8f16a24c91a4,2026-04-23,142,MIN,Minnesota Twins,batting,hitter,680777,Ryan Jeffers,680777,Ryan Jeffers,656849,David Peterson,MIN,NYM,7,Top,1,0,---,1,0,Strike,Ball,-0.5457546256306713,3.6459921716079453,1.658,3.285,0.24015883827461204,2.8819060592953445,0.9449318558802703,0.04093192285588267,0.05230291890199032,0.011370996046107647,0.011300000000000001,0.010122546368502768,-0.010122546368502768,0,2,2,2026-04-24T01:15:44.723Z,Called Strike,Four-Seam Fastball
824618,f1862723-cf82-37e0-9e82-0eb8abe21498,2026-04-07,110,BAL,Baltimore Orioles,fielding,pitcher,669432,Trevor Rogers,695657,Colson Montgomery,669432,Trevor Rogers,CWS,BAL,4,Bot,0,0,---,1,2,Ball,Strike,-0.6064156156099211,1.8693073809453953,1.686,3.34,0.22275105105674564,2.6730126126809477,0.9285095516665982,0.214687792543636,0.22732275797623752,0.012634965432601508,0.022600000000000002,0.010116001956812913,-0.010116001956812913,1,1,2,2026-04-07T20:35:20.003Z,Ball,Changeup
824044,55d071ce-2e3d-38ff-96ce-6ce6094b3d50,2026-04-22,108,LAA,Los Angeles Angels,fielding,pitcher,667755,José Soriano,662139,Daulton Varsho,667755,José Soriano,TOR,LAA,2,Top,0,1,1B--,1,1,Ball,Strike,0.5260237983852295,1.498689045763779,1.532,3.037,0.08752237909711225,1.050268549165347,0.5987736861686395,0.45347574301132687,0.4779228143678224,0.024447071356495542,0.011300000000000001,0.010104405685862222,-0.010104405685862222,0,2,2,2026-04-22T19:27:26.257Z,Ball,Splitter
824786,1282e511-2c71-3199-9040-0b65b313cea5,2026-04-03,135,SD,San Diego Padres,batting,hitter,669134,Luis Campusano,669134,Luis Campusano,543243,Sonny Gray,SD,BOS,5,Top,2,1,1B--,1,0,Strike,Ball,1.0286633754712071,2.0647319832452538,1.574,3.119,0.1994967088045404,2.393960505654485,0.899524045132306,0.3216536851159349,0.3341334879576425,0.012479802841707632,0.011300000000000001,0.010090504444621553,-0.010090504444621553,0,2,2,2026-04-03T19:31:19.949Z,Called Strike,Cutter
824285,7ee42131-ae16-3c32-8e5d-93da2a459616,2026-05-03,116,DET,Detroit Tigers,fielding,pitcher,663947,Tyler Holton,457705,Andrew McCutchen,663947,Tyler Holton,TEX,DET,1,Top,0,1,1B--,1,0,Ball,Strike,-0.218850883542814,1.5313084508133057,1.579,3.13,0.07314178414663908,0.8777014097596689,0.5424645938666208,0.4410077206509786,0.46912924963986674,0.028121528988888145,0.011300000000000001,0.010084783712558427,-0.010084783712558427,0,2,2,2026-05-03T23:23:02.589Z,Ball,Changeup
822830,48a702a4-c8f7-34dc-b633-997caa08a5e3,2026-04-11,142,MIN,Minnesota Twins,batting,hitter,605170,Victor Caratini,605170,Victor Caratini,641778,Eric Lauer,MIN,TOR,3,Top,1,7,1B2B3B,0,0,Strike,Ball,1.0144884328723982,3.0330252150808215,1.615,3.201,0.1853217662057315,2.223861194468778,0.8770890329848245,0.7726840312585549,0.7857525413215904,0.013068510063035554,0.011300000000000001,0.01007335292646882,-0.01007335292646882,0,2,2,2026-04-11T19:50:52.136Z,Called Strike,Four-Seam Fastball
824783,e963a670-c4ca-3b09-ad39-74a6d7e2e7fd,2026-04-06,111,BOS,Boston Red Sox,fielding,pitcher,676477,Garrett Whitlock,592885,Christian Yelich,676477,Garrett Whitlock,MIL,BOS,8,Top,2,1,1B--,2,1,Ball,Strike,-0.7721790356188288,3.3393936679513665,1.7,3.368,0.05698763104783788,0.6838515725740546,0.47796480641556927,0.5312403969034581,0.5646176634629886,0.03337726655953044,0.011300000000000001,0.010054161062302752,-0.010054161062302752,0,2,2,2026-04-07T01:32:09.008Z,Ball,Sinker
824704,96947a26-e2a8-3888-b287-b1b137250833,2026-03-26,112,CHC,Chicago Cubs,fielding,pitcher,676962,Ben Brown,696285,Jacob Young,676962,Ben Brown,WSH,CHC,4,Top,2,3,1B2B-,2,1,Ball,Strike,0.5390752986495126,1.6291848573766143,1.609,3.188,0.1410181907099477,1.6922182885193724,0.7783869722212107,0.17810063863516004,0.1942337579279055,0.016133119292745468,0.011300000000000001,0.010053582664863427,-0.010053582664863427,0,2,2,2026-03-26T19:29:23.468Z,Ball,Sinker
824460,76f92b01-7766-3e7e-a147-a326fd976f9a,2026-04-05,112,CHC,Chicago Cubs,fielding,pitcher,657097,Jacob Webb,656555,Rhys Hoskins,657097,Jacob Webb,CLE,CHC,8,Bot,1,1,1B--,2,1,Ball,Strike,0.7923728427561884,2.974409955223221,1.683,3.334,0.03679382391047836,0.44152588692574035,0.39860073002397356,0.3423448387332222,0.40158928326011073,0.05924444452688854,0.022600000000000002,0.01002325533682438,-0.01002325533682438,1,1,2,2026-04-05T23:05:57.855Z,Ball,Sweeper
824771,e37aafe6-1cf5-3bc0-9ddb-11abf031801b,2026-05-02,111,BOS,Boston Red Sox,fielding,pitcher,813349,Connelly Early,670541,Yordan Alvarez,813349,Connelly Early,HOU,BOS,1,Top,0,1,1B--,0,1,Ball,Strike,-0.6501710362711729,2.6103417962652435,1.712,3.392,0.17899563039549382,2.147947564745926,0.8657543743072871,0.46912924963986674,0.48245042781269054,0.0133211781728238,0.011300000000000001,0.010015892703721302,-0.010015892703721302,0,2,2,2026-05-02T20:15:31.316Z,Ball,Four-Seam Fastball
823406,89e93598-383d-3c57-8655-abfe9bac9f8a,2026-04-03,110,BAL,Baltimore Orioles,batting,hitter,621493,Taylor Ward,621493,Taylor Ward,642397,Gregory Soto,BAL,PIT,9,Top,1,0,---,0,0,Strike,Ball,-0.3438618788928626,3.5428559442002463,1.61,3.19,0.23202261086691323,2.7842713304029587,0.9377521551826546,0.03178643743604332,0.04395967740121741,0.012173239965174089,0.022600000000000002,0.01000868072002562,-0.01000868072002562,1,1,2,2026-04-03T22:51:27.999Z,Called Strike,Sweeper
822754,677ab643-23c8-3b7b-9ffd-bc4598915200,2026-04-07,138,STL,St. Louis Cardinals,batting,hitter,691026,Masyn Winn,691026,Masyn Winn,676917,Cade Cavalli,STL,WSH,4,Top,0,1,1B--,2,1,Strike,Ball,-0.3298649881808455,3.2729139765809205,1.555,3.081,0.07108064324758745,0.8529677189710494,0.5342687633050812,0.5387443454486898,0.5771101776747104,0.038365832226020635,0.022600000000000002,0.00997213978726111,-0.00997213978726111,1,1,2,2026-04-07T23:49:27.174Z,Called Strike,Sinker
822833,8ef92475-664f-378b-b676-0829db4865b5,2026-04-08,119,LAD,Los Angeles Dodgers,batting,hitter,571970,Max Muncy,571970,Max Muncy,656302,Dylan Cease,LAD,TOR,4,Top,1,1,1B--,1,0,Strike,Ball,0.05854233399858047,3.3569387364657928,1.579,3.128,0.10810540313245953,1.2972648375895144,0.6747364624483388,0.4998915764473107,0.5255520216959011,0.025660445248590402,0.022600000000000002,0.009963082103215629,-0.009963082103215629,1,1,2,2026-04-08T20:10:02.087Z,Called Strike,Changeup
823805,8d8da4a1-36ff-3524-8cfb-4e92ce44a220,2026-04-11,158,MIL,Milwaukee Brewers,fielding,pitcher,690986,Kyle Harrison,695578,James Wood,690986,Kyle Harrison,WSH,MIL,1,Top,0,0,---,1,2,Ball,Strike,-0.710059453365899,3.380869764950654,1.761,3.489,0.11910721330076768,1.4292865596092121,0.7121226041554599,0.502912061664889,0.521443117536349,0.018531055871459978,0.011300000000000001,0.0099433691918911,-0.0099433691918911,0,2,2,2026-04-11T23:12:16.137Z,Ball,Four-Seam Fastball
823068,96ee3d48-014a-38da-9c2f-b6798dd898aa,2026-04-26,136,SEA,Seattle Mariners,batting,hitter,608701,Rob Refsnyder,608701,Rob Refsnyder,668941,JoJo Romero,SEA,STL,9,Top,1,0,---,0,0,Strike,Ball,1.0563203194324302,1.8856871730015892,1.608,3.187,0.2271536527657635,2.725843833189162,0.9330466095741075,0.4372510002317218,0.44871229658410905,0.01146129635238724,0.011300000000000001,0.009937350391106414,-0.009937350391106414,0,2,2,2026-04-26T20:38:41.292Z,Called Strike,Sinker
824932,806ad927-996d-3c4a-a5f6-e2d3ec2397bb,2026-04-24,144,ATL,Atlanta Braves,fielding,pitcher,606303,Joel Payamps,596117,Garrett Stubbs,606303,Joel Payamps,PHI,ATL,8,Top,2,1,1B--,1,2,Ball,Strike,-0.3217797463265365,1.5235559563256709,1.551,3.073,0.09338928965900428,1.1206714759080514,0.6211020834174544,0.909264847855365,0.9390296209425317,0.02976477308716674,0.022600000000000002,0.00992386966212151,-0.00992386966212151,1,1,2,2026-04-25T01:33:15.305Z,Ball,Sweeper
824780,31821165-1023-33cc-ae5b-8673ba2037fb,2026-04-07,158,MIL,Milwaukee Brewers,batting,hitter,682641,Luis Matos,682641,Luis Matos,676979,Garrett Crochet,MIL,BOS,2,Top,1,2,-2B-,1,2,Strike,Ball,0.917819179751864,2.1064350641990566,1.599,3.168,0.08865251308519728,1.0638301570223674,0.6031099454847778,0.4783294044023055,0.502177577823967,0.02384817342166151,0.011300000000000001,0.00989821295622779,-0.00989821295622779,0,2,2,2026-04-07T23:04:57.644Z,Called Strike,Four-Seam Fastball
825023,a01aeaff-33a8-3d89-ad83-0af73f36b964,2026-04-16,133,ATH,Athletics,fielding,pitcher,682052,Jacob Lopez,607043,Brandon Nimmo,682052,Jacob Lopez,TEX,ATH,5,Top,1,2,-2B-,3,0,Ball,Strike,0.6729256708643842,1.7991080463515796,1.65,3.27,0.15624099580228257,1.8748919496273908,0.8175529881042639,0.31493640260894756,0.3295652178682033,0.014628815259255745,0.011300000000000001,0.00989818039320797,-0.00989818039320797,0,2,2,2026-04-16T20:15:42.772Z,Ball,Slider
822758,861ffe70-4a2f-3799-9beb-63dd9012250b,2026-04-03,120,WSH,Washington Nationals,batting,hitter,691781,Brady House,691781,Brady House,686218,Emmet Sheehan,WSH,LAD,3,Bot,1,1,1B--,0,0,Strike,Ball,0.9863123367966308,2.3848506732879002,1.701,3.371,0.15714567012996405,1.8857480415595687,0.8197021330160693,0.3208996261978538,0.33545233039069494,0.01455270419284116,0.011300000000000001,0.009891516771105377,-0.009891516771105377,0,2,2,2026-04-03T17:52:43.022Z,Called Strike,Slider
822917,ea95ee2f-8210-3443-922d-8da2efcd0d43,2026-04-05,113,CIN,Cincinnati Reds,batting,hitter,680574,Matt McLain,680574,Matt McLain,676395,Robert Garcia,CIN,TEX,8,Top,0,0,---,3,0,Strike,Ball,-0.14221656449879946,3.206774375700857,1.538,3.047,0.038941042367523604,0.46729250841028325,0.4068643416311133,0.5259433246590133,0.5667233276859525,0.04078000302693918,0.011300000000000001,0.009889496143701996,-0.009889496143701996,0,2,2,2026-04-05T20:47:41.014Z,Called Strike,Four-Seam Fastball
824700,b07f201a-e6ec-3182-b673-2199e386be79,2026-03-29,112,CHC,Chicago Cubs,fielding,pitcher,664208,Phil Maton,683083,Nasim Nuñez,664208,Phil Maton,WSH,CHC,6,Top,0,7,1B2B3B,1,2,Ball,Strike,-0.7884627170864015,2.704871716645169,1.537,3.045,0.04070394958026524,0.4884473949631829,0.4136887756424783,0.20942240252589353,0.24930818924409925,0.039885786718205724,0.011300000000000001,0.009874985437751551,-0.009874985437751551,0,2,2,2026-03-29T19:59:02.439Z,Ball,Cutter
824136,c1bc52dc-854e-4d7e-a0a6-acc7acbfd119,2026-04-01,118,KC,Kansas City Royals,fielding,pitcher,702070,Noah Cameron,668885,Austin Martin,702070,Noah Cameron,MIN,KC,5,Top,1,1,1B--,2,1,Ball,Strike,-0.7005873853649145,3.0171383163977565,1.579,3.13,0.12857928130175222,1.5429513756210267,0.7421682063236487,0.8792484548583845,0.896470391904216,0.017221937045831415,0.011300000000000001,0.009868074858180729,-0.009868074858180729,0,2,2,2026-04-02T01:05:17.226Z,Ball,Four-Seam Fastball
824200,22cc9a93-39e7-3d6c-9cb1-5072a4202a31,2026-05-05,117,HOU,Houston Astros,fielding,pitcher,663567,Peter Lambert,500743,Miguel Rojas,663567,Peter Lambert,LAD,HOU,7,Top,1,1,1B--,0,0,Ball,Strike,0.5227609645539651,1.5780396892523785,1.585,3.141,0.11387302258571186,1.3664762710285423,0.694654008772706,0.8012484064694575,0.8203299136009718,0.019081507131514353,0.011300000000000001,0.009804635721463001,-0.009804635721463001,0,2,2,2026-05-06T01:49:54.773Z,Ball,Sinker
824044,87fcbaef-7e0f-323d-bfe6-7d16d5d44dd6,2026-04-22,108,LAA,Los Angeles Angels,batting,hitter,545361,Mike Trout,545361,Mike Trout,641778,Eric Lauer,LAA,TOR,3,Bot,1,3,1B2B-,0,0,Strike,Ball,0.946096459787247,2.2333190078543836,1.637,3.244,0.11692979312058027,1.4031575174469633,0.7049280861863941,0.5945883794066479,0.6132213997728404,0.01863302036619252,0.011300000000000001,0.009800626760518452,-0.009800626760518452,0,2,2,2026-04-22T19:51:00.452Z,Called Strike,Curveball
824371,e446c8a3-9915-3360-8d79-2e7b08e83629,2026-04-19,119,LAD,Los Angeles Dodgers,batting,hitter,660271,Shohei Ohtani,660271,Shohei Ohtani,547179,Michael Lorenzen,LAD,COL,3,Top,1,1,1B--,0,0,Strike,Ball,0.17604970075995596,3.69274941742799,1.7,3.369,0.20291608409465667,2.43499300913588,0.9043618143391193,0.609564164921943,0.6215791984794912,0.012015033557548183,0.011300000000000001,0.009785226049481727,-0.009785226049481727,0,2,2,2026-04-19T19:43:57.737Z,Called Strike,Cutter
823873,44aa7c50-7663-30f2-86b8-fb2f391c3713,2026-05-05,110,BAL,Baltimore Orioles,fielding,pitcher,664991,Grant Wolfram,669065,Kyle Stowers,664991,Grant Wolfram,MIA,BAL,7,Bot,1,0,---,0,0,Ball,Strike,-0.593366307744027,2.4415943301753393,1.663,3.295,0.23580035892263973,2.8296043070716768,0.9411884844149538,0.681160734327934,0.692251626711046,0.011090892383112005,0.011300000000000001,0.009774050066759521,-0.009774050066759521,0,2,2,2026-05-06T01:00:24.141Z,Ball,Sinker
823231,a0892bef-6b6b-38ec-b235-d431d77b0c89,2026-04-22,137,SF,San Francisco Giants,batting,hitter,672275,Patrick Bailey,672275,Patrick Bailey,676263,Jack Dreyer,SF,LAD,7,Bot,1,6,-2B3B,0,0,Strike,Ball,0.9339141965470791,2.4039284004312353,1.627,3.224,0.10474752988041236,1.2569703585649483,0.6628365224716594,0.681937185586433,0.7081662589357478,0.02622907334931479,0.022600000000000002,0.009765693174373397,-0.009765693174373397,1,1,2,2026-04-23T03:26:59.788Z,Called Strike,Slider
823638,5a808193-f821-3a59-9fef-ca7ff615c082,2026-04-24,115,COL,Colorado Rockies,fielding,pitcher,547179,Michael Lorenzen,682626,Francisco Alvarez,547179,Michael Lorenzen,NYM,COL,6,Bot,0,1,1B--,1,1,Ball,Strike,-0.01488817915330575,1.4964661814042797,1.575,3.121,0.042299514737613064,0.5075941768513568,0.41989419067511163,0.5302174256760629,0.5690482717509403,0.03883084607487741,0.011300000000000001,0.009749651040469248,-0.009749651040469248,0,2,2,2026-04-25T00:45:28.804Z,Ball,Curveball
822904,7ce23fc1-b8aa-3dd1-9c0d-4bcdba8f27c7,2026-05-08,140,TEX,Texas Rangers,batting,hitter,677649,Ezequiel Duran,677649,Ezequiel Duran,676962,Ben Brown,TEX,CHC,4,Bot,0,0,---,1,0,Strike,Ball,0.30334215007270904,3.392280287710717,1.578,3.126,0.14544695437738397,1.7453634525286077,0.7903690310321971,0.2101183279143577,0.22544442829365427,0.015326100379296576,0.011300000000000001,0.009744445156950651,-0.009744445156950651,0,2,2,2026-05-09T01:20:18.808Z,Called Strike,Four-Seam Fastball
824054,cd7f8650-b229-37d9-87de-3a74415cff7f,2026-04-04,108,LAA,Los Angeles Angels,fielding,pitcher,686799,Jack Kochanowicz,686527,Dominic Canzone,686799,Jack Kochanowicz,SEA,LAA,2,Top,0,0,---,1,2,Ball,Strike,-0.6510095258405565,3.225669408522706,1.619,3.209,0.10416392481062742,1.249967097727529,0.6607465349797756,0.6076297534169421,0.6281658282992321,0.020536074882289923,0.011300000000000001,0.009735576165829736,-0.009735576165829736,0,2,2,2026-04-05T01:57:50.592Z,Ball,Changeup
824780,bcc79a70-55bd-3e0a-ada3-01b63f5bd85f,2026-04-07,111,BOS,Boston Red Sox,fielding,pitcher,677161,Zack Kelly,592885,Christian Yelich,677161,Zack Kelly,MIL,BOS,7,Top,1,7,1B2B3B,1,0,Ball,Strike,0.8042900772445677,1.5981221238657284,1.7,3.368,0.018955457199061776,0.2274654863887413,0.33254147045840543,0.6217886798011318,0.6964255266917087,0.07463684689057681,0.022600000000000002,0.009735284047731238,-0.009735284047731238,1,1,2,2026-04-08T00:44:32.179Z,Ball,Cutter
822917,395c74c9-76a2-34ca-8d60-4d0d42e5718d,2026-04-05,113,CIN,Cincinnati Reds,batting,hitter,670770,TJ Friedl,670770,TJ Friedl,683004,Jack Leiter,CIN,TEX,1,Top,0,0,---,3,1,Strike,Ball,0.23038201552285908,3.219750270654792,1.536,3.044,0.054916937321458636,0.6590032478575036,0.46970490399070497,0.5018189881245473,0.5352892003736294,0.03347021224908209,0.011300000000000001,0.009728788246098586,-0.009728788246098586,0,2,2,2026-04-05T18:39:54.025Z,Called Strike,Cutter
824848,38e0e7e9-fe3b-38d5-87a1-65712901c4d7,2026-04-30,110,BAL,Baltimore Orioles,fielding,pitcher,605135,Chris Bassitt,670541,Yordan Alvarez,605135,Chris Bassitt,HOU,BAL,4,Top,0,0,---,2,0,Ball,Strike,0.7459251514556446,2.392640585169428,1.712,3.392,0.08324151521102208,0.9988981825322649,0.5822129067145738,0.4700142457147796,0.49479391721917154,0.02477967150439192,0.011300000000000001,0.009706050419879,-0.009706050419879,0,2,2,2026-04-30T17:25:12.016Z,Ball,Sinker
823714,04ccf9ee-8e39-38b0-9fb1-612e4dba20f8,2026-04-30,141,TOR,Toronto Blue Jays,batting,hitter,676914,Davis Schneider,676914,Davis Schneider,607455,Anthony Banda,TOR,MIN,7,Top,0,1,1B--,3,1,Strike,Ball,-0.38854096146251155,3.166560620770317,1.537,3.045,0.0007272874369839144,0.008727449243806973,0.2712354577661001,0.15995849016790167,0.22610307454871775,0.06614458438081608,0.011300000000000001,0.009705717296036013,-0.009705717296036013,0,2,2,2026-05-01T01:22:46.837Z,Called Strike,Four-Seam Fastball
823392,ecaed14d-d8f3-3b0f-996a-73f9177879a3,2026-04-29,138,STL,St. Louis Cardinals,fielding,pitcher,669467,Andre Pallante,668804,Bryan Reynolds,669467,Andre Pallante,PIT,STL,6,Bot,0,0,---,1,0,Ball,Strike,-0.5300616035825892,3.2782954364925483,1.657,3.284,0.12653789684078465,1.5184547620894158,0.7358688888015653,0.7247140330164772,0.7460130950649049,0.021299062048427686,0.022600000000000002,0.009703954009007448,-0.009703954009007448,1,1,2,2026-04-30T00:25:30.148Z,Ball,Four-Seam Fastball
824769,24efa228-f29e-3ec9-92c7-69153d49ec83,2026-05-03,111,BOS,Boston Red Sox,fielding,pitcher,669711,Greg Weissert,670623,Isaac Paredes,669711,Greg Weissert,HOU,BOS,5,Top,2,3,1B2B-,0,0,Ball,Strike,0.6680735480197568,2.553925989464986,1.605,3.181,0.1610931186469099,1.9331174237629187,0.8288487325625975,0.498422448365739,0.5124572331067435,0.014034784741004502,0.011300000000000001,0.009698704222327817,-0.009698704222327817,0,2,2,2026-05-03T19:05:36.511Z,Ball,Sinker
824119,3e5f279d-fb3d-3f3d-b184-ef0be1630269,2026-05-05,114,CLE,Cleveland Guardians,batting,hitter,608070,José Ramírez,608070,José Ramírez,668674,Lucas Erceg,CLE,KC,9,Top,0,0,---,0,0,Strike,Ball,-0.9606075185953337,2.869444712238182,1.532,3.035,0.13144085192866695,1.5772902231440034,0.75083182668664,0.06638181841556606,0.0830115928667305,0.01662977445116444,0.011300000000000001,0.009670563570113642,-0.009670563570113642,0,2,2,2026-05-06T01:42:04.594Z,Called Strike,Four-Seam Fastball
824049,b6f054ef-93a5-3154-86f2-54feb217eabd,2026-04-18,108,LAA,Los Angeles Angels,fielding,pitcher,579328,Yusei Kikuchi,592518,Manny Machado,579328,Yusei Kikuchi,SD,LAA,4,Top,1,0,---,1,2,Ball,Strike,0.72561974305963,1.6492736067798726,1.672,3.314,0.09810694011320598,1.1772832813584717,0.6386964968816886,0.5258561160315258,0.5473715483043444,0.021515432272818602,0.011300000000000001,0.009659101636307548,-0.009659101636307548,0,2,2,2026-04-19T02:33:21.003Z,Ball,Four-Seam Fastball
825023,b826f3c5-975f-3bc2-a765-a67e00b0bd57,2026-04-16,133,ATH,Athletics,fielding,pitcher,682052,Jacob Lopez,664059,Sam Haggerty,682052,Jacob Lopez,TEX,ATH,2,Top,2,1,1B--,0,2,Ball,Strike,0.07729518452123785,1.6219296107852577,1.59,3.151,0.15276294411859093,1.8331553294230911,0.8091053005771007,0.5363374285595244,0.5509120907247675,0.014574662165243168,0.011300000000000001,0.009635326308540009,-0.009635326308540009,0,2,2,2026-04-16T19:25:38.388Z,Ball,Slider
823065,7abad527-bbef-3ec0-bf91-9d5b4a65c058,2026-05-03,119,LAD,Los Angeles Dodgers,batting,hitter,687221,Dalton Rushing,687221,Dalton Rushing,669160,Dustin May,LAD,STL,4,Top,1,0,---,1,0,Strike,Ball,-0.13848028959804098,3.5546754636581497,1.611,3.192,0.24184213032481638,2.9021055638977966,0.946316637023593,0.7134679718149013,0.7242622050084982,0.010794233193596958,0.011300000000000001,0.009608140453379713,-0.009608140453379713,0,2,2,2026-05-03T19:09:29.271Z,Called Strike,Cutter
824459,70303a71-4604-3192-abea-aee19ba74252,2026-04-05,112,CHC,Chicago Cubs,fielding,pitcher,665795,Edward Cabrera,682177,Daniel Schneemann,665795,Edward Cabrera,CLE,CHC,5,Bot,0,1,1B--,0,1,Ball,Strike,0.4707901008307067,1.637413976918573,1.614,3.197,0.14424731025190618,1.7309677230228742,0.7871710812165286,0.3950248765301145,0.41027822093251753,0.015253344402403057,0.011300000000000001,0.00960202482315447,-0.00960202482315447,0,2,2,2026-04-05T18:18:42.034Z,Ball,Changeup
823401,b7911881-936d-322e-ae7b-bc5aa2bb819c,2026-04-06,134,PIT,Pittsburgh Pirates,fielding,pitcher,696149,Bubba Chandler,630105,Jake Cronenworth,696149,Bubba Chandler,SD,PIT,5,Top,0,0,---,2,0,Ball,Strike,-0.7274073556786188,1.6100280675983336,1.601,3.172,0.10175931098804791,1.221111731856575,0.6520696296944841,0.3349739079885861,0.3557099699970741,0.020736062008487988,0.011300000000000001,0.009589743090744292,-0.009589743090744292,0,2,2,2026-04-06T23:55:47.659Z,Ball,Four-Seam Fastball
823971,3dd1c97d-d03b-347f-81c2-f0e776b712fb,2026-03-27,109,AZ,Arizona Diamondbacks,batting,hitter,672515,Gabriel Moreno,672515,Gabriel Moreno,676508,Ben Casparius,AZ,LAD,6,Top,0,0,---,1,0,Strike,Ball,0.9451038361932264,1.992274924949471,1.55,3.072,0.11593716952655964,1.3912460343187156,0.7016138466529267,0.4977110590677691,0.5160904163212519,0.018379357253482775,0.011300000000000001,0.009523448008802492,-0.009523448008802492,0,2,2,2026-03-28T04:00:38.317Z,Called Strike,Four-Seam Fastball
823555,a44dbb4e-f880-3d3b-b7dd-acf27eb8b272,2026-05-03,110,BAL,Baltimore Orioles,fielding,pitcher,694346,Trey Gibson,592450,Aaron Judge,694346,Trey Gibson,NYY,BAL,5,Bot,2,0,---,2,2,Ball,Strike,-0.7018533126333508,1.8477234857424842,1.778,3.523,0.1273133540333159,1.5277602483997907,0.7382733797702603,0.4831064023359208,0.4999999999999999,0.016893597664079107,0.011300000000000001,0.009514582635342599,-0.009514582635342599,0,2,2,2026-05-03T19:21:25.152Z,Ball,Sinker
824291,44dfd49f-b4b9-3848-a00d-72070668accc,2026-04-15,116,DET,Detroit Tigers,fielding,pitcher,663947,Tyler Holton,663697,Jonathan India,663947,Tyler Holton,KC,DET,7,Top,1,0,---,0,2,Ball,Strike,-0.7009314489745454,1.5995200327197476,1.584,3.138,0.12823521769212132,1.5388226123054558,0.741113392523472,0.5477105103555049,0.5684241819984355,0.020713671642930587,0.022600000000000002,0.009500342133939993,-0.009500342133939993,1,1,2,2026-04-16T00:14:41.566Z,Ball,Changeup
824370,80696043-3bac-3744-86ca-862275761069,2026-04-20,115,COL,Colorado Rockies,fielding,pitcher,500779,Jose Quintana,669743,Alex Call,500779,Jose Quintana,LAD,COL,1,Top,0,1,1B--,2,1,Ball,Strike,-0.36603288623982955,3.2243089629261563,1.595,3.16,0.05652437040717695,0.6782924448861234,0.4761156733126984,0.4358886382063882,0.46827266051832483,0.032384022311936655,0.011300000000000001,0.009498647696054659,-0.009498647696054659,0,2,2,2026-04-21T00:47:17.376Z,Ball,Four-Seam Fastball
824539,c396a46b-3816-36f3-b789-40d060640103,2026-03-30,113,CIN,Cincinnati Reds,fielding,pitcher,683175,Connor Phillips,542303,Marcell Ozuna,683175,Connor Phillips,PIT,CIN,9,Top,0,0,---,2,0,Ball,Strike,0.7593150258509286,1.5431888386466523,1.643,3.256,0.021022171979985682,0.2522660637598282,0.339921233088552,0.8658740928194669,0.9157348979059228,0.04986080508645585,0.011300000000000001,0.009489856281676652,-0.009489856281676652,0,2,2,2026-03-31T00:49:28.200Z,Ball,Four-Seam Fastball
824122,0ec50b92-be9a-3e34-9dac-9eac46d2481b,2026-04-26,118,KC,Kansas City Royals,batting,hitter,695506,Jac Caglianone,695506,Jac Caglianone,666171,Ryan Zeferjahn,KC,LAA,8,Bot,0,0,---,1,1,Strike,Ball,-0.13655250003316027,1.5122245695039995,1.717,3.402,0.0839420971626672,1.0073051659520065,0.5849369323637382,0.15002195941332752,0.1742191959400032,0.024197236526675686,0.011300000000000001,0.009463644641303712,-0.009463644641303712,0,2,2,2026-04-27T00:12:05.573Z,Called Strike,Sweeper
823714,c4c4fb3d-91b6-3bc8-8561-52af0710a4b6,2026-04-30,141,TOR,Toronto Blue Jays,batting,hitter,543807,George Springer,543807,George Springer,641927,Bailey Ober,TOR,MIN,5,Top,1,0,---,0,1,Strike,Ball,-0.24583325967084296,3.698067261775199,1.649,3.267,0.3102339284418658,3.7228071413023898,0.9813620724256666,0.31733308335069577,0.3271856492528624,0.009852565902166655,0.011300000000000001,0.009458325910870759,-0.009458325910870759,0,2,2,2026-05-01T00:46:07.260Z,Called Strike,Four-Seam Fastball
823482,c643c57b-0242-3848-89d3-68fab5696a54,2026-04-10,143,PHI,Philadelphia Phillies,batting,hitter,664761,Alec Bohm,664761,Alec Bohm,647336,Michael Soroka,PHI,AZ,6,Bot,1,1,1B--,2,1,Strike,Ball,-0.8534049109024271,3.0794240017706183,1.719,3.407,0.024238244235760376,0.2908589308291245,0.35156022622145655,0.39425125653127263,0.4419242479860488,0.04767299145477616,0.011300000000000001,0.00943255821679713,-0.00943255821679713,0,2,2,2026-04-11T00:27:17.452Z,Called Strike,Sinker
823404,c67a3283-094d-3dea-a8c0-80069766ca99,2026-04-04,134,PIT,Pittsburgh Pirates,batting,hitter,663698,Joey Bart,663698,Joey Bart,669358,Shane Baz,PIT,BAL,5,Bot,0,0,---,1,1,Strike,Ball,0.9506813773947357,2.6390616245638014,1.665,3.3,0.12151471072806896,1.4581765287368276,0.7199543883121449,0.40215330893753404,0.4195865664755979,0.01743325753806385,0.011300000000000001,0.009386634855032086,-0.009386634855032086,0,2,2,2026-04-04T21:36:43.864Z,Called Strike,Sinker
822915,e670aec1-2e2e-36ac-a590-0135b4ca555c,2026-04-08,140,TEX,Texas Rangers,fielding,pitcher,455119,Chris Martin,702284,Cole Young,455119,Chris Martin,SEA,TEX,6,Top,0,0,---,1,1,Ball,Strike,0.6390081730790602,2.8833482733648004,1.581,3.133,0.1901584935876065,2.281901923051278,0.8851912372496425,0.8605346118511196,0.8725930017467188,0.012058389895599264,0.011300000000000001,0.00937664205184506,-0.00937664205184506,0,2,2,2026-04-08T20:09:11.472Z,Ball,Cutter
823239,42e4dacc-929b-3194-a16d-eeaae6e5aaac,2026-04-04,121,NYM,New York Mets,fielding,pitcher,605280,Clay Holmes,642715,Willy Adames,605280,Clay Holmes,SF,NYM,1,Bot,0,0,---,2,2,Ball,Strike,0.08768466049677431,1.5942717843038792,1.627,3.224,0.08810511763721252,1.0572614116465502,0.6010115977140839,0.4504825508086573,0.473581787583523,0.023099236774865695,0.011300000000000001,0.009374340254207098,-0.009374340254207098,0,2,2,2026-04-05T01:17:27.586Z,Ball,Cutter
824528,5dbab781-2850-3ee8-b15e-e71b6aed9f5e,2026-04-26,116,DET,Detroit Tigers,batting,hitter,690993,Colt Keith,690993,Colt Keith,695076,Rhett Lowder,DET,CIN,2,Top,2,3,1B2B-,2,0,Strike,Ball,0.8978532231793663,2.2760498619421483,1.654,3.278,0.06868655651269961,0.8242386781523954,0.5247260405115909,0.6948535707371812,0.7229521873625837,0.028098616625402473,0.011300000000000001,0.009373480103481574,-0.009373480103481574,0,2,2,2026-04-26T18:08:17.477Z,Called Strike,Sinker
823079,17136a59-985d-3766-bbd4-2dfb9ba6414b,2026-03-29,138,STL,St. Louis Cardinals,batting,hitter,691026,Masyn Winn,691026,Masyn Winn,571927,Steven Matz,STL,TB,4,Bot,1,0,---,2,0,Strike,Ball,-0.5011046155813637,3.3552988976520433,1.555,3.081,0.15346556431871017,1.841586771824522,0.8108356286010148,0.0789875957870737,0.09317758376688236,0.014189987979808652,0.011300000000000001,0.009368190426640458,-0.009368190426640458,0,2,2,2026-03-29T19:15:42.838Z,Called Strike,Sinker
824861,9698a618-3e5e-344f-876b-e47d9f07b5d5,2026-03-31,140,TEX,Texas Rangers,fielding,pitcher,594798,Jacob deGrom,668939,Adley Rutschman,594798,Jacob deGrom,BAL,TEX,1,Bot,2,1,1B--,2,2,Ball,Strike,-0.46385164816128743,1.5909048288935856,1.642,3.253,0.06973816222691909,0.836857946723029,0.5289203326123665,0.47225782817634426,0.49999999999999967,0.027742171823655404,0.011300000000000001,0.009350198506876978,-0.009350198506876978,0,2,2,2026-03-31T22:46:53.526Z,Ball,Four-Seam Fastball
823642,cca2e0d1-8beb-31eb-a38f-b8af80376573,2026-04-12,133,ATH,Athletics,batting,hitter,672016,Denzel Clarke,672016,Denzel Clarke,640455,Sean Manaea,ATH,NYM,7,Top,1,0,---,1,1,Strike,Ball,-0.003177948876136014,3.69110712998081,1.697,3.363,0.2072737966474767,2.4872855597697203,0.9102246294014065,0.6644064930664726,0.6757917105372521,0.011385217470779474,0.011300000000000001,0.009348643665230558,-0.009348643665230558,0,2,2,2026-04-12T19:20:38.024Z,Called Strike,Four-Seam Fastball
823649,8510e7d0-7565-3c6b-9299-3d3008ae6973,2026-03-26,121,NYM,New York Mets,batting,hitter,596019,Francisco Lindor,596019,Francisco Lindor,694973,Paul Skenes,NYM,PIT,1,Bot,0,0,---,3,0,Strike,Ball,-0.9074551889271953,2.3370201689582486,1.568,3.108,0.07828852226052863,0.9394622671263435,0.5628203702021433,0.3618868929287045,0.38725259189359845,0.025365698964893935,0.011300000000000001,0.009336202265141945,-0.009336202265141945,0,2,2,2026-03-26T17:31:56.942Z,Called Strike,Four-Seam Fastball
822751,5dc2c71c-9f5d-3da4-ad22-0b5ee1958629,2026-04-18,120,WSH,Washington Nationals,batting,hitter,678391,Jorbit Vivas,678391,Jorbit Vivas,605288,Adrian Houser,WSH,SF,6,Bot,1,0,---,2,0,Strike,Ball,0.11236599026640767,3.2488369424066037,1.544,3.06,0.06800360907327052,0.8160433088792463,0.5220002220146279,0.5494393762237356,0.5776596245704974,0.028220248346761734,0.011300000000000001,0.009329578411082857,-0.009329578411082857,0,2,2,2026-04-18T22:01:19.107Z,Called Strike,Sinker
822834,f14c4ec9-dfbf-3ce2-bd65-7d55a88c4b96,2026-03-30,115,COL,Colorado Rockies,batting,hitter,666397,Edouard Julien,666397,Edouard Julien,693686,Spencer Miles,COL,TOR,4,Top,2,3,1B2B-,3,2,Strike,Ball,0.6013549596437044,3.363501643249647,1.633,3.235,0.0076683099163141755,0.0920197189957701,0.29373613675153787,0.5741663074750365,0.6330689300997009,0.05890262262466439,0.011300000000000001,0.009321047159595025,-0.009321047159595025,0,2,2,2026-03-31T00:22:18.056Z,Called Strike,Slider
823072,98a2eaf8-afe1-31ff-b268-cfab6dd94a22,2026-04-14,114,CLE,Cleveland Guardians,fielding,pitcher,676282,Joey Cantillo,602104,Ramón Urías,676282,Joey Cantillo,STL,CLE,2,Bot,0,0,---,2,0,Ball,Strike,-0.7440188113750642,1.5772329575517932,1.563,3.098,0.08514785529160251,1.0217742634992302,0.5896129787377775,0.5304275084563629,0.5541006831517178,0.023673174695354904,0.011300000000000001,0.009320637708044869,-0.009320637708044869,0,2,2,2026-04-15T00:20:06.861Z,Ball,Four-Seam Fastball
824134,b06081ae-b527-357f-aa74-3149edc4900f,2026-04-04,158,MIL,Milwaukee Brewers,batting,hitter,668930,Brice Turang,668930,Brice Turang,607625,Seth Lugo,MIL,KC,3,Top,2,1,1B--,2,0,Strike,Ball,-0.8933273913718351,2.812562319485175,1.62,3.21,0.06416072470516843,0.7699286964620211,0.5066425079968878,0.25786969610325433,0.2872546794478627,0.029384983344608373,0.011300000000000001,0.009312741999523994,-0.009312741999523994,0,2,2,2026-04-04T23:51:40.314Z,Called Strike,Curveball
823717,2f99e387-943e-3cb2-a8de-7031da650740,2026-04-29,136,SEA,Seattle Mariners,batting,hitter,647304,Josh Naylor,647304,Josh Naylor,607455,Anthony Banda,SEA,MIN,8,Top,2,1,1B--,0,0,Strike,Ball,0.09762553857328501,3.49792248242886,1.57,3.11,0.26708914909552695,3.2050697891463233,0.9635058429622292,0.4358455596406444,0.4463568238043755,0.010511264163731104,0.022600000000000002,0.009302896489620788,-0.009302896489620788,1,1,2,2026-04-29T19:56:26.854Z,Called Strike,Slider
823239,34cfca09-ecf7-3c66-a513-03ccff1da2e8,2026-04-04,137,SF,San Francisco Giants,fielding,pitcher,694738,Landen Roupp,668901,Mark Vientos,694738,Landen Roupp,NYM,SF,2,Top,1,0,---,1,0,Ball,Strike,-0.012112109873762624,1.7083041903643377,1.686,3.34,0.14313752369767108,1.717650284372053,0.7841811034985899,0.5091421038283106,0.5240869974695453,0.014944893641234747,0.011300000000000001,0.00928074965678659,-0.00928074965678659,0,2,2,2026-04-05T01:26:31.055Z,Ball,Sinker
825013,5dc4b079-d6b6-3ecd-95f8-18c05850d9d1,2026-05-03,114,CLE,Cleveland Guardians,fielding,pitcher,800048,Parker Messick,643446,Jeff McNeil,800048,Parker Messick,ATH,CLE,3,Bot,1,0,---,1,2,Ball,Strike,-0.09461830961889389,1.6307730269958933,1.622,3.214,0.12960636032922657,1.5552763239507188,0.7453002515912599,0.3496861518558977,0.3659900007357722,0.016303848879874516,0.011300000000000001,0.009273155515057594,-0.009273155515057594,0,2,2,2026-05-03T20:49:07.633Z,Ball,Changeup
824292,1b3f4223-a81d-39a9-961a-739a561d1748,2026-04-14,118,KC,Kansas City Royals,fielding,pitcher,666142,Cole Ragans,663837,Matt Vierling,666142,Cole Ragans,DET,KC,4,Bot,0,0,---,2,1,Ball,Strike,0.2946093629742171,3.296730243008723,1.652,3.274,0.09810309032461006,1.1772370838953208,0.6386822825226494,0.5572978844546279,0.5781675897604708,0.020869705305842867,0.011300000000000001,0.009246220812816706,-0.009246220812816706,0,2,2,2026-04-14T23:34:35.422Z,Ball,Changeup
823969,2d575335-d8d4-30be-a724-2f3788365a4d,2026-03-31,119,LAD,Los Angeles Dodgers,batting,hitter,605141,Mookie Betts,605141,Mookie Betts,676440,Tanner Bibee,LAD,CLE,3,Bot,2,1,1B--,0,2,Strike,Ball,-0.4121069911507781,3.3494171464481783,1.563,3.096,0.13258381311484513,1.5910057573781415,0.7542373752734082,0.4999999999999998,0.5159136728421571,0.015913672842157278,0.011300000000000001,0.009225569176017936,-0.009225569176017936,0,2,2,2026-04-01T03:02:14.338Z,Called Strike,Cutter
823965,0c62b5e9-9ed7-3ef9-b94c-83424abb3134,2026-04-14,119,LAD,Los Angeles Dodgers,batting,hitter,669257,Will Smith,669257,Will Smith,690997,Nolan McLean,LAD,NYM,4,Bot,0,0,---,1,2,Strike,Ball,-0.27520828107390494,3.348407538445766,1.583,3.138,0.08957420511243308,1.074890461349197,0.6066345045074117,0.5334068356935097,0.5559289237530066,0.02252208805949696,0.011300000000000001,0.009217645631378984,-0.009217645631378984,0,2,2,2026-04-15T02:58:39.300Z,Called Strike,Sinker
824218,91353e3c-6107-332c-b188-ba80c5b25009,2026-03-26,108,LAA,Los Angeles Angels,fielding,pitcher,667755,José Soriano,572233,Christian Walker,667755,José Soriano,HOU,LAA,4,Bot,1,1,1B--,0,2,Ball,Strike,0.6772544126846748,1.5475337572991488,1.604,3.179,0.06436709063248203,0.7724050875897843,0.5074678071679349,0.44331743889319086,0.47244330800580325,0.02912586911261239,0.011300000000000001,0.00921482715143536,-0.00921482715143536,0,2,2,2026-03-26T21:28:27.645Z,Ball,Knuckle Curve
823230,75279c81-72e8-379b-af7e-f2acb04eac75,2026-04-26,137,SF,San Francisco Giants,batting,hitter,669477,Casey Schmitt,669477,Casey Schmitt,676534,Calvin Faucher,SF,MIA,6,Bot,0,0,---,3,0,Strike,Ball,0.15814081043436287,3.3551300801185766,1.613,3.196,0.03829674678524331,0.4595609614229197,0.40437898802951844,0.27646462850317965,0.31583680951051535,0.039372181007335694,0.011300000000000001,0.00919076527699499,-0.00919076527699499,0,2,2,2026-04-26T21:31:12.220Z,Called Strike,Cutter
823402,7e181638-b61e-3a02-817e-e790e0df9390,2026-04-07,134,PIT,Pittsburgh Pirates,fielding,pitcher,694973,Paul Skenes,609280,Miguel Andujar,694973,Paul Skenes,SD,PIT,5,Top,2,0,---,2,2,Ball,Strike,0.6801904939716894,1.615292569700739,1.61,3.191,0.12612590303407223,1.5135108364088667,0.7345856577123389,0.5495225009986986,0.5661084565425677,0.016585955543869102,0.011300000000000001,0.009184622994130125,-0.009184622994130125,0,2,2,2026-04-07T23:48:47.135Z,Ball,Sweeper
824614,ff66799f-8725-3008-8a8f-dc0345bcddee,2026-04-16,145,CWS,Chicago White Sox,fielding,pitcher,641743,Anthony Kay,676356,Jonny DeLuca,641743,Anthony Kay,TB,CWS,4,Top,2,0,---,3,2,Ball,Strike,-0.7629447030661874,1.8825066829189665,1.581,3.133,0.06622196360047927,0.7946635632057513,0.5148834561400182,0.6581113146828543,0.6865453752973638,0.028434060614509482,0.011300000000000001,0.009158410455675618,-0.009158410455675618,0,2,2,2026-04-16T19:13:12.679Z,Ball,Sinker
824042,42244ad9-135c-3575-8c72-a2bbff80ce64,2026-05-02,108,LAA,Los Angeles Angels,batting,hitter,666176,Jo Adell,666176,Jo Adell,681810,Austin Warren,LAA,NYM,10,Bot,0,1,1B--,2,0,Strike,Ball,-0.8418245515618109,2.899004596638391,1.668,3.305,0.012657884895144189,0.15189461874173027,0.31056614779583047,0.7152827148640296,0.794935325318009,0.07965261045397942,0.022600000000000002,0.009156199330760053,-0.009156199330760053,0,1,1,2026-05-03T04:26:01.582Z,Called Strike,Sweeper
824862,ec73ebed-5386-3c3a-884c-be19796c7e93,2026-03-28,110,BAL,Baltimore Orioles,batting,hitter,694212,Samuel Basallo,694212,Samuel Basallo,671737,Taj Bradley,BAL,MIN,1,Bot,2,3,1B2B-,2,1,Strike,Ball,-0.8903655853038173,2.719925846141424,1.713,3.394,0.061198918637150546,0.7343870236458065,0.49479586248602114,0.5300488185835832,0.5600469525795836,0.029998133996000376,0.011300000000000001,0.009134145829614276,-0.009134145829614276,0,2,2,2026-03-28T20:19:29.854Z,Called Strike,Four-Seam Fastball
822822,8e8edb31-9707-35db-acdd-2654133d1dc2,2026-05-08,141,TOR,Toronto Blue Jays,batting,hitter,665489,Vladimir Guerrero Jr.,665489,Vladimir Guerrero Jr.,672282,Reid Detmers,TOR,LAA,3,Bot,1,1,1B--,0,0,Strike,Ball,-0.29434845559850936,3.4847955749851374,1.619,3.209,0.15496224165180417,1.85954689982165,0.814481312558466,0.5506682140495694,0.564448824212737,0.013780610163167561,0.011300000000000001,0.009127688285463918,-0.009127688285463918,0,2,2,2026-05-08T23:52:58.617Z,Called Strike,Four-Seam Fastball
823645,5c8de9b5-ace6-3bb7-923e-0f25d8371513,2026-04-09,109,AZ,Arizona Diamondbacks,batting,hitter,678489,Jorge Barrosa,678489,Jorge Barrosa,690997,Nolan McLean,AZ,NYM,3,Top,1,0,---,2,0,Strike,Ball,-0.5363336671400153,3.1576071812513455,1.493,2.958,0.07877384791801223,0.9452861750161468,0.5647300870321916,0.36662054421533674,0.3914834968014601,0.024862952586123366,0.011300000000000001,0.009122307361302467,-0.009122307361302467,0,2,2,2026-04-09T23:47:12.448Z,Called Strike,Cutter
822916,47b136b8-8301-3e3d-a71f-7664532157ae,2026-04-07,140,TEX,Texas Rangers,fielding,pitcher,596001,Jakob Junis,680977,Brendan Donovan,596001,Jakob Junis,SEA,TEX,9,Top,2,3,1B2B-,0,0,Ball,Strike,0.784444648554733,2.6860257121842834,1.594,3.159,0.04472201811193377,0.5366642173432052,0.4293636996283767,0.8322936301662183,0.8685194788585077,0.0362258486922894,0.011300000000000001,0.009105874222499826,-0.009105874222499826,0,2,2,2026-04-08T02:20:35.736Z,Ball,Sinker
824701,ec525734-e215-3657-a6cc-3ec1477c41cd,2026-03-28,120,WSH,Washington Nationals,fielding,pitcher,571945,Miles Mikolas,807713,Matt Shaw,571945,Miles Mikolas,CHC,WSH,4,Bot,1,0,---,2,2,Ball,Strike,-0.6701319484866026,1.759479666535494,1.567,3.105,0.1590347181800641,1.9084166181607691,0.824125983998669,0.14266172251262293,0.1561138455513876,0.013452123038764668,0.011300000000000001,0.009098867755378057,-0.009098867755378057,0,2,2,2026-03-28T19:17:57.385Z,Ball,Four-Seam Fastball
823972,26c448ce-ced2-318a-97f7-49f03379b555,2026-03-30,114,CLE,Cleveland Guardians,batting,hitter,680757,Steven Kwan,680757,Steven Kwan,808963,Roki Sasaki,CLE,LAD,1,Top,0,0,---,1,0,Strike,Ball,-0.2565879756278327,3.3153096874677175,1.525,3.023,0.17147635413438422,2.0577162496126107,0.8511465003511154,0.49831041804851356,0.5109728297772236,0.012662411728710021,0.011300000000000001,0.009095522882864054,-0.009095522882864054,0,2,2,2026-03-31T02:10:52.699Z,Called Strike,Four-Seam Fastball
825023,b62dd70d-6417-383d-80c2-8ae557666e09,2026-04-16,133,ATH,Athletics,fielding,pitcher,682052,Jacob Lopez,607043,Brandon Nimmo,682052,Jacob Lopez,TEX,ATH,5,Top,1,1,1B--,1,0,Ball,Strike,-0.7006710486609627,1.6182042831245973,1.65,3.27,0.08903761645793073,1.0684513974951688,0.6045839092469149,0.3383713190769426,0.3607967043072604,0.022425385230317785,0.011300000000000001,0.009089825243403689,-0.009089825243403689,0,2,2,2026-04-16T20:14:51.744Z,Ball,Four-Seam Fastball
823718,7a635ec5-e259-3f64-8158-da65c91e3bf2,2026-04-19,113,CIN,Cincinnati Reds,batting,hitter,663647,Ke'Bryan Hayes,663647,Ke'Bryan Hayes,641927,Bailey Ober,CIN,MIN,3,Top,0,0,---,1,2,Strike,Ball,0.9193397672756233,2.5204602754087473,1.598,3.166,0.09017310060895656,1.0820772073074787,0.608918775070679,0.3612329172696272,0.38339873182535894,0.022165814555731744,0.011300000000000001,0.009077962806018674,-0.009077962806018674,0,2,2,2026-04-19T18:43:03.223Z,Called Strike,Four-Seam Fastball
823961,7f78dd39-dc93-3a09-92d3-fc15972c57ef,2026-04-27,119,LAD,Los Angeles Dodgers,fielding,pitcher,808967,Yoshinobu Yamamoto,669364,Xavier Edwards,808967,Yoshinobu Yamamoto,MIA,LAD,4,Top,0,2,-2B-,1,1,Ball,Strike,-0.7335467735074278,1.7706485002626486,1.542,3.055,0.09561989315923891,1.147438717910867,0.629464054333298,0.6499159065465812,0.6709650350004932,0.021049128453912047,0.011300000000000001,0.009062613550748128,-0.009062613550748128,0,2,2,2026-04-28T03:00:26.272Z,Ball,Splitter
822988,9dd37e3c-04c4-38d6-9397-04f2460eeb09,2026-05-02,137,SF,San Francisco Giants,batting,hitter,669477,Casey Schmitt,669477,Casey Schmitt,669947,Jesse Scholtens,SF,TB,6,Top,1,2,-2B-,0,0,Strike,Ball,0.9687596078088913,2.4847044750725615,1.613,3.196,0.13959294114222454,1.6751152937066944,0.7744283082195237,0.0788805058268227,0.09377917000795817,0.014898664181135474,0.011300000000000001,0.008988987179408176,-0.008988987179408176,0,2,2,2026-05-02T23:55:09.475Z,Called Strike,Slider
824622,015f61af-af3d-3b31-b140-d0636466f683,2026-04-04,145,CWS,Chicago White Sox,fielding,pitcher,641743,Anthony Kay,665926,Andrés Giménez,641743,Anthony Kay,TOR,CWS,3,Top,0,0,---,0,0,Ball,Strike,-0.5562016667072257,2.9308943572344326,1.597,3.165,0.272964999959441,3.275579999513292,0.966671311811441,0.6089104599429104,0.6185889029234881,0.00967844298057774,0.011300000000000001,0.008979258995796598,-0.008979258995796598,0,2,2,2026-04-04T18:45:26.029Z,Ball,Sweeper
822751,d6d74f1b-5372-3ab5-8e36-b8c2e88e32df,2026-04-18,120,WSH,Washington Nationals,batting,hitter,686452,Drew Millas,686452,Drew Millas,605288,Adrian Houser,WSH,SF,4,Bot,0,0,---,0,2,Strike,Ball,1.0734283909565305,2.535970616443631,1.621,3.211,0.2442617242898638,2.9311406914783658,0.948249697726546,0.772677242023762,0.782734577282815,0.010057335259053057,0.011300000000000001,0.008952086703641565,-0.008952086703641565,0,2,2,2026-04-18T21:28:49.604Z,Called Strike,Sinker
822825,2ad7403a-cdba-391b-8278-a7b03c2430ae,2026-04-27,111,BOS,Boston Red Sox,batting,hitter,701350,Roman Anthony,701350,Roman Anthony,656302,Dylan Cease,BOS,TOR,5,Top,2,3,1B2B-,2,0,Strike,Ball,-0.39050298026790564,3.4858362452531146,1.679,3.326,0.03900291191978145,0.46803494303737736,0.40710325509527456,0.632610966211839,0.6710031839170637,0.03839221770522472,0.011300000000000001,0.008929863580700016,-0.008929863580700016,0,2,2,2026-04-28T00:16:07.312Z,Called Strike,Four-Seam Fastball
823150,a5839e4a-322e-32e9-bd33-fca26c6a02d5,2026-04-19,140,TEX,Texas Rangers,fielding,pitcher,669022,MacKenzie Gore,656582,Connor Joe,669022,MacKenzie Gore,SEA,TEX,2,Bot,0,1,1B--,0,1,Ball,Strike,0.13349134026934095,1.6915783533824107,1.602,3.173,0.21041168671574395,2.5249402405889274,0.9142436509261479,0.31669390357046473,0.3275043043085745,0.010810400738109793,0.011300000000000001,0.008914293494249692,-0.008914293494249692,0,2,2,2026-04-19T20:34:35.140Z,Ball,Changeup
823308,264b49b2-4f03-3363-8918-1083e54e0d6e,2026-05-02,135,SD,San Diego Padres,batting,hitter,630105,Jake Cronenworth,630105,Jake Cronenworth,680732,Sean Burke,SD,CWS,5,Bot,1,1,1B--,0,0,Strike,Ball,-0.9536490980718687,3.0724858454635013,1.601,3.172,0.12448243140520199,1.4937891768624239,0.7294273040489695,0.5608767364540564,0.5772884556354578,0.016411719181401385,0.011300000000000001,0.008913684613051727,-0.008913684613051727,0,2,2,2026-05-03T01:48:40.016Z,Called Strike,Knuckle Curve
823649,8dc440a7-103a-3823-9448-a805d3633d45,2026-03-26,121,NYM,New York Mets,fielding,pitcher,642547,Freddy Peralta,680779,Henry Davis,642547,Freddy Peralta,PIT,NYM,3,Top,0,0,---,1,1,Ball,Strike,-0.6136543427347237,1.6963809977641369,1.609,3.188,0.20821433109747023,2.4985719731696427,0.9114467654415083,0.7929963335466518,0.8038616570042171,0.010865323457565301,0.011300000000000001,0.008902512370362683,-0.008902512370362683,0,2,2,2026-03-26T18:11:23.058Z,Ball,Four-Seam Fastball
824780,04583853-03cf-3077-8afb-fefcedde73c9,2026-04-07,111,BOS,Boston Red Sox,fielding,pitcher,676979,Garrett Crochet,596142,Gary Sánchez,676979,Garrett Crochet,MIL,BOS,2,Top,0,0,---,1,1,Ball,Strike,0.358437417483488,1.7312264972084848,1.671,3.311,0.18105983054181807,2.172717966501817,0.8695467630246388,0.495510016248579,0.5074008756209322,0.01189085937235318,0.011300000000000001,0.008865536698989316,-0.008865536698989316,0,2,2,2026-04-07T23:00:52.510Z,Ball,Changeup
824783,183d9c69-9f03-342d-a153-11fafdeee097,2026-04-06,111,BOS,Boston Red Sox,fielding,pitcher,678394,Brayan Bello,663368,Blake Perkins,678394,Brayan Bello,MIL,BOS,2,Top,1,3,1B2B-,0,0,Ball,Strike,-0.7303750728000068,2.2463603825280845,1.622,3.214,0.09879159386665992,1.185499126399919,0.6412205239251483,0.5443359171786185,0.5644513923172781,0.020115475138659633,0.011300000000000001,0.008844247427768799,-0.008844247427768799,0,2,2,2026-04-06T23:15:04.340Z,Ball,Cutter
824767,0b740fa7-d18c-39f9-90ca-66d4400f7421,2026-05-07,139,TB,Tampa Bay Rays,fielding,pitcher,643377,Griffin Jax,680776,Jarren Duran,643377,Griffin Jax,BOS,TB,2,Bot,1,3,1B2B-,0,1,Ball,Strike,-0.7476585542402888,3.0694819250439136,1.63,3.23,0.0815081124263779,0.9780973491165348,0.5754517687479347,0.4046104498572336,0.428273016760061,0.02366256690282742,0.011300000000000001,0.00881927096420004,-0.00881927096420004,0,2,2,2026-05-07T23:52:30.635Z,Ball,Changeup
822916,c083b9e0-8aaa-326c-9a28-702df02f6a2b,2026-04-07,140,TEX,Texas Rangers,batting,hitter,669394,Jake Burger,669394,Jake Burger,669923,George Kirby,TEX,SEA,4,Bot,1,1,1B--,0,0,Strike,Ball,-0.02273423083566925,1.3880866238610243,1.63,3.23,0.12108004280564222,1.4529605136677066,0.7185500413127585,0.4212272893186266,0.4379199150119695,0.0166926256933429,0.011300000000000001,0.008814102348404126,-0.008814102348404126,0,2,2,2026-04-08T01:01:59.856Z,Called Strike,Sweeper
823159,acd0d264-f96c-391c-84fe-58371119236b,2026-03-30,136,SEA,Seattle Mariners,batting,hitter,608701,Rob Refsnyder,608701,Rob Refsnyder,677960,Ryan Weathers,SEA,NYY,1,Bot,0,1,1B--,2,0,Strike,Ball,-0.8597010422862326,2.5271594624463143,1.608,3.187,0.030534375619565846,0.36641250743479015,0.3748536755682854,0.5909551184552455,0.633264872321698,0.042309753866452526,0.011300000000000001,0.00879581328315083,-0.00879581328315083,0,2,2,2026-03-31T01:49:43.519Z,Called Strike,Four-Seam Fastball
824929,ad734450-2af6-3618-9325-cfe743f25df2,2026-04-30,144,ATL,Atlanta Braves,batting,hitter,663586,Austin Riley,663586,Austin Riley,623454,Drew Anderson,ATL,DET,8,Bot,1,0,---,0,0,Strike,Ball,0.0928856952563002,3.540718519002996,1.652,3.274,0.14588518566966302,1.7506222280359562,0.791528405235676,0.2355911500704588,0.2496753205425604,0.014084170472101587,0.011300000000000001,0.008792291972013106,-0.008792291972013106,0,2,2,2026-04-30T18:39:46.013Z,Called Strike,Four-Seam Fastball
825026,d2fc924a-5b58-35c3-b667-e969f5680e5a,2026-04-03,133,ATH,Athletics,fielding,pitcher,605488,Jeffrey Springs,694728,Brice Matthews,605488,Jeffrey Springs,HOU,ATH,3,Top,0,1,1B--,2,2,Ball,Strike,-0.392823974923716,3.234301368807734,1.58,3.13,0.01653196452559902,0.19838357430718823,0.3239914565150664,0.5598887128361966,0.6105913363409765,0.05070262350477994,0.011300000000000001,0.008788320297068943,-0.008788320297068943,0,2,2,2026-04-04T02:18:45.991Z,Ball,Four-Seam Fastball
823068,cbb07045-ae5c-39f7-89ad-498fd1beb8ef,2026-04-26,136,SEA,Seattle Mariners,batting,hitter,668227,Randy Arozarena,668227,Randy Arozarena,700241,Michael McGreevy,SEA,STL,2,Top,0,0,---,1,0,Strike,Ball,0.9835229590868982,2.2893529928430247,1.579,3.128,0.15435629242023152,1.8522755090427783,0.8130118864095071,0.498229055328934,0.5116318328942335,0.013402777565299506,0.011300000000000001,0.008783651787918602,-0.008783651787918602,0,2,2,2026-04-26T18:33:59.495Z,Called Strike,Sinker
823643,8f40fca3-a42f-3e06-876c-ac1cd9e56600,2026-04-10,133,ATH,Athletics,batting,hitter,805779,Jacob Wilson,805779,Jacob Wilson,605280,Clay Holmes,ATH,NYM,4,Top,0,0,---,1,0,Strike,Ball,0.10243568471896704,1.3742539767524833,1.661,3.291,0.1659126899141834,1.9909522789702008,0.8395121942031859,0.6229074991551758,0.6355190788391093,0.01261157968393345,0.011300000000000001,0.008774062727323293,-0.008774062727323293,0,2,2,2026-04-11T00:02:32.262Z,Called Strike,Sinker
824133,7e06e545-9219-3e0c-bfe4-cb93fd3af984,2026-04-02,142,MIN,Minnesota Twins,fielding,pitcher,671737,Taj Bradley,695506,Jac Caglianone,671737,Taj Bradley,KC,MIN,4,Bot,1,1,1B--,1,0,Ball,Strike,0.7663532674978485,1.6875107747431823,1.717,3.402,0.06281339916881823,0.7537607900258187,0.5012535940485688,0.5451919228960164,0.5738419507845423,0.028650027888525886,0.011300000000000001,0.008725095061464159,-0.008725095061464159,0,2,2,2026-04-02T19:17:20.039Z,Ball,Four-Seam Fastball
823873,e729030e-82a6-39e7-817d-44fc6d25f896,2026-05-05,110,BAL,Baltimore Orioles,batting,hitter,624413,Pete Alonso,624413,Pete Alonso,645261,Sandy Alcantara,BAL,MIA,1,Top,1,3,1B2B-,1,0,Strike,Ball,-0.2823619144130606,1.4790884688757786,1.677,3.324,0.07707819779088809,0.9249383734906571,0.5580498406915467,0.5426961015657781,0.5672538637754625,0.02455776220968442,0.011300000000000001,0.008710418488669755,-0.008710418488669755,0,2,2,2026-05-05T22:50:29.755Z,Called Strike,Sweeper
824775,5c9918bf-9c7b-3058-8cfa-7d883af5d4fc,2026-04-18,116,DET,Detroit Tigers,batting,hitter,805808,Kevin McGonigle,805808,Kevin McGonigle,678394,Brayan Bello,DET,BOS,1,Top,0,0,---,1,0,Strike,Ball,0.9925651075095167,2.5740981514999715,1.557,3.086,0.16339844084284993,1.9607812901141992,0.8340179193451109,0.49831041804851356,0.5109728297772236,0.012662411728710021,0.011300000000000001,0.008685080772469616,-0.008685080772469616,0,2,2,2026-04-18T20:12:07.304Z,Called Strike,Sinker
824786,8fd4c840-6d3c-363e-8651-ab998ed012f5,2026-04-03,135,SD,San Diego Padres,fielding,pitcher,650633,Michael King,678882,Ceddanne Rafaela,650633,Michael King,BOS,SD,5,Bot,0,0,---,0,0,Ball,Strike,-0.11489131352817444,1.6630733407904463,1.57,3.11,0.21390667412377962,2.5668800894853554,0.9185275360439623,0.42918549304993714,0.4396387411104317,0.01045324806049458,0.011300000000000001,0.008680957341959188,-0.008680957341959188,0,2,2,2026-04-03T19:37:07.699Z,Ball,Four-Seam Fastball
824849,248872a4-0be9-376b-8a73-1ba6b30c8520,2026-04-28,110,BAL,Baltimore Orioles,fielding,pitcher,552640,Andrew Kittredge,621043,Carlos Correa,552640,Andrew Kittredge,HOU,BAL,7,Top,0,6,-2B3B,0,0,Ball,Strike,-0.5647585704158647,1.5647084158545685,1.684,3.337,0.001541749187901953,0.018500990254823435,0.2738189956032696,0.7037580704032051,0.7654288584092657,0.06167078800606052,0.011300000000000001,0.008680787880198602,-0.008680787880198602,0,2,2,2026-04-29T00:29:50.044Z,Ball,Slider
824526,ed40e381-becb-3685-ac94-60065bfe212c,2026-04-28,115,COL,Colorado Rockies,batting,hitter,666397,Edouard Julien,666397,Edouard Julien,668933,Graham Ashcraft,COL,CIN,7,Top,1,0,---,1,1,Strike,Ball,0.9658464515626227,2.167143226978006,1.633,3.235,0.136679784895956,1.640157418751472,0.7661819738193015,0.14180520281650802,0.15657416490096002,0.014768962084451998,0.011300000000000001,0.008673568825285966,-0.008673568825285966,0,2,2,2026-04-29T00:23:44.426Z,Called Strike,Cutter
824695,41677670-2b52-39b4-aff4-2b25840205cf,2026-04-10,112,CHC,Chicago Cubs,fielding,pitcher,684007,Shota Imanaga,693304,Nick Gonzales,684007,Shota Imanaga,PIT,CHC,5,Top,0,0,---,1,0,Ball,Strike,0.2416160206086842,1.5387695318080232,1.54,3.051,0.11960286514135654,1.4352343816962785,0.7137456351138753,0.4854347890927074,0.5021144991110462,0.016679710018338845,0.011300000000000001,0.008670395897341318,-0.008670395897341318,0,2,2,2026-04-10T19:28:39.896Z,Ball,Four-Seam Fastball
824772,df324450-af16-3f21-bc27-e554bb1a0e04,2026-05-01,111,BOS,Boston Red Sox,fielding,pitcher,677161,Zack Kelly,572233,Christian Walker,677161,Zack Kelly,HOU,BOS,6,Top,0,1,1B--,0,0,Ball,Strike,0.6630971499248458,1.7526293770838282,1.604,3.179,0.1660695167418209,1.992834200901851,0.8398499784072249,0.7225455027834412,0.7350057245933691,0.012460221809927896,0.011300000000000001,0.008655021774018817,-0.008655021774018817,0,2,2,2026-05-02T00:41:52.355Z,Ball,Cutter
825101,cf3d9b86-33d1-3013-81d0-ea6562553af5,2026-04-17,109,AZ,Arizona Diamondbacks,batting,hitter,699912,Jose Fernandez,699912,Jose Fernandez,641778,Eric Lauer,AZ,TOR,4,Bot,1,0,---,3,2,Strike,Ball,-0.8385009763656339,2.9415750402366516,1.691,3.352,0.009334309698967203,0.11201171638760643,0.29929630385378875,0.37358190736953684,0.4289235745424787,0.055341667172941866,0.011300000000000001,0.008645604667515868,-0.008645604667515868,0,2,2,2026-04-18T02:30:46.172Z,Called Strike,Four-Seam Fastball
823810,4bfcceba-4792-3cb0-8b05-bf4c2d87ead6,2026-03-29,145,CWS,Chicago White Sox,fielding,pitcher,641743,Anthony Kay,687401,Joey Ortiz,641743,Anthony Kay,MIL,CWS,2,Bot,0,0,---,3,0,Ball,Strike,-0.7434983105904915,1.6109927420005026,1.583,3.137,0.08566835607617518,1.0280202729141021,0.591626589496543,0.7903826954606918,0.8127845663480536,0.022401870887361786,0.011300000000000001,0.008638922932742685,-0.008638922932742685,0,2,2,2026-03-29T18:54:50.492Z,Ball,Four-Seam Fastball
824117,34dacfc1-46d6-3369-a114-f2beb111e320,2026-05-07,114,CLE,Cleveland Guardians,fielding,pitcher,677944,Slade Cecconi,686555,Isaac Collins,677944,Slade Cecconi,KC,CLE,2,Bot,0,0,---,3,1,Ball,Strike,-0.4389006937541995,1.4443575577220376,1.521,3.013,0.044190891055370995,0.530290692664452,0.42728285381734293,0.7131430782223882,0.7484834710703552,0.03534039284796697,0.011300000000000001,0.00862864015924132,-0.00862864015924132,0,2,2,2026-05-07T18:44:17.988Z,Ball,Four-Seam Fastball
823567,3bf2be76-6429-3f61-81e3-e50119ef41cb,2026-04-07,133,ATH,Athletics,fielding,pitcher,650644,Aaron Civale,641355,Cody Bellinger,650644,Aaron Civale,NYY,ATH,1,Bot,1,1,1B--,0,0,Ball,Strike,-0.504273977765692,1.7390740625936665,1.688,3.345,0.17190739592699988,2.0628887511239986,0.852018167213052,0.443748743426318,0.45581939952906664,0.012070656102748656,0.011300000000000001,0.008612223579230438,-0.008612223579230438,0,2,2,2026-04-07T23:20:42.054Z,Ball,Sinker
823567,82a0a9e3-90c9-36b2-a762-1188eed15e2f,2026-04-07,147,NYY,New York Yankees,batting,hitter,676609,José Caballero,676609,José Caballero,650644,Aaron Civale,NYY,ATH,2,Bot,1,1,1B--,0,0,Strike,Ball,-0.2315709751515586,3.3991482954909356,1.556,3.083,0.19531496215760225,2.343779545891227,0.8933131605978619,0.653390093801963,0.6642935936943629,0.010903499892399915,0.011300000000000001,0.008534678665214054,-0.008534678665214054,0,2,2,2026-04-07T23:42:23.112Z,Called Strike,Cutter
824215,03b447e5-e110-3d8b-91f9-2b738e5aad30,2026-03-29,108,LAA,Los Angeles Angels,fielding,pitcher,686799,Jack Kochanowicz,670541,Yordan Alvarez,686799,Jack Kochanowicz,HOU,LAA,1,Bot,1,0,---,3,1,Ball,Strike,-0.6335478620452483,2.8108746151356687,1.712,3.392,0.19561880462141845,2.3474256554570214,0.893775597587091,0.4502348241884794,0.4624618244270671,0.012227000238587749,0.022600000000000002,0.008527522950409526,-0.008527522950409526,1,1,2,2026-03-29T18:25:30.168Z,Ball,Four-Seam Fastball
825088,289fd14b-fe19-3a5b-bb22-fe083a2a4732,2026-05-08,121,NYM,New York Mets,fielding,pitcher,690997,Nolan McLean,678489,Jorge Barrosa,690997,Nolan McLean,AZ,NYM,5,Bot,2,1,1B--,1,1,Ball,Strike,0.4899321750654725,1.5462382149768525,1.493,2.958,0.1740715483101858,2.0888585797222294,0.8563309793218593,0.46865456648481546,0.4805036426809575,0.011849076196142061,0.011300000000000001,0.008523271089438672,-0.008523271089438672,0,2,2,2026-05-09T02:54:01.366Z,Ball,Sinker
823966,d71fb419-49f9-3ea0-85cd-d119a36d2800,2026-04-12,119,LAD,Los Angeles Dodgers,fielding,pitcher,808963,Roki Sasaki,669701,Josh Smith,808963,Roki Sasaki,TEX,LAD,3,Top,2,3,1B2B-,1,0,Ball,Strike,-0.5204718089419669,1.5224787102069983,1.548,3.068,0.09531204354033163,1.1437445224839795,0.6283144827051521,0.4854864630431941,0.5057096882857738,0.02022322524257969,0.011300000000000001,0.008506498961489452,-0.008506498961489452,0,2,2,2026-04-12T20:51:19.027Z,Ball,Four-Seam Fastball
823651,2e90c271-4405-3dca-8528-0c011fb3550d,2026-03-28,134,PIT,Pittsburgh Pirates,batting,hitter,669707,Jared Triolo,669707,Jared Triolo,596133,Luke Weaver,PIT,NYM,7,Top,0,0,---,2,1,Strike,Ball,0.2472319449824961,1.5012199960422192,1.687,3.343,0.06494667062444748,0.7793600474933697,0.5097854328757258,0.49425518608570745,0.5217716454185496,0.027516459332842136,0.011300000000000001,0.008488065523695933,-0.008488065523695933,0,2,2,2026-03-28T21:45:59.228Z,Called Strike,Four-Seam Fastball
823569,f7f7ca13-0249-3e56-856f-90a353328758,2026-04-04,146,MIA,Miami Marlins,batting,hitter,596103,Austin Slater,596103,Austin Slater,677960,Ryan Weathers,MIA,NYY,1,Top,0,0,---,0,2,Strike,Ball,0.9661721681450475,1.9377246557993903,1.644,3.258,0.13700550147838075,1.644066017740569,0.7671142975861059,0.4785568824636504,0.49304299062640095,0.014486108162750533,0.011300000000000001,0.008480892250747727,-0.008480892250747727,0,2,2,2026-04-04T23:09:13.568Z,Called Strike,Four-Seam Fastball
824053,9cde20dc-4691-39d2-b302-161938ad4de7,2026-04-05,136,SEA,Seattle Mariners,batting,hitter,668227,Randy Arozarena,668227,Randy Arozarena,608718,Brent Suter,SEA,LAA,7,Top,2,0,---,3,1,Strike,Ball,0.9199393209096189,1.9292153141857016,1.579,3.128,0.09077265424295222,1.0892718509154267,0.6112007848166496,0.23354832866573505,0.25460250609623564,0.021054177430500587,0.011300000000000001,0.008474898637619091,-0.008474898637619091,0,2,2,2026-04-05T22:33:17.333Z,Called Strike,Sinker
823391,62f84bbd-b728-3e10-a779-7fc603843df2,2026-04-30,138,STL,St. Louis Cardinals,fielding,pitcher,690928,Hunter Dobbins,665833,Oneil Cruz,690928,Hunter Dobbins,PIT,STL,1,Bot,0,0,---,2,2,Ball,Strike,-0.7174316973051776,1.766815928702285,1.774,3.516,0.11173496936148908,1.340819632337869,0.6873500515501405,0.7341899729439727,0.7567512470201359,0.02256127407616315,0.022600000000000002,0.008441604064320766,-0.008441604064320766,1,1,2,2026-04-30T16:53:16.983Z,Ball,Slider
824047,abbd3d24-b979-30f8-823a-143f407eef0e,2026-04-19,135,SD,San Diego Padres,fielding,pitcher,650633,Michael King,545361,Mike Trout,650633,Michael King,LAA,SD,4,Bot,0,0,---,2,1,Ball,Strike,0.660926215367031,1.607451199771563,1.637,3.244,0.09128453310489637,1.0954143972587564,0.6131452433494942,0.5572978844546279,0.5781675897604708,0.020869705305842867,0.011300000000000001,0.008424701788232538,-0.008424701788232538,0,2,2,2026-04-19T21:10:30.575Z,Ball,Changeup
822987,8b65b9f6-0bfd-3674-8208-d50f6f5bd3c1,2026-05-03,139,TB,Tampa Bay Rays,fielding,pitcher,685801,Hunter Bigge,808982,Jung Hoo Lee,685801,Hunter Bigge,SF,TB,7,Top,1,2,-2B-,0,2,Ball,Strike,0.7672336122522845,1.9688221068624814,1.627,3.224,0.06193305441438224,0.7431966529725869,0.49773223320784676,0.2977598769821314,0.32607981479950404,0.02831993781737263,0.011300000000000001,0.008420120129396901,-0.008420120129396901,0,2,2,2026-05-03T19:23:02.046Z,Ball,Slider
823715,3d9cf784-a439-303d-b712-ecc2a5d74352,2026-05-02,141,TOR,Toronto Blue Jays,fielding,pitcher,656302,Dylan Cease,807712,Luke Keaschall,656302,Dylan Cease,MIN,TOR,2,Bot,0,1,1B--,0,1,Ball,Strike,0.70059411502356,1.6668675550540537,1.622,3.214,0.12857255164310677,1.5428706197172812,0.7421476017725094,0.5235112385353612,0.5387698893407065,0.015258650805345275,0.011300000000000001,0.00841043900150052,-0.00841043900150052,0,2,2,2026-05-02T18:36:33.301Z,Ball,Slider
824205,48f3f09d-9929-3dad-835d-58028b86c427,2026-04-19,117,HOU,Houston Astros,batting,hitter,666211,Taylor Trammell,666211,Taylor Trammell,669461,Matthew Liberatore,HOU,STL,3,Bot,1,0,---,1,0,Strike,Ball,-0.19012566808620146,3.508979506258827,1.647,3.263,0.1251461729254939,1.5017540751059268,0.7315181595301182,0.5291946896437417,0.544837699368387,0.015643009724645274,0.011300000000000001,0.008409300885974587,-0.008409300885974587,0,2,2,2026-04-19T18:44:20.813Z,Called Strike,Slider
824045,3858909a-19b0-3980-a25c-d41756a53f14,2026-04-21,108,LAA,Los Angeles Angels,batting,hitter,694384,Nolan Schanuel,694384,Nolan Schanuel,571578,Patrick Corbin,LAA,TOR,5,Bot,1,1,1B--,2,1,Strike,Ball,-0.8700682252821095,2.256574932573425,1.66,3.29,0.04090155861544276,0.4908187033853131,0.414455866659646,0.5655469814600839,0.6017084545543651,0.036161473094281193,0.011300000000000001,0.008370685964233782,-0.008370685964233782,0,2,2,2026-04-22T02:40:38.808Z,Called Strike,Sinker
824283,7bdfa144-d1c5-3b05-a178-f7744c908161,2026-05-04,116,DET,Detroit Tigers,fielding,pitcher,663947,Tyler Holton,701350,Roman Anthony,663947,Tyler Holton,BOS,DET,1,Top,1,1,1B--,0,0,Ball,Strike,-0.3338020267722081,1.7243586394237986,1.679,3.326,0.16619197275713193,1.9943036730855832,0.8401133322126384,0.49143024046232603,0.5035419848492869,0.012111744386960888,0.011300000000000001,0.008368518589840244,-0.008368518589840244,0,2,2,2026-05-04T22:15:14.272Z,Ball,Four-Seam Fastball
824859,db1cdda0-bdbe-393a-a51c-f828f5a4cd61,2026-04-12,110,BAL,Baltimore Orioles,batting,hitter,691723,Coby Mayo,691723,Coby Mayo,605288,Adrian Houser,BAL,SF,2,Bot,1,1,1B--,0,0,Strike,Ball,1.1536613571370313,1.9014935724504756,1.723,3.414,0.3244946904703646,3.8939362856443753,0.9851078228369526,0.7460649860120624,0.7547169162824138,0.008651930270351382,0.011300000000000001,0.008354802590020543,-0.008354802590020543,0,2,2,2026-04-12T18:03:50.108Z,Called Strike,Slider
824772,25ae88cd-1a6b-3a17-8acb-c40a43a72974,2026-05-01,111,BOS,Boston Red Sox,fielding,pitcher,547973,Aroldis Chapman,543877,Christian Vázquez,547973,Aroldis Chapman,HOU,BOS,9,Top,1,0,---,0,0,Ball,Strike,-0.4315060484171558,1.5756533996144522,1.532,3.037,0.16448673294778549,1.9738407953734258,0.8364143923173022,0.9560403225987826,0.9682135625639566,0.012173239965174054,0.011300000000000001,0.008333355741189267,-0.008333355741189267,0,2,2,2026-05-02T01:32:57.592Z,Ball,Sinker
823072,1fed7895-11d9-3fab-b2aa-f906d8a4940e,2026-04-14,114,CLE,Cleveland Guardians,fielding,pitcher,676282,Joey Cantillo,802139,JJ Wetherholt,676282,Joey Cantillo,STL,CLE,6,Bot,0,1,1B--,0,0,Ball,Strike,-0.2426896768848414,1.6349353831529294,1.563,3.096,0.19276871648626281,2.3132245978351538,0.8893677780089827,0.37217470051380014,0.3829481435224668,0.010773443008666672,0.011300000000000001,0.008331408961625791,-0.008331408961625791,0,2,2,2026-04-15T01:20:03.545Z,Ball,Slider
823723,be67c573-0e40-3226-89f0-beaf1efa8049,2026-04-14,111,BOS,Boston Red Sox,batting,hitter,701350,Roman Anthony,701350,Roman Anthony,690953,Mick Abel,BOS,MIN,1,Top,0,0,---,2,0,Strike,Ball,0.22345565643365645,1.4663711020176602,1.679,3.326,0.09179556464900651,1.1015467757880781,0.6150828917941953,0.504224569918625,0.5247999652396521,0.020575395321027146,0.011300000000000001,0.008306010331140538,-0.008306010331140538,0,2,2,2026-04-14T23:40:44.693Z,Called Strike,Four-Seam Fastball
824865,0d9d73d3-5245-33ba-b4e9-0d361da7e0ca,2026-03-26,142,MIN,Minnesota Twins,batting,hitter,605170,Victor Caratini,605170,Victor Caratini,669432,Trevor Rogers,MIN,BAL,7,Top,0,0,---,3,1,Strike,Ball,-0.5803309085863244,3.3297537418634438,1.615,3.201,0.007920408530110556,0.09504490236132668,0.29457361915482194,0.502732189853868,0.5579637807555718,0.05523159090170382,0.011300000000000001,0.008298451520042917,-0.008298451520042917,0,2,2,2026-03-26T20:53:32.228Z,Called Strike,Four-Seam Fastball
823807,64a444c3-7ad5-3d98-8c49-52d2a8669e7e,2026-03-31,158,MIL,Milwaukee Brewers,fielding,pitcher,682842,Abner Uribe,680700,Richie Palacios,682842,Abner Uribe,TB,MIL,8,Top,2,7,1B2B3B,0,1,Ball,Strike,-0.3533864002416834,1.518252271100379,1.534,3.04,0.10508560443371229,1.2610272532045474,0.6640443251764772,0.913135487230739,0.9370631353428884,0.023927648112149424,0.022600000000000002,0.008296420692680856,-0.008296420692680856,1,1,2,2026-04-01T02:00:08.098Z,Ball,Sinker
822744,edc8d319-eed2-331b-ad93-edddf0c7c569,2026-05-01,120,WSH,Washington Nationals,fielding,pitcher,663623,Jake Irvin,668930,Brice Turang,663623,Jake Irvin,MIL,WSH,3,Top,1,1,1B--,0,0,Ball,Strike,0.6632186414919475,1.7313733701454086,1.62,3.21,0.16594802517471918,1.9913763020966302,0.839588351928342,0.37842080152050833,0.3904358350780567,0.012015033557548349,0.011300000000000001,0.008275030599736007,-0.008275030599736007,0,2,2,2026-05-01T23:27:01.487Z,Ball,Curveball
824374,7287d9c1-78ce-3451-bdfd-bdb508dc6fb4,2026-04-08,115,COL,Colorado Rockies,batting,hitter,687859,Troy Johnston,687859,Troy Johnston,805123,AJ Blubaugh,COL,HOU,2,Bot,0,0,---,0,0,Strike,Ball,-0.4734752448829309,3.647301884083445,1.594,3.159,0.36746855075011187,4.409622609001342,0.9924564992095226,0.5462611252718056,0.5546696422173181,0.008408516945512479,0.011300000000000001,0.008259845732354868,-0.008259845732354868,0,2,2,2026-04-08T19:52:44.560Z,Called Strike,Changeup
824697,2a778965-ef16-3587-ac9c-906aff8582e3,2026-04-11,112,CHC,Chicago Cubs,fielding,pitcher,676962,Ben Brown,542303,Marcell Ozuna,676962,Ben Brown,PIT,CHC,7,Top,0,3,1B2B-,1,1,Ball,Strike,-0.4681316494876603,1.6409476225355693,1.643,3.256,0.11878095586890258,1.425371470426831,0.7110512750387142,0.1168375484415707,0.1330351132600555,0.01619756481848479,0.011300000000000001,0.008252178524643302,-0.008252178524643302,0,2,2,2026-04-11T20:13:54.707Z,Ball,Sinker
823069,6f80d8ee-11b4-3490-ac50-8c63b06accf4,2026-04-24,136,SEA,Seattle Mariners,batting,hitter,670042,Luke Raley,670042,Luke Raley,669467,Andre Pallante,SEA,STL,4,Top,1,2,-2B-,0,0,Strike,Ball,-0.9012663091053922,1.8384443271336708,1.686,3.34,0.07209964243872546,0.8651957092647056,0.538323258382113,0.6300432007048615,0.654990246740292,0.02494704603543052,0.011300000000000001,0.00821262792851941,-0.00821262792851941,0,2,2,2026-04-25T01:07:43.353Z,Called Strike,Knuckle Curve
824939,039966af-9001-3228-b0a9-5e8881b8de0d,2026-04-11,144,ATL,Atlanta Braves,fielding,pitcher,527048,Martín Pérez,595978,Austin Hedges,527048,Martín Pérez,CLE,ATL,5,Top,0,0,---,2,0,Ball,Strike,0.7389793302145032,2.016948913246847,1.618,3.207,0.09018733645216348,1.0822480374259618,0.6089730149524853,0.3349739079885861,0.3557099699970741,0.020736062008487988,0.011300000000000001,0.008209097268513703,-0.008209097268513703,0,2,2,2026-04-12T00:17:55.841Z,Ball,Sinker
824459,50fdfacc-66aa-3e54-9428-c5879fbb5c6c,2026-04-05,112,CHC,Chicago Cubs,batting,hitter,663538,Nico Hoerner,663538,Nico Hoerner,682120,Tim Herrin,CHC,CLE,7,Top,1,0,---,0,0,Strike,Ball,1.1555716848434967,2.461237513889936,1.608,3.186,0.32640501817683,3.91686021812196,0.9855496417499671,0.4579331406115031,0.46640813236073425,0.008474991749231164,0.011300000000000001,0.00818923603406333,-0.00818923603406333,0,2,2,2026-04-05T18:56:29.952Z,Called Strike,Slider
824283,491e4092-087a-38e3-b3f2-da585ab385b8,2026-05-04,111,BOS,Boston Red Sox,batting,hitter,677800,Wilyer Abreu,677800,Wilyer Abreu,663947,Tyler Holton,BOS,DET,1,Top,2,3,1B2B-,0,0,Strike,Ball,0.2488308158289716,3.4349699585045546,1.573,3.117,0.19713662517122144,2.3656395020546572,0.8960592956347722,0.49118238571649797,0.5016238022985706,0.010441416582072649,0.011300000000000001,0.008181598428634173,-0.008181598428634173,0,2,2,2026-05-04T22:21:44.326Z,Called Strike,Sweeper
823724,094b2eb3-49b0-372a-b877-6cc139178fc7,2026-04-09,142,MIN,Minnesota Twins,batting,hitter,670242,Matt Wallner,670242,Matt Wallner,656427,Jack Flaherty,MIN,DET,6,Bot,1,1,1B--,0,0,Strike,Ball,-1.0299704215728376,2.2844413549325413,1.713,3.395,0.20080375490617086,2.4096450588740503,0.9013984206127007,0.7376603595047906,0.7492022316430147,0.011541872138224107,0.022600000000000002,0.008175429622155981,-0.008175429622155981,1,1,2,2026-04-09T19:16:53.314Z,Called Strike,Knuckle Curve
825023,93208c90-c397-3ddd-b6a2-62af0090ddac,2026-04-16,140,TEX,Texas Rangers,fielding,pitcher,683004,Jack Leiter,669127,Shea Langeliers,683004,Jack Leiter,ATH,TEX,1,Bot,1,0,---,1,0,Ball,Strike,-0.690352150187626,1.7261408418643365,1.606,3.182,0.13881451647904075,1.665774197748489,0.772245157638325,0.4608617915986746,0.4747736470870257,0.01391185548835111,0.011300000000000001,0.008169733315956374,-0.008169733315956374,0,2,2,2026-04-16T19:12:40.282Z,Ball,Four-Seam Fastball
824683,7b429691-f0ce-3a92-883c-28adde40b930,2026-05-06,113,CIN,Cincinnati Reds,fielding,pitcher,663903,Brady Singer,673548,Seiya Suzuki,663903,Brady Singer,CHC,CIN,6,Bot,0,1,1B--,1,1,Ball,Strike,0.13407636098900244,1.6581461538018347,1.604,3.178,0.17497948713516798,2.0997538456220157,0.8581089781230109,0.13055610728373057,0.1419115809750527,0.011355473691322115,0.011300000000000001,0.00814086537815318,-0.00814086537815318,0,2,2,2026-05-07T01:12:11.971Z,Ball,Sinker
823310,29869bfe-7f19-39d1-b0eb-d592885ec0e6,2026-04-28,135,SD,San Diego Padres,fielding,pitcher,621111,Walker Buehler,691718,Pete Crow-Armstrong,621111,Walker Buehler,CHC,SD,2,Top,1,6,-2B3B,0,1,Ball,Strike,0.719907887514175,2.885264721003715,1.616,3.202,0.10925877915249171,1.3111053498299006,0.678773381191288,0.24810851987616686,0.26543736348869357,0.017328843612526706,0.011300000000000001,0.008132496978471362,-0.008132496978471362,0,2,2,2026-04-29T01:59:12.158Z,Ball,Four-Seam Fastball
822825,3707e061-90b2-3a68-97c7-ce9d69ba4ba6,2026-04-27,111,BOS,Boston Red Sox,fielding,pitcher,624133,Ranger Suarez,623168,Tyler Heineman,624133,Ranger Suarez,TOR,BOS,3,Bot,1,1,1B--,0,0,Ball,Strike,0.12623261832693267,1.5887842044676295,1.57,3.11,0.13961753780096275,1.675410453611553,0.7744970490868848,0.4355511757872625,0.4493317859504302,0.013780610163167728,0.011300000000000001,0.008124858560671936,-0.008124858560671936,0,2,2,2026-04-27T23:43:08.529Z,Ball,Four-Seam Fastball
823147,3d40018c-ea49-37c2-ac4e-9ae9d2e29650,2026-04-22,136,SEA,Seattle Mariners,fielding,pitcher,669302,Logan Gilbert,691777,Max Muncy,669302,Logan Gilbert,ATH,SEA,1,Top,2,7,1B2B3B,1,1,Ball,Strike,-0.41519216701766615,1.6037174048369591,1.629,3.228,0.09555073817029247,1.1466088580435096,0.6292059430730087,0.29833992857285,0.31790040938029335,0.019560480807443326,0.011300000000000001,0.008117597930133863,-0.008117597930133863,0,2,2,2026-04-22T20:25:05.250Z,Ball,Four-Seam Fastball
824130,f0a6e187-cbaf-3fbe-9441-24d6be109c6d,2026-04-09,118,KC,Kansas City Royals,fielding,pitcher,607625,Seth Lugo,808959,Munetaka Murakami,607625,Seth Lugo,CWS,KC,6,Top,0,1,1B--,1,1,Ball,Strike,0.24497796257903803,1.62338026829306,1.664,3.296,0.08021360162639346,0.9625632195167215,0.5703839005738904,0.2935364430313859,0.3162292200588198,0.02269277702743394,0.011300000000000001,0.008088932752246307,-0.008088932752246307,0,2,2,2026-04-10T01:02:58.961Z,Ball,Changeup
823476,e660cd29-ec51-31db-b730-943306f0c19f,2026-04-17,144,ATL,Atlanta Braves,batting,hitter,660670,Ronald Acuña Jr.,660670,Ronald Acuña Jr.,592836,Taijuan Walker,ATL,PHI,1,Top,0,0,---,2,0,Strike,Ball,0.200446021334581,3.4117265917821453,1.615,3.201,0.08989325844881213,1.0787191013857456,0.6078520055910608,0.504224569918625,0.5247999652396521,0.020575395321027146,0.011300000000000001,0.008075522974894264,-0.008075522974894264,0,2,2,2026-04-17T22:41:45.153Z,Called Strike,Cutter
824364,f9e6f830-e2db-355d-880b-f5b93da46fec,2026-05-03,144,ATL,Atlanta Braves,batting,hitter,642201,Eli White,642201,Eli White,607536,Kyle Freeland,ATL,COL,2,Top,1,2,-2B-,2,0,Strike,Ball,0.6872017950966967,3.6007467900369474,1.673,3.316,0.16391345670361446,1.9669614804433735,0.835155496902061,0.4143512575707229,0.4262431891240215,0.011891931553298596,0.011300000000000001,0.008068869120513677,-0.008068869120513677,0,2,2,2026-05-03T19:33:40.896Z,Called Strike,Sweeper
824047,a1bc7dbd-b60a-33b7-9abe-f4024baea604,2026-04-19,135,SD,San Diego Padres,fielding,pitcher,676760,Ron Marinaccio,624585,Jorge Soler,676760,Ron Marinaccio,LAA,SD,6,Bot,1,2,-2B-,1,2,Ball,Strike,0.019437062822167814,1.601077671953084,1.693,3.354,0.028911005286417213,0.34693206343700655,0.3687870484164608,0.6017134938903004,0.642930881737109,0.04121738784680862,0.011300000000000001,0.008067732454567059,-0.008067732454567059,0,2,2,2026-04-19T21:55:21.695Z,Ball,Cutter
824689,a917f660-78fa-3519-bd67-8dba5ec7832e,2026-04-23,143,PHI,Philadelphia Phillies,fielding,pitcher,650911,Cristopher Sánchez,664023,Ian Happ,650911,Cristopher Sánchez,CHC,PHI,3,Bot,0,0,---,0,0,Ball,Strike,-0.5022132435155438,1.7169234099099666,1.583,3.137,0.2547567432433,3.0570809189196,0.9558963900796293,0.4411912629148389,0.4501481221700932,0.008956859255254301,0.011300000000000001,0.008063458636448716,-0.008063458636448716,0,2,2,2026-04-23T18:57:17.323Z,Ball,Sinker
823646,9641b421-41bb-3f01-b74b-15a4f3aba14d,2026-04-08,109,AZ,Arizona Diamondbacks,batting,hitter,606466,Ketel Marte,606466,Ketel Marte,656849,David Peterson,AZ,NYM,1,Top,0,0,---,1,1,Strike,Ball,1.0057970969801502,2.3704183405536363,1.624,3.218,0.17663043031348347,2.1195651637618016,0.86129490324612,0.49304299062640095,0.504224569918625,0.01118157929222402,0.011300000000000001,0.008063269661316062,-0.008063269661316062,0,2,2,2026-04-08T20:10:53.256Z,Called Strike,Slider
824933,e4755105-cff5-3218-80a6-a4a056024ce8,2026-04-25,144,ATL,Atlanta Braves,fielding,pitcher,693821,Bryce Elder,681082,Bryson Stott,693821,Bryce Elder,PHI,ATL,4,Top,2,1,1B--,1,0,Ball,Strike,0.3269333298352653,1.753245760497315,1.628,3.225,0.24607909383064852,2.9529491259677823,0.9496581577778567,0.39447680632690757,0.4035634788518868,0.009086672524979245,0.011300000000000001,0.008060369873292235,-0.008060369873292235,0,2,2,2026-04-26T00:53:00.602Z,Ball,Four-Seam Fastball
824782,50465b2b-ee33-363a-909c-40dcbcae3293,2026-04-04,135,SD,San Diego Padres,fielding,pitcher,681190,Randy Vásquez,677800,Wilyer Abreu,681190,Randy Vásquez,BOS,SD,2,Bot,0,1,1B--,0,0,Ball,Strike,-0.5102138106836988,1.703575208873097,1.573,3.117,0.2514085422064305,3.016902506477166,0.9535819367055445,0.5151063325631894,0.524101516549215,0.008995183986025612,0.011300000000000001,0.008053120851189656,-0.008053120851189656,0,2,2,2026-04-04T20:44:27.334Z,Ball,Four-Seam Fastball
824459,1c5713c6-471e-35be-9b84-09300c8ef061,2026-04-05,112,CHC,Chicago Cubs,fielding,pitcher,571948,Hoby Milner,608070,José Ramírez,571948,Hoby Milner,CLE,CHC,8,Bot,2,0,---,2,2,Ball,Strike,-0.7627679156497247,2.8917194528616554,1.532,3.035,0.06639875101694204,0.7967850122033044,0.5155899490085002,0.8005726138112822,0.8374249872277645,0.03685237341648229,0.022600000000000002,0.008053046178238415,-0.008053046178238415,1,1,2,2026-04-05T19:33:55.007Z,Ball,Four-Seam Fastball
823309,a9985194-4e7a-3803-a9ec-3f27bce45dd4,2026-05-01,135,SD,San Diego Padres,fielding,pitcher,608566,Germán Márquez,808959,Munetaka Murakami,608566,Germán Márquez,CWS,SD,2,Top,2,5,1B-3B,2,2,Ball,Strike,-0.4779499631899132,1.5700457008432258,1.664,3.296,0.026879034176559236,0.3225484101187108,0.3612517188275553,0.2072060688451002,0.24945054051003254,0.04224447166493234,0.011300000000000001,0.008043032422670137,-0.008043032422670137,0,2,2,2026-05-02T02:20:33.311Z,Ball,Knuckle Curve
824460,a25e2023-1613-3c79-8f87-2eb109372d69,2026-04-05,112,CHC,Chicago Cubs,fielding,pitcher,684007,Shota Imanaga,677587,Brayan Rocchio,684007,Shota Imanaga,CLE,CHC,3,Bot,1,0,---,1,0,Ball,Strike,-0.30119412440166077,1.5339812770869121,1.548,3.068,0.10681461042024543,1.2817753250429451,0.6701876224340365,0.5758509724483021,0.5934127799417737,0.017561807493471582,0.011300000000000001,0.008042826143198577,-0.008042826143198577,0,2,2,2026-04-05T21:17:59.251Z,Ball,Four-Seam Fastball
824117,b64dfb7d-80be-3df8-b0f2-6f99d8df6c81,2026-05-07,118,KC,Kansas City Royals,fielding,pitcher,607625,Seth Lugo,700932,Kyle Manzardo,607625,Seth Lugo,CLE,KC,4,Top,1,1,1B--,1,2,Ball,Strike,-0.636382352076311,2.890755784105318,1.609,3.188,0.19278431459035572,2.3134117750842687,0.8893923314644613,0.12117941918307248,0.13153076107406753,0.010351341890995042,0.011300000000000001,0.007956537443766239,-0.007956537443766239,0,2,2,2026-05-07T19:17:52.206Z,Ball,Sweeper
823398,8033027d-654e-30ab-ab02-38f0a3d4eed5,2026-04-14,120,WSH,Washington Nationals,fielding,pitcher,571945,Miles Mikolas,693304,Nick Gonzales,571945,Miles Mikolas,PIT,WSH,2,Bot,0,1,1B--,1,2,Ball,Strike,0.7481464599392605,1.4919945754329653,1.54,3.051,0.07282790876629863,0.8739349051955836,0.5412178849864787,0.6253907135642154,0.6592115100934076,0.03382079652919223,0.022600000000000002,0.007935944166781877,-0.007935944166781877,1,1,2,2026-04-14T23:40:51.508Z,Ball,Sweeper
824445,e068c9b5-c36a-360c-94cf-61deeb43ca96,2026-04-29,139,TB,Tampa Bay Rays,fielding,pitcher,672782,Yoendrys Gómez,682177,Daniel Schneemann,672782,Yoendrys Gómez,CLE,TB,7,Bot,1,2,-2B-,0,0,Ball,Strike,-0.6672143963326874,2.8980975606302204,1.614,3.197,0.1619522703339793,1.9434272440077516,0.830789974286308,0.0969180803103133,0.10876765501273583,0.011849574702422525,0.011300000000000001,0.007932434571764574,-0.007932434571764574,0,2,2,2026-04-29T20:22:28.947Z,Ball,Cutter
823074,817ef9f9-b773-3093-991a-b0f5552c0d13,2026-04-11,138,STL,St. Louis Cardinals,fielding,pitcher,681517,Kyle Leahy,691785,Marcelo Mayer,681517,Kyle Leahy,BOS,STL,4,Top,2,7,1B2B3B,0,1,Ball,Strike,0.7080025777195528,1.742071361665233,1.687,3.342,0.12116408894711395,1.4539690673653674,0.7188219156952669,0.26116459165511063,0.27660515205525316,0.015440560400142522,0.011300000000000001,0.007921700853595441,-0.007921700853595441,0,2,2,2026-04-12T00:16:33.346Z,Ball,Four-Seam Fastball
823567,6d0578c3-03cf-3f04-9818-b1da671e5a9d,2026-04-07,133,ATH,Athletics,fielding,pitcher,650644,Aaron Civale,700250,Ben Rice,650644,Aaron Civale,NYY,ATH,1,Bot,2,1,1B--,1,0,Ball,Strike,0.3796884556815668,1.8107527543429625,1.656,3.281,0.2755860876762959,3.3070330521155507,0.9679963204148772,0.47037500638049906,0.47891175501334354,0.008536748632844482,0.011300000000000001,0.007901899685588304,-0.007901899685588304,0,2,2,2026-04-07T23:23:47.427Z,Ball,Curveball
825023,134fa9b9-f726-3a1a-aece-ca51629d3501,2026-04-16,133,ATH,Athletics,fielding,pitcher,682052,Jacob Lopez,457705,Andrew McCutchen,682052,Jacob Lopez,TEX,ATH,4,Top,1,2,-2B-,1,1,Ball,Strike,0.2686413402953773,1.5890580950587458,1.579,3.13,0.13089142839207923,1.5706971407049508,0.7491835946125832,0.3555512311182624,0.3698628154835036,0.014311584365241159,0.011300000000000001,0.007887778838474807,-0.007887778838474807,0,2,2,2026-04-16T19:56:39.623Z,Ball,Changeup
823391,fc47dfff-a0ba-33d4-bf34-74da20f3f72c,2026-04-30,134,PIT,Pittsburgh Pirates,batting,hitter,656811,Ryan O'Hearn,656811,Ryan O'Hearn,677865,Justin Bruihl,PIT,STL,5,Bot,2,6,-2B3B,0,0,Strike,Ball,0.9677548217904207,2.741737328167885,1.66,3.289,0.138588155123754,1.663057861485048,0.7716075213322785,0.2627100785889895,0.27961622410787706,0.016906145518887583,0.022600000000000002,0.00788323902122115,-0.00788323902122115,1,1,2,2026-04-30T18:17:05.812Z,Called Strike,Sinker
824121,68d34d46-58f5-38e5-8086-fedc1ae85805,2026-04-25,108,LAA,Los Angeles Angels,batting,hitter,545361,Mike Trout,545361,Mike Trout,666142,Cole Ragans,LAA,KC,6,Top,0,0,---,0,0,Strike,Ball,-0.07229082765022647,3.6166335559750875,1.637,3.244,0.25180022264175417,3.02160267170105,0.9538585434245221,0.12960371701829576,0.13894864516034383,0.00934492814204807,0.022600000000000002,0.007870942627374998,-0.007870942627374998,1,1,2,2026-04-26T00:43:31.902Z,Called Strike,Four-Seam Fastball
823155,8336ab30-d3fe-35df-884b-e40635a2bb2e,2026-04-11,136,SEA,Seattle Mariners,batting,hitter,660844,Leo Rivas,660844,Leo Rivas,650556,Bryan Abreu,SEA,HOU,9,Bot,1,3,1B2B-,1,0,Strike,Ball,-0.2705957374970281,3.184942575571168,1.517,3.007,0.057109242237834756,0.6853109068540171,0.47845032706683205,0.7245883653011287,0.7532835138692321,0.0286951485681034,0.011300000000000001,0.007835691913495611,-0.007835691913495611,0,2,2,2026-04-12T04:48:55.097Z,Called Strike,Slider
824849,2d135021-14ab-338c-8d60-fb6dc747e4fa,2026-04-28,117,HOU,Houston Astros,batting,hitter,687957,Dustin Harris,687957,Dustin Harris,670329,Rico Garcia,HOU,BAL,6,Top,2,3,1B2B-,1,0,Strike,Ball,0.022123187535924658,3.55192419815329,1.674,3.317,0.11409086481995656,1.3690903778394787,0.6953928103986492,0.13266737184440305,0.15381193804509752,0.021144566200694465,0.022600000000000002,0.007819656829970684,-0.007819656829970684,1,1,2,2026-04-29T00:18:21.026Z,Called Strike,Changeup
824849,bd8e966c-5aaf-3539-bfbc-234ad5a9fe13,2026-04-28,110,BAL,Baltimore Orioles,batting,hitter,621493,Taylor Ward,621493,Taylor Ward,680802,Ryan Weiss,BAL,HOU,5,Bot,1,0,---,3,0,Strike,Ball,-0.38772420310128963,3.6819728274708963,1.61,3.19,0.3711394941375632,4.453673929650758,0.9928837444872584,0.7030085240583458,0.7109611861404722,0.007952662082126416,0.011300000000000001,0.007815655219449533,-0.007815655219449533,0,2,2,2026-04-29T00:02:27.316Z,Called Strike,Four-Seam Fastball
824118,d51baddd-ab17-32f2-9634-53f0ce0ab915,2026-05-06,118,KC,Kansas City Royals,batting,hitter,672580,Maikel Garcia,672580,Maikel Garcia,676282,Joey Cantillo,KC,CLE,1,Bot,0,0,---,0,0,Strike,Ball,-0.1888802498746595,3.7529959897010428,1.646,3.262,0.3701626563677096,4.441951876412515,0.9927724581158652,0.543341109333461,0.5512891360093042,0.007948026675843156,0.011300000000000001,0.007808910756856557,-0.007808910756856557,0,2,2,2026-05-06T23:52:59.419Z,Called Strike,Four-Seam Fastball
824777,18e60bb0-c5b3-3ea4-a377-fa81a9f870f9,2026-04-19,116,DET,Detroit Tigers,batting,hitter,650402,Gleyber Torres,650402,Gleyber Torres,676979,Garrett Crochet,DET,BOS,1,Top,1,0,---,1,2,Strike,Ball,-0.26018074795721563,3.3576905215255906,1.579,3.13,0.10685718819225754,1.2822862583070904,0.6703381846167338,0.4619245429321819,0.47911110903289356,0.017186566100711675,0.011300000000000001,0.007795633005915651,-0.007795633005915651,0,2,2,2026-04-19T20:37:30.910Z,Called Strike,Cutter
823236,42cf8d3e-e7c4-3776-8821-761b9c470080,2026-04-21,119,LAD,Los Angeles Dodgers,batting,hitter,518692,Freddie Freeman,518692,Freddie Freeman,694738,Landen Roupp,LAD,SF,4,Top,0,0,---,1,0,Strike,Ball,0.9626938238222814,2.9705161128399573,1.707,3.382,0.1335271571556147,1.6023258858673763,0.757024410273236,0.18154099458446174,0.19545340489609733,0.013912410311635592,0.011300000000000001,0.007786410047732787,-0.007786410047732787,0,2,2,2026-04-22T02:37:26.398Z,Called Strike,Sinker
823634,5d4996ed-bcac-3ebe-a595-d8f20df6d6f7,2026-04-30,121,NYM,New York Mets,batting,hitter,620443,Luis Torrens,620443,Luis Torrens,571945,Miles Mikolas,NYM,WSH,3,Bot,0,0,---,1,0,Strike,Ball,0.9580826141351587,1.7706917158473627,1.604,3.179,0.128915947468492,1.546991369621904,0.7431976226824927,0.23039251631133142,0.24477286864110556,0.014380352329774138,0.011300000000000001,0.007785576801136951,-0.007785576801136951,0,2,2,2026-04-30T17:49:46.700Z,Called Strike,Slider
823870,157674b2-513a-39cd-aa2b-dec07ca8cfd7,2026-05-07,146,MIA,Miami Marlins,fielding,pitcher,676974,Max Meyer,681297,Colton Cowser,676974,Max Meyer,BAL,MIA,3,Top,0,0,---,1,1,Ball,Strike,-0.6811365151024531,3.292902240566946,1.68,3.329,0.14803015156421362,1.7763618187705634,0.7971348558462813,0.7092687719912805,0.7218844920147682,0.012615720023487764,0.011300000000000001,0.007764054033382942,-0.007764054033382942,0,2,2,2026-05-07T23:09:14.956Z,Ball,Changeup
823874,34248de2-2c85-3433-bf87-c07738f0a867,2026-05-04,146,MIA,Miami Marlins,fielding,pitcher,676083,Janson Junk,702222,Justin Crawford,676083,Janson Junk,PHI,MIA,2,Top,2,3,1B2B-,0,2,Ball,Strike,-0.794784326947528,1.9682749298872069,1.655,3.279,0.03438233971913873,0.4125880766296648,0.38938868775734736,0.5133323897414167,0.5509120907247675,0.03757970098335084,0.011300000000000001,0.007733202623878504,-0.007733202623878504,0,2,2,2026-05-04T23:04:00.322Z,Ball,Four-Seam Fastball
823242,63767b6c-5268-381c-9af4-880313c5250f,2026-04-02,121,NYM,New York Mets,fielding,pitcher,656849,David Peterson,650333,Luis Arraez,656849,David Peterson,SF,NYM,1,Bot,2,1,1B--,0,1,Ball,Strike,-0.605067752452126,1.7711521194438231,1.577,3.124,0.22409891421454076,2.689186970574489,0.92992791844969,0.5822536012851626,0.591409227706255,0.009155626421092466,0.011300000000000001,0.007722258098350999,-0.007722258098350999,0,2,2,2026-04-03T02:01:57.210Z,Ball,Sinker
824929,08c93848-2f80-3b1f-8b7c-07247dd634f2,2026-04-30,116,DET,Detroit Tigers,fielding,pitcher,664285,Framber Valdez,621566,Matt Olson,664285,Framber Valdez,ATL,DET,1,Bot,1,3,1B2B-,0,0,Ball,Strike,0.72203714078665,3.3557377418692322,1.702,3.372,0.10712952588001667,1.2855543105602,0.6713003891947474,0.39991041804932276,0.4169260359821531,0.01701561793283035,0.011300000000000001,0.007708285338598785,-0.007708285338598785,0,2,2,2026-04-30T16:28:21.201Z,Ball,Sinker
823387,cb0c91bc-28bb-30ed-9d70-d56348bb7e61,2026-05-03,113,CIN,Cincinnati Reds,batting,hitter,680574,Matt McLain,680574,Matt McLain,677952,Braxton Ashcraft,CIN,PIT,3,Top,1,0,---,1,1,Strike,Ball,0.9943222463547183,2.0271133153387897,1.538,3.047,0.1651555796880516,1.9818669562566193,0.8378733689522468,0.46934941318530987,0.48072565890903524,0.011376245723725364,0.011300000000000001,0.007699822399726752,-0.007699822399726752,0,2,2,2026-05-03T18:08:01.774Z,Called Strike,Curveball
823406,0e3e2828-2b68-3e18-b89a-036f6b56e0db,2026-04-03,110,BAL,Baltimore Orioles,batting,hitter,694212,Samuel Basallo,694212,Samuel Basallo,656605,Mitch Keller,BAL,PIT,2,Top,0,0,---,0,0,Strike,Ball,-0.21738990720326937,3.772960631880815,1.713,3.394,0.25812729854748184,3.097527582569782,0.9581148688466459,0.49527183050125806,0.5037988584443918,0.008527027943133703,0.011300000000000001,0.00769657027735433,-0.00769657027735433,0,2,2,2026-04-03T20:32:02.822Z,Called Strike,Four-Seam Fastball
823231,176ee5a6-c00d-3e6a-8627-1be14a0a0167,2026-04-22,137,SF,San Francisco Giants,fielding,pitcher,641816,Tyler Mahle,681624,Andy Pages,641816,Tyler Mahle,LAD,SF,2,Top,1,0,---,1,1,Ball,Strike,0.649207739173783,2.9391452353474983,1.633,3.237,0.17995892749288367,2.159507129914604,0.8675356254569339,0.5179783709027427,0.5285531264865425,0.010574755583799833,0.011300000000000001,0.007677129767109345,-0.007677129767109345,0,2,2,2026-04-23T02:06:08.174Z,Ball,Four-Seam Fastball
824459,fe15ad86-031a-3468-ab43-4ec6a548d226,2026-04-05,112,CHC,Chicago Cubs,batting,hitter,807713,Matt Shaw,807713,Matt Shaw,641401,Connor Brogdon,CHC,CLE,8,Top,0,1,1B--,0,0,Strike,Ball,0.9566270467742055,2.5796867129590657,1.567,3.105,0.1274603801075388,1.5295245612904655,0.7387276726060209,0.5563392757721453,0.5707213471146009,0.014382071342455616,0.011300000000000001,0.007672056790514024,-0.007672056790514024,0,2,2,2026-04-05T19:20:26.554Z,Called Strike,Changeup
823730,eb739787-40c8-334f-8f84-df622b7f6da1,2026-04-04,142,MIN,Minnesota Twins,fielding,pitcher,690953,Mick Abel,650490,Yandy Díaz,690953,Mick Abel,TB,MIN,1,Top,0,0,---,2,1,Ball,Strike,0.7079367433954219,2.169898230049404,1.629,3.228,0.12122992327124482,1.4547590792549379,0.7190347663593984,0.4878322034205372,0.502912061664889,0.015079858244351818,0.011300000000000001,0.00766803520932156,-0.00766803520932156,0,2,2,2026-04-04T23:13:35.218Z,Ball,Sinker
823885,075e6ed0-7059-3252-8164-775f87287ba4,2026-04-08,113,CIN,Cincinnati Reds,fielding,pitcher,663903,Brady Singer,669364,Xavier Edwards,663903,Brady Singer,MIA,CIN,2,Bot,2,4,--3B,1,2,Ball,Strike,0.7665847637613317,2.574622824285626,1.542,3.055,0.06258190290533505,0.7509828348640206,0.500327611574457,0.3602263869954023,0.38679110580881876,0.026564718813416432,0.011300000000000001,0.007644764326855053,-0.007644764326855053,0,2,2,2026-04-08T23:34:15.315Z,Ball,Sinker
823387,05d7a505-6787-345d-af0a-ef8f54574a40,2026-05-03,134,PIT,Pittsburgh Pirates,fielding,pitcher,677952,Braxton Ashcraft,624431,Jose Trevino,677952,Braxton Ashcraft,CIN,PIT,6,Top,0,0,---,1,1,Ball,Strike,0.5997587552262881,1.531086210302393,1.545,3.061,0.10691954363572642,1.283034523628717,0.6705586209224611,0.49364114504624595,0.5105845005429317,0.01694335549668574,0.011300000000000001,0.0076388255120804025,-0.0076388255120804025,0,2,2,2026-05-03T18:39:10.170Z,Ball,Sinker
823797,89281013-5670-3d66-b123-94438ec98404,2026-04-26,134,PIT,Pittsburgh Pirates,batting,hitter,542303,Marcell Ozuna,542303,Marcell Ozuna,690986,Kyle Harrison,PIT,MIL,4,Top,2,1,1B--,2,1,Strike,Ball,0.23021995788517172,3.467783844222827,1.643,3.256,0.09095051088949413,1.0914061306739296,0.6118768081148055,0.46363485864977455,0.4832851065358431,0.01965024788606856,0.011300000000000001,0.007637738886889638,-0.007637738886889638,0,2,2,2026-04-26T18:58:43.530Z,Called Strike,Four-Seam Fastball
822831,603caded-6cd0-3184-a0c6-524a53ec98e2,2026-04-07,119,LAD,Los Angeles Dodgers,fielding,pitcher,808967,Yoshinobu Yamamoto,672960,Kazuma Okamoto,808967,Yoshinobu Yamamoto,TOR,LAD,7,Bot,0,0,---,0,0,Ball,Strike,-0.7081687058065596,3.237614224118985,1.643,3.256,0.12099796086010717,1.451975530321286,0.7182843664647678,0.7754349374631131,0.7904941583111472,0.015059220848034127,0.011300000000000001,0.007633416247335091,-0.007633416247335091,0,2,2,2026-04-08T01:08:52.486Z,Ball,Curveball
822920,0926bfa5-b1c2-3b1c-ac52-65afcffabb20,2026-04-04,113,CIN,Cincinnati Reds,fielding,pitcher,668933,Graham Ashcraft,643376,Danny Jansen,668933,Graham Ashcraft,TEX,CIN,7,Bot,2,1,1B--,0,1,Ball,Strike,-0.7243248261110465,2.577069529874137,1.656,3.281,0.10484184055562018,1.2581020866674422,0.6631736707989253,0.8264562808914733,0.8436984763972579,0.017242195505784652,0.011300000000000001,0.007628432566231795,-0.007628432566231795,0,2,2,2026-04-05T01:00:00.039Z,Ball,Slider
824539,c9e66a2d-80ef-339e-916c-341194dd1ada,2026-03-30,113,CIN,Cincinnati Reds,fielding,pitcher,683175,Connor Phillips,542303,Marcell Ozuna,683175,Connor Phillips,PIT,CIN,9,Top,0,0,---,0,0,Ball,Strike,0.6448919578336525,1.630925835221733,1.643,3.256,0.1087591685550664,1.3051100226607968,0.67702793397444,0.9169884071332695,0.933618181584434,0.016629774451164536,0.011300000000000001,0.007609237493044026,-0.007609237493044026,0,2,2,2026-03-31T00:48:59.811Z,Ball,Sweeper
823314,ebf6d412-69ce-3d44-bf65-27b46826662d,2026-04-15,136,SEA,Seattle Mariners,fielding,pitcher,676106,Emerson Hancock,701538,Jackson Merrill,676106,Emerson Hancock,SD,SEA,4,Bot,1,0,---,2,1,Ball,Strike,-0.6870403293080856,3.2680483890440235,1.676,3.32,0.14212633735858116,1.7055160483029739,0.7814303676554767,0.8648118392518592,0.8776637499023175,0.01285191065045832,0.011300000000000001,0.007573036419169868,-0.007573036419169868,0,2,2,2026-04-16T02:49:46.787Z,Ball,Sinker
824209,94d619fc-fd24-3d0a-9ba3-f67829f259b1,2026-04-15,117,HOU,Houston Astros,fielding,pitcher,681293,Spencer Arrighetti,666397,Edouard Julien,681293,Spencer Arrighetti,COL,HOU,4,Top,2,6,-2B3B,0,0,Ball,Strike,0.5779944346313418,1.6435546508287386,1.633,3.235,0.13138798416207198,1.5766558099448638,0.7506735422121832,0.7374905803256875,0.751302728158306,0.013812147832618527,0.011300000000000001,0.007551024966067748,-0.007551024966067748,0,2,2,2026-04-16T01:19:37.800Z,Ball,Curveball
822835,6aa43e48-add0-3917-a6cb-a34cdad22ae2,2026-04-01,141,TOR,Toronto Blue Jays,batting,hitter,543807,George Springer,543807,George Springer,607536,Kyle Freeland,TOR,COL,1,Bot,0,0,---,2,0,Strike,Ball,0.9166058761834764,2.4274791277040895,1.649,3.267,0.08743920951680972,1.0492705142017167,0.5984539486280978,0.5519374759607655,0.5721339335740799,0.020196457613314456,0.011300000000000001,0.007549179426485548,-0.007549179426485548,0,2,2,2026-04-01T17:15:22.893Z,Called Strike,Four-Seam Fastball
823405,5448343f-230e-39c2-b618-55ad9646ea26,2026-04-05,134,PIT,Pittsburgh Pirates,fielding,pitcher,677952,Braxton Ashcraft,683002,Gunnar Henderson,677952,Braxton Ashcraft,BAL,PIT,1,Top,0,1,1B--,0,0,Ball,Strike,0.14791358637244556,1.888715772448194,1.68,3.329,0.3295491057815274,3.954589269378329,0.9862488424507729,0.46182179162525083,0.46963368945530254,0.007811897830051706,0.011300000000000001,0.007549087111925934,-0.007549087111925934,0,2,2,2026-04-05T17:39:02.666Z,Ball,Four-Seam Fastball
823883,d457de96-a1dd-3d96-85b0-4ffa32599f38,2026-04-17,146,MIA,Miami Marlins,fielding,pitcher,676083,Janson Junk,666152,David Hamilton,676083,Janson Junk,MIL,MIA,4,Top,2,5,1B-3B,0,0,Ball,Strike,-0.6720639759301986,1.7739427695663468,1.582,3.135,0.1571026907364681,1.8852322888376172,0.819600479502981,0.2646349591579822,0.2763287007136375,0.011693741555655335,0.011300000000000001,0.007545681604582732,-0.007545681604582732,0,2,2,2026-04-18T00:13:28.480Z,Ball,Four-Seam Fastball
824213,d55fe8f1-5c9a-315f-8f97-953aef271fa6,2026-03-28,117,HOU,Houston Astros,batting,hitter,572233,Christian Walker,572233,Christian Walker,672282,Reid Detmers,HOU,LAA,4,Bot,0,0,---,0,0,Strike,Ball,0.4720523263501608,3.5345645583123506,1.604,3.179,0.23473122497901766,2.816774699748212,0.9402344358731198,0.20704519962585585,0.21650696963142246,0.009461770005566611,0.022600000000000002,0.007545580234277636,-0.007545580234277636,1,1,2,2026-03-29T00:18:49.358Z,Called Strike,Four-Seam Fastball
823236,abbc6794-8afb-3aff-b2d9-9174713f71ce,2026-04-21,119,LAD,Los Angeles Dodgers,fielding,pitcher,808967,Yoshinobu Yamamoto,642715,Willy Adames,808967,Yoshinobu Yamamoto,SF,LAD,1,Bot,0,0,---,1,1,Ball,Strike,0.11394468058500268,1.6726795594939232,1.627,3.224,0.16651289282725656,1.9981547139270788,0.8408018390413765,0.4480625240392339,0.4591740275427594,0.011111503503525466,0.011300000000000001,0.007543633361446465,-0.007543633361446465,0,2,2,2026-04-22T01:54:27.874Z,Ball,Sinker
823235,7b0ab1ed-213b-3395-b240-4251cd53d589,2026-04-07,137,SF,San Francisco Giants,batting,hitter,642715,Willy Adames,642715,Willy Adames,650911,Cristopher Sánchez,SF,PHI,1,Bot,0,0,---,1,0,Strike,Ball,-0.975366373425718,2.3860012022322548,1.627,3.224,0.14619970675905125,1.754396481108615,0.7923575790129275,0.5461065753242081,0.5585779800992374,0.012471404775029282,0.011300000000000001,0.007535452737278545,-0.007535452737278545,0,2,2,2026-04-08T01:52:58.197Z,Called Strike,Sinker
824860,385d9c14-a910-3483-9a59-e96260c62ac8,2026-04-01,140,TEX,Texas Rangers,fielding,pitcher,543135,Nathan Eovaldi,691723,Coby Mayo,543135,Nathan Eovaldi,BAL,TEX,1,Bot,2,3,1B2B-,0,1,Ball,Strike,-0.1719360092966364,1.747868799828781,1.723,3.414,0.14570213316211422,1.7484255979453707,0.7910447011849907,0.45724257702612625,0.46974455598976295,0.012501978963636695,0.011300000000000001,0.007528429336901425,-0.007528429336901425,0,2,2,2026-04-01T16:46:13.714Z,Ball,Splitter
824773,fa22142a-dd2f-3320-8fb3-27ea613e2edc,2026-04-21,111,BOS,Boston Red Sox,fielding,pitcher,813349,Connelly Early,665862,Jazz Chisholm Jr.,813349,Connelly Early,NYY,BOS,2,Top,1,1,1B--,0,0,Ball,Strike,-0.6167625396116352,3.116660168970044,1.593,3.156,0.1601731643632891,1.9220779723594692,0.8267505609083097,0.38748166728678934,0.39894850046161373,0.011466833174824387,0.011300000000000001,0.007522492097391975,-0.007522492097391975,0,2,2,2026-04-21T23:06:32.732Z,Ball,Slider
824612,f7856ad0-9316-342e-bc53-1920126aae6d,2026-04-26,120,WSH,Washington Nationals,batting,hitter,683083,Nasim Nuñez,683083,Nasim Nuñez,680732,Sean Burke,WSH,CWS,9,Top,0,0,---,0,0,Strike,Ball,-0.23680963703611416,3.2587387462952537,1.537,3.045,0.09290541296192067,1.114864955543048,0.6192784182749093,0.4895658888710156,0.5086288835726699,0.01906299470165429,0.011300000000000001,0.007503147332929919,-0.007503147332929919,0,2,2,2026-04-26T19:51:10.795Z,Called Strike,Knuckle Curve
823637,1d9407d1-b110-31ae-838e-6a2935f83d0b,2026-04-26,115,COL,Colorado Rockies,batting,hitter,678662,Ezequiel Tovar,678662,Ezequiel Tovar,605218,Carl Edwards Jr.,COL,NYM,6,Top,0,0,---,3,0,Strike,Ball,-0.3383960066210909,3.5557243992674104,1.625,3.219,0.21589106593407736,2.5906927912089284,0.920872204183805,0.8712129945511538,0.8813023663147684,0.010089371763614685,0.022600000000000002,0.007502733829343691,-0.007502733829343691,1,1,2,2026-04-26T22:31:42.693Z,Called Strike,Four-Seam Fastball
825098,49cc6bab-7cba-39eb-a17c-255e406ec08b,2026-04-18,141,TOR,Toronto Blue Jays,fielding,pitcher,453286,Max Scherzer,545121,Ildemaro Vargas,453286,Max Scherzer,AZ,TOR,5,Bot,1,2,-2B-,1,1,Ball,Strike,0.44283669478700627,1.568990065422864,1.595,3.161,0.09482339875619727,1.1378807850743673,0.6264868048513572,0.40705961416496705,0.4257203806736717,0.01866076650870463,0.011300000000000001,0.007470024880935916,-0.007470024880935916,0,2,2,2026-04-19T01:24:37.751Z,Ball,Slider
823876,80050b20-0563-3d59-bad8-a687db47823b,2026-05-02,146,MIA,Miami Marlins,fielding,pitcher,676974,Max Meyer,596117,Garrett Stubbs,676974,Max Meyer,PHI,MIA,6,Top,0,0,---,0,0,Ball,Strike,-0.6232093926911865,1.9611621276352451,1.551,3.073,0.20595727397548025,2.471487287705763,0.9084884003620407,0.8610513548396559,0.870396282981704,0.009344928142048126,0.011300000000000001,0.007455677743358579,-0.007455677743358579,0,2,2,2026-05-02T21:37:23.381Z,Ball,Four-Seam Fastball
824683,18d72305-5858-3242-b1d0-49fd69e97638,2026-05-06,112,CHC,Chicago Cubs,fielding,pitcher,607067,Colin Rea,670770,TJ Friedl,607067,Colin Rea,CIN,CHC,3,Top,0,1,1B--,0,2,Ball,Strike,-0.7531496886898555,1.5340158139274016,1.536,3.044,0.07601697797681117,0.9122037357217341,0.5538581478697984,0.5881139888405672,0.6105913363409765,0.022477347500409306,0.011300000000000001,0.007407859126531262,-0.007407859126531262,0,2,2,2026-05-07T00:15:12.741Z,Ball,Splitter
824045,c4596d4a-3b86-3996-8dfe-9f07e57c498b,2026-04-21,108,LAA,Los Angeles Angels,fielding,pitcher,519141,Drew Pomeranz,672820,Lenyn Sosa,519141,Drew Pomeranz,TOR,LAA,8,Top,1,3,1B2B-,0,0,Ball,Strike,-0.4859292070966348,1.5255974859713832,1.591,3.153,0.055430819304716605,0.6651698316565993,0.4717533844434566,0.404063514891966,0.43239772771630064,0.028334212824334626,0.011300000000000001,0.00739757403963211,-0.00739757403963211,0,2,2,2026-04-22T03:31:21.178Z,Ball,Knuckle Curve
824541,db699ce4-2b2a-3655-8f91-0261535a31c0,2026-03-26,111,BOS,Boston Red Sox,fielding,pitcher,676979,Garrett Crochet,663647,Ke'Bryan Hayes,676979,Garrett Crochet,CIN,BOS,3,Bot,0,0,---,0,0,Ball,Strike,-0.6128369468616826,1.861806639080713,1.598,3.166,0.21632971980498417,2.59595663765981,0.9213821072728295,0.4411912629148389,0.4501481221700932,0.008956859255254301,0.011300000000000001,0.007364307667335328,-0.007364307667335328,0,2,2,2026-03-26T20:51:44.803Z,Ball,Four-Seam Fastball
824458,f5fc392f-a763-39da-a40b-dfd2264d640e,2026-04-03,112,CHC,Chicago Cubs,batting,hitter,664023,Ian Happ,664023,Ian Happ,671922,Cade Smith,CHC,CLE,9,Top,0,0,---,0,0,Strike,Ball,-0.3064007459324316,3.490451680083612,1.583,3.137,0.2326183467502787,2.7914201610033444,0.9383062377817765,0.02857123655566653,0.037154913303474035,0.008583676747807505,0.011300000000000001,0.007356977922504249,-0.007356977922504249,0,2,2,2026-04-03T22:37:51.960Z,Called Strike,Four-Seam Fastball
823229,d53720a5-0891-34dd-b418-974cdd9173a6,2026-04-25,146,MIA,Miami Marlins,batting,hitter,681393,Connor Norby,681393,Connor Norby,592662,Robbie Ray,MIA,SF,3,Top,2,1,1B--,1,0,Strike,Ball,0.36751788213774267,3.422970661849602,1.571,3.113,0.18913732851626897,2.2696479421952276,0.8835202996771946,0.4694325090382517,0.4792475189444463,0.009815009906194605,0.011300000000000001,0.0073555398800079904,-0.0073555398800079904,0,2,2,2026-04-25T20:58:13.183Z,Called Strike,Four-Seam Fastball
823393,6ad821de-6ffc-3f27-bd05-385c11427476,2026-04-19,139,TB,Tampa Bay Rays,batting,hitter,691406,Junior Caminero,691406,Junior Caminero,656605,Mitch Keller,TB,PIT,6,Top,1,0,---,1,0,Strike,Ball,-0.908604522159688,2.699227557833454,1.637,3.244,0.07943785549302129,0.9532542659162555,0.5673397831970544,0.18652792907743587,0.20810919361186966,0.02158126453443379,0.011300000000000001,0.00735484949221066,-0.00735484949221066,0,2,2,2026-04-19T19:06:23.910Z,Called Strike,Four-Seam Fastball
823064,68bfd3d1-021e-3aa6-8bc6-f9458f1656a7,2026-05-04,158,MIL,Milwaukee Brewers,batting,hitter,686217,Sal Frelick,686217,Sal Frelick,592773,Ryne Stanek,MIL,STL,8,Top,0,0,---,1,0,Strike,Ball,1.0249642645641337,2.812467755836661,1.546,3.063,0.19579759789746698,2.3495711747696038,0.8940468881669448,0.032197919491807205,0.04175661439593189,0.009558694904124684,0.011300000000000001,0.007348651270256383,-0.007348651270256383,0,2,2,2026-05-05T02:06:16.374Z,Called Strike,Four-Seam Fastball
822987,7c6e6644-897a-310c-847d-d366842d934c,2026-05-03,137,SF,San Francisco Giants,fielding,pitcher,657424,Matt Gage,656775,Cedric Mullins,657424,Matt Gage,TB,SF,6,Bot,2,7,1B2B3B,0,1,Ball,Strike,-0.7927288179340902,1.4341284029235095,1.517,3.005,0.036437848732576494,0.43725418479091793,0.39723618218587076,0.5884390903556777,0.6240482048342615,0.035609114478583836,0.011300000000000001,0.007333997545192595,-0.007333997545192595,0,2,2,2026-05-03T19:17:09.685Z,Ball,Slider
823476,e288be67-2e36-3913-a20e-63553db1d7ab,2026-04-17,143,PHI,Philadelphia Phillies,fielding,pitcher,592836,Taijuan Walker,660670,Ronald Acuña Jr.,592836,Taijuan Walker,ATL,PHI,1,Top,0,0,---,1,0,Ball,Strike,0.24817226063929645,1.6347802557619397,1.615,3.201,0.1406135890952731,1.6873630691432773,0.7772682550589142,0.48902717022277575,0.5016895819514857,0.012662411728709966,0.011300000000000001,0.0073252219513776536,-0.0073252219513776536,0,2,2,2026-04-17T22:41:32.638Z,Ball,Sinker
825099,12e67ddc-8711-38d6-926f-eedd367f6db9,2026-04-21,109,AZ,Arizona Diamondbacks,batting,hitter,606466,Ketel Marte,606466,Ketel Marte,674370,Osvaldo Bido,AZ,CWS,8,Bot,0,0,---,3,0,Strike,Ball,-1.0612062867504672,3.1309018664178025,1.624,3.218,0.23203962008380052,2.7844754410056063,0.937768039368281,0.010739177784375727,0.01929612796588486,0.008556950181509135,0.011300000000000001,0.007321213239547453,-0.007321213239547453,0,2,2,2026-04-22T04:05:08.965Z,Called Strike,Four-Seam Fastball
824213,2435db25-6c08-35b0-8035-094246e5ea55,2026-03-28,108,LAA,Los Angeles Angels,batting,hitter,660162,Yoán Moncada,660162,Yoán Moncada,664299,Cristian Javier,LAA,HOU,2,Top,0,1,1B--,0,0,Strike,Ball,0.11323984664378149,3.5857126433323345,1.624,3.217,0.24787930999900132,2.974551719988016,0.9510174807792162,0.5321391009455453,0.54041877489338,0.008279673947834687,0.011300000000000001,0.007320612192348195,-0.007320612192348195,0,2,2,2026-03-28T23:30:28.741Z,Called Strike,Four-Seam Fastball
823149,87ff8eab-c904-3c0f-9ecf-e4b0e886b399,2026-04-20,136,SEA,Seattle Mariners,fielding,pitcher,676106,Emerson Hancock,680869,Zack Gelof,676106,Emerson Hancock,ATH,SEA,5,Top,1,1,1B--,0,0,Ball,Strike,0.35554078090692304,1.6516946194460027,1.661,3.292,0.11152795277933603,1.3383354333520323,0.6866378045366722,0.7414261226847545,0.7572388677964483,0.015812745111693838,0.011300000000000001,0.0073166357784558485,-0.0073166357784558485,0,2,2,2026-04-21T02:57:26.505Z,Ball,Sinker
822824,000509aa-04db-31b8-a369-f673b1762867,2026-04-26,141,TOR,Toronto Blue Jays,fielding,pitcher,571578,Patrick Corbin,681807,David Fry,571578,Patrick Corbin,CLE,TOR,4,Top,1,0,---,2,1,Ball,Strike,-0.12776980176394526,1.6132347631174606,1.637,3.243,0.09706809645079395,1.1648171574095274,0.6348520911499435,0.7386224221729707,0.7566246804931416,0.018002258320170883,0.011300000000000001,0.007302599969976314,-0.007302599969976314,0,2,2,2026-04-26T18:35:21.828Z,Ball,Changeup
822986,104f041a-c00a-34b9-af5a-368806281685,2026-05-05,139,TB,Tampa Bay Rays,batting,hitter,666018,Jonathan Aranda,666018,Jonathan Aranda,592332,Kevin Gausman,TB,TOR,3,Bot,2,3,1B2B-,1,0,Strike,Ball,-0.905982806589378,2.6258048554833358,1.61,3.189,0.0768161399227113,0.9217936790725356,0.5570154882287937,0.32007793431196296,0.342164787025066,0.02208685271310301,0.011300000000000001,0.007296994064411898,-0.007296994064411898,0,2,2,2026-05-05T23:25:23.368Z,Called Strike,Four-Seam Fastball
824775,be3f4959-a447-300c-bcf0-9ae5d7e8eb05,2026-04-18,111,BOS,Boston Red Sox,batting,hitter,701350,Roman Anthony,701350,Roman Anthony,663947,Tyler Holton,BOS,DET,8,Bot,1,0,---,1,0,Strike,Ball,0.9094771477701545,2.139567176666575,1.679,3.326,0.08031048110348782,0.9637257732418538,0.5707636980805532,0.05738102412893253,0.07865846299181821,0.021277438862885682,0.011300000000000001,0.007294019479373763,-0.007294019479373763,0,2,2,2026-04-18T22:22:44.530Z,Called Strike,Sinker
824698,0622beea-981c-39d6-bec5-ba5f65f0a9bf,2026-04-01,112,CHC,Chicago Cubs,batting,hitter,608324,Alex Bregman,608324,Alex Bregman,579328,Yusei Kikuchi,CHC,LAA,3,Bot,0,6,-2B3B,0,1,Strike,Ball,0.25291961394280565,3.448279765182275,1.578,3.126,0.20144643184894218,2.417357182187306,0.9023085867812989,0.7718775189736221,0.7824041060934319,0.010526587119809805,0.022600000000000002,0.007290404008963163,-0.007290404008963163,1,1,2,2026-04-01T19:01:13.652Z,Called Strike,Splitter
822835,da3f3e80-b9be-3b0c-9ee0-82c4d4670896,2026-04-01,115,COL,Colorado Rockies,batting,hitter,678662,Ezequiel Tovar,678662,Ezequiel Tovar,592332,Kevin Gausman,COL,TOR,5,Top,0,0,---,1,1,Strike,Ball,0.965623204379612,2.3627765513608594,1.625,3.219,0.1364565377129453,1.6374784525553436,0.7655414599364688,0.35000217720277976,0.36643295712083396,0.016430779918054195,0.022600000000000002,0.007279680240926216,-0.007279680240926216,1,1,2,2026-04-01T18:19:11.615Z,Called Strike,Splitter
823640,a94db716-ffdc-3abc-af36-85a5720a595e,2026-04-21,142,MIN,Minnesota Twins,fielding,pitcher,623437,Justin Topa,701807,Carson Benge,623437,Justin Topa,NYM,MIN,7,Bot,1,0,---,0,1,Ball,Strike,0.454542228394024,3.207831571103246,1.645,3.259,0.1720017622300869,2.0640211467610428,0.8522084341527952,0.4515460166071064,0.46400055679248514,0.012454540185378726,0.022600000000000002,0.007273774801327841,-0.007273774801327841,1,1,2,2026-04-22T01:08:48.329Z,Ball,Cutter
825014,7cea1598-fb7e-3674-b39f-08e585704a0a,2026-05-02,114,CLE,Cleveland Guardians,batting,hitter,682657,Angel Martínez,682657,Angel Martínez,605130,Scott Barlow,CLE,ATH,7,Top,0,1,1B--,1,0,Strike,Ball,-0.8843837999652772,2.2858936977816198,1.604,3.178,0.055217133298610444,0.6626055995833253,0.4709014514267926,0.7255331491190188,0.7536449239290292,0.02811177481001037,0.011300000000000001,0.007259061961339786,-0.007259061961339786,0,2,2,2026-05-02T21:53:12.507Z,Called Strike,Sinker
824443,10e8977a-6a7e-3a2b-957d-28ece9e8171c,2026-05-08,114,CLE,Cleveland Guardians,fielding,pitcher,800048,Parker Messick,680777,Ryan Jeffers,800048,Parker Messick,MIN,CLE,1,Top,1,2,-2B-,2,0,Ball,Strike,0.6550399109669733,3.095774580273682,1.658,3.285,0.17412675569969338,2.0895210683963206,0.8564396182017412,0.47190236428749766,0.48223870737464536,0.010336343087147704,0.011300000000000001,0.007230221412838661,-0.007230221412838661,0,2,2,2026-05-08T23:19:10.553Z,Ball,Curveball
823485,69fe516b-0f76-3e35-97c0-aea72aee79c3,2026-03-31,143,PHI,Philadelphia Phillies,fielding,pitcher,691725,Andrew Painter,686894,Joey Wiemer,691725,Andrew Painter,WSH,PHI,5,Top,1,0,---,3,1,Ball,Strike,0.7228625327473206,1.9490941169205291,1.707,3.383,0.10630413391934612,1.2756496070321535,0.6683797791744297,0.7500750946909659,0.7664852486361294,0.01641015394516354,0.011300000000000001,0.007220906574757859,-0.007220906574757859,0,2,2,2026-03-31T23:43:31.742Z,Ball,Sweeper
824691,7cb05eac-119b-3aa4-86fb-b54f94caa3d7,2026-04-19,112,CHC,Chicago Cubs,fielding,pitcher,665871,Javier Assad,620443,Luis Torrens,665871,Javier Assad,NYM,CHC,6,Top,0,0,---,1,0,Ball,Strike,0.5483099554928899,1.6458302594292606,1.604,3.179,0.1626635927625939,1.9519631131511268,0.8323838967936081,0.32682523023247345,0.34003901210598425,0.0132137818735108,0.022600000000000002,0.007210815314789207,-0.007210815314789207,1,1,2,2026-04-19T19:32:15.694Z,Ball,Sinker
825012,c756d5cc-dca1-3318-809a-48960ee95c1c,2026-05-01,133,ATH,Athletics,batting,hitter,669127,Shea Langeliers,669127,Shea Langeliers,683769,Hunter Gaddis,ATH,CLE,7,Bot,0,1,1B--,1,0,Strike,Ball,-0.5920040783610561,3.355575786574643,1.606,3.182,0.052742453241310105,0.6329094388957213,0.4610488960163827,0.10057084134134758,0.12935921050871857,0.028788369167370986,0.011300000000000001,0.007182698347713588,-0.007182698347713588,0,2,2,2026-05-02T04:00:37.980Z,Called Strike,Four-Seam Fastball
823974,9a9ee917-62e1-3fba-8e86-a2b4a2bea38d,2026-03-26,119,LAD,Los Angeles Dodgers,fielding,pitcher,808967,Yoshinobu Yamamoto,677950,Alek Thomas,808967,Yoshinobu Yamamoto,AZ,LAD,3,Top,0,2,-2B-,1,2,Ball,Strike,0.8154823480839133,3.0095582778714087,1.551,3.073,0.01368431858275343,0.16421182299304116,0.31409343668266027,0.4310325131169198,0.4785184769044918,0.04748596378757197,0.011300000000000001,0.007164285394740895,-0.007164285394740895,0,2,2,2026-03-27T01:09:49.594Z,Ball,Four-Seam Fastball
823064,ff091121-de60-3374-9c9e-177d018651cd,2026-05-04,158,MIL,Milwaukee Brewers,batting,hitter,683734,Andrew Vaughn,683734,Andrew Vaughn,681517,Kyle Leahy,MIL,STL,6,Top,0,1,1B--,1,2,Strike,Ball,0.895011514657881,2.2349674503403514,1.579,3.128,0.06584484799121426,0.7901381758945711,0.5133761995193086,0.08083769929615925,0.10547377443696469,0.024636075140805444,0.011300000000000001,0.007148725681427,-0.007148725681427,0,2,2,2026-05-05T01:22:39.860Z,Called Strike,Sweeper
824939,3a54658f-8839-33f5-a1e2-54a83c7ce893,2026-04-11,144,ATL,Atlanta Braves,batting,hitter,643289,Mauricio Dubón,643289,Mauricio Dubón,800048,Parker Messick,ATL,CLE,2,Bot,0,0,---,0,1,Strike,Ball,-0.1639867188730965,3.614811474387106,1.6,3.171,0.3229781410537731,3.875737692645277,0.9847476264332494,0.43170990785197005,0.4391304964181946,0.007420588566224573,0.011300000000000001,0.007135055156023076,-0.007135055156023076,0,2,2,2026-04-11T23:44:55.522Z,Called Strike,Four-Seam Fastball
823236,9fb91330-4816-3025-8c96-b1b0fbca6fc5,2026-04-21,137,SF,San Francisco Giants,fielding,pitcher,694738,Landen Roupp,606192,Teoscar Hernández,694738,Landen Roupp,LAD,SF,4,Top,0,1,1B--,1,0,Ball,Strike,-0.784495112311727,1.5694835339864173,1.615,3.2,0.044671554354939746,0.536058652259277,0.4291658845052664,0.7502825402848358,0.781896134753371,0.03161359446853529,0.011300000000000001,0.007117050727389254,-0.007117050727389254,0,2,2,2026-04-22T02:38:42.144Z,Ball,Sinker
824125,d24eea7c-93c8-39ef-bbb0-7d40f0d3bef7,2026-04-20,110,BAL,Baltimore Orioles,fielding,pitcher,680694,Kyle Bradish,686681,Michael Massey,680694,Kyle Bradish,KC,BAL,2,Bot,0,0,---,2,0,Ball,Strike,-0.6117536630003163,3.241961720183011,1.615,3.2,0.07887161315032243,0.9464593578038691,0.5651145547978722,0.42335752438868834,0.44463730638279764,0.021279781994109292,0.011300000000000001,0.007111308997012806,-0.007111308997012806,0,2,2,2026-04-21T00:08:07.287Z,Ball,Sinker
824460,a82225a1-f25f-3479-80c6-0cf6290c4c4b,2026-04-05,114,CLE,Cleveland Guardians,fielding,pitcher,542888,Shawn Armstrong,807713,Matt Shaw,542888,Shawn Armstrong,CHC,CLE,8,Top,2,1,1B--,0,2,Ball,Strike,0.6870431895351929,1.6350580109733461,1.567,3.105,0.14212347713147377,1.7054817255776853,0.7814225512658327,0.2885713189040429,0.30398439597793453,0.015413077073891612,0.022600000000000002,0.007104275668545119,-0.007104275668545119,1,1,2,2026-04-05T22:56:48.953Z,Ball,Sinker
824125,6278be8a-4545-3cdb-8236-a9a91d99dff1,2026-04-20,110,BAL,Baltimore Orioles,fielding,pitcher,680694,Kyle Bradish,686469,Vinnie Pasquantino,680694,Kyle Bradish,KC,BAL,1,Bot,1,2,-2B-,2,0,Ball,Strike,0.6243186314883955,1.7541581470013696,1.697,3.363,0.1779914803347029,2.135897764016435,0.8638760800118714,0.4241660925220899,0.4341669472782779,0.010000854756188005,0.011300000000000001,0.007101298907677921,-0.007101298907677921,0,2,2,2026-04-20T23:54:32.057Z,Ball,Slider
824211,fc8c45f3-5602-3477-83c4-14601f8eda1f,2026-04-01,111,BOS,Boston Red Sox,batting,hitter,691785,Marcelo Mayer,691785,Marcelo Mayer,650556,Bryan Abreu,BOS,HOU,9,Top,0,0,---,0,0,Strike,Ball,-0.9326533755507939,2.1068739084008605,1.687,3.342,0.10348670888412714,1.2418405066095257,0.658313439382925,0.06638181841556606,0.0830115928667305,0.01662977445116444,0.011300000000000001,0.007086545880135407,-0.007086545880135407,0,2,2,2026-04-01T20:40:30.647Z,Called Strike,Slider
823241,f3c879a4-4387-3187-b9a7-3534ee8d312e,2026-03-28,147,NYY,New York Yankees,batting,hitter,592450,Aaron Judge,592450,Aaron Judge,641816,Tyler Mahle,NYY,SF,3,Top,1,1,1B--,1,0,Strike,Ball,0.8984134477737923,2.7318148175852452,1.778,3.523,0.06924678110712557,0.8309613732855068,0.5269609484578839,0.5000421793527168,0.523612507400138,0.023570328047421207,0.011300000000000001,0.007075301140906629,-0.007075301140906629,0,2,2,2026-03-29T00:00:52.571Z,Called Strike,Four-Seam Fastball
824116,2e81c9ad-a3a8-347b-a65f-23c38bc42873,2026-05-08,118,KC,Kansas City Royals,batting,hitter,672580,Maikel Garcia,672580,Maikel Garcia,672456,Keider Montero,KC,DET,3,Bot,1,0,---,1,0,Strike,Ball,-0.9393526403404721,2.556864150435116,1.646,3.262,0.11018597367380534,1.322231684085664,0.6819994152407712,0.5291946896437417,0.544837699368387,0.015643009724645274,0.011300000000000001,0.0070751168770344895,-0.0070751168770344895,0,2,2,2026-05-09T00:20:09.574Z,Called Strike,Sinker
824117,c2f3e7d8-af07-3bbf-8b1b-7d14c642583f,2026-05-07,114,CLE,Cleveland Guardians,fielding,pitcher,682120,Tim Herrin,679845,Nick Loftin,682120,Tim Herrin,KC,CLE,6,Bot,1,7,1B2B3B,0,0,Ball,Strike,0.7673739791686328,1.587360547402107,1.606,3.182,0.061792687498033905,0.7415122499764069,0.49717078018797806,0.8071701261034345,0.8328041743178867,0.025634048214452143,0.011300000000000001,0.007062529566279571,-0.007062529566279571,0,2,2,2026-05-07T20:04:08.805Z,Ball,Slider
824292,e672d836-ac85-3de5-8c44-5da4c4f52b0a,2026-04-14,118,KC,Kansas City Royals,fielding,pitcher,666142,Cole Ragans,682985,Riley Greene,666142,Cole Ragans,DET,KC,4,Bot,2,5,1B-3B,0,0,Ball,Strike,-0.5327777333695913,3.3355230835317777,1.667,3.303,0.08831024980155533,1.059722997618664,0.6017983762822688,0.5681998984788824,0.5873632825100998,0.019163384031217423,0.011300000000000001,0.0070328150460498414,-0.0070328150460498414,0,2,2,2026-04-14T23:43:01.732Z,Ball,Four-Seam Fastball
824861,a440eb17-59eb-3415-b938-eb9cf6e1fbf9,2026-03-31,110,BAL,Baltimore Orioles,fielding,pitcher,682274,Yaramil Hiraldo,592626,Joc Pederson,682274,Yaramil Hiraldo,TEX,BAL,7,Top,0,3,1B2B-,0,0,Ball,Strike,-0.6598602973731438,1.5881855981828625,1.633,3.237,0.07601893151619588,0.9122271781943505,0.5538658713482247,0.20397902148067446,0.22576400174186856,0.021784980261194103,0.011300000000000001,0.007024641420905088,-0.007024641420905088,0,2,2,2026-04-01T00:29:20.455Z,Ball,Slider
824621,8de96c12-77c7-3fa5-a2b5-8845f5706589,2026-04-03,145,CWS,Chicago White Sox,batting,hitter,805367,Chase Meidroth,805367,Chase Meidroth,680755,Braydon Fisher,CWS,TOR,6,Bot,1,3,1B2B-,0,0,Strike,Ball,0.3449546743801178,3.4163243839437625,1.548,3.068,0.2274910506104293,2.7298926073251515,0.9333830615344328,0.8660238680328644,0.8743501647506075,0.008326296717743098,0.011300000000000001,0.007018852916990243,-0.007018852916990243,0,2,2,2026-04-03T19:51:50.165Z,Called Strike,Four-Seam Fastball
825101,fde88ed2-ac1d-3e87-be84-2ae0b8632144,2026-04-17,109,AZ,Arizona Diamondbacks,batting,hitter,678489,Jorge Barrosa,678489,Jorge Barrosa,641778,Eric Lauer,AZ,TOR,3,Bot,0,0,---,0,0,Strike,Ball,0.09268736810448616,3.2814339341926946,1.493,2.958,0.20260060085936127,2.431207210312335,0.9039243363187112,0.5498518778299064,0.5588087370851607,0.008956859255254246,0.011300000000000001,0.007010668058207235,-0.007010668058207235,0,2,2,2026-04-18T02:11:15.935Z,Called Strike,Four-Seam Fastball
825012,2e5dde62-a436-3518-a744-4afeab6f83ed,2026-05-01,133,ATH,Athletics,fielding,pitcher,663687,Hogan Harris,682657,Angel Martínez,663687,Hogan Harris,CLE,ATH,5,Top,1,6,-2B3B,1,1,Ball,Strike,-0.8147797695026934,3.046581142539943,1.604,3.178,0.014386897163973345,0.17264276596768013,0.3165202852298053,0.4007340226107933,0.4472477713591431,0.04651374874834985,0.011300000000000001,0.006999224244031992,-0.006999224244031992,0,2,2,2026-05-02T03:09:39.779Z,Ball,Four-Seam Fastball
822745,e20d0cf3-bf92-32a0-951e-ff6a4cbc785b,2026-04-23,144,ATL,Atlanta Braves,batting,hitter,660670,Ronald Acuña Jr.,660670,Ronald Acuña Jr.,676917,Cade Cavalli,ATL,WSH,5,Top,0,0,---,0,0,Strike,Ball,0.9912865633552225,2.229839310801969,1.615,3.201,0.16211989668855575,1.945438760262669,0.8311666730824151,0.49409763927906086,0.5048040722603322,0.01070643298127133,0.011300000000000001,0.006991013687454425,-0.006991013687454425,0,2,2,2026-04-23T18:06:50.208Z,Called Strike,Sweeper
824776,e2bbd127-64aa-32ce-9c3c-245f115b6bd7,2026-04-20,111,BOS,Boston Red Sox,fielding,pitcher,677161,Zack Kelly,663837,Matt Vierling,677161,Zack Kelly,DET,BOS,4,Top,1,3,1B2B-,1,1,Ball,Strike,0.7684408517111562,2.8204956775925867,1.652,3.274,0.06072581495551055,0.7287097794661266,0.4929037363413012,0.5594534250278292,0.5852501089287734,0.02579668390094414,0.011300000000000001,0.006985094100647562,-0.006985094100647562,0,2,2,2026-04-20T16:23:11.464Z,Ball,Sinker
823805,f58cc047-3bbb-3320-a4af-e01a85985f7c,2026-04-11,158,MIL,Milwaukee Brewers,batting,hitter,686217,Sal Frelick,686217,Sal Frelick,656492,Foster Griffin,MIL,WSH,5,Bot,1,0,---,1,0,Strike,Ball,0.9071269185647263,2.628484564469067,1.546,3.063,0.07796025189805955,0.9355230227767146,0.5615275929412655,0.25320158260839837,0.27445581233081934,0.02125422972242097,0.011300000000000001,0.00698009825608805,-0.00698009825608805,0,2,2,2026-04-12T00:32:01.331Z,Called Strike,Cutter
822822,42bd7e4d-5128-3331-9df9-1e07c2f5a790,2026-05-08,108,LAA,Los Angeles Angels,fielding,pitcher,672282,Reid Detmers,676914,Davis Schneider,672282,Reid Detmers,TOR,LAA,2,Bot,1,0,---,0,1,Ball,Strike,-0.009695718005283906,2.83413391674395,1.537,3.045,0.33169941658938296,3.9803929990725955,0.9867077228213024,0.4730017677470784,0.4802121334550618,0.0072103657079833905,0.011300000000000001,0.006964320796313816,-0.006964320796313816,0,2,2,2026-05-08T23:35:18.924Z,Ball,Slider
823402,3194f54c-d59e-3c38-8180-7b1dc3eeefc1,2026-04-07,134,PIT,Pittsburgh Pirates,fielding,pitcher,694973,Paul Skenes,701538,Jackson Merrill,694973,Paul Skenes,SD,PIT,6,Top,1,3,1B2B-,1,1,Ball,Strike,0.7820314061659445,2.1957278555011333,1.676,3.32,0.047135260500722254,0.565623126008667,0.4388487067466314,0.7056652559283748,0.7359723741434043,0.030307118215029516,0.011300000000000001,0.006959230020119913,-0.006959230020119913,0,2,2,2026-04-08T00:07:39.506Z,Ball,Four-Seam Fastball
825025,baa42cf5-3ed4-311e-b152-d6649162e66f,2026-04-05,133,ATH,Athletics,batting,hitter,691777,Max Muncy,691777,Max Muncy,621121,Lance McCullers Jr.,ATH,HOU,2,Bot,1,0,---,1,0,Strike,Ball,0.9450562748853588,2.862816049676992,1.629,3.228,0.1158896082186921,1.3906752986243052,0.7014545094445663,0.5269982322529212,0.541706322534287,0.014708090281365771,0.011300000000000001,0.00694349220990542,-0.00694349220990542,0,2,2,2026-04-05T20:34:42.932Z,Called Strike,Sinker
822748,1577864d-76b3-3832-bd75-c6c55a44861b,2026-04-22,144,ATL,Atlanta Braves,fielding,pitcher,800311,Didier Fuentes,695734,Daylen Lile,800311,Didier Fuentes,WSH,ATL,1,Bot,2,3,1B2B-,0,0,Ball,Strike,0.6752474746840251,1.8186043444914264,1.605,3.181,0.1539191919826416,1.847030303791699,0.8119463652126665,0.552142525237224,0.5632910320507595,0.01114850681353552,0.011300000000000001,0.006926983511701942,-0.006926983511701942,0,2,2,2026-04-22T23:00:15.580Z,Ball,Four-Seam Fastball
823069,a21ee388-d2eb-3740-a7ba-b17fb2b2ea53,2026-04-24,136,SEA,Seattle Mariners,fielding,pitcher,669923,George Kirby,676475,Alec Burleson,669923,George Kirby,STL,SEA,4,Bot,1,0,---,3,1,Ball,Strike,-0.7255473779414665,2.5856648806093725,1.623,3.216,0.10361928872520021,1.2434314647024025,0.6587904324966308,0.6890833739175167,0.7054467534457035,0.016363379528186783,0.011300000000000001,0.006924369763692614,-0.006924369763692614,0,2,2,2026-04-25T01:18:17.373Z,Ball,Four-Seam Fastball
824446,c446690b-d196-3154-9aca-026fbf3a6aa0,2026-04-27,139,TB,Tampa Bay Rays,batting,hitter,650490,Yandy Díaz,650490,Yandy Díaz,683769,Hunter Gaddis,TB,CLE,7,Top,2,3,1B2B-,0,0,Strike,Ball,0.9363859762615807,2.4407185042264294,1.629,3.228,0.10721930959491399,1.286631715138968,0.6716172924568609,0.28818852989084354,0.3095339098264934,0.02134537993564989,0.022600000000000002,0.006914477088369236,-0.006914477088369236,1,1,2,2026-04-27T23:49:34.783Z,Called Strike,Slider
823478,096a6341-76ed-3ade-9753-2d2dc966f3f9,2026-04-14,112,CHC,Chicago Cubs,batting,hitter,673548,Seiya Suzuki,673548,Seiya Suzuki,605400,Aaron Nola,CHC,PHI,5,Top,2,5,1B-3B,0,0,Strike,Ball,0.9142144073207689,2.1734151037482348,1.604,3.178,0.08504774065410214,1.0205728878492257,0.589225328132357,0.48671639523118215,0.506255075429213,0.019538680198030844,0.011300000000000001,0.006870931458853542,-0.006870931458853542,0,2,2,2026-04-15T00:05:24.142Z,Called Strike,Knuckle Curve
824684,f1df21f8-9c51-3454-a384-7cd4589be06e,2026-05-04,112,CHC,Chicago Cubs,batting,hitter,694208,Moisés Ballesteros,694208,Moisés Ballesteros,695534,Chase Petty,CHC,CIN,3,Bot,2,1,1B--,1,0,Strike,Ball,-0.19598246994750362,3.3225339193017516,1.534,3.04,0.1617005859684184,1.940407031621021,0.830223119432034,0.40171734633702655,0.41230349145423834,0.010586145117211787,0.011300000000000001,0.006870383671553748,-0.006870383671553748,0,2,2,2026-05-05T01:31:21.710Z,Called Strike,Changeup
824622,bbdf9686-a18b-3b29-9ad1-70f0adf6b61b,2026-04-04,141,TOR,Toronto Blue Jays,fielding,pitcher,689254,Mason Fluharty,808959,Munetaka Murakami,689254,Mason Fluharty,CWS,TOR,1,Bot,1,6,-2B3B,1,0,Ball,Strike,-0.16573920785319968,1.6599805979492435,1.664,3.296,0.11681393128257689,1.4017671753909227,0.7045423432547139,0.3728565296406615,0.38733749271679935,0.014480963076137832,0.011300000000000001,0.006863780137025403,-0.006863780137025403,0,2,2,2026-04-04T18:21:39.390Z,Ball,Sweeper
823485,9fe4ec2f-ce1f-30d4-bf9a-a25991a9d493,2026-03-31,143,PHI,Philadelphia Phillies,batting,hitter,666969,Adolis García,666969,Adolis García,641793,Zack Littell,PHI,WSH,6,Bot,1,0,---,1,0,Strike,Ball,1.08883171286198,2.9019661092619704,1.623,3.216,0.2596650461953133,3.1159805543437593,0.9590911909182613,0.8332710764934095,0.8409030916109123,0.007632015117502777,0.011300000000000001,0.006857528925528266,-0.006857528925528266,0,2,2,2026-04-01T00:13:39.573Z,Called Strike,Slider
823391,9911d732-4e88-3bef-bd5d-121d68379337,2026-04-30,134,PIT,Pittsburgh Pirates,batting,hitter,668804,Bryan Reynolds,668804,Bryan Reynolds,677865,Justin Bruihl,PIT,STL,5,Bot,2,6,-2B3B,0,0,Strike,Ball,1.0527058516799563,2.547158841300721,1.657,3.284,0.22353918501328962,2.6824702201594754,0.929342097732167,0.10303528545151572,0.11213060741308718,0.009095321961571465,0.022600000000000002,0.006855797000063248,-0.006855797000063248,1,1,2,2026-04-30T18:14:27.658Z,Called Strike,Sweeper
823159,ce473d3c-2b09-35b9-8996-44cc30629539,2026-03-30,147,NYY,New York Yankees,fielding,pitcher,677960,Ryan Weathers,608701,Rob Refsnyder,677960,Ryan Weathers,SEA,NYY,1,Bot,0,1,1B--,1,0,Ball,Strike,-0.7753213977742066,3.21498818193749,1.608,3.187,0.05384526889246011,0.6461432267095213,0.4654362893501597,0.3942963840574552,0.42193602719083667,0.027639643133381464,0.011300000000000001,0.006823923008620493,-0.006823923008620493,0,2,2,2026-03-31T01:49:23.499Z,Ball,Four-Seam Fastball
824858,171d2f59-7080-302b-8a60-b9a6435d4d11,2026-04-10,137,SF,San Francisco Giants,batting,hitter,650333,Luis Arraez,650333,Luis Arraez,675919,Nick Raquet,SF,BAL,7,Top,0,0,---,1,0,Strike,Ball,-0.3426085221299262,3.4735142022426175,1.577,3.124,0.2286808689092843,2.7441704269114116,0.9345570499735625,0.8161115835176018,0.8242006849216678,0.008089101404065935,0.011300000000000001,0.0068202214098221185,-0.0068202214098221185,0,2,2,2026-04-11T01:10:17.942Z,Called Strike,Sinker
824215,5d79c06a-a14f-33d5-8cd2-c8df5404e251,2026-03-29,108,LAA,Los Angeles Angels,fielding,pitcher,686799,Jack Kochanowicz,621043,Carlos Correa,686799,Jack Kochanowicz,HOU,LAA,2,Bot,0,0,---,2,1,Ball,Strike,0.2975722827683665,1.697478896103368,1.684,3.337,0.1343122294367014,1.6117467532404168,0.7593274243442126,0.43612683947172565,0.45224268643012194,0.016115846958396296,0.022600000000000002,0.006798004352223777,-0.006798004352223777,1,1,2,2026-03-29T18:40:01.349Z,Ball,Sinker
825021,e81616a6-e848-3c5a-8c92-d7b093619b15,2026-04-15,133,ATH,Athletics,fielding,pitcher,605130,Scott Barlow,669701,Josh Smith,605130,Scott Barlow,TEX,ATH,7,Top,1,0,---,0,0,Ball,Strike,0.6313654537991756,1.6703733873094668,1.548,3.068,0.19780121286749108,2.373614554409893,0.8970454966315822,0.8457799869876796,0.8546498157777772,0.008869828790097567,0.011300000000000001,0.006793254083987056,-0.006793254083987056,0,2,2,2026-04-16T03:51:07.386Z,Ball,Sinker
824781,c021725b-4ba9-3528-8733-af6f88ec7ead,2026-04-05,111,BOS,Boston Red Sox,batting,hitter,575929,Willson Contreras,575929,Willson Contreras,621111,Walker Buehler,BOS,SD,2,Bot,0,0,---,0,0,Strike,Ball,1.0424175162492695,2.3747212940268594,1.63,3.23,0.21325084958260276,2.559010194991233,0.917738824563295,0.5462611252718056,0.5546696422173181,0.008408516945512479,0.011300000000000001,0.006787271175460403,-0.006787271175460403,0,2,2,2026-04-05T17:58:23.064Z,Called Strike,Slider
823553,dc6b58b4-04de-3946-9e4c-de289064336f,2026-05-05,147,NYY,New York Yankees,fielding,pitcher,518585,Fernando Cruz,457705,Andrew McCutchen,518585,Fernando Cruz,TEX,NYY,8,Top,1,2,-2B-,1,1,Ball,Strike,-0.6873229403886935,1.5768862084365691,1.579,3.13,0.11871954176990251,1.4246345012388302,0.7108493455202597,0.9204381562162514,0.934576524441645,0.014138368225393605,0.011300000000000001,0.006782847404124413,-0.006782847404124413,0,2,2,2026-05-06T01:20:58.943Z,Ball,Four-Seam Fastball
825019,0dee1238-d94b-3706-bb42-8d85d079217f,2026-04-17,133,ATH,Athletics,batting,hitter,701762,Nick Kurtz,701762,Nick Kurtz,663436,Davis Martin,ATH,CWS,4,Bot,1,2,-2B-,1,0,Strike,Ball,0.9231681648449076,2.3510228109518256,1.722,3.413,0.09400149817824088,1.1280179781388906,0.623404512254946,0.22171476644426472,0.23940574895736325,0.01769098251309853,0.011300000000000001,0.0067731093133698555,-0.0067731093133698555,0,2,2,2026-04-18T02:50:26.272Z,Called Strike,Changeup
823636,c0d2b188-2fe9-379f-a369-2b53806105f3,2026-04-28,121,NYM,New York Mets,fielding,pitcher,605280,Clay Holmes,695578,James Wood,605280,Clay Holmes,WSH,NYM,3,Top,2,1,1B--,1,2,Ball,Strike,-0.6833079160212834,1.7137051014739277,1.761,3.489,0.07353843480726119,0.8824612176871343,0.5440393227254062,0.647837461155963,0.6697210779547953,0.021883616798832328,0.011300000000000001,0.006753192408816152,-0.006753192408816152,0,2,2,2026-04-28T23:44:40.914Z,Ball,Changeup
822753,36ffa598-17bb-3500-a3a4-047f9df48466,2026-04-08,120,WSH,Washington Nationals,fielding,pitcher,672335,Cionel Pérez,671056,Iván Herrera,672335,Cionel Pérez,STL,WSH,7,Top,0,1,1B--,1,1,Ball,Strike,-0.12751196712382276,1.6051242930685319,1.602,3.173,0.12395762640186514,1.4874915168223817,0.7277668806635128,0.15573735991712057,0.16922418587468077,0.013486825957560206,0.011300000000000001,0.006739031008682979,-0.006739031008682979,0,2,2,2026-04-08T21:51:19.447Z,Ball,Four-Seam Fastball
824046,7dc359b2-fd2e-3cc3-8f4d-62bb733ff626,2026-04-20,141,TOR,Toronto Blue Jays,batting,hitter,672960,Kazuma Okamoto,672960,Kazuma Okamoto,672282,Reid Detmers,TOR,LAA,6,Top,0,3,1B2B-,1,0,Strike,Ball,0.08319244695992763,3.4769933453571973,1.643,3.256,0.10016001202386438,1.2019201442863725,0.6462418192328978,0.6294530296701955,0.6522471686584007,0.02279413898820526,0.022600000000000002,0.00673559096224878,-0.00673559096224878,1,1,2,2026-04-21T03:18:18.354Z,Called Strike,Four-Seam Fastball
823798,267ed2dd-c135-3111-93f5-1498c32ce56c,2026-04-28,109,AZ,Arizona Diamondbacks,fielding,pitcher,518876,Merrill Kelly,661388,William Contreras,518876,Merrill Kelly,MIL,AZ,1,Bot,0,1,1B--,0,1,Ball,Strike,0.0637027417772509,1.59055176383077,1.581,3.133,0.1303850971641034,1.5646211659692408,0.7476582284251324,0.42193602719083667,0.43475528584125817,0.012819258650421494,0.011300000000000001,0.006732962193501684,-0.006732962193501684,0,2,2,2026-04-28T23:52:02.585Z,Ball,Four-Seam Fastball
824690,baba815e-e6b9-3949-a06c-10b5d61534c8,2026-04-21,143,PHI,Philadelphia Phillies,fielding,pitcher,666200,Jesús Luzardo,683737,Michael Busch,666200,Jesús Luzardo,CHC,PHI,2,Bot,0,1,1B--,1,0,Ball,Strike,0.20236874554485496,1.5260120657032246,1.598,3.166,0.048845399036557824,0.5861447884386939,0.4455978121714834,0.3879853377329697,0.41713312569323224,0.029147787960262517,0.011300000000000001,0.006723445822269045,-0.006723445822269045,0,2,2,2026-04-22T00:03:48.959Z,Ball,Sinker
823237,ff78cc4e-45ca-3d8d-b8ea-b37052d2d871,2026-04-06,143,PHI,Philadelphia Phillies,fielding,pitcher,691725,Andrew Painter,650333,Luis Arraez,691725,Andrew Painter,SF,PHI,4,Bot,1,7,1B2B3B,0,0,Ball,Strike,0.4277931825413347,1.7214716375648995,1.577,3.124,0.2653049708982329,3.183659650778795,0.9624886794009719,0.09627736840609313,0.10368889582721547,0.0074115274211223325,0.011300000000000001,0.006709633317131108,-0.006709633317131108,0,2,2,2026-04-07T02:55:29.398Z,Ball,Slider
823719,8974512b-0f10-3794-a18f-0dea77a4c968,2026-04-27,142,MIN,Minnesota Twins,fielding,pitcher,687570,Connor Prielipp,641487,J.P. Crawford,687570,Connor Prielipp,SEA,MIN,5,Top,0,1,1B--,3,2,Ball,Strike,0.44407425887875196,3.259281430585651,1.625,3.219,0.0805519027476822,0.9666228329721864,0.5717097821703857,0.950319754807454,0.9789557799214197,0.02863602511396568,0.022600000000000002,0.00669213675718173,-0.00669213675718173,1,1,2,2026-04-28T00:58:42.452Z,Ball,Four-Seam Fastball
824850,af5afc99-60ee-343d-88c0-e47dacb78e80,2026-04-30,110,BAL,Baltimore Orioles,fielding,pitcher,687064,Brandon Young,670541,Yordan Alvarez,687064,Brandon Young,HOU,BAL,1,Top,1,0,---,1,1,Ball,Strike,0.5161444580723054,1.7608393411484675,1.712,3.392,0.1696726744818009,2.036072093781611,0.8474530202324143,0.5169113595029641,0.5268314739477195,0.009920114444755379,0.011300000000000001,0.006683050075885427,-0.006683050075885427,0,2,2,2026-04-30T20:00:07.121Z,Ball,Splitter
823141,2101deb8-322e-33cd-8551-766627faa000,2026-05-06,136,SEA,Seattle Mariners,batting,hitter,677594,Julio Rodríguez,677594,Julio Rodríguez,527048,Martín Pérez,SEA,ATL,1,Bot,2,0,---,1,2,Strike,Ball,-1.0078481146306055,3.0954335487597957,1.705,3.378,0.1786814479639388,2.1441773755672657,0.8651690520519708,0.49999999999999967,0.5094849097550938,0.009484909755094084,0.011300000000000001,0.006682460669800509,-0.006682460669800509,0,2,2,2026-05-06T20:24:48.973Z,Called Strike,Sinker
823646,32488253-1f46-35f6-831a-9dd9d13b418d,2026-04-08,109,AZ,Arizona Diamondbacks,fielding,pitcher,669194,Ryne Nelson,701807,Carson Benge,669194,Ryne Nelson,NYM,AZ,5,Bot,1,0,---,2,2,Ball,Strike,0.48432085209697895,1.6299947993196544,1.645,3.259,0.10582813265298774,1.2699375918358529,0.6666895422492501,0.9341624472946449,0.9498314784412025,0.0156690311465576,0.011300000000000001,0.006679971030004254,-0.006679971030004254,0,2,2,2026-04-08T21:30:45.807Z,Ball,Four-Seam Fastball
824200,5ec15705-f579-326b-94aa-7d6dfa23fadb,2026-05-05,117,HOU,Houston Astros,batting,hitter,572233,Christian Walker,572233,Christian Walker,660271,Shohei Ohtani,HOU,LAD,6,Bot,1,1,1B--,0,0,Strike,Ball,-0.3444529510130435,3.5848036338422506,1.604,3.179,0.2849703005089177,3.4196436061070123,0.9723347979615378,0.8440458645344995,0.8512338919257227,0.007188027391223262,0.011300000000000001,0.0066765523781524465,-0.0066765523781524465,0,2,2,2026-05-06T01:41:54.719Z,Called Strike,Sweeper
823143,fdcb6966-992b-3691-b577-6c661e748761,2026-05-04,136,SEA,Seattle Mariners,batting,hitter,641487,J.P. Crawford,641487,J.P. Crawford,471911,Carlos Carrasco,SEA,ATL,8,Bot,1,0,---,1,0,Strike,Ball,0.36970854069984166,3.593164574916746,1.625,3.219,0.253331241583413,3.0399748990009563,0.9549247775114704,0.854402617972125,0.861915261905508,0.007512643933383023,0.011300000000000001,0.006664659822488297,-0.006664659822488297,0,2,2,2026-05-05T04:05:33.195Z,Called Strike,Cutter
823874,e125dd99-6307-3f30-92e8-5b35a14183dc,2026-05-04,143,PHI,Philadelphia Phillies,fielding,pitcher,605400,Aaron Nola,669364,Xavier Edwards,605400,Aaron Nola,MIA,PHI,4,Bot,0,1,1B--,1,2,Ball,Strike,0.806295262872158,1.5307239721342762,1.542,3.055,0.022871403794508693,0.2744568455341043,0.34659107325634825,0.5305610277833256,0.5710764254575208,0.04051539767419521,0.011300000000000001,0.006658754291103806,-0.006658754291103806,0,2,2,2026-05-04T23:50:11.937Z,Ball,Sinker
825020,a6b36c7c-b20c-31da-98b0-5024b95f4d79,2026-04-18,133,ATH,Athletics,batting,hitter,666126,Carlos Cortes,666126,Carlos Cortes,607200,Erick Fedde,ATH,CWS,2,Bot,1,0,---,2,0,Strike,Ball,-0.9182286821057073,2.857205242504687,1.509,2.99,0.08906201543904058,1.068744185268487,0.6046772314235291,0.16293731906167402,0.1813253765026452,0.01838805744097119,0.011300000000000001,0.006651692379749162,-0.006651692379749162,0,2,2,2026-04-18T20:29:58.092Z,Called Strike,Sinker
823971,ae28f5a6-55dc-363c-94f7-b7db8f680c6d,2026-03-27,119,LAD,Los Angeles Dodgers,fielding,pitcher,676263,Jack Dreyer,672695,Geraldo Perdomo,676263,Jack Dreyer,AZ,LAD,5,Top,2,0,---,2,0,Ball,Strike,-0.686826393415406,2.6635837799800663,1.674,3.317,0.14234027325126075,1.708083279015129,0.7820144379944985,0.5391939659756895,0.5508282523957005,0.011634286420011075,0.011300000000000001,0.006634943105549821,-0.006634943105549821,0,2,2,2026-03-28T03:46:29.337Z,Ball,Four-Seam Fastball
825090,7823d583-6484-33bc-88b0-bb0e9812bbb3,2026-05-07,134,PIT,Pittsburgh Pirates,fielding,pitcher,656605,Mitch Keller,672695,Geraldo Perdomo,656605,Mitch Keller,AZ,PIT,1,Bot,0,0,---,1,0,Ball,Strike,-0.5722046513524409,3.315984770664817,1.674,3.317,0.12184856266851618,1.4621827520221942,0.7210301018920907,0.5423352376358203,0.5559011711889874,0.013565933553167153,0.011300000000000001,0.006629086603482069,-0.006629086603482069,0,2,2,2026-05-07T19:47:59.846Z,Ball,Four-Seam Fastball
822755,c78ceae4-6478-3a71-b4b5-5fe0b085994a,2026-04-06,138,STL,St. Louis Cardinals,batting,hitter,691026,Masyn Winn,691026,Masyn Winn,686610,Ken Waldichuk,STL,WSH,6,Top,0,1,1B--,0,0,Strike,Ball,0.20712973961915995,3.328552066801769,1.555,3.081,0.1267187334684361,1.5206248016212331,0.7364308803604347,0.38930926890436857,0.40231027628534244,0.013001007380973872,0.011300000000000001,0.00659601225921601,-0.00659601225921601,0,2,2,2026-04-07T00:14:32.151Z,Called Strike,Curveball
823647,ff1f2c22-0d0d-319e-a97a-cdfa19c32720,2026-03-29,134,PIT,Pittsburgh Pirates,fielding,pitcher,670990,Yohan Ramírez,593871,Jorge Polanco,670990,Yohan Ramírez,NYM,PIT,5,Bot,2,2,-2B-,0,0,Ball,Strike,0.5169619346695341,1.7866462465262456,1.61,3.191,0.29747957985957885,3.569754958314946,0.9772387903425459,0.45402746946296424,0.4613022769822492,0.007274807519284943,0.022600000000000002,0.006594820761862411,-0.006594820761862411,1,1,2,2026-03-29T19:12:02.542Z,Ball,Curveball
823231,65e81764-fcdd-330f-a2fd-88d0a28d734a,2026-04-22,119,LAD,Los Angeles Dodgers,batting,hitter,500743,Miguel Rojas,500743,Miguel Rojas,641816,Tyler Mahle,LAD,SF,5,Top,0,0,---,2,0,Strike,Ball,0.8841195969778647,2.91361854566386,1.585,3.141,0.05495293031119797,0.6594351637343756,0.4698483499026044,0.5057068583486392,0.5324928616212652,0.026786003272626036,0.011300000000000001,0.006594645792028532,-0.006594645792028532,0,2,2,2026-04-23T02:46:21.604Z,Called Strike,Four-Seam Fastball
824200,6402cfdd-ceb1-3a29-9b12-25ba46cfe001,2026-05-05,117,HOU,Houston Astros,batting,hitter,670541,Yordan Alvarez,670541,Yordan Alvarez,660271,Shohei Ohtani,HOU,LAD,6,Bot,0,0,---,2,0,Strike,Ball,-0.9842234163551961,2.783744872479064,1.712,3.392,0.15505674968852934,1.860680996262352,0.8147096888176817,0.8489691596601524,0.859621799588061,0.010652639927908547,0.011300000000000001,0.006585028444392986,-0.006585028444392986,0,2,2,2026-05-06T01:39:51.644Z,Called Strike,Sweeper
824198,003a524f-5a5b-35b9-a2fb-04c363fbf9d0,2026-05-06,117,HOU,Houston Astros,batting,hitter,694728,Brice Matthews,694728,Brice Matthews,676263,Jack Dreyer,HOU,LAD,3,Bot,1,1,1B--,1,0,Strike,Ball,0.584492567771268,3.3896251591786775,1.58,3.13,0.13879182584534444,1.6655019101441333,0.7721812971341261,0.10770324992055547,0.11954524761983529,0.011841997699279821,0.011300000000000001,0.006569817801704854,-0.006569817801704854,0,2,2,2026-05-06T19:19:25.860Z,Called Strike,Slider
824299,63eec5de-b2a5-3306-b39e-f7cff64d1c91,2026-04-03,138,STL,St. Louis Cardinals,fielding,pitcher,700241,Michael McGreevy,650402,Gleyber Torres,700241,Michael McGreevy,DET,STL,5,Bot,1,2,-2B-,0,0,Ball,Strike,0.7279741233654115,1.7064100823248367,1.579,3.13,0.10119254330125527,1.2143105196150632,0.6500094376454247,0.16581647370826383,0.1820024066387299,0.01618593293046608,0.011300000000000001,0.006566115807292118,-0.006566115807292118,0,2,2,2026-04-03T18:36:27.969Z,Ball,Sinker
824286,38096c4a-447e-3132-8f1a-7c8615715369,2026-04-22,158,MIL,Milwaukee Brewers,batting,hitter,686217,Sal Frelick,686217,Sal Frelick,663554,Casey Mize,MIL,DET,5,Top,0,0,---,1,0,Strike,Ball,-0.37281142802211525,3.2713402857348526,1.546,3.063,0.08750695240151929,1.0500834288182315,0.5987143860458104,0.35779694513597,0.37632652962866475,0.01852958449269476,0.011300000000000001,0.00655940136554537,-0.00655940136554537,0,2,2,2026-04-22T23:40:52.167Z,Called Strike,Splitter
824127,664cf5bc-b826-3da8-a7b1-1b27be3c6a23,2026-04-21,118,KC,Kansas City Royals,batting,hitter,672580,Maikel Garcia,672580,Maikel Garcia,669358,Shane Baz,KC,BAL,7,Bot,0,4,--3B,2,1,Strike,Ball,0.8539660256344223,1.9608784484454935,1.646,3.262,0.024799358967755536,0.29759230761306643,0.3536095815725439,0.7137046653099243,0.752895160165948,0.03919049485602377,0.011300000000000001,0.006553922759429247,-0.006553922759429247,0,2,2,2026-04-22T01:42:02.576Z,Called Strike,Four-Seam Fastball
825102,f0099931-a6b1-37ad-bafe-fea9ff262cb0,2026-04-05,144,ATL,Atlanta Braves,batting,hitter,643289,Mauricio Dubón,643289,Mauricio Dubón,664199,Taylor Clarke,ATL,AZ,6,Top,2,0,---,2,0,Strike,Ball,0.9534788860016692,2.3999040527463604,1.6,3.171,0.12431221933500247,1.4917466320200297,0.7288894709897183,0.4426709639835551,0.45582054074094497,0.01314957675738987,0.011300000000000001,0.006521039068616414,-0.006521039068616414,0,2,2,2026-04-05T21:43:10.956Z,Called Strike,Cutter
823972,e66877e5-2ed4-3841-a830-e38a38cbf591,2026-03-30,114,CLE,Cleveland Guardians,fielding,pitcher,800048,Parker Messick,660271,Shohei Ohtani,800048,Parker Messick,LAD,CLE,3,Bot,0,3,1B2B-,0,0,Ball,Strike,-0.7859654458347431,2.8764966318131546,1.7,3.369,0.04320122083192357,0.5184146499830828,0.4234124409923714,0.4385995299763882,0.4693239546613526,0.030724424684964446,0.011300000000000001,0.006493664237160864,-0.006493664237160864,0,2,2,2026-03-31T02:52:06.816Z,Ball,Slider
823158,ea0668c7-c030-302d-a2bb-79308596aabf,2026-03-31,147,NYY,New York Yankees,fielding,pitcher,608331,Max Fried,677594,Julio Rodríguez,608331,Max Fried,SEA,NYY,1,Bot,2,0,---,3,0,Ball,Strike,0.3978482256697935,3.3158483655770965,1.705,3.378,0.18298496775623674,2.195819613074841,0.8730012212078682,0.6775697951557866,0.6866506925690186,0.009080897413231925,0.011300000000000001,0.006492548331063752,-0.006492548331063752,0,2,2,2026-04-01T01:59:16.608Z,Ball,Four-Seam Fastball
823879,387da524-d258-3956-a2ff-3292784d791a,2026-04-20,146,MIA,Miami Marlins,fielding,pitcher,676974,Max Meyer,671056,Iván Herrera,676974,Max Meyer,STL,MIA,5,Top,2,0,---,1,2,Ball,Strike,0.16581038495581088,1.6025915221691993,1.602,3.173,0.12142485550253257,1.4570982660303908,0.7196644308047516,0.5527001773234784,0.5661084565425677,0.01340827921908927,0.011300000000000001,0.006481669700370752,-0.006481669700370752,0,2,2,2026-04-20T23:46:12.716Z,Ball,Changeup
824941,7d3e9208-0e5a-3fcd-aa7f-44e882cbeb04,2026-04-10,114,CLE,Cleveland Guardians,fielding,pitcher,677944,Slade Cecconi,663586,Austin Riley,677944,Slade Cecconi,ATL,CLE,4,Bot,1,0,---,3,2,Ball,Strike,0.8219911431985767,2.237728042944515,1.652,3.274,0.007175523468090028,0.08610628161708034,0.29210310309531107,0.437918430148196,0.4874870192777509,0.04956858912955492,0.011300000000000001,0.00647990376577651,-0.00647990376577651,0,2,2,2026-04-11T00:08:13.156Z,Ball,Four-Seam Fastball
824539,53b63ed9-afe7-3a18-9238-022ad10b1938,2026-03-30,134,PIT,Pittsburgh Pirates,fielding,pitcher,677952,Braxton Ashcraft,701398,Sal Stewart,677952,Braxton Ashcraft,CIN,PIT,4,Bot,1,0,---,2,0,Ball,Strike,-0.76670348733628,3.2880971338271827,1.635,3.239,0.0624631793303867,0.7495581519646404,0.4998527173258066,0.4367538584650825,0.4609983473581641,0.02424448889308156,0.011300000000000001,0.00646700935916377,-0.00646700935916377,0,2,2,2026-03-30T23:31:32.855Z,Ball,Curveball
822822,c5fdd669-f40a-3eb0-8f13-e7f060ad86be,2026-05-08,141,TOR,Toronto Blue Jays,batting,hitter,664702,Myles Straw,664702,Myles Straw,672282,Reid Detmers,TOR,LAA,4,Bot,1,3,1B2B-,2,0,Strike,Ball,0.7560717608632436,3.258838219899493,1.551,3.073,0.0650048865661601,0.7800586387939212,0.5100182053129004,0.8190416873382669,0.842556413008594,0.023514725670327086,0.011300000000000001,0.006456143904841185,-0.006456143904841185,0,2,2,2026-05-09T00:23:43.970Z,Called Strike,Changeup
824368,db07a7de-f3ed-3545-97f5-5ba14e04ad63,2026-04-23,135,SD,San Diego Padres,batting,hitter,664034,Ty France,664034,Ty France,688642,Zach Agnos,SD,COL,4,Top,0,0,---,1,0,Strike,Ball,0.9457439389447949,2.60951425040844,1.566,3.103,0.1165772722781282,1.3989272673375384,0.7037535170300698,0.18154099458446174,0.19545340489609733,0.013912410311635592,0.011300000000000001,0.006443322429618746,-0.006443322429618746,0,2,2,2026-04-23T20:16:06.573Z,Called Strike,Four-Seam Fastball
824367,7b5892e8-5a19-3349-9ca6-3c950b5953a6,2026-04-22,115,COL,Colorado Rockies,fielding,pitcher,677955,Jaden Hill,657656,Ramón Laureano,677955,Jaden Hill,SD,COL,7,Top,1,1,1B--,0,1,Ball,Strike,0.491884071305068,1.6614914791517075,1.547,3.065,0.2353248124850409,2.8238977498204907,0.9407659032651113,0.9414455126909983,0.9497026941021001,0.008257181411101766,0.022600000000000002,0.006429384142430556,-0.006429384142430556,1,1,2,2026-04-23T03:06:50.227Z,Ball,Changeup
824447,b10add2b-74d9-3731-a5c7-c02f46323a4f,2026-04-28,114,CLE,Cleveland Guardians,batting,hitter,682177,Daniel Schneemann,682177,Daniel Schneemann,607259,Nick Martinez,CLE,TB,2,Bot,0,0,---,1,2,Strike,Ball,-0.9105372030641782,1.696328984160776,1.614,3.197,0.08137053639751146,0.9764464367701375,0.5749139069764868,0.52825116251036,0.5477573135698776,0.019506151059517585,0.011300000000000001,0.006410884664535093,-0.006410884664535093,0,2,2,2026-04-28T22:39:45.862Z,Called Strike,Cutter
823554,5b3ba599-2df8-3ca0-817e-75f1a3f8954b,2026-05-02,110,BAL,Baltimore Orioles,fielding,pitcher,680694,Kyle Bradish,676609,José Caballero,680694,Kyle Bradish,NYY,BAL,3,Bot,1,0,---,2,1,Ball,Strike,0.5411033898898071,1.5543952987672216,1.556,3.083,0.1192286321005549,1.4307435852066588,0.7125207014137286,0.3361530671608918,0.3496861518558977,0.01353308469500586,0.011300000000000001,0.006394086925152103,-0.006394086925152103,0,2,2,2026-05-02T18:24:28.040Z,Ball,Sinker
822998,b234f0f9-2de3-3950-a7ee-6ab797216961,2026-04-12,147,NYY,New York Yankees,fielding,pitcher,693645,Cam Schlittler,641584,Jake Fraley,693645,Cam Schlittler,TB,NYY,5,Bot,2,3,1B2B-,1,0,Ball,Strike,0.5273102629343128,1.7912370981339012,1.6,3.17,0.3018564037323539,3.6222768447882467,0.9787454885123397,0.10980100660921219,0.11682068407766348,0.007019677468451294,0.022600000000000002,0.0063901256934373015,-0.0063901256934373015,1,1,2,2026-04-12T18:58:32.234Z,Ball,Four-Seam Fastball
823887,392fd674-1c88-36cb-8d7c-09eebfd9d600,2026-04-07,146,MIA,Miami Marlins,batting,hitter,681715,Heriberto Hernández,681715,Heriberto Hernández,671096,Andrew Abbott,MIA,CIN,2,Bot,1,0,---,3,0,Strike,Ball,-0.41201411842950647,1.2942450620585089,1.604,3.179,0.18892160460815788,2.2670592552978945,0.8831646193160549,0.5443449128447184,0.5530534381367671,0.008708525292048686,0.011300000000000001,0.006370821622627834,-0.006370821622627834,0,2,2,2026-04-07T22:59:43.135Z,Called Strike,Four-Seam Fastball
824366,9bed7b40-8b6d-3292-9f0e-4a5558a97f20,2026-05-01,144,ATL,Atlanta Braves,batting,hitter,645277,Ozzie Albies,645277,Ozzie Albies,675848,Juan Mejia,ATL,COL,9,Top,1,1,1B--,1,0,Strike,Ball,-0.3433324107207153,3.359284571323079,1.506,2.985,0.2534512379897458,3.0414148558769494,0.955007346311015,0.9238725773061244,0.9310687387420716,0.007196161435947257,0.011300000000000001,0.006363970049884123,-0.006363970049884123,0,2,2,2026-05-02T03:14:31.440Z,Called Strike,Sweeper
824294,236018d1-ec06-3f83-a9e5-523861accf6b,2026-04-11,116,DET,Detroit Tigers,fielding,pitcher,663554,Casey Mize,669364,Xavier Edwards,663554,Casey Mize,MIA,DET,3,Top,1,1,1B--,0,1,Ball,Strike,-0.5549315417134183,1.6205318983715309,1.542,3.055,0.1993652317048642,2.3923827804583704,0.8993337577403103,0.7130721841671328,0.7214133559474938,0.008341171780360979,0.011300000000000001,0.00636396882365498,-0.00636396882365498,0,2,2,2026-04-11T17:49:22.141Z,Ball,Splitter
823319,b1a42483-fefc-3ddd-9503-bf21bdc96ecd,2026-04-09,115,COL,Colorado Rockies,fielding,pitcher,801403,Chase Dollander,657757,Gavin Sheets,801403,Chase Dollander,SD,COL,2,Bot,2,0,---,0,2,Ball,Strike,-0.1582046348430297,1.7693594585878833,1.691,3.351,0.19919279192121664,2.3903135030545997,0.8990836997778023,0.49166044240455337,0.4999999999999997,0.008339557595446356,0.011300000000000001,0.006357606104913149,-0.006357606104913149,0,2,2,2026-04-10T02:14:49.434Z,Ball,Changeup
823886,e5f48439-ecbd-32c2-866c-50c9976a00c5,2026-04-06,146,MIA,Miami Marlins,batting,hitter,669364,Xavier Edwards,669364,Xavier Edwards,656271,Brock Burke,MIA,CIN,7,Bot,2,1,1B--,1,0,Strike,Ball,0.9084710339751461,1.941846341225499,1.542,3.055,0.07930436730847934,0.9516524077017521,0.566815440392032,0.3013891906643699,0.32123014861174826,0.019840957947378335,0.011300000000000001,0.006351175793173,-0.006351175793173,0,2,2,2026-04-07T00:19:09.081Z,Called Strike,Four-Seam Fastball
824861,7394a2cf-026d-303a-896c-79ee114e16ad,2026-03-31,110,BAL,Baltimore Orioles,batting,hitter,677942,Blaze Alexander,677942,Blaze Alexander,594798,Jacob deGrom,BAL,TEX,3,Bot,1,0,---,0,1,Strike,Ball,1.026594417536709,1.9991597736397457,1.604,3.179,0.19742775087004227,2.3691330104405073,0.896492329317553,0.3982209662120408,0.40658722005822595,0.008366253846185168,0.011300000000000001,0.006330645719516826,-0.006330645719516826,0,2,2,2026-03-31T23:17:30.321Z,Called Strike,Slider
824049,a293e7e1-3a5f-32d8-8c52-4c8b9f4f4283,2026-04-18,108,LAA,Los Angeles Angels,fielding,pitcher,666171,Ryan Zeferjahn,593428,Xander Bogaerts,666171,Ryan Zeferjahn,SD,LAA,7,Top,0,0,---,1,0,Ball,Strike,0.722655183923708,1.6466314296436193,1.658,3.285,0.10651148274295874,1.2781377929155049,0.6691147040235318,0.48189039929388794,0.5025244045092202,0.020634005215332263,0.022600000000000002,0.006328508603408876,-0.006328508603408876,1,1,2,2026-04-19T03:19:21.493Z,Ball,Sweeper
824856,93ce5524-65a8-3cc2-a8c2-a2002ae90d19,2026-04-13,109,AZ,Arizona Diamondbacks,fielding,pitcher,642528,Jonathan Loáisiga,621493,Taylor Ward,642528,Jonathan Loáisiga,BAL,AZ,7,Bot,0,0,---,0,0,Ball,Strike,0.7363972697641319,2.4975793954664596,1.61,3.19,0.09276939690253483,1.113232762830418,0.6187651833640363,0.6315944709498464,0.6487646399809135,0.01717016903106705,0.011300000000000001,0.006316349360913311,-0.006316349360913311,0,2,2,2026-04-14T00:53:13.207Z,Ball,Sinker
824863,d3030291-c885-34f9-b849-5fe65f511bd7,2026-03-30,140,TEX,Texas Rangers,batting,hitter,694671,Wyatt Langford,694671,Wyatt Langford,608650,Dietrich Enns,TEX,BAL,6,Top,0,1,1B--,3,1,Strike,Ball,-0.8647905698502443,2.213134222967627,1.613,3.196,0.035623903183577554,0.42748683820293065,0.39412214102188087,0.8122205671911206,0.8455710984111702,0.033350531220049606,0.011300000000000001,0.0062977629622102856,-0.0062977629622102856,0,2,2,2026-03-31T00:22:48.001Z,Called Strike,Changeup
822822,043813dc-be78-3c9d-8ab2-148ddd39d241,2026-05-08,108,LAA,Los Angeles Angels,batting,hitter,660162,Yoán Moncada,660162,Yoán Moncada,656302,Dylan Cease,LAA,TOR,7,Top,1,0,---,0,0,Strike,Ball,1.0115019048249752,1.7391534860040703,1.624,3.217,0.18233523815830843,2.188022857899701,0.8718441758166954,0.14535018422222265,0.15422001301232016,0.008869828790097511,0.011300000000000001,0.006284947757866419,-0.006284947757866419,0,2,2,2026-05-09T01:01:51.731Z,Called Strike,Knuckle Curve
824130,8927b794-4dd5-3cf6-a07b-3fb521f5d139,2026-04-09,145,CWS,Chicago White Sox,fielding,pitcher,641743,Anthony Kay,663697,Jonathan India,641743,Anthony Kay,KC,CWS,2,Bot,1,0,---,3,2,Ball,Strike,-0.7809407101382952,1.8965922922062062,1.584,3.138,0.04822595652837147,0.5787114783404577,0.4431507144205122,0.44694656186323223,0.4895245523973414,0.042577990534109156,0.022600000000000002,0.006283673069683854,-0.006283673069683854,1,1,2,2026-04-10T00:11:48.005Z,Ball,Four-Seam Fastball
824116,1013c4ce-af93-39a9-8415-ed7109ab9f3d,2026-05-08,118,KC,Kansas City Royals,batting,hitter,686469,Vinnie Pasquantino,686469,Vinnie Pasquantino,672456,Keider Montero,KC,DET,6,Bot,2,2,-2B-,0,0,Strike,Ball,-1.0914982197570293,1.8023767622840676,1.697,3.363,0.2623315530903626,3.147978637084351,0.9607327278556591,0.2204968003401004,0.22746569095227526,0.006968890612174844,0.011300000000000001,0.00625152111273138,-0.00625152111273138,0,2,2,2026-05-09T01:14:28.838Z,Called Strike,Slider
823000,5f7193c5-a71b-37ec-a33d-e3a22e730afb,2026-04-08,139,TB,Tampa Bay Rays,fielding,pitcher,671212,Joe Boyle,683737,Michael Busch,671212,Joe Boyle,CHC,TB,3,Top,2,1,1B--,2,1,Ball,Strike,-0.7279992202967005,1.8886975319053083,1.598,3.166,0.10116744636996622,1.2140093564395946,0.6499180804506737,0.40023470008962,0.4159350031549534,0.015700303065333432,0.011300000000000001,0.006247985139807944,-0.006247985139807944,0,2,2,2026-04-08T23:10:23.347Z,Ball,Slider
824524,8400a78b-e764-3253-aa18-6ee9155fcbb8,2026-04-30,113,CIN,Cincinnati Reds,batting,hitter,701398,Sal Stewart,701398,Sal Stewart,547179,Michael Lorenzen,CIN,COL,4,Bot,0,0,---,0,0,Strike,Ball,-0.16151036124575444,1.369653791385616,1.635,3.239,0.14451287528105072,1.7341545033726087,0.7878820661215955,0.41977204671657486,0.43073869115825886,0.010966644441683993,0.011300000000000001,0.0062434898283089246,-0.0062434898283089246,0,2,2,2026-04-30T17:31:53.647Z,Called Strike,Curveball
824371,2b258a23-d7ff-3d3c-8faa-a5c9f3a39f85,2026-04-19,119,LAD,Los Angeles Dodgers,fielding,pitcher,808963,Roki Sasaki,691720,Kyle Karros,808963,Roki Sasaki,COL,LAD,5,Bot,0,0,---,2,0,Ball,Strike,0.7896447985769981,2.1236781844578663,1.732,3.432,0.03952186808966862,0.47426241707602346,0.4091089594996315,0.6765037615339237,0.7080617540843649,0.03155799255044123,0.011300000000000001,0.006233588738553969,-0.006233588738553969,0,2,2,2026-04-19T20:29:26.420Z,Ball,Four-Seam Fastball
824364,b39dca63-fca5-3886-8f8b-38353abc0d8b,2026-05-03,115,COL,Colorado Rockies,fielding,pitcher,607536,Kyle Freeland,663586,Austin Riley,607536,Kyle Freeland,ATL,COL,3,Top,2,3,1B2B-,0,2,Ball,Strike,0.7824878452183237,3.2208399766059252,1.652,3.274,0.04667882144834301,0.5601458573801161,0.437051070852075,0.2960074001173887,0.3247850117136781,0.028777611596289387,0.011300000000000001,0.006215963065351814,-0.006215963065351814,0,2,2,2026-05-03T20:00:16.247Z,Ball,Sweeper
824046,d2238e24-c4fd-35ad-93f1-f3dcab217d19,2026-04-20,108,LAA,Los Angeles Angels,batting,hitter,694384,Nolan Schanuel,694384,Nolan Schanuel,656302,Dylan Cease,LAA,TOR,5,Bot,1,1,1B--,1,2,Strike,Ball,0.241490598986645,3.4734069124341245,1.66,3.29,0.06257357910079131,0.7508829492094957,0.5002943163691728,0.5305727888718373,0.5655469814600839,0.03497419258824652,0.022600000000000002,0.0062040413214438875,-0.0062040413214438875,1,1,2,2026-04-21T03:09:25.476Z,Called Strike,Changeup
824941,d29bdb4a-154f-3b90-ae2a-82e4c9aea186,2026-04-10,114,CLE,Cleveland Guardians,batting,hitter,680757,Steven Kwan,680757,Steven Kwan,693821,Bryce Elder,CLE,ATL,5,Top,1,3,1B2B-,0,0,Strike,Ball,-0.13451689574999642,3.212872217985152,1.525,3.023,0.06903888465181884,0.8284666158218261,0.5261317069285303,0.5475225071014516,0.5694792507058445,0.021956743604392925,0.011300000000000001,0.006197427279463733,-0.006197427279463733,0,2,2,2026-04-11T00:19:26.200Z,Called Strike,Four-Seam Fastball
824288,b64214d4-457f-345d-ad31-86f4a6bcc2c2,2026-04-23,116,DET,Detroit Tigers,batting,hitter,672761,Wenceel Pérez,672761,Wenceel Pérez,656730,Trevor Megill,DET,MIL,7,Bot,0,0,---,0,0,Strike,Ball,-0.9206495291728803,2.601960893802015,1.606,3.182,0.09148286250621362,1.0977943500745635,0.6138976664535034,0.3512353600190864,0.3684055290501534,0.017170169031066995,0.011300000000000001,0.006177770331708828,-0.006177770331708828,0,2,2,2026-04-23T19:07:24.744Z,Called Strike,Four-Seam Fastball
823876,73dd7e1b-8743-394e-b4d3-ba152f9fe20e,2026-05-02,143,PHI,Philadelphia Phillies,fielding,pitcher,691725,Andrew Painter,681393,Connor Norby,691725,Andrew Painter,MIA,PHI,2,Bot,1,3,1B2B-,1,0,Ball,Strike,0.7716087344890673,1.732974103095317,1.571,3.113,0.057557932177599413,0.690695186131193,0.4802420224542223,0.3795197725802753,0.4046104498572336,0.025090677276958295,0.011300000000000001,0.006176332453965362,-0.006176332453965362,0,2,2,2026-05-02T20:34:57.703Z,Ball,Slider
823799,985d370c-2407-3fd9-9e29-c67ea720b5e1,2026-04-25,158,MIL,Milwaukee Brewers,fielding,pitcher,694819,Jacob Misiorowski,664040,Brandon Lowe,694819,Jacob Misiorowski,PIT,MIL,3,Top,2,1,1B--,1,0,Ball,Strike,0.13529310407346287,1.5987242291448778,1.559,3.088,0.16055756247821118,1.9266907497385342,0.8276297338285146,0.5207524810555532,0.5305674909617478,0.00981500990619466,0.011300000000000001,0.006175410028450335,-0.006175410028450335,0,2,2,2026-04-25T23:45:36.397Z,Ball,Slider
823644,18d74a99-034e-3da9-8c8e-80f1a82cfe02,2026-04-11,121,NYM,New York Mets,batting,hitter,673357,Luis Robert Jr.,673357,Luis Robert Jr.,682052,Jacob Lopez,NYM,ATH,5,Bot,0,1,1B--,1,1,Strike,Ball,-0.3374162990974957,3.5536050647228565,1.671,3.31,0.12277173138952335,1.4732607766742802,0.7239914425677748,0.05319621690401132,0.0660258457047895,0.012829628800778183,0.011300000000000001,0.006169644764100323,-0.006169644764100323,0,2,2,2026-04-11T21:53:44.537Z,Called Strike,Cutter
823323,78edc37c-2add-3f5d-b1b9-3e02048800ca,2026-03-28,116,DET,Detroit Tigers,batting,hitter,663837,Matt Vierling,663837,Matt Vierling,681190,Randy Vásquez,DET,SD,5,Top,0,0,---,1,0,Strike,Ball,0.9186742649744655,1.5484358340715836,1.652,3.274,0.08950759830779875,1.074091179693585,0.6063801664973765,0.24419490642493244,0.26169086525988544,0.017495958834953,0.011300000000000001,0.006161298312790399,-0.006161298312790399,0,2,2,2026-03-29T01:49:46.146Z,Called Strike,Cutter
823081,880b59ae-95e1-30e1-90e0-912c1bbba030,2026-03-26,139,TB,Tampa Bay Rays,fielding,pitcher,656876,Drew Rasmussen,686780,Pedro Pagés,656876,Drew Rasmussen,STL,TB,2,Bot,0,3,1B2B-,0,0,Ball,Strike,0.7715005194282618,2.849507193124273,1.602,3.174,0.05766614723840491,0.6919937668608589,0.48067422145899563,0.34344816802385497,0.3684645003245035,0.025016332300648536,0.011300000000000001,0.00615632475486041,-0.00615632475486041,0,2,2,2026-03-26T20:48:28.953Z,Ball,Cutter
823235,a1eb384c-f0c5-3a6c-acc2-db1db6f8b332,2026-04-07,143,PHI,Philadelphia Phillies,fielding,pitcher,650911,Cristopher Sánchez,642715,Willy Adames,650911,Cristopher Sánchez,SF,PHI,1,Bot,0,0,---,0,0,Ball,Strike,0.6245437900473615,1.8155429710848658,1.627,3.224,0.20462287661930523,2.4554745194316627,0.9066978427270463,0.4487108639906952,0.45665889066653836,0.007948026675843156,0.011300000000000001,0.006152144263739631,-0.006152144263739631,0,2,2,2026-04-08T01:52:40.937Z,Ball,Sinker
824533,6334564b-97cb-36ef-8bc4-d3a0cedf9e40,2026-04-12,108,LAA,Los Angeles Angels,fielding,pitcher,667755,José Soriano,682829,Elly De La Cruz,667755,José Soriano,CIN,LAA,4,Bot,0,1,1B--,1,2,Ball,Strike,-0.4558602926983636,3.4336526952874338,1.746,3.46,0.14718063804589931,1.7661676565507918,0.7949279675932021,0.9550700816005123,0.9657217054221342,0.01065162382162188,0.011300000000000001,0.0061499597098924,-0.0061499597098924,0,2,2,2026-04-12T18:55:59.227Z,Ball,Splitter
823390,f50f279c-9bb2-3f08-bd62-dfec46c40674,2026-04-28,138,STL,St. Louis Cardinals,batting,hitter,687363,Victor Scott II,687363,Victor Scott II,677952,Braxton Ashcraft,STL,PIT,3,Top,0,0,---,0,0,Strike,Ball,-0.4078560803547392,3.4678734919451446,1.583,3.137,0.21004015861181147,2.5204819033417376,0.9137764439102742,0.6089051642874639,0.6167012542317566,0.007796089944292706,0.011300000000000001,0.006149557161886535,-0.006149557161886535,0,2,2,2026-04-28T23:12:22.147Z,Called Strike,Slider
822914,e698ffa4-57da-3c6a-94b3-c0d0e06a928d,2026-04-21,134,PIT,Pittsburgh Pirates,fielding,pitcher,669387,Carmen Mlodzinski,694671,Wyatt Langford,669387,Carmen Mlodzinski,TEX,PIT,3,Bot,0,0,---,2,2,Ball,Strike,0.6831793719180022,1.5941565768470962,1.613,3.196,0.10198991018042958,1.223878922165155,0.6529062337812243,0.328728264409563,0.3501595570429679,0.02143129263340493,0.022600000000000002,0.006148305441795376,-0.006148305441795376,1,1,2,2026-04-22T00:56:18.758Z,Ball,Sweeper
823153,bff9f534-fd70-36ed-a1e2-d47cbe07f9e2,2026-04-13,136,SEA,Seattle Mariners,fielding,pitcher,669923,George Kirby,701358,Cam Smith,669923,George Kirby,HOU,SEA,5,Top,0,0,---,0,2,Ball,Strike,0.4989014698498563,1.8019257189092248,1.69,3.348,0.23275905224255822,2.7931086269106986,0.9384364310046232,0.9421309733969293,0.9501560313659059,0.008025057968976568,0.022600000000000002,0.006139670099716063,-0.006139670099716063,1,1,2,2026-04-13T21:12:28.855Z,Ball,Sweeper
824534,5dacfa14-bec5-39fe-93e4-35061d0315df,2026-04-10,108,LAA,Los Angeles Angels,fielding,pitcher,686799,Jack Kochanowicz,663647,Ke'Bryan Hayes,686799,Jack Kochanowicz,CIN,LAA,3,Bot,0,0,---,0,0,Ball,Strike,0.08327850605772276,1.6668463986851125,1.598,3.166,0.1896797320184458,2.2761567842213495,0.8844104501727167,0.6708370675717135,0.6807309416779294,0.009893874106215894,0.022600000000000002,0.006137921826133981,-0.006137921826133981,1,1,2,2026-04-10T23:29:18.125Z,Ball,Slider
824049,444c9a12-8809-36a7-8523-6c44b26f0c21,2026-04-18,108,LAA,Los Angeles Angels,batting,hitter,624428,Adam Frazier,624428,Adam Frazier,695243,Mason Miller,LAA,SD,9,Bot,2,3,1B2B-,0,0,Strike,Ball,-0.9854786985381372,2.051748959710093,1.57,3.111,0.15631203187147047,1.8757443824576456,0.8177224588746941,0.04191578066985161,0.05442770323506632,0.01251192256521471,0.022600000000000002,0.0061118076558452274,-0.0061118076558452274,1,1,2,2026-04-19T04:32:19.575Z,Called Strike,Slider
822908,250e90fd-44eb-378e-8424-adcd365d6474,2026-04-28,140,TEX,Texas Rangers,fielding,pitcher,594798,Jacob deGrom,669224,Austin Wells,594798,Jacob deGrom,NYY,TEX,5,Top,0,0,---,2,1,Ball,Strike,-0.25621921982301576,1.6459690298278389,1.642,3.254,0.12480236316117232,1.497628357934068,0.7304364003779137,0.34688109330927464,0.36357751311006486,0.01669641980079023,0.022600000000000002,0.006103535427028588,-0.006103535427028588,1,1,2,2026-04-29T01:19:35.947Z,Ball,Four-Seam Fastball
824362,3b9afa17-8b36-32c2-a0ef-2fcd60071e40,2026-05-07,115,COL,Colorado Rockies,fielding,pitcher,500779,Jose Quintana,682626,Francisco Alvarez,500779,Jose Quintana,NYM,COL,5,Top,0,0,---,0,1,Ball,Strike,0.5867349228049004,1.8763676594924064,1.575,3.121,0.24243174386176636,2.9091809263411963,0.9467938757368912,0.3618287729339194,0.3689069564797175,0.007078183545798089,0.011300000000000001,0.006100351628330135,-0.006100351628330135,0,2,2,2026-05-07T20:19:03.656Z,Ball,Changeup
823633,5b35a0d3-3a6a-3386-b011-56747e87c9ea,2026-04-29,120,WSH,Washington Nationals,batting,hitter,696285,Jacob Young,696285,Jacob Young,656849,David Peterson,WSH,NYM,4,Top,1,0,---,2,1,Strike,Ball,0.9327474812028524,2.222787496501261,1.609,3.188,0.10358081453618573,1.2429697744342287,0.658652043875906,0.6028673051452994,0.6179776048934283,0.015110299748128941,0.011300000000000001,0.0060951979084804524,-0.0060951979084804524,0,2,2,2026-04-30T00:03:53.157Z,Called Strike,Sinker
824611,04ea5b3a-5976-3fb7-9e63-791220b94a93,2026-04-24,120,WSH,Washington Nationals,fielding,pitcher,571945,Miles Mikolas,671976,Tristan Peters,571945,Miles Mikolas,CWS,WSH,3,Bot,1,0,---,0,0,Ball,Strike,-0.2526120507800817,1.819665194247486,1.614,3.197,0.3264985275808192,3.9179823309698305,0.9855709337730423,0.5887314218442566,0.5950781156620364,0.006346693817779747,0.011300000000000001,0.006092068503996158,-0.006092068503996158,0,2,2,2026-04-25T00:24:54.664Z,Ball,Curveball
824936,5db1da09-55e1-3f5d-b829-acfa8b52065e,2026-04-15,146,MIA,Miami Marlins,batting,hitter,681715,Heriberto Hernández,681715,Heriberto Hernández,693821,Bryce Elder,MIA,ATL,5,Top,0,0,---,0,0,Strike,Ball,0.07913587736600446,1.3403217475008609,1.604,3.179,0.14284491916580588,1.7141390299896706,0.7833877179862763,0.24053827718635956,0.2514243592590023,0.010886082072642744,0.011300000000000001,0.006080304205943834,-0.006080304205943834,0,2,2,2026-04-16T00:19:49.441Z,Called Strike,Sinker
823388,adfb7663-43f0-3d75-8bb6-ae8d7a30c234,2026-05-02,113,CIN,Cincinnati Reds,fielding,pitcher,695076,Rhett Lowder,664040,Brandon Lowe,695076,Rhett Lowder,PIT,CIN,2,Bot,1,0,---,1,1,Ball,Strike,0.5949520137719334,2.671914220055218,1.559,3.088,0.2342146528947333,2.8105758347367997,0.9397682933542083,0.2632102373171697,0.27040164823662843,0.0071914109194587406,0.011300000000000001,0.006077641681491112,-0.006077641681491112,0,2,2,2026-05-02T20:47:07.473Z,Ball,Four-Seam Fastball
823873,dc2f03d6-ddb1-35cb-bc3d-2975ccd5bdb4,2026-05-05,146,MIA,Miami Marlins,batting,hitter,805300,Jakob Marsee,805300,Jakob Marsee,605135,Chris Bassitt,MIA,BAL,3,Bot,0,1,1B--,0,0,Strike,Ball,0.806351300915723,3.4904027611591095,1.621,3.212,0.1575694278257762,1.8908331339093145,0.8207019999550962,0.36253681321094156,0.3724021703478791,0.009865357136937536,0.011300000000000001,0.006070450932048504,-0.006070450932048504,0,2,2,2026-05-05T23:37:27.244Z,Called Strike,Cutter
822997,46ee6067-4fa8-3e02-9fb0-bd923d7f939a,2026-04-10,147,NYY,New York Yankees,fielding,pitcher,661563,Luis Gil,691406,Junior Caminero,661563,Luis Gil,TB,NYY,1,Bot,1,0,---,1,1,Ball,Strike,0.677726631938094,2.9503042674904787,1.637,3.244,0.1514400347285727,1.8172804167428724,0.8058146371209308,0.6684108894854178,0.6786362874819243,0.010225397996506458,0.011300000000000001,0.006045480775438462,-0.006045480775438462,0,2,2,2026-04-10T23:22:37.705Z,Ball,Slider
823716,ed1787e3-bdb6-37b5-8bd3-fe43c4ff015f,2026-04-28,142,MIN,Minnesota Twins,batting,hitter,605170,Victor Caratini,605170,Victor Caratini,666374,Matt Brash,MIN,SEA,8,Bot,1,0,---,3,2,Strike,Ball,-0.887714286438222,3.018882665393583,1.615,3.201,0.058547619771555315,0.7025714372586638,0.4841957455757335,0.017614171658983914,0.04210729720850401,0.024493125549520094,0.011300000000000001,0.006030879111935719,-0.006030879111935719,0,2,2,2026-04-29T02:09:35.138Z,Called Strike,Slider
823558,2830c2b1-26b8-33bf-b9c7-378a481236e9,2026-04-18,118,KC,Kansas City Royals,fielding,pitcher,702070,Noah Cameron,592450,Aaron Judge,702070,Noah Cameron,NYY,KC,3,Bot,1,1,1B--,3,1,Ball,Strike,0.6339201575150011,1.780854361336873,1.778,3.523,0.12368769467020635,1.4842523360424762,0.726910367735539,0.20418342311989024,0.2167248627314514,0.01254143961156115,0.011300000000000001,0.006030589635384561,-0.006030589635384561,0,2,2,2026-04-18T18:16:51.736Z,Ball,Changeup
823872,9eb85186-4f7b-31cb-9a74-b6c6088f643b,2026-05-06,110,BAL,Baltimore Orioles,batting,hitter,624413,Pete Alonso,624413,Pete Alonso,691587,Eury Pérez,BAL,MIA,4,Top,0,0,---,0,0,Strike,Ball,-0.9864485836015392,2.1972180393995595,1.677,3.324,0.15728191693487248,1.8873830032184697,0.8200240843449725,0.4945785358517297,0.50439132498183,0.009812789130100363,0.011300000000000001,0.006012995574379041,-0.006012995574379041,0,2,2,2026-05-06T23:28:36.137Z,Called Strike,Changeup
823563,6950da77-e1c4-3819-998a-1c68d7426fcc,2026-04-13,147,NYY,New York Yankees,fielding,pitcher,701542,Will Warren,624585,Jorge Soler,701542,Will Warren,LAA,NYY,2,Top,0,0,---,1,2,Ball,Strike,0.3240514429804067,1.6494314760592266,1.693,3.354,0.07726480939255986,0.9271777127107184,0.5587860974873636,0.7026334853198615,0.7223098751026107,0.019676389782749215,0.011300000000000001,0.006009175960949877,-0.006009175960949877,0,2,2,2026-04-13T23:32:29.114Z,Ball,Four-Seam Fastball
824362,db637bef-fa8e-3c27-84da-3b2a793b19b7,2026-05-07,115,COL,Colorado Rockies,fielding,pitcher,500779,Jose Quintana,682626,Francisco Alvarez,500779,Jose Quintana,NYM,COL,5,Top,0,0,---,2,1,Ball,Strike,-0.7367057561295538,1.5897095071222764,1.575,3.121,0.09246091053711292,1.109530926445355,0.6176001773781197,0.34688109330927464,0.36357751311006486,0.01669641980079023,0.011300000000000001,0.005990593834920347,-0.005990593834920347,0,2,2,2026-05-07T20:19:40.065Z,Ball,Sinker
823722,dc8644e4-95f9-30a1-a37b-2ed3ba654bfa,2026-04-15,142,MIN,Minnesota Twins,batting,hitter,680777,Ryan Jeffers,680777,Ryan Jeffers,813349,Connelly Early,MIN,BOS,4,Bot,0,0,---,1,0,Strike,Ball,0.9531193517623677,2.9499027242499265,1.658,3.285,0.12395268509570101,1.4874322211484121,0.7277512166584816,0.13875028794569694,0.1511907598203098,0.012440471874612863,0.011300000000000001,0.005977157290795974,-0.005977157290795974,0,2,2,2026-04-15T18:44:12.101Z,Called Strike,Sinker
824698,ec51119d-1812-3376-8058-7a13c9d70063,2026-04-01,108,LAA,Los Angeles Angels,batting,hitter,545361,Mike Trout,545361,Mike Trout,571510,Matthew Boyd,LAA,CHC,1,Top,1,0,---,2,1,Strike,Ball,0.9343830480454006,2.432848892282303,1.637,3.244,0.1052163813787339,1.2625965765448068,0.6645109641591357,0.47911110903289356,0.4938046582449251,0.014693549212031531,0.011300000000000001,0.005972998448805014,-0.005972998448805014,0,2,2,2026-04-01T18:23:22.852Z,Called Strike,Changeup
823394,e9354434-aaf7-3aaf-9639-4c024b83bdd9,2026-04-18,134,PIT,Pittsburgh Pirates,fielding,pitcher,676742,Cam Sanders,676439,Hunter Feduccia,676742,Cam Sanders,TB,PIT,5,Top,0,0,---,1,1,Ball,Strike,0.617685905812528,1.7740476166693757,1.646,3.262,0.2114807608541387,2.5377691302496643,0.9155752671960787,0.895552609100545,0.904146980106345,0.008594371005799961,0.022600000000000002,0.005960794568648909,-0.005960794568648909,1,1,2,2026-04-18T23:13:35.328Z,Ball,Changeup
823400,4c8b9d05-35ef-3713-b1f6-5ea8b6f50bc6,2026-04-13,120,WSH,Washington Nationals,fielding,pitcher,676917,Cade Cavalli,680779,Henry Davis,676917,Cade Cavalli,PIT,WSH,2,Bot,1,3,1B2B-,3,1,Ball,Strike,0.7877582349230592,1.8824998441083665,1.609,3.188,0.04140843174360753,0.4969011809232904,0.41642536761054244,0.46313778190049404,0.49327775734899787,0.03013997544850383,0.011300000000000001,0.005956657009915061,-0.005956657009915061,0,2,2,2026-04-13T23:16:04.831Z,Ball,Sinker
825102,277f4c7f-8e7b-309e-b87a-3dd70c2f810d,2026-04-05,109,AZ,Arizona Diamondbacks,batting,hitter,682998,Corbin Carroll,682998,Corbin Carroll,527048,Martín Pérez,AZ,ATL,4,Bot,0,0,---,1,0,Strike,Ball,0.9322405570120429,1.941788737032214,1.566,3.103,0.10307389034537617,1.236886684144514,0.6568261599182066,0.5578103017917005,0.5727797383299531,0.014969436538252556,0.011300000000000001,0.005954453124635453,-0.005954453124635453,0,2,2,2026-04-05T21:05:04.319Z,Called Strike,Sinker
824616,22feeb8d-72a8-3789-b886-f69e096cd9aa,2026-04-14,139,TB,Tampa Bay Rays,batting,hitter,676356,Jonny DeLuca,676356,Jonny DeLuca,702273,Noah Schultz,TB,CWS,1,Top,2,3,1B2B-,0,1,Strike,Ball,-0.5723886642065442,3.4745965669172447,1.581,3.133,0.2207632335839116,2.649158803006939,0.9263693565069293,0.7554773947225978,0.7627965561316018,0.007319161409004016,0.011300000000000001,0.005948220573157702,-0.005948220573157702,0,2,2,2026-04-14T23:52:50.351Z,Called Strike,Cutter
825104,d3939639-6ff5-36b9-aa08-664a74f89e24,2026-04-04,109,AZ,Arizona Diamondbacks,batting,hitter,672515,Gabriel Moreno,672515,Gabriel Moreno,693821,Bryce Elder,AZ,ATL,2,Bot,0,0,---,0,0,Strike,Ball,0.2306621459150207,3.3594589507972494,1.55,3.072,0.16662561746391624,1.999507409566995,0.8410431091632388,0.435955695858142,0.4451598918748615,0.009204196016719512,0.011300000000000001,0.005944912768794274,-0.005944912768794274,0,2,2,2026-04-04T23:41:46.790Z,Called Strike,Sinker
824133,c90cfe16-2b28-3d73-af01-bf3b8e5a63a7,2026-04-02,142,MIN,Minnesota Twins,batting,hitter,605137,Josh Bell,605137,Josh Bell,666142,Cole Ragans,MIN,KC,2,Top,1,3,1B2B-,0,1,Strike,Ball,-0.2678059627870521,3.51516452692695,1.683,3.335,0.05933119359361694,0.7119743231234033,0.48732748890173566,0.5211705707674873,0.5452203085585606,0.024049737791073333,0.011300000000000001,0.005926898951058554,-0.005926898951058554,0,2,2,2026-04-02T18:33:02.801Z,Called Strike,Knuckle Curve
823973,5eec17bf-b449-3554-92f4-33e0511b1c1b,2026-03-28,119,LAD,Los Angeles Dodgers,fielding,pitcher,607192,Tyler Glasnow,672695,Geraldo Perdomo,607192,Tyler Glasnow,AZ,LAD,1,Top,1,1,1B--,2,0,Ball,Strike,0.7737483234465433,1.6036109968160925,1.674,3.317,0.05044433014942595,0.6053319617931114,0.4519262841248244,0.46512881228801567,0.49193752931210083,0.02680871702408516,0.011300000000000001,0.005922330877459241,-0.005922330877459241,0,2,2,2026-03-29T01:14:10.698Z,Ball,Four-Seam Fastball
823082,c15bff76-8348-339a-8df6-e5d0f2676cb5,2026-03-28,138,STL,St. Louis Cardinals,fielding,pitcher,700241,Michael McGreevy,650490,Yandy Díaz,700241,Michael McGreevy,TB,STL,4,Top,0,0,---,1,1,Ball,Strike,0.2513086295953812,1.6211281160299869,1.629,3.228,0.1129614493633202,1.3555373923598424,0.6915515977640112,0.7263881441357969,0.7399851999240216,0.013597055788224677,0.011300000000000001,0.005917598709966498,-0.005917598709966498,0,2,2,2026-03-28T19:00:33.902Z,Ball,Changeup
823553,c675dbfe-8e2b-3a2b-99da-3f2c5c47759b,2026-05-05,140,TEX,Texas Rangers,batting,hitter,592626,Joc Pederson,592626,Joc Pederson,695684,Elmer Rodríguez,TEX,NYY,3,Top,0,0,---,1,0,Strike,Ball,-0.9367713169893337,2.649452272741525,1.633,3.237,0.10760465032266697,1.2912558038720037,0.6729756258808466,0.4981345466311411,0.5124179282119,0.014283381580758925,0.011300000000000001,0.00591699223145976,-0.00591699223145976,0,2,2,2026-05-05T23:56:46.106Z,Called Strike,Curveball
823720,f75d5606-559d-3a4c-a766-624921495eaa,2026-04-17,113,CIN,Cincinnati Reds,batting,hitter,553993,Eugenio Suárez,553993,Eugenio Suárez,657746,Joe Ryan,CIN,MIN,4,Top,1,6,-2B3B,1,1,Strike,Ball,0.8759453244021146,3.1197573563747913,1.6,3.171,0.04677865773544787,0.5613438928253744,0.43744412571120417,0.5470810035329446,0.5896669362652632,0.04258593273231859,0.022600000000000002,0.005915203352758467,-0.005915203352758467,1,1,2,2026-04-18T01:06:58.095Z,Called Strike,Four-Seam Fastball
824541,bfc95266-06ad-36c4-b3b8-adfd5bb2c01f,2026-03-26,111,BOS,Boston Red Sox,batting,hitter,677800,Wilyer Abreu,677800,Wilyer Abreu,671096,Andrew Abbott,BOS,CIN,2,Top,0,0,---,0,0,Strike,Ball,0.3505039240005263,3.4177451375432555,1.573,3.117,0.17991180420992237,2.1589416505190684,0.867448956757939,0.49527183050125806,0.5037988584443918,0.008527027943133703,0.011300000000000001,0.005898934704881835,-0.005898934704881835,0,2,2,2026-03-26T20:24:36.838Z,Called Strike,Curveball
823566,1bafcb17-741b-314c-a473-76652a8541ca,2026-04-05,146,MIA,Miami Marlins,fielding,pitcher,664126,Pete Fairbanks,663757,Trent Grisham,664126,Pete Fairbanks,NYY,MIA,1,Bot,0,0,---,1,0,Ball,Strike,-0.716240897775866,2.982982745793638,1.584,3.138,0.11292576889080075,1.355109226689609,0.6914298095738649,0.5423352376358203,0.5559011711889874,0.013565933553167153,0.011300000000000001,0.005893047701542743,-0.005893047701542743,0,2,2,2026-04-05T21:20:39.716Z,Ball,Four-Seam Fastball
824536,f25d1b12-d967-3900-b346-1caa99fc5ee7,2026-04-01,134,PIT,Pittsburgh Pirates,fielding,pitcher,694973,Paul Skenes,670770,TJ Friedl,694973,Paul Skenes,CIN,PIT,1,Bot,0,0,---,0,0,Ball,Strike,0.0037093740483498568,1.6078003373485288,1.536,3.044,0.1926336706818621,2.311604048182345,0.8891549986629284,0.7326278070702967,0.7406552616160768,0.008027454545780022,0.011300000000000001,0.0058851028208108435,-0.0058851028208108435,0,2,2,2026-04-01T16:55:19.015Z,Ball,Four-Seam Fastball
823070,c628b53d-e47f-3daa-8276-785afa70b20c,2026-04-25,136,SEA,Seattle Mariners,batting,hitter,641487,J.P. Crawford,641487,J.P. Crawford,668941,JoJo Romero,SEA,STL,7,Top,2,2,-2B-,2,1,Strike,Ball,0.9348782496976018,1.8064445817600188,1.625,3.219,0.10571158303093509,1.268538996371221,0.6662750290856199,0.45349676701935726,0.4679612208988763,0.014464453879519057,0.011300000000000001,0.005866212257951671,-0.005866212257951671,0,2,2,2026-04-25T20:20:56.459Z,Called Strike,Sweeper
823396,ca4edaff-3e03-3424-b8a5-a2eb95bef1a1,2026-04-16,120,WSH,Washington Nationals,fielding,pitcher,656492,Foster Griffin,804606,Konnor Griffin,656492,Foster Griffin,PIT,WSH,5,Bot,0,0,---,1,1,Ball,Strike,-0.6752699561309563,2.476028327648886,1.683,3.335,0.1538967105357104,1.846760526428525,0.8118914361680231,0.8772939709458403,0.8871179910845011,0.009824020138660794,0.011300000000000001,0.005850411048019553,-0.005850411048019553,0,2,2,2026-04-16T17:58:43.241Z,Ball,Cutter
823488,139dad54-a1db-3ac4-803d-6a2a05855f11,2026-03-28,143,PHI,Philadelphia Phillies,batting,hitter,656941,Kyle Schwarber,656941,Kyle Schwarber,656222,Jalen Beeks,PHI,TEX,6,Bot,0,0,---,0,0,Strike,Ball,0.1571560353893857,3.444619907838036,1.605,3.181,0.142786574504703,1.713438894056436,0.7832292666832255,0.15357707452049396,0.16416514812329297,0.010588073602799009,0.011300000000000001,0.005843379837028732,-0.005843379837028732,0,2,2,2026-03-28T21:48:59.166Z,Called Strike,Cutter
823874,f050fb40-6805-39c9-b1ce-170e6d8975c0,2026-05-04,146,MIA,Miami Marlins,batting,hitter,669065,Kyle Stowers,669065,Kyle Stowers,605400,Aaron Nola,MIA,PHI,3,Bot,1,1,1B--,0,0,Strike,Ball,-0.35823699889410265,1.4411546379270046,1.663,3.295,0.10101202873966209,1.212144344875945,0.6493520884713263,0.4304432019606479,0.4455099038536312,0.015066701892983314,0.011300000000000001,0.005821272940309588,-0.005821272940309588,0,2,2,2026-05-04T23:31:07.101Z,Called Strike,Changeup
823884,2538866f-6738-3856-82d1-60e5d25e91ee,2026-04-09,113,CIN,Cincinnati Reds,batting,hitter,668715,Spencer Steer,668715,Spencer Steer,676974,Max Meyer,CIN,MIA,2,Top,0,0,---,2,0,Strike,Ball,-0.2727599443694989,1.3808159977116878,1.563,3.096,0.06135066895497876,0.7362080274597451,0.49540280537051773,0.4001863861002562,0.4234309457912662,0.023244559691010025,0.011300000000000001,0.005813471781215672,-0.005813471781215672,0,2,2,2026-04-09T16:31:27.390Z,Called Strike,Four-Seam Fastball
824531,517515ff-65e9-3cb4-9ce8-34deba75beff,2026-04-14,113,CIN,Cincinnati Reds,fielding,pitcher,663903,Brady Singer,669477,Casey Schmitt,663903,Brady Singer,SF,CIN,6,Top,1,0,---,0,0,Ball,Strike,0.6539637418997215,1.951295581344536,1.613,3.196,0.1752029247669452,2.1024350972033425,0.8585437060667068,0.6930638319667316,0.701696295806317,0.00863246383958538,0.011300000000000001,0.005812891375878253,-0.005812891375878253,0,2,2,2026-04-15T00:09:29.046Z,Ball,Sinker
823475,308e53b9-b1db-30b9-b4ed-2c1276b43f26,2026-04-19,143,PHI,Philadelphia Phillies,batting,hitter,665561,Rafael Marchán,665561,Rafael Marchán,656550,Grant Holmes,PHI,ATL,5,Bot,0,0,---,1,0,Strike,Ball,-0.9077153244614832,2.9941223757367816,1.542,3.056,0.07854865779481646,0.9425838935377975,0.5638442175794793,0.28320969955192565,0.30220084721038304,0.018991147658457386,0.011300000000000001,0.0057794884510673815,-0.0057794884510673815,0,2,2,2026-04-20T01:00:20.110Z,Called Strike,Four-Seam Fastball
825016,54c8cb61-fe44-34fd-acda-4aa85d78987b,2026-04-30,118,KC,Kansas City Royals,batting,hitter,686555,Isaac Collins,686555,Isaac Collins,665622,Luis Medina,KC,ATH,4,Top,0,0,---,0,0,Strike,Ball,0.5839842330447603,3.3406790835126894,1.521,3.013,0.20684575017935636,2.4821490021522763,0.9096634045865893,0.17877918852262423,0.1873709617901972,0.00859177326757296,0.022600000000000002,0.0057740146656733845,-0.0057740146656733845,1,1,2,2026-04-30T20:14:30.926Z,Called Strike,Four-Seam Fastball
824120,a526d026-c8d6-3ff4-9a78-f0235d8f43aa,2026-05-04,114,CLE,Cleveland Guardians,fielding,pitcher,676440,Tanner Bibee,677951,Bobby Witt Jr.,676440,Tanner Bibee,KC,CLE,1,Bot,1,0,---,0,2,Ball,Strike,0.11176833614786759,1.6464906355313562,1.634,3.238,0.13332396886468967,1.599887626376276,0.7564259244749824,0.47897910388842185,0.49023669535536507,0.011257591466943218,0.011300000000000001,0.005763146979311497,-0.005763146979311497,0,2,2,2026-05-04T23:46:18.563Z,Ball,Sinker
823722,00269e7d-6639-3ee2-9418-a11946638ca0,2026-04-15,111,BOS,Boston Red Sox,fielding,pitcher,813349,Connelly Early,680777,Ryan Jeffers,813349,Connelly Early,MIN,BOS,4,Bot,0,0,---,2,1,Ball,Strike,0.6672778701233671,3.2826884209362497,1.658,3.285,0.12314491239708358,1.477738948765003,0.7251829966448141,0.8491831150003261,0.8614022337201228,0.012219118719796751,0.011300000000000001,0.005755664991667351,-0.005755664991667351,0,2,2,2026-04-15T18:44:46.516Z,Ball,Changeup
823969,854b6a49-18d6-31d1-af2a-b23564f3d10c,2026-03-31,119,LAD,Los Angeles Dodgers,batting,hitter,669257,Will Smith,669257,Will Smith,663465,Kolby Allard,LAD,CLE,6,Bot,0,0,---,0,0,Strike,Ball,0.1812256365309465,3.474088858546608,1.583,3.138,0.21525552521327507,2.583066302559301,0.9201280709877514,0.737617217500165,0.7448425890799465,0.0072253715797815365,0.011300000000000001,0.005745714416035698,-0.005745714416035698,0,2,2,2026-04-01T03:57:00.442Z,Called Strike,Four-Seam Fastball
822742,e83c9f77-0ea2-370e-ad94-76d1682f0391,2026-05-03,120,WSH,Washington Nationals,batting,hitter,677588,José Tena,677588,José Tena,701656,Logan Henderson,WSH,MIL,5,Bot,1,1,1B--,0,1,Strike,Ball,-1.033663337792137,2.3989183322109087,1.585,3.14,0.2044966711254702,2.4539600535056425,0.9065268769557793,0.5577529075260259,0.5652446082070547,0.007491700681028779,0.011300000000000001,0.00573518173106081,-0.00573518173106081,0,2,2,2026-05-03T18:46:49.573Z,Called Strike,Four-Seam Fastball
824041,5ae1f8f7-5624-3a4f-827d-065c1681fc8b,2026-05-01,121,NYM,New York Mets,batting,hitter,677595,Ronny Mauricio,677595,Ronny Mauricio,820862,José Fermin,NYM,LAA,7,Top,1,0,---,1,0,Strike,Ball,0.34104713072207476,3.5472119327814084,1.698,3.365,0.06137859944807511,0.7365431933769013,0.4955145181259327,0.4603713622081637,0.4834184247656729,0.023047062557509213,0.011300000000000001,0.005719468152225443,-0.005719468152225443,0,2,2,2026-05-02T03:27:33.378Z,Called Strike,Four-Seam Fastball
822746,594273c6-200e-3a45-b675-13248eb52efe,2026-05-02,158,MIL,Milwaukee Brewers,fielding,pitcher,690986,Kyle Harrison,695578,James Wood,690986,Kyle Harrison,WSH,MIL,1,Bot,0,0,---,0,2,Ball,Strike,-0.6484186983528892,1.748147025319626,1.761,3.489,0.10798035865295952,1.2957643038355142,0.6742972185103507,0.7428145651433955,0.7567512470201359,0.013936681876740353,0.011300000000000001,0.005717024393916598,-0.005717024393916598,0,2,2,2026-05-02T20:19:47.340Z,Ball,Slurve
824618,99787275-ef9c-3b46-a307-c8af6877e1fb,2026-04-07,145,CWS,Chicago White Sox,fielding,pitcher,669684,Chris Murphy,694212,Samuel Basallo,669684,Chris Murphy,BAL,CWS,8,Top,2,4,--3B,2,1,Ball,Strike,-0.5147238337174572,3.3965532263245968,1.713,3.394,0.11828010700873648,1.4193612841048378,0.7094020452130696,0.12819209435891968,0.14550372449515,0.017311630136230327,0.022600000000000002,0.005713392046429378,-0.005713392046429378,1,1,2,2026-04-07T21:45:44.631Z,Ball,Four-Seam Fastball
823732,74354ce4-2cd5-315d-b159-05ad80f36442,2026-04-03,139,TB,Tampa Bay Rays,fielding,pitcher,685801,Hunter Bigge,668904,Royce Lewis,685801,Hunter Bigge,MIN,TB,6,Bot,1,6,-2B3B,0,0,Ball,Strike,0.7417991203744835,1.9050971820612013,1.618,3.205,0.08736754629218324,1.0484105555061989,0.5981783789637254,0.32006241791818535,0.3447863929646873,0.024723975046501978,0.022600000000000002,0.0057081786794363435,-0.0057081786794363435,1,1,2,2026-04-03T23:02:58.245Z,Ball,Four-Seam Fastball
822741,c96f618e-2271-3c08-8472-f53308766938,2026-05-07,142,MIN,Minnesota Twins,fielding,pitcher,680573,Simeon Woods Richardson,677588,José Tena,680573,Simeon Woods Richardson,WSH,MIN,5,Bot,0,0,---,1,1,Ball,Strike,-0.13740737272112077,1.5498388694298673,1.585,3.14,0.08567220276320064,1.0280664331584077,0.5916414594471999,0.5804134335244018,0.5978466910624655,0.017433257538063684,0.011300000000000001,0.005699786424492256,-0.005699786424492256,0,2,2,2026-05-07T18:18:51.612Z,Ball,Four-Seam Fastball
824683,193756e8-e140-3359-92e6-98969e71b6c9,2026-05-06,112,CHC,Chicago Cubs,batting,hitter,683737,Michael Busch,683737,Michael Busch,668933,Graham Ashcraft,CHC,CIN,9,Bot,0,0,---,1,2,Strike,Ball,0.011018256764335613,3.3017069084207415,1.598,3.166,0.014873575087408497,0.17848290104890197,0.3182072559384934,0.04728633207249371,0.08938105303342421,0.0420947209609305,0.011300000000000001,0.005690587638579249,-0.005690587638579249,0,2,2,2026-05-07T02:10:49.367Z,Called Strike,Slider
824206,2a43e9d2-2087-37ed-9041-daeefb41a3fe,2026-04-18,138,STL,St. Louis Cardinals,fielding,pitcher,669467,Andre Pallante,543877,Christian Vázquez,669467,Andre Pallante,HOU,STL,2,Bot,2,4,--3B,2,1,Ball,Strike,0.8044603505908499,1.4912247430724879,1.532,3.037,0.02470631607581686,0.2964757929098023,0.3532693869829718,0.5452131612492503,0.5819818379329776,0.0367686766837273,0.011300000000000001,0.00568119194514301,-0.00568119194514301,0,2,2,2026-04-18T23:48:11.672Z,Ball,Slider
823236,7ab1da9a-06dc-37ae-9257-a171a3ce86c2,2026-04-21,119,LAD,Los Angeles Dodgers,fielding,pitcher,808967,Yoshinobu Yamamoto,672275,Patrick Bailey,808967,Yoshinobu Yamamoto,SF,LAD,5,Bot,0,0,---,3,2,Ball,Strike,0.1991917664261448,1.5328352519179083,1.627,3.224,0.026668585251241606,0.32002302301489927,0.3604751086093866,0.16454850746836164,0.20033657500103405,0.03578806753267241,0.011300000000000001,0.005674076258046218,-0.005674076258046218,0,2,2,2026-04-22T03:05:49.762Z,Ball,Curveball
824613,b824ef76-d086-39c5-aaa5-e0f6cf1f062c,2026-04-25,120,WSH,Washington Nationals,batting,hitter,683083,Nasim Nuñez,683083,Nasim Nuñez,691799,Grant Taylor,WSH,CWS,9,Top,0,0,---,0,0,Strike,Ball,0.9383340541103783,2.8921272987605744,1.537,3.045,0.10916738744371157,1.3100086493245389,0.6784544649935683,0.4895658888710156,0.5086288835726699,0.01906299470165429,0.022600000000000002,0.005666444780340733,-0.005666444780340733,1,1,2,2026-04-25T22:25:01.497Z,Called Strike,Four-Seam Fastball
824457,a78c67a0-9ad0-3531-ab1a-eca3910bc878,2026-04-07,118,KC,Kansas City Royals,fielding,pitcher,670167,John Schreiber,666310,Bo Naylor,670167,John Schreiber,CLE,KC,9,Bot,1,1,1B--,1,0,Ball,Strike,-0.267407794758858,3.1712446611051432,1.559,3.089,0.038588672228189846,0.46306406673827816,0.40550448347767,0.3283485958825325,0.37543798336822437,0.04708938748569186,0.022600000000000002,0.005659359076260672,-0.005659359076260672,1,1,2,2026-04-07T19:50:01.066Z,Ball,Four-Seam Fastball
824281,43c2643c-b46c-3510-a1e3-52acbebc784c,2026-05-05,111,BOS,Boston Red Sox,fielding,pitcher,663558,Jovani Morán,805808,Kevin McGonigle,663558,Jovani Morán,DET,BOS,1,Bot,0,0,---,0,2,Ball,Strike,-0.6463222146348949,1.5348233128538744,1.557,3.086,0.09865664618720782,1.1838797542464938,0.6407236425877774,0.6579743218807126,0.6731243417434212,0.015150019862708586,0.011300000000000001,0.0056471530729537076,-0.0056471530729537076,0,2,2,2026-05-05T22:55:44.523Z,Ball,Four-Seam Fastball
825013,2028cc8b-ef59-3a7f-a3fe-d90c186822d4,2026-05-03,133,ATH,Athletics,fielding,pitcher,650644,Aaron Civale,700932,Kyle Manzardo,650644,Aaron Civale,CLE,ATH,5,Top,1,1,1B--,1,1,Ball,Strike,0.7222754691419431,2.804698785598193,1.609,3.188,0.10689119752472365,1.2826943702966838,0.670458422253514,0.489249041103262,0.5032124624187213,0.013963421315459301,0.011300000000000001,0.005638073595888639,-0.005638073595888639,0,2,2,2026-05-03T21:12:17.565Z,Ball,Sinker
824536,fac5672b-a868-314b-9f4d-77cc84d8d2a3,2026-04-01,113,CIN,Cincinnati Reds,batting,hitter,663993,Nathaniel Lowe,663993,Nathaniel Lowe,694973,Paul Skenes,CIN,PIT,4,Bot,1,2,-2B-,0,0,Strike,Ball,0.8835009768137605,2.4835299136529847,1.699,3.367,0.05433431014709378,0.6520117217651253,0.46738362335739564,0.2145288232422143,0.23946090087101093,0.024932077628796623,0.011300000000000001,0.0056342797239133996,-0.0056342797239133996,0,2,2,2026-04-01T17:39:12.709Z,Called Strike,Sinker
823067,35b4b0f9-4d62-3619-9585-4a55eb92bb3c,2026-05-02,119,LAD,Los Angeles Dodgers,batting,hitter,808975,Hyeseong Kim,808975,Hyeseong Kim,700241,Michael McGreevy,LAD,STL,5,Top,1,1,1B--,0,0,Strike,Ball,0.1523939113739006,3.3637292287015232,1.577,3.124,0.11889589536819001,1.42675074441828,0.7114289709931717,0.15778364625673708,0.17027150501952992,0.012487858762792847,0.011300000000000001,0.005623371881744617,-0.005623371881744617,0,2,2,2026-05-03T00:38:08.277Z,Called Strike,Cutter
824858,3fc9ee90-7533-32ec-98e2-d2c71108c51e,2026-04-10,137,SF,San Francisco Giants,fielding,pitcher,694738,Landen Roupp,687637,Dylan Beavers,694738,Landen Roupp,BAL,SF,4,Bot,1,0,---,2,2,Ball,Strike,-0.7033122211882622,1.6431124651804552,1.725,3.417,0.03894579851378843,0.4673495821654612,0.40688270625022915,0.7990087047030089,0.8292753486154971,0.030266643912488234,0.011300000000000001,0.005612748564852825,-0.005612748564852825,0,2,2,2026-04-11T00:28:10.529Z,Ball,Changeup
824206,01039075-b6b9-335e-9984-89eb9581a6f7,2026-04-18,117,HOU,Houston Astros,fielding,pitcher,621121,Lance McCullers Jr.,665877,José Fermín,621121,Lance McCullers Jr.,STL,HOU,2,Top,1,0,---,2,1,Ball,Strike,-0.6423750952832908,3.1512374532673575,1.583,3.138,0.10759588006597554,1.2911505607917064,0.6729447426813824,0.40140404737460944,0.4152331152067462,0.013829067832136777,0.011300000000000001,0.005610474086120285,-0.005610474086120285,0,2,2,2026-04-18T23:31:50.479Z,Ball,Sinker
823234,79b9fb66-5b4b-3fe7-a90d-ea34b1a370d4,2026-04-08,143,PHI,Philadelphia Phillies,batting,hitter,681082,Bryson Stott,681082,Bryson Stott,641816,Tyler Mahle,PHI,SF,6,Top,1,0,---,1,0,Strike,Ball,-0.8993102096767134,2.8090902862521565,1.628,3.225,0.07014354301004666,0.8417225161205599,0.5305361221159122,0.46555307289170816,0.4861252464598711,0.020572173568162933,0.011300000000000001,0.005609339368258436,-0.005609339368258436,0,2,2,2026-04-08T21:05:37.255Z,Called Strike,Cutter
824859,fcb14f3d-154e-3ba1-809f-5ac6950bf0e7,2026-04-12,110,BAL,Baltimore Orioles,batting,hitter,691723,Coby Mayo,691723,Coby Mayo,605288,Adrian Houser,BAL,SF,5,Bot,0,0,---,1,0,Strike,Ball,0.42276622587192525,1.4735609903808442,1.723,3.414,0.12860567628582253,1.5432681154298704,0.7422490108673144,0.7078689833043826,0.7193371842518588,0.011468200947476137,0.011300000000000001,0.005599674632492413,-0.005599674632492413,0,2,2,2026-04-12T18:52:08.822Z,Called Strike,Slider
823400,cbd8a8ed-e907-3391-8a92-d831614a0f19,2026-04-13,120,WSH,Washington Nationals,fielding,pitcher,676917,Cade Cavalli,687462,Spencer Horwitz,676917,Cade Cavalli,PIT,WSH,2,Bot,0,0,---,0,0,Ball,Strike,-0.6703398122670927,2.0338461090204474,1.581,3.133,0.158826854399574,1.905922252794888,0.8236434120126636,0.554840108125138,0.5640443041418576,0.009204196016719624,0.011300000000000001,0.005588145967787415,-0.005588145967787415,0,2,2,2026-04-13T23:08:01.268Z,Ball,Four-Seam Fastball
824936,e93fc015-e04b-3d98-b90f-db23efc89de8,2026-04-15,146,MIA,Miami Marlins,batting,hitter,681715,Heriberto Hernández,681715,Heriberto Hernández,693821,Bryce Elder,MIA,ATL,2,Top,1,0,---,1,0,Strike,Ball,0.379681959823579,1.3841665645983148,1.604,3.179,0.09900010206835197,1.1880012248202236,0.6419876613451568,0.4759130025304541,0.49085789617168873,0.014944893641234636,0.011300000000000001,0.005548897890988601,-0.005548897890988601,0,2,2,2026-04-15T23:32:43.062Z,Called Strike,Sinker
823648,8a10c885-c433-35b6-adfb-174c52ec3a16,2026-04-07,109,AZ,Arizona Diamondbacks,batting,hitter,678489,Jorge Barrosa,678489,Jorge Barrosa,642547,Freddy Peralta,AZ,NYM,5,Top,0,0,---,1,0,Strike,Ball,-0.9131337728685917,3.0716165995181512,1.493,2.958,0.08396710620192493,1.0076052744230992,0.5850340784613832,0.24419490642493244,0.26169086525988544,0.017495958834953,0.011300000000000001,0.005546617240418655,-0.005546617240418655,0,2,2,2026-04-07T21:24:36.524Z,Called Strike,Four-Seam Fastball
824942,6d6151bd-da57-3910-af10-4df90016032e,2026-03-31,144,ATL,Atlanta Braves,batting,hitter,686948,Drake Baldwin,686948,Drake Baldwin,650644,Aaron Civale,ATL,ATH,3,Bot,2,0,---,2,0,Strike,Ball,-0.7433271868779999,3.475973904080206,1.618,3.206,0.14914057074687292,1.789686848962475,0.7999927632346194,0.28083963202550083,0.2905969718391074,0.009757339813606547,0.011300000000000001,0.005545719463857467,-0.005545719463857467,0,2,2,2026-04-01T00:01:14.520Z,Called Strike,Cutter
824299,f322f346-6837-315f-8a24-9a508d2fa6e6,2026-04-03,116,DET,Detroit Tigers,fielding,pitcher,664285,Framber Valdez,687363,Victor Scott II,664285,Framber Valdez,STL,DET,5,Top,0,0,---,0,0,Ball,Strike,0.5247857537278928,1.5964500338836105,1.583,3.137,0.1342833672169439,1.6114004066033267,0.7592430214366346,0.7485756407409973,0.7594617228136401,0.010886082072642855,0.011300000000000001,0.0055446279866745145,-0.0055446279866745145,0,2,2,2026-04-03T18:25:36.614Z,Ball,Curveball
824128,1645bd6f-0fd2-312f-8c88-1ae6b27b53c3,2026-04-10,118,KC,Kansas City Royals,fielding,pitcher,663460,Kris Bubic,678246,Miguel Vargas,663460,Kris Bubic,CWS,KC,1,Top,1,0,---,3,2,Ball,Strike,0.6069249964981978,1.5566898719725737,1.66,3.29,0.01752320530590712,0.21027846367088543,0.3274747476363698,0.49795020183632804,0.5380754570678175,0.04012525523148941,0.011300000000000001,0.005540472479067899,-0.005540472479067899,0,2,2,2026-04-10T23:45:44.159Z,Ball,Four-Seam Fastball
825022,7068bce3-ba49-3fa4-820d-c5e0d67aa828,2026-04-14,140,TEX,Texas Rangers,fielding,pitcher,669022,MacKenzie Gore,691016,Tyler Soderstrom,669022,MacKenzie Gore,ATH,TEX,2,Bot,0,0,---,3,1,Ball,Strike,-0.8084594707140086,2.047086085842847,1.658,3.286,0.02070719595265813,0.24848635143189757,0.33879138409759496,0.5184823803410585,0.5568384927330884,0.03835611239202985,0.011300000000000001,0.005523063046201529,-0.005523063046201529,0,2,2,2026-04-15T02:09:29.479Z,Ball,Four-Seam Fastball
823890,92b60b0c-b70f-3526-a211-8b4be04dcbeb,2026-03-30,145,CWS,Chicago White Sox,fielding,pitcher,663436,Davis Martin,665052,Griffin Conine,663436,Davis Martin,MIA,CWS,3,Bot,0,0,---,1,0,Ball,Strike,-0.7077747639855928,3.031430369487216,1.632,3.234,0.12139190268107392,1.456702832172887,0.719558048076781,0.8296369905335982,0.8417155410179109,0.012078550484312722,0.011300000000000001,0.005522224153356546,-0.005522224153356546,0,2,2,2026-03-30T23:25:45.237Z,Ball,Four-Seam Fastball
824203,741edcf8-d4e5-312d-82cb-f256a4848c25,2026-04-25,147,NYY,New York Yankees,fielding,pitcher,518585,Fernando Cruz,514888,Jose Altuve,518585,Fernando Cruz,HOU,NYY,6,Bot,1,1,1B--,3,0,Ball,Strike,0.7292453831703731,2.950053391769048,1.477,2.926,0.09677994156428538,1.1613592987714245,0.6337826505366979,0.36389997067585916,0.38565463632513935,0.02175466564928019,0.022600000000000002,0.005511217558869826,-0.005511217558869826,1,1,2,2026-04-26T00:59:23.601Z,Ball,Slider
824613,89206265-5b7e-3a97-ad68-add27a30d545,2026-04-25,145,CWS,Chicago White Sox,fielding,pitcher,673929,Jordan Leasure,678554,Curtis Mead,673929,Jordan Leasure,WSH,CWS,10,Top,0,0,---,2,1,Ball,Strike,0.434672012501458,1.5654384296775958,1.639,3.247,0.04727176301092917,0.56726115613115,0.4393866212398527,0.33276344678314196,0.3741416975026955,0.04137825071955353,0.022600000000000002,0.005511187416500802,-0.005511187416500802,0,1,1,2026-04-25T22:44:43.971Z,Ball,Four-Seam Fastball
823325,dc727aa8-50e4-3d5a-bfcc-112e956a1a1e,2026-03-26,116,DET,Detroit Tigers,fielding,pitcher,669373,Tarik Skubal,657656,Ramón Laureano,669373,Tarik Skubal,SD,DET,2,Bot,1,0,---,2,2,Ball,Strike,-0.7681119790484008,1.503144403994775,1.547,3.065,0.061054687618265935,0.7326562514191912,0.49421900809370456,0.8314552267360122,0.8541514430872748,0.02269621635126251,0.011300000000000001,0.005501576324059937,-0.005501576324059937,0,2,2,2026-03-26T20:43:57.681Z,Ball,Four-Seam Fastball
824782,1475ddff-9d33-36fd-8cff-bb3be86123c1,2026-04-04,135,SD,San Diego Padres,batting,hitter,609280,Miguel Andujar,609280,Miguel Andujar,813349,Connelly Early,SD,BOS,3,Top,1,0,---,0,0,Strike,Ball,-0.35031199164509097,3.631251649615128,1.61,3.191,0.3194183162817952,3.833019795381542,0.9838680983380657,0.4726483720329142,0.4784212613923371,0.005772889359422884,0.011300000000000001,0.005497471187191588,-0.005497471187191588,0,2,2,2026-04-04T20:54:21.679Z,Called Strike,Sinker
823308,2b312e2c-798c-3f19-a425-1ce2097f1f59,2026-05-02,135,SD,San Diego Padres,batting,hitter,657656,Ramón Laureano,657656,Ramón Laureano,680732,Sean Burke,SD,CWS,5,Bot,1,3,1B2B-,0,0,Strike,Ball,-0.3247388781105948,3.2544588439071345,1.547,3.065,0.0686255105738014,0.8235061268856168,0.5244824480458188,0.6122383532450028,0.6329423495373968,0.020703996292394056,0.011300000000000001,0.005485534322684141,-0.005485534322684141,0,2,2,2026-05-03T01:51:33.350Z,Called Strike,Slider
823560,09d1a805-ee7b-3ff9-bbe5-b592fbd6cbe5,2026-04-16,108,LAA,Los Angeles Angels,batting,hitter,545361,Mike Trout,545361,Mike Trout,608331,Max Fried,LAA,NYY,1,Top,1,0,---,1,0,Strike,Ball,-0.3475825059320397,3.501156876322416,1.637,3.244,0.13632354298908256,1.6358825158689907,0.7651593094026711,0.4773387433609229,0.4914397990574897,0.014101055696566778,0.022600000000000002,0.005482154431134002,-0.005482154431134002,1,1,2,2026-04-16T17:42:23.365Z,Called Strike,Cutter
822909,2fe7bce8-4002-35c8-a151-a638cdd468bd,2026-04-24,133,ATH,Athletics,fielding,pitcher,622663,Luis Severino,607043,Brandon Nimmo,622663,Luis Severino,TEX,ATH,3,Bot,2,1,1B--,1,0,Ball,Strike,-0.5110973979399657,3.220003298992513,1.65,3.27,0.17083003434082,2.04996041208984,0.849831557667581,0.7865848067670336,0.7950117533957922,0.008426946628758647,0.011300000000000001,0.005464581781543197,-0.005464581781543197,0,2,2,2026-04-25T00:47:26.615Z,Ball,Four-Seam Fastball
823063,89c1d280-e230-3b03-9251-d74536d8118c,2026-05-06,158,MIL,Milwaukee Brewers,fielding,pitcher,687075,Brandon Sproat,691023,Jordan Walker,687075,Brandon Sproat,STL,MIL,1,Bot,2,2,-2B-,2,1,Ball,Strike,-0.26530240466418625,1.8357819984829498,1.747,3.461,0.209615331816283,2.515383981795396,0.9132393882667527,0.8240041923565103,0.8310553119965363,0.007051119640025916,0.011300000000000001,0.005458965274067257,-0.005458965274067257,0,2,2,2026-05-06T17:36:56.991Z,Ball,Sinker
823162,1d889c4d-d85c-32f6-99d0-88df60598a66,2026-03-27,114,CLE,Cleveland Guardians,batting,hitter,672356,Gabriel Arias,672356,Gabriel Arias,669923,George Kirby,CLE,SEA,3,Top,0,0,---,0,0,Strike,Ball,-0.04353625142816354,3.548190808081219,1.636,3.242,0.18535747474788566,2.224289696974628,0.877150612015822,0.6089051642874639,0.6167012542317566,0.007796089944292706,0.011300000000000001,0.0054501469817455316,-0.0054501469817455316,0,2,2,2026-03-28T02:19:40.633Z,Called Strike,Sinker
824933,5daf1a8f-57c6-31cd-a608-602ee928c141,2026-04-25,143,PHI,Philadelphia Phillies,batting,hitter,681082,Bryson Stott,681082,Bryson Stott,693821,Bryce Elder,PHI,ATL,2,Top,0,0,---,0,0,Strike,Ball,-0.17496226137628076,3.539929965681314,1.628,3.225,0.1940966323479807,2.3291595881757683,0.8914410645518104,0.600361926021907,0.6078474429542138,0.007485516932306813,0.011300000000000001,0.005446181212291645,-0.005446181212291645,0,2,2,2026-04-26T00:28:52.654Z,Called Strike,Four-Seam Fastball
824202,f5ff8976-bf15-309a-b9f8-1cd670543232,2026-04-26,147,NYY,New York Yankees,fielding,pitcher,661563,Luis Gil,621043,Carlos Correa,661563,Luis Gil,HOU,NYY,1,Bot,0,0,---,3,0,Ball,Strike,0.7683491701911344,2.605578892309613,1.684,3.337,0.06081749647553236,0.7298099577063883,0.49327039230352143,0.4174521818698143,0.44009757552766593,0.02264539365785162,0.011300000000000001,0.0054442576465059365,-0.0054442576465059365,0,2,2,2026-04-26T18:16:13.394Z,Ball,Four-Seam Fastball
823874,db781651-b5d9-30d4-9832-38ee61bd65fe,2026-05-04,143,PHI,Philadelphia Phillies,fielding,pitcher,605400,Aaron Nola,805300,Jakob Marsee,605400,Aaron Nola,MIA,PHI,3,Bot,1,0,---,2,1,Ball,Strike,0.6849997037828145,1.5787245297080112,1.621,3.212,0.0785578630413446,0.9426943564961352,0.5638804378831919,0.5728476663174104,0.5912095279199504,0.018361861602540053,0.011300000000000001,0.00542574350887092,-0.00542574350887092,0,2,2,2026-05-04T23:29:27.814Z,Ball,Knuckle Curve
822904,63a9cbf9-14e2-3d0b-be03-f56186c5240a,2026-05-08,140,TEX,Texas Rangers,fielding,pitcher,615698,Cal Quantrill,673548,Seiya Suzuki,615698,Cal Quantrill,CHC,TEX,6,Top,0,0,---,0,2,Ball,Strike,0.6995730227599111,1.6487869311611423,1.604,3.178,0.12959364390675565,1.5551237268810678,0.7452616267783576,0.22411458462478634,0.23524118074901412,0.011126596124227783,0.011300000000000001,0.005413681510643208,-0.005413681510643208,0,2,2,2026-05-09T01:48:02.881Z,Ball,Splitter
824865,b3da7c68-48c8-3182-8ade-e946bb52e885,2026-03-26,142,MIN,Minnesota Twins,fielding,pitcher,657746,Joe Ryan,677942,Blaze Alexander,657746,Joe Ryan,BAL,MIN,5,Bot,2,1,1B--,0,0,Ball,Strike,0.6000162705390071,2.741130790913387,1.604,3.179,0.22915039612765964,2.7498047535319157,0.9350150145910907,0.4673096262896448,0.4738742730961775,0.006564646806532737,0.011300000000000001,0.0054037129944748885,-0.0054037129944748885,0,2,2,2026-03-26T20:29:50.057Z,Ball,Four-Seam Fastball
823564,5535e4f6-49a6-389f-8f08-4275d77f2d4e,2026-04-08,133,ATH,Athletics,fielding,pitcher,622663,Luis Severino,641355,Cody Bellinger,622663,Luis Severino,NYY,ATH,5,Bot,1,1,1B--,0,1,Ball,Strike,-0.6045138713762606,1.92239524651056,1.688,3.345,0.22465279529040616,2.695833543484874,0.9305031946911035,0.4347553917929449,0.44224709247397376,0.0074917006810288345,0.022600000000000002,0.005400423617385786,-0.005400423617385786,1,1,2,2026-04-09T00:42:09.036Z,Ball,Cutter
823807,a0d4ed8b-b404-3e0b-97a1-2d69ea0f2ec6,2026-03-31,158,MIL,Milwaukee Brewers,batting,hitter,596142,Gary Sánchez,596142,Gary Sánchez,663556,Shane McClanahan,MIL,TB,5,Bot,0,0,---,3,1,Strike,Ball,-0.8305365431557157,2.0569958501081604,1.671,3.311,0.00136987648904896,0.01643851786858752,0.27327252724479717,0.2885715906114227,0.3383794989668087,0.04980790835538601,0.011300000000000001,0.00539911255091979,-0.00539911255091979,0,2,2,2026-04-01T00:45:20.631Z,Called Strike,Four-Seam Fastball
825093,d628f57e-3b11-4501-8aa0-c2fa4f902d96,2026-04-25,109,AZ,Arizona Diamondbacks,fielding,pitcher,668678,Zac Gallen,657656,Ramón Laureano,668678,Zac Gallen,SD,AZ,1,Top,0,0,---,2,2,Ball,Strike,-0.7709876,1.5934646,1.547,3.065,0.05817906666666672,0.6981488000000007,0.4827231475450431,0.49818101187545205,0.521443117536349,0.023262105660896926,0.011300000000000001,0.005383928430412514,-0.005383928430412514,0,2,2,2026-04-25T22:10:03.566Z,Ball,Four-Seam Fastball
824036,1506c127-ec53-34a0-b928-1b9c4fa51097,2026-05-06,108,LAA,Los Angeles Angels,fielding,pitcher,700712,Walbert Ureña,672284,Jarred Kelenic,700712,Walbert Ureña,CWS,LAA,2,Top,1,2,-2B-,0,0,Ball,Strike,-0.7685001832539833,1.9194584345558667,1.594,3.159,0.060666483412683436,0.7279978009522012,0.4926664595903267,0.36836909606154433,0.39089947239052564,0.022530376328981305,0.011300000000000001,0.005367091732607613,-0.005367091732607613,0,2,2,2026-05-06T20:27:34.554Z,Ball,Changeup
822827,a3fc52a1-70e1-3834-b922-97d97ceaa56d,2026-04-24,114,CLE,Cleveland Guardians,batting,hitter,608070,José Ramírez,608070,José Ramírez,680755,Braydon Fisher,CLE,TOR,9,Top,0,1,1B--,1,1,Strike,Ball,-0.4702714728433839,3.4329873273608436,1.532,3.035,0.2771539940275103,3.3258479283301234,0.9687644281220126,0.9312445802411525,0.9375049209220936,0.006260340680941057,0.022600000000000002,0.005358871435178318,-0.005358871435178318,1,1,2,2026-04-25T01:38:22.201Z,Called Strike,Cutter
822906,e5b89f61-f522-380e-86f1-c6f2e1ff23b3,2026-04-27,147,NYY,New York Yankees,fielding,pitcher,608331,Max Fried,607043,Brandon Nimmo,608331,Max Fried,TEX,NYY,6,Bot,0,1,1B--,1,0,Ball,Strike,-0.7890975728644345,1.6759495211235982,1.65,3.27,0.040069093802232225,0.4808291256267867,0.41122720283714337,0.8436686674694971,0.8728782732055976,0.02920960573610054,0.011300000000000001,0.005358651854892122,-0.005358651854892122,0,2,2,2026-04-28T01:43:57.171Z,Ball,Sinker
824945,afbfce97-13b7-38c1-82f4-97eec71bd3b9,2026-03-28,118,KC,Kansas City Royals,batting,hitter,686469,Vinnie Pasquantino,686469,Vinnie Pasquantino,607481,Aaron Bummer,KC,ATL,8,Top,1,6,-2B3B,1,0,Strike,Ball,-0.998368748252929,2.2685168156338325,1.697,3.363,0.16920208158626227,2.030424979035147,0.8464770867850505,0.8180247879257726,0.8263923218161798,0.00836753389040723,0.011300000000000001,0.0053481167917981635,-0.0053481167917981635,0,2,2,2026-03-29T01:14:12.136Z,Called Strike,Curveball
824613,a3af502d-1b72-3117-ba11-20f6f95ec381,2026-04-25,120,WSH,Washington Nationals,batting,hitter,678554,Curtis Mead,678554,Curtis Mead,702273,Noah Schultz,WSH,CWS,3,Top,1,6,-2B3B,0,0,Strike,Ball,0.9250594043904928,2.711748997676702,1.639,3.247,0.09589273772382612,1.1507128526859134,0.6304816857256516,0.5567761854971508,0.5784880653256658,0.02171187982851497,0.022600000000000002,0.005337828691954611,-0.005337828691954611,1,1,2,2026-04-25T20:47:45.189Z,Called Strike,Cutter
824863,d52c9a4d-4f50-3712-950f-960e35835527,2026-03-30,140,TEX,Texas Rangers,batting,hitter,694671,Wyatt Langford,694671,Wyatt Langford,605135,Chris Bassitt,TEX,BAL,4,Top,0,0,---,1,1,Strike,Ball,1.0604618063547235,2.5235644196689724,1.613,3.196,0.23129513968805682,2.775541676256682,0.9370692479295536,0.8123263556593575,0.8187799643741298,0.0064536087147722965,0.011300000000000001,0.005336360766387244,-0.005336360766387244,0,2,2,2026-03-30T23:40:18.331Z,Called Strike,Sinker
824134,ff2f4c5f-2b7b-3fc5-a466-c8a629d32755,2026-04-04,158,MIL,Milwaukee Brewers,fielding,pitcher,687075,Brandon Sproat,664728,Kyle Isbel,687075,Brandon Sproat,KC,MIL,5,Bot,0,1,1B--,0,0,Ball,Strike,0.6469729307639647,1.5931600927145144,1.571,3.114,0.14299342604784782,1.7159211125741738,0.7837906519315769,0.38523078801007293,0.3951551871793963,0.009924399169323361,0.011300000000000001,0.005335485661779977,-0.005335485661779977,0,2,2,2026-04-05T00:37:57.689Z,Ball,Cutter
823471,f80621dc-87d0-35cd-90b9-c98e0ae4a2df,2026-04-30,143,PHI,Philadelphia Phillies,batting,hitter,681082,Bryson Stott,681082,Bryson Stott,676775,Keaton Winn,PHI,SF,8,Bot,0,1,1B--,0,0,Strike,Ball,-0.5659700292854571,3.486836075551892,1.628,3.225,0.1410027422185589,1.692032906622707,0.7783443312795832,0.6578795683369676,0.6711701994882666,0.013290631151299026,0.022600000000000002,0.005335269302660019,-0.005335269302660019,1,1,2,2026-05-01T00:29:03.604Z,Called Strike,Four-Seam Fastball
823647,f43b9856-bf19-315b-8a8f-619f35cdd798,2026-03-29,121,NYM,New York Mets,batting,hitter,596019,Francisco Lindor,596019,Francisco Lindor,669387,Carmen Mlodzinski,NYM,PIT,1,Bot,0,0,---,0,0,Strike,Ball,-0.06805983173139005,3.393172742297582,1.568,3.108,0.1643394089642487,1.9720729075709844,0.8360916140011787,0.44114806653098393,0.44974055184616707,0.00859248531518314,0.011300000000000001,0.005331940153666218,-0.005331940153666218,0,2,2,2026-03-29T17:53:46.644Z,Called Strike,Four-Seam Fastball
823794,6bc1451b-5f0d-325f-b8d3-50d99e23bb45,2026-05-08,147,NYY,New York Yankees,fielding,pitcher,608331,Max Fried,596142,Gary Sánchez,608331,Max Fried,MIL,NYY,2,Bot,0,0,---,0,2,Ball,Strike,0.3807623325819423,3.337516889451035,1.671,3.311,0.0943164438822981,1.1317973265875771,0.6245868180651625,0.4564402237337821,0.4717488374896395,0.015308613755857403,0.011300000000000001,0.005319389398895887,-0.005319389398895887,0,2,2,2026-05-09T00:01:25.222Z,Ball,Cutter
824681,933fecea-a075-3f40-8d3b-8997ed9f5ae9,2026-05-07,112,CHC,Chicago Cubs,fielding,pitcher,668970,Gavin Hollowell,694362,Blake Dunn,668970,Gavin Hollowell,CIN,CHC,9,Top,2,6,-2B3B,3,2,Ball,Strike,0.5973721539307522,1.7075492388248084,1.559,3.09,0.23179451273591456,2.7815341528309747,0.9375387779865514,0.9935763665798928,1.0,0.006423633420107211,0.011300000000000001,0.005316593618168917,-0.005316593618168917,0,2,2,2026-05-07T21:09:16.153Z,Ball,Four-Seam Fastball
822750,de21e3d6-4d87-3acf-b82b-3e7ec90d35ca,2026-04-19,120,WSH,Washington Nationals,fielding,pitcher,676571,PJ Poulin,642715,Willy Adames,676571,PJ Poulin,SF,WSH,1,Top,0,0,---,0,1,Ball,Strike,-0.5188995557632531,1.733965031577048,1.627,3.224,0.2277983649103814,2.733580378924577,0.9336881473285125,0.5016895819514857,0.5081785380862823,0.0064889561347966085,0.011300000000000001,0.005309337496406422,-0.005309337496406422,0,2,2,2026-04-19T17:36:09.510Z,Ball,Four-Seam Fastball
823065,3c1375b6-10a1-3e87-bf49-3e79ee389fc6,2026-05-03,119,LAD,Los Angeles Dodgers,fielding,pitcher,694361,Will Klein,671056,Iván Herrera,694361,Will Klein,STL,LAD,8,Bot,1,0,---,0,0,Ball,Strike,0.6470108605936399,2.1749849533617094,1.602,3.173,0.18215580607302684,2.185869672876322,0.8715230606058206,0.9365808894044886,0.9443326509705339,0.00775176156604529,0.011300000000000001,0.005304049549972133,-0.005304049549972133,0,2,2,2026-05-03T20:14:48.576Z,Ball,Sweeper
824851,c754ced3-e1ac-3c4f-b2a6-afdf109e5e46,2026-04-25,110,BAL,Baltimore Orioles,fielding,pitcher,669432,Trevor Rogers,655316,Andruw Monasterio,669432,Trevor Rogers,BOS,BAL,2,Top,1,0,---,0,1,Ball,Strike,-0.5781079832858363,1.6664463931671398,1.589,3.148,0.1982797265004732,2.3793567180056785,0.8977504393136053,0.5240869974695453,0.5312750087336066,0.0071880112640612115,0.011300000000000001,0.005297620234345836,-0.005297620234345836,0,2,2,2026-04-25T16:21:57.179Z,Ball,Changeup
822839,6b05c049-3e96-3e4d-9639-4dcc47acfa77,2026-03-27,133,ATH,Athletics,fielding,pitcher,622663,Luis Severino,665489,Vladimir Guerrero Jr.,622663,Luis Severino,TOR,ATH,4,Bot,0,1,1B--,0,0,Ball,Strike,0.12391191930175004,1.630900563027027,1.619,3.209,0.13273389636036037,1.5928067563243244,0.7546822224242793,0.5220107882193614,0.532696591255437,0.01068580303607558,0.011300000000000001,0.0052922946970479865,-0.0052922946970479865,0,2,2,2026-03-28T00:37:22.454Z,Ball,Sinker
822833,986ce72e-4aad-39b3-a6f7-eb3a5606fa25,2026-04-08,119,LAD,Los Angeles Dodgers,batting,hitter,500743,Miguel Rojas,500743,Miguel Rojas,689254,Mason Fluharty,LAD,TOR,7,Top,0,0,---,2,1,Strike,Ball,0.9439295686808237,2.8898350655683887,1.585,3.141,0.11476290201415695,1.3771548241698834,0.697665645752697,0.6908712197016087,0.7082474375928228,0.01737621789121413,0.022600000000000002,0.005290033869824423,-0.005290033869824423,1,1,2,2026-04-08T21:04:53.815Z,Called Strike,Sweeper
824936,62de4e48-023d-3acc-8bc8-2897bfab1a2b,2026-04-15,144,ATL,Atlanta Braves,fielding,pitcher,669276,Dylan Lee,681715,Heriberto Hernández,669276,Dylan Lee,MIA,ATL,6,Top,2,3,1B2B-,1,2,Ball,Strike,-0.8159537985323233,1.6063983722362158,1.604,3.179,0.013212868134343414,0.15855441761212097,0.312470620980906,0.8047702243836957,0.8465464423053924,0.04177621792169672,0.011300000000000001,0.005284758773310467,-0.005284758773310467,0,2,2,2026-04-16T00:56:09.276Z,Ball,Slider
823240,3b1416f7-7bdf-32b9-a076-b844676c7337,2026-04-03,121,NYM,New York Mets,fielding,pitcher,690997,Nolan McLean,808982,Jung Hoo Lee,690997,Nolan McLean,SF,NYM,2,Bot,1,0,---,0,0,Ball,Strike,0.548907029479878,1.7896499296447983,1.627,3.224,0.2802596371867887,3.3631156462414644,0.9702335297729926,0.6827109084939967,0.6884983728166646,0.005787464322667857,0.011300000000000001,0.005278830824652113,-0.005278830824652113,0,2,2,2026-04-04T02:43:25.149Z,Ball,Cutter
824779,828177d6-0279-3bf9-abbc-b98fc84a2fd5,2026-04-08,111,BOS,Boston Red Sox,fielding,pitcher,543243,Sonny Gray,641343,Jake Bauers,543243,Sonny Gray,MIL,BOS,1,Top,2,4,--3B,1,2,Ball,Strike,0.08637147425266097,1.5467134784907248,1.624,3.217,0.04354681182405806,0.5225617418886968,0.4247629395632252,0.5200155433162102,0.5477444202451806,0.027728876928970303,0.011300000000000001,0.005278020492200768,-0.005278020492200768,0,2,2,2026-04-08T17:40:17.217Z,Ball,Sweeper
822984,84001451-c860-3cfa-b34b-2d2b439fffaf,2026-05-04,139,TB,Tampa Bay Rays,batting,hitter,691406,Junior Caminero,691406,Junior Caminero,641778,Eric Lauer,TB,TOR,3,Bot,0,0,---,0,0,Strike,Ball,-0.44701050872974785,3.6969989037623274,1.637,3.244,0.3321655704289941,3.985986845147929,0.9868051906934312,0.7632471952537259,0.7687415718521193,0.005494376598393469,0.011300000000000001,0.005272778001754966,-0.005272778001754966,0,2,2,2026-05-04T23:21:25.103Z,Called Strike,Cutter
824607,9796b447-4ed1-3c52-a23e-7378f7760002,2026-05-08,145,CWS,Chicago White Sox,fielding,pitcher,680732,Sean Burke,641487,J.P. Crawford,680732,Sean Burke,SEA,CWS,3,Top,2,3,1B2B-,2,1,Ball,Strike,-0.8016943634411603,3.193116451563399,1.625,3.219,0.027472303225506423,0.32966763870607707,0.3634449299329521,0.48595733738557606,0.5202540970622738,0.03429675967669771,0.011300000000000001,0.005271911125867052,-0.005271911125867052,0,2,2,2026-05-09T00:19:32.557Z,Ball,Cutter
824446,86e93638-845f-3b04-9f29-a2e19011bffc,2026-04-27,114,CLE,Cleveland Guardians,batting,hitter,608070,José Ramírez,608070,José Ramírez,641329,Bryan Baker,CLE,TB,9,Bot,0,0,---,0,0,Strike,Ball,0.8994544857907332,2.752415486168823,1.532,3.035,0.07028781912406645,0.8434538294887974,0.5311110332959555,0.18378545196000493,0.2136530777896733,0.02986762582966837,0.022600000000000002,0.005266134968980736,-0.005266134968980736,1,1,2,2026-04-28T00:29:44.090Z,Called Strike,Four-Seam Fastball
823477,6bbad3cc-a7df-34a2-9fee-8c4d06303fea,2026-04-15,143,PHI,Philadelphia Phillies,batting,hitter,666969,Adolis García,666969,Adolis García,684007,Shota Imanaga,PHI,CHC,4,Bot,1,0,---,1,0,Strike,Ball,0.9023665784788353,2.2372465095669742,1.623,3.216,0.07319991181216856,0.8783989417460227,0.5426954183042306,0.2780733718324203,0.2972485409557662,0.01917516912334588,0.011300000000000001,0.005238734655286366,-0.005238734655286366,0,2,2,2026-04-15T23:40:34.516Z,Called Strike,Four-Seam Fastball
824607,6ff1b0b7-5dd1-354c-b986-13ab014f6ef8,2026-05-08,145,CWS,Chicago White Sox,batting,hitter,671976,Tristan Peters,671976,Tristan Peters,676106,Emerson Hancock,CWS,SEA,6,Bot,2,2,-2B-,0,0,Strike,Ball,-0.9718710301221677,1.9722288870634626,1.614,3.197,0.14270436345550097,1.7124523614660117,0.7830058572571788,0.354964182989648,0.36476903557830753,0.00980485258865954,0.011300000000000001,0.005225223193469752,-0.005225223193469752,0,2,2,2026-05-09T01:20:59.137Z,Called Strike,Sweeper
824211,ab2065f6-0e34-30a9-a8a6-f3e344a1b521,2026-04-01,111,BOS,Boston Red Sox,batting,hitter,702332,Caleb Durbin,702332,Caleb Durbin,681347,Mike Burrows,BOS,HOU,5,Top,2,3,1B2B-,0,0,Strike,Ball,-0.9309636339156293,2.4673006455540585,1.487,2.947,0.10179696724896259,1.221563606987551,0.6522063092908187,0.4875427668932562,0.5015775516342607,0.014034784741004447,0.011300000000000001,0.00522350645260786,-0.00522350645260786,0,2,2,2026-04-01T19:26:27.837Z,Called Strike,Sinker
823727,57d09c29-b3f9-3681-b5ca-2eed40e3d951,2026-04-07,116,DET,Detroit Tigers,batting,hitter,650402,Gleyber Torres,650402,Gleyber Torres,623437,Justin Topa,DET,MIN,9,Top,1,6,-2B3B,2,0,Strike,Ball,0.093720783270352,3.3643755711504637,1.579,3.13,0.11354223781713069,1.3625068538055682,0.6935302505336856,0.20607880067917075,0.22358776632914235,0.017508965649971592,0.022600000000000002,0.005216780995871785,-0.005216780995871785,1,1,2,2026-04-08T02:25:55.399Z,Called Strike,Cutter
824043,4751eb98-9487-3f86-b840-bad7684bb47a,2026-05-03,121,NYM,New York Mets,batting,hitter,620443,Luis Torrens,620443,Luis Torrens,686799,Jack Kochanowicz,NYM,LAA,7,Top,0,0,---,2,0,Strike,Ball,0.8969367179454075,2.5295500202300536,1.604,3.179,0.0677700512787408,0.8132406153448897,0.5210677239661149,0.69906487484438,0.7194622759534882,0.02039740110910826,0.011300000000000001,0.005216492651564046,-0.005216492651564046,0,2,2,2026-05-03T21:46:46.976Z,Called Strike,Sinker
822823,2f0c3725-9676-3045-88ac-50f47edc3cb8,2026-04-28,141,TOR,Toronto Blue Jays,batting,hitter,662139,Daulton Varsho,662139,Daulton Varsho,801139,Payton Tolle,TOR,BOS,2,Bot,0,0,---,1,0,Strike,Ball,0.9371401921006934,2.998820176792462,1.532,3.037,0.10797352543402672,1.2956823052083206,0.6742732066156899,0.5492019290607649,0.5623705928636458,0.013168663802880842,0.011300000000000001,0.005198564403969726,-0.005198564403969726,0,2,2,2026-04-28T23:33:07.376Z,Called Strike,Four-Seam Fastball
824525,4e74390c-b143-3e17-9daf-9fe7f3230ee8,2026-04-29,113,CIN,Cincinnati Reds,batting,hitter,682829,Elly De La Cruz,682829,Elly De La Cruz,608372,Tomoyuki Sugano,CIN,COL,6,Bot,0,1,1B--,0,1,Strike,Ball,0.34143535243303674,3.708551433661685,1.746,3.46,0.12771810032835207,1.5326172039402248,0.7395227663488427,0.062533353341184,0.0775191815012219,0.014985828160037906,0.022600000000000002,0.005195575616423465,-0.005195575616423465,1,1,2,2026-04-30T00:20:25.092Z,Called Strike,Sinker
824118,4f1391a1-37ff-3b81-84b6-66fbd32526d6,2026-05-06,118,KC,Kansas City Royals,fielding,pitcher,666142,Cole Ragans,682657,Angel Martínez,666142,Cole Ragans,CLE,KC,1,Top,0,0,---,1,2,Ball,Strike,-0.4920706475453141,3.2231577545138084,1.604,3.178,0.07567557881952469,0.9081069458342963,0.5525080021380201,0.502912061664889,0.521443117536349,0.018531055871459978,0.011300000000000001,0.005181897081208005,-0.005181897081208005,0,2,2,2026-05-06T23:42:03.847Z,Ball,Four-Seam Fastball
823394,31a02bc6-8ee3-3e26-b320-1352b3ff9353,2026-04-18,134,PIT,Pittsburgh Pirates,batting,hitter,687462,Spencer Horwitz,687462,Spencer Horwitz,693855,Ian Seymour,PIT,TB,6,Bot,2,1,1B--,2,0,Strike,Ball,0.27022604613291573,3.2900241917321793,1.581,3.133,0.03619085839884617,0.43429030078615405,0.39629033927147345,0.3475673913075816,0.39505845327077355,0.04749106196319197,0.022600000000000002,0.005176410725291214,-0.005176410725291214,1,1,2,2026-04-18T23:54:49.272Z,Called Strike,Sweeper
824443,c377bb8b-14e1-38c0-a027-9e58eae09a77,2026-05-08,114,CLE,Cleveland Guardians,batting,hitter,690984,Petey Halpin,690984,Petey Halpin,681892,Kody Funderburk,CLE,MIN,7,Bot,0,0,---,1,1,Strike,Ball,-0.6349694108423577,3.4529040419992447,1.607,3.184,0.14807070866591143,1.7768485039909372,0.797239772005238,0.7843119940138841,0.7936759345354595,0.009363940521575409,0.011300000000000001,0.005174115230150577,-0.005174115230150577,0,2,2,2026-05-09T01:18:03.173Z,Called Strike,Cutter
822994,c23add4b-2d8d-3e1f-97ce-9751ada5e8e9,2026-04-20,139,TB,Tampa Bay Rays,fielding,pitcher,669947,Jesse Scholtens,680574,Matt McLain,669947,Jesse Scholtens,CIN,TB,1,Top,1,0,---,1,1,Ball,Strike,0.5788919550819537,1.557223640256464,1.538,3.047,0.1400569735897974,1.6806836830775689,0.7757226476567846,0.5169113595029641,0.5268314739477195,0.009920114444755379,0.011300000000000001,0.005160923360665621,-0.005160923360665621,0,2,2,2026-04-20T22:41:39.454Z,Ball,Slider
823644,cfdeff19-c602-395e-981e-0489c7d00316,2026-04-11,121,NYM,New York Mets,fielding,pitcher,673540,Kodai Senga,666126,Carlos Cortes,673540,Kodai Senga,ATH,NYM,2,Top,1,3,1B2B-,2,0,Ball,Strike,-0.8178272702450747,2.5274543781508623,1.509,2.99,0.011339396421591985,0.13607275705910382,0.30606736628180853,0.5063503274445849,0.5487432998672084,0.04239297242262352,0.011300000000000001,0.005133666657234156,-0.005133666657234156,0,2,2,2026-04-11T20:35:21.182Z,Ball,Sweeper
823244,c0ac0004-56d4-38c0-8341-33395772adbb,2026-03-25,137,SF,San Francisco Giants,batting,hitter,650333,Luis Arraez,650333,Luis Arraez,608331,Max Fried,SF,NYY,3,Bot,0,0,---,3,0,Strike,Ball,-0.4854409425100338,3.318937755742129,1.577,3.124,0.07410442240879567,0.889253068905548,0.5462847988820013,0.11410099145891688,0.13287391092746023,0.018772919468543356,0.011300000000000001,0.00512837876366783,-0.00512837876366783,0,2,2,2026-03-26T01:13:38.819Z,Called Strike,Four-Seam Fastball
824942,7a08d6c9-0c63-3422-84e1-71598dc76941,2026-03-31,144,ATL,Atlanta Braves,fielding,pitcher,527048,Martín Pérez,701762,Nick Kurtz,527048,Martín Pérez,ATH,ATL,7,Top,2,4,--3B,1,2,Ball,Strike,0.7275167110932722,1.7046253891728025,1.722,3.413,0.10164995557339451,1.2197994668807342,0.65167256429316,0.11147690149930367,0.12537519381325346,0.01389829231394979,0.011300000000000001,0.005121035768040283,-0.005121035768040283,0,2,2,2026-04-01T01:06:38.746Z,Ball,Changeup
824209,bb26c0c1-a3ee-377b-a6d9-ea749ea2d55f,2026-04-15,117,HOU,Houston Astros,fielding,pitcher,681293,Spencer Arrighetti,678662,Ezequiel Tovar,681293,Spencer Arrighetti,COL,HOU,2,Top,0,0,---,3,1,Ball,Strike,0.806884849919684,1.7311295293720854,1.625,3.219,0.022281816746982708,0.2673818009637925,0.344457836319091,0.6613395561453538,0.6976937401354417,0.03635418399008794,0.011300000000000001,0.005114857108777559,-0.005114857108777559,0,2,2,2026-04-16T00:36:40.049Z,Ball,Sinker
824935,ef524567-bdda-3d98-80f4-8f1435c1b441,2026-04-14,144,ATL,Atlanta Braves,fielding,pitcher,625643,Reynaldo López,669364,Xavier Edwards,625643,Reynaldo López,MIA,ATL,1,Top,0,1,1B--,3,1,Ball,Strike,-0.40468605986962575,1.422668440124143,1.542,3.055,0.0015017734574762631,0.018021281489715157,0.27369183223902677,0.40742514108424954,0.4559593459665657,0.048534204882316134,0.011300000000000001,0.005076133164806424,-0.005076133164806424,0,2,2,2026-04-14T23:19:57.879Z,Ball,Four-Seam Fastball
824698,d896fd5f-e1a1-31fb-84f6-cc1b8118276c,2026-04-01,108,LAA,Los Angeles Angels,batting,hitter,660162,Yoán Moncada,660162,Yoán Moncada,640451,Hunter Harvey,LAA,CHC,6,Top,2,3,1B2B-,0,0,Strike,Ball,-0.5665809780727402,3.4557745727617792,1.624,3.217,0.11794123942844603,1.4152948731413524,0.7082830524277923,0.12721378076139742,0.1390137506643201,0.011799969902922675,0.011300000000000001,0.005061317193832205,-0.005061317193832205,0,2,2,2026-04-01T20:03:06.833Z,Called Strike,Four-Seam Fastball
823715,0a25709d-cd06-31e4-8794-8e6f729bf8b1,2026-05-02,141,TOR,Toronto Blue Jays,fielding,pitcher,656302,Dylan Cease,670242,Matt Wallner,656302,Dylan Cease,MIN,TOR,4,Bot,1,0,---,2,0,Ball,Strike,0.7544962847291322,2.239218789139794,1.713,3.395,0.0746703819375345,0.896044583250414,0.5485282822421997,0.3110228822734254,0.32953939952819306,0.01851651725476766,0.011300000000000001,0.005055202992202613,-0.005055202992202613,0,2,2,2026-05-02T19:16:38.179Z,Ball,Slider
824452,0be23dc0-3e3d-39d0-965d-931d1ea6e2bb,2026-04-19,114,CLE,Cleveland Guardians,batting,hitter,595978,Austin Hedges,595978,Austin Hedges,669432,Trevor Rogers,CLE,BAL,3,Bot,1,0,---,0,0,Strike,Ball,1.1275495083581069,2.087834131545922,1.618,3.207,0.29838284169144014,3.5805941002972816,0.977558044867583,0.5276530084519331,0.5333419665172499,0.005688958065316774,0.022600000000000002,0.005054098537672109,-0.005054098537672109,1,1,2,2026-04-19T18:18:30.206Z,Called Strike,Sinker
822821,c7055018-566b-36b1-9474-d7edba7b27c7,2026-04-29,141,TOR,Toronto Blue Jays,fielding,pitcher,641778,Eric Lauer,655316,Andruw Monasterio,641778,Eric Lauer,BOS,TOR,2,Top,0,0,---,0,0,Ball,Strike,0.647643108170132,1.6865794384158743,1.589,3.148,0.18152355849653468,2.178282701958416,0.8703861068695802,0.39215255704578567,0.3996380739780925,0.007485516932306813,0.011300000000000001,0.005050652948243106,-0.005050652948243106,0,2,2,2026-04-29T19:29:15.082Z,Ball,Four-Seam Fastball
822919,49793889-9041-3638-8fd0-114f4f71c373,2026-04-03,113,CIN,Cincinnati Reds,batting,hitter,701398,Sal Stewart,701398,Sal Stewart,596001,Jakob Junis,CIN,TEX,8,Top,1,0,---,0,0,Strike,Ball,0.07910076283238006,3.5004575528478377,1.635,3.239,0.14062421951450466,1.6874906341740559,0.7772976994747987,0.44983364885614596,0.45956514127950776,0.009731492423361798,0.011300000000000001,0.005047730677200784,-0.005047730677200784,0,2,2,2026-04-03T22:07:21.754Z,Called Strike,Slider
822837,77e84542-8556-3950-bf7d-7012446cfbc5,2026-03-29,141,TOR,Toronto Blue Jays,fielding,pitcher,656546,Jeff Hoffman,667670,Brent Rooker,656546,Jeff Hoffman,ATH,TOR,9,Top,0,0,---,0,0,Ball,Strike,-0.6668819667289289,3.3267948441693758,1.698,3.364,0.15803848916395724,1.896461869967487,0.8218037028564853,0.962845086696526,0.9714287634443335,0.008583676747807467,0.011300000000000001,0.005040479177749574,-0.005040479177749574,0,2,2,2026-03-29T19:55:30.900Z,Ball,Slider
823809,3cba797c-9f87-3f65-8601-d19b11543150,2026-03-30,158,MIL,Milwaukee Brewers,fielding,pitcher,690986,Kyle Harrison,668723,Ryan Vilade,690986,Kyle Harrison,TB,MIL,2,Top,2,7,1B2B3B,0,1,Ball,Strike,0.7541246968512934,2.883378822293674,1.653,3.275,0.07504196981537337,0.9005036377844804,0.5500002033419877,0.38623038067838616,0.40463260996227296,0.018402229283886795,0.011300000000000001,0.005036232145848079,-0.005036232145848079,0,2,2,2026-03-31T00:07:05.684Z,Ball,Four-Seam Fastball
824458,49d8ea26-61ce-3597-9da4-547da7c15f11,2026-04-03,114,CLE,Cleveland Guardians,fielding,pitcher,676282,Joey Cantillo,608348,Carson Kelly,676282,Joey Cantillo,CHC,CLE,2,Top,0,0,---,0,0,Ball,Strike,-0.2283211547766898,1.681952579532293,1.644,3.258,0.15878591286562638,1.9054309543875165,0.8235482404768721,0.4962011415556077,0.5047281694987413,0.008527027943133647,0.011300000000000001,0.005028513976453493,-0.005028513976453493,0,2,2,2026-04-03T20:23:10.257Z,Ball,Four-Seam Fastball
823559,89def04d-969a-3191-8edd-8fbdf7568df7,2026-04-17,147,NYY,New York Yankees,batting,hitter,700250,Ben Rice,700250,Ben Rice,608379,Michael Wacha,NYY,KC,4,Bot,1,1,1B--,0,0,Strike,Ball,-0.16204510177217235,3.495540387525753,1.656,3.281,0.09370705419241965,1.1244846503090358,0.6222978388320198,0.5551280470384161,0.5700664082471725,0.014938361208756357,0.011300000000000001,0.005028075474702984,-0.005028075474702984,0,2,2,2026-04-18T00:03:22.786Z,Called Strike,Curveball
823313,863b6fe4-48a8-3a6a-8f0c-fc04d86bc46a,2026-04-16,136,SEA,Seattle Mariners,fielding,pitcher,622491,Luis Castillo,630105,Jake Cronenworth,622491,Luis Castillo,SD,SEA,2,Bot,1,3,1B2B-,2,0,Ball,Strike,0.7398890272569049,1.5107410644019557,1.601,3.172,0.030574397735289027,0.3668927728234683,0.3750037470849762,0.2685848858865849,0.30080842956395587,0.03222354367737096,0.011300000000000001,0.005021491965430733,-0.005021491965430733,0,2,2,2026-04-17T01:13:00.484Z,Ball,Sinker
824376,b7e15aed-6852-3f9a-9fa5-21da4b2ae388,2026-04-06,117,HOU,Houston Astros,fielding,pitcher,675989,Cody Bolton,686668,Brenton Doyle,675989,Cody Bolton,COL,HOU,5,Bot,0,1,1B--,0,0,Ball,Strike,0.17269325544534964,3.3421705864594697,1.691,3.35,0.12866274687386348,1.5439529624863617,0.7424236679535596,0.7623986891154292,0.7730761330384858,0.010677443923056584,0.011300000000000001,0.005016574529599338,-0.005016574529599338,0,2,2,2026-04-07T01:47:14.065Z,Ball,Changeup
824036,b0443e4a-5f95-37ae-b9cf-8cb2cd02af55,2026-05-06,145,CWS,Chicago White Sox,batting,hitter,808959,Munetaka Murakami,808959,Munetaka Murakami,519141,Drew Pomeranz,CWS,LAA,7,Top,2,7,1B2B3B,1,1,Strike,Ball,-0.9625301069927631,2.69859676296255,1.664,3.296,0.13336344032609637,1.6003612839131565,0.7565422648116571,0.027325496144323988,0.03759031574328827,0.010264819598964282,0.011300000000000001,0.005014697459655249,-0.005014697459655249,0,2,2,2026-05-06T22:09:45.251Z,Called Strike,Four-Seam Fastball
823886,c530d35c-94c7-37f6-8bbe-393fdf11c947,2026-04-06,113,CIN,Cincinnati Reds,fielding,pitcher,663574,Tony Santillan,682663,Agustín Ramírez,663574,Tony Santillan,MIA,CIN,8,Bot,2,1,1B--,0,1,Ball,Strike,0.544600910991882,3.3124706385860234,1.644,3.257,0.06536269474730982,0.7843523369677179,0.5114487775024311,0.8823399574500806,0.9029111026093917,0.02057114515931102,0.011300000000000001,0.005000458229332147,-0.005000458229332147,0,2,2,2026-04-07T00:43:15.880Z,Ball,Four-Seam Fastball
824779,a5f65648-3694-33bc-b728-f6dabba2c0ec,2026-04-08,158,MIL,Milwaukee Brewers,fielding,pitcher,675660,Shane Drohan,702332,Caleb Durbin,675660,Shane Drohan,BOS,MIL,3,Bot,2,3,1B2B-,0,1,Ball,Strike,0.348456161725658,1.6601321605485777,1.487,2.947,0.29396549388191096,3.5275859265829315,0.9759540260611652,0.16172438794043112,0.16740291307231742,0.005678525131886297,0.022600000000000002,0.004998540453536275,-0.004998540453536275,1,1,2,2026-04-08T18:28:43.571Z,Ball,Changeup
824443,3ff4532f-1319-3a0d-a5c2-4a9cd7c5c7ee,2026-05-08,142,MIN,Minnesota Twins,batting,hitter,680777,Ryan Jeffers,680777,Ryan Jeffers,800048,Parker Messick,MIN,CLE,6,Top,1,2,-2B-,1,0,Strike,Ball,-0.9478311778806322,2.2405551083673485,1.658,3.285,0.11866451121396548,1.4239741345675858,0.7106683339912723,0.08335229057671803,0.09496122703050724,0.011608936453789215,0.011300000000000001,0.004980655703126306,-0.004980655703126306,0,2,2,2026-05-09T00:45:30.080Z,Called Strike,Cutter
824536,e17a2187-9baf-3a63-af08-bbfdf3747c7c,2026-04-01,134,PIT,Pittsburgh Pirates,fielding,pitcher,694973,Paul Skenes,670770,TJ Friedl,694973,Paul Skenes,CIN,PIT,5,Bot,1,1,1B--,1,0,Ball,Strike,0.10326912017057457,1.4501243567265556,1.536,3.044,0.03495769005988891,0.41949228071866695,0.39157967529191784,0.6823207678341444,0.7125913497486288,0.030270581914484396,0.011300000000000001,0.00497819496776987,-0.00497819496776987,0,2,2,2026-04-01T17:54:43.929Z,Ball,Sinker
824857,e4909a41-45f9-3a77-8b0e-4f074d24eea5,2026-04-11,137,SF,San Francisco Giants,fielding,pitcher,657277,Logan Webb,681297,Colton Cowser,657277,Logan Webb,BAL,SF,4,Bot,1,1,1B--,0,0,Ball,Strike,0.7032636634237535,2.3026020196390653,1.68,3.329,0.12590300324291326,1.510836038914959,0.7338897374051908,0.4299335917528271,0.44487195296158366,0.014938361208756579,0.022600000000000002,0.0049490180501155666,-0.0049490180501155666,1,1,2,2026-04-12T00:34:17.354Z,Ball,Sinker
824537,c9250d78-1553-3a88-abe4-58dc46954313,2026-03-31,134,PIT,Pittsburgh Pirates,fielding,pitcher,670990,Yohan Ramírez,682829,Elly De La Cruz,670990,Yohan Ramírez,CIN,PIT,5,Bot,2,7,1B2B3B,1,1,Ball,Strike,-0.7411416373518989,2.2910240061781653,1.746,3.46,0.08802502931476786,1.0563003517772143,0.6007042793856373,0.9155916359807298,0.9313256813794454,0.01573404539871559,0.011300000000000001,0.004939466760114052,-0.004939466760114052,0,2,2,2026-04-01T00:21:23.786Z,Ball,Curveball
823152,1d0b0a2d-6d4a-3efb-8466-5ff5975b1ba3,2026-04-17,140,TEX,Texas Rangers,fielding,pitcher,594798,Jacob deGrom,677594,Julio Rodríguez,594798,Jacob deGrom,SEA,TEX,3,Bot,1,0,---,0,0,Ball,Strike,0.6111736364709096,1.8229328360003318,1.705,3.378,0.2179930301957571,2.6159163623490853,0.9232883839642597,0.6978186219852722,0.7040967859190677,0.006278163933795433,0.011300000000000001,0.00492971457149282,-0.00492971457149282,0,2,2,2026-04-18T02:41:52.990Z,Ball,Sinker
824612,2a300eab-400f-331b-adf0-6ef3c64566cb,2026-04-26,145,CWS,Chicago White Sox,fielding,pitcher,656794,Sean Newcomb,695578,James Wood,656794,Sean Newcomb,WSH,CWS,9,Top,1,4,--3B,0,0,Ball,Strike,-0.6625952235049557,1.718456503832726,1.761,3.489,0.07828983716605942,0.939478045992713,0.5628255467911565,0.3330336353193104,0.35056192874022984,0.01752829342091944,0.011300000000000001,0.004925300007684881,-0.004925300007684881,0,2,2,2026-04-26T19:56:54.186Z,Ball,Sinker
823555,baab12b0-fa73-32de-9b0f-5aaf9ea9dbc3,2026-05-03,110,BAL,Baltimore Orioles,fielding,pitcher,694346,Trey Gibson,663757,Trent Grisham,694346,Trey Gibson,NYY,BAL,1,Bot,0,0,---,0,0,Ball,Strike,0.6622206530375471,2.3530621767165716,1.584,3.138,0.16694601362911965,2.003352163549436,0.8417272497312153,0.4487108639906952,0.45665889066653836,0.007948026675843156,0.011300000000000001,0.004901588556610525,-0.004901588556610525,0,2,2,2026-05-03T17:53:46.824Z,Ball,Four-Seam Fastball
825101,9a360315-cdb9-3ca2-9236-532b91141973,2026-04-17,141,TOR,Toronto Blue Jays,batting,hitter,676914,Davis Schneider,676914,Davis Schneider,647336,Michael Soroka,TOR,AZ,6,Top,0,0,---,0,0,Strike,Ball,-0.4614421617847666,3.2801103932195774,1.537,3.045,0.11427705988624437,1.3713247186349324,0.6960234851547106,0.21217376353348563,0.22413480488251192,0.011961041349026286,0.011300000000000001,0.0048902310680771065,-0.0048902310680771065,0,2,2,2026-04-18T03:00:48.304Z,Called Strike,Four-Seam Fastball
824127,dccd0679-a894-3dec-bcb4-e58980f54a4d,2026-04-21,110,BAL,Baltimore Orioles,batting,hitter,621493,Taylor Ward,621493,Taylor Ward,663460,Kris Bubic,BAL,KC,5,Top,0,1,1B--,2,0,Strike,Ball,-0.3157148485279043,3.3430498702085645,1.61,3.19,0.032216536875231405,0.38659844250277686,0.3811817276692996,0.7855114278369468,0.8166811790973555,0.031169751260408662,0.011300000000000001,0.004888693159127987,-0.004888693159127987,0,2,2,2026-04-22T00:53:01.540Z,Called Strike,Sinker
824695,8c45b224-b4c8-3fb3-92bb-359203d0d31f,2026-04-10,134,PIT,Pittsburgh Pirates,fielding,pitcher,669387,Carmen Mlodzinski,694208,Moisés Ballesteros,669387,Carmen Mlodzinski,CHC,PIT,3,Bot,0,1,1B--,1,1,Ball,Strike,-0.7801984883009337,2.5890209475603214,1.534,3.04,0.04896817836573297,0.5876181403887957,0.4460831671632838,0.39700326664065644,0.4219919608641769,0.024988694223520458,0.011300000000000001,0.004887775651447966,-0.004887775651447966,0,2,2,2026-04-10T18:59:17.772Z,Ball,Four-Seam Fastball
823805,83505073-05ed-32c9-90e9-43cf15b7d6e6,2026-04-11,158,MIL,Milwaukee Brewers,fielding,pitcher,687075,Brandon Sproat,695578,James Wood,687075,Brandon Sproat,WSH,MIL,7,Top,2,1,1B--,0,2,Ball,Strike,0.49773575705384915,1.769245630283067,1.761,3.489,0.12907896361640048,1.5489475633968057,0.7436951057681687,0.207332910834164,0.2177882595230776,0.010455348688913596,0.011300000000000001,0.004879346344224986,-0.004879346344224986,0,2,2,2026-04-12T01:03:57.404Z,Ball,Sinker
824849,c536f2b4-c17f-3942-b317-c15769f68401,2026-04-28,110,BAL,Baltimore Orioles,fielding,pitcher,669358,Shane Baz,701358,Cam Smith,669358,Shane Baz,HOU,BAL,5,Top,0,0,---,0,0,Ball,Strike,-0.5360352917474136,1.6935638126269874,1.69,3.348,0.12439714596032081,1.4927657515238497,0.7291579045369737,0.7485756407409973,0.7594617228136401,0.010886082072642855,0.011300000000000001,0.004877157113973582,-0.004877157113973582,0,2,2,2026-04-28T23:50:01.030Z,Ball,Sinker
823715,d480a777-f3da-3e76-bd4a-8c8019b86347,2026-05-02,141,TOR,Toronto Blue Jays,batting,hitter,662139,Daulton Varsho,662139,Daulton Varsho,687570,Connor Prielipp,TOR,MIN,2,Top,1,0,---,0,0,Strike,Ball,-0.22630701642372505,3.435478178675259,1.532,3.037,0.2776448453419258,3.3317381441031095,0.9690012050838861,0.47449527283603327,0.47988725208311633,0.005391979247083067,0.011300000000000001,0.00487454800565871,-0.00487454800565871,0,2,2,2026-05-02T18:27:16.333Z,Called Strike,Slider
824773,e772eb66-0652-3e38-bcbf-b42c67265936,2026-04-21,111,BOS,Boston Red Sox,batting,hitter,655316,Andruw Monasterio,655316,Andruw Monasterio,687396,Brent Headrick,BOS,NYY,7,Bot,1,3,1B2B-,0,0,Strike,Ball,0.8637371413931798,2.343200158150353,1.589,3.148,0.03457047472651309,0.4148456967181571,0.39010463673217377,0.17845805688004335,0.2086102437731886,0.03015218689314525,0.011300000000000001,0.004870690309704603,-0.004870690309704603,0,2,2,2026-04-22T00:45:57.208Z,Called Strike,Four-Seam Fastball
823972,f81c5bc3-fe98-3af5-946c-63d1f8573275,2026-03-30,119,LAD,Los Angeles Dodgers,batting,hitter,606192,Teoscar Hernández,606192,Teoscar Hernández,800048,Parker Messick,LAD,CLE,4,Bot,1,0,---,0,0,Strike,Ball,0.2667783354316754,3.5090172761454,1.615,3.2,0.18818394281206663,2.2582073137447995,0.8819412524053943,0.39296540615821635,0.39998042894235936,0.00701502278414301,0.011300000000000001,0.0048527741320804185,-0.0048527741320804185,0,2,2,2026-03-31T03:11:04.275Z,Called Strike,Four-Seam Fastball
823155,ab150c3a-1aba-3cce-a98f-93a71d30a42e,2026-04-11,136,SEA,Seattle Mariners,fielding,pitcher,662253,Andrés Muñoz,572233,Christian Walker,662253,Andrés Muñoz,HOU,SEA,9,Top,2,5,1B-3B,0,0,Ball,Strike,0.5079357638375499,1.4933188339387649,1.604,3.179,0.010152167272098112,0.12182600726517734,0.3020478026140475,0.48600365528421857,0.5281670753697286,0.04216342008551005,0.011300000000000001,0.004848508557060042,-0.004848508557060042,0,2,2,2026-04-12T04:38:19.002Z,Ball,Slider
824457,b4b563ae-0c0b-395e-a0e4-643d49059c0a,2026-04-07,114,CLE,Cleveland Guardians,batting,hitter,681807,David Fry,681807,David Fry,702070,Noah Cameron,CLE,KC,2,Bot,0,0,---,0,0,Strike,Ball,0.6456878397359627,3.507983958407261,1.637,3.243,0.14415062507392795,1.7298075008871354,0.786911799112849,0.435955695858142,0.4451598918748615,0.009204196016719512,0.011300000000000001,0.004834993776879264,-0.004834993776879264,0,2,2,2026-04-07T17:27:42.956Z,Called Strike,Four-Seam Fastball
825103,8b02b3ff-ff82-3296-98d3-a9cb37554a76,2026-04-03,144,ATL,Atlanta Braves,batting,hitter,660670,Ronald Acuña Jr.,660670,Ronald Acuña Jr.,593958,Eduardo Rodriguez,ATL,AZ,6,Top,0,0,---,2,0,Strike,Ball,-0.8657188744420764,2.5312035837058775,1.615,3.201,0.036552207775409684,0.4386264933049162,0.39767437778965153,0.5063588549537539,0.5356319728345861,0.0292731178808322,0.011300000000000001,0.00483488940824613,-0.00483488940824613,0,2,2,2026-04-04T02:57:08.535Z,Called Strike,Four-Seam Fastball
823721,88a1fe86-cdef-3897-97ce-23d4e5538c00,2026-04-18,113,CIN,Cincinnati Reds,fielding,pitcher,671096,Andrew Abbott,668952,Ryan Kreidler,671096,Andrew Abbott,MIN,CIN,2,Bot,1,0,---,1,1,Ball,Strike,0.47055591271659203,1.7118453010622203,1.686,3.34,0.14667863439555373,1.7601436127466448,0.7936154995392914,0.3584063020603164,0.36742630507662216,0.009020003016305789,0.011300000000000001,0.004826269344425427,-0.004826269344425427,0,2,2,2026-04-18T18:42:23.430Z,Ball,Four-Seam Fastball
823081,eee4a728-f4cd-32fe-8464-53ceca6021bc,2026-03-26,139,TB,Tampa Bay Rays,fielding,pitcher,656876,Drew Rasmussen,671056,Iván Herrera,656876,Drew Rasmussen,STL,TB,5,Bot,2,4,--3B,1,1,Ball,Strike,-0.6917730700013757,1.5249192368905118,1.602,3.173,0.043752570223845044,0.5250308426861405,0.42556753622042465,0.43641884237099554,0.46300705924651187,0.026588216875516324,0.011300000000000001,0.004823995107498598,-0.004823995107498598,0,2,2,2026-03-26T21:38:02.891Z,Ball,Cutter
824215,06fa76c4-7fd0-3f63-b1bb-f889fbde146f,2026-03-29,108,LAA,Los Angeles Angels,batting,hitter,545361,Mike Trout,545361,Mike Trout,837227,Tatsuya Imai,LAA,HOU,1,Top,0,1,1B--,0,0,Strike,Ball,-0.1680088783969278,3.5326481571793606,1.637,3.244,0.1678148238460273,2.0137778861523277,0.8435703854558114,0.5303663105446969,0.5381782083747486,0.007811897830051762,0.011300000000000001,0.00482223101928885,-0.00482223101928885,0,2,2,2026-03-29T18:12:32.882Z,Called Strike,Four-Seam Fastball
822996,c8d05186-d843-384f-bf75-019ea414aa83,2026-04-11,139,TB,Tampa Bay Rays,fielding,pitcher,607259,Nick Martinez,663757,Trent Grisham,607259,Nick Martinez,NYY,TB,2,Top,2,1,1B--,1,1,Ball,Strike,0.08256309886212364,1.6218269589612517,1.584,3.138,0.158660292294585,1.90392350753502,0.8232559745721905,0.41960249718545534,0.4278824122728576,0.008279915087402279,0.011300000000000001,0.004819282077320098,-0.004819282077320098,0,2,2,2026-04-11T22:33:46.582Z,Ball,Cutter
823890,27d77262-4283-3f86-b660-f4b182f686a3,2026-03-30,145,CWS,Chicago White Sox,fielding,pitcher,663436,Davis Martin,805300,Jakob Marsee,663436,Davis Martin,MIA,CWS,3,Bot,1,1,1B--,2,2,Ball,Strike,-0.8231548290653783,3.0268851201090414,1.621,3.212,0.006011837601288428,0.07214205121546113,0.2882680481506643,0.8174071987057385,0.8619939380614287,0.04458673935569013,0.011300000000000001,0.0048103612715697085,-0.0048103612715697085,0,2,2,2026-03-30T23:31:05.561Z,Ball,Changeup
824689,a57c6711-81dc-3490-bad7-35969a72ea84,2026-04-23,112,CHC,Chicago Cubs,fielding,pitcher,657097,Jacob Webb,664761,Alec Bohm,657097,Jacob Webb,PHI,CHC,8,Top,2,7,1B2B3B,0,0,Ball,Strike,-0.41114987302767797,3.4105640986467782,1.719,3.407,0.11726923468655492,1.407230816238659,0.7060565133582986,0.48172871104256343,0.4932440617546138,0.011515350712050398,0.011300000000000001,0.004808926974797078,-0.004808926974797078,0,2,2,2026-04-23T20:29:10.341Z,Ball,Sweeper
823311,ba314515-9273-38a0-891c-d7fde84948e0,2026-04-27,135,SD,San Diego Padres,fielding,pitcher,695243,Mason Miller,621020,Dansby Swanson,695243,Mason Miller,CHC,SD,9,Top,0,1,1B--,1,1,Ball,Strike,-0.24261004564533517,1.6051772634312147,1.624,3.218,0.10201059676454793,1.2241271611745752,0.6529812377789941,0.956986204587775,0.9763523342580984,0.019366129670323473,0.022600000000000002,0.004803095296921588,-0.004803095296921588,1,1,2,2026-04-28T04:41:19.519Z,Ball,Slider
824692,4e673288-6b3f-3581-8536-72c520045c60,2026-04-20,112,CHC,Chicago Cubs,fielding,pitcher,607067,Colin Rea,607208,Trea Turner,607067,Colin Rea,PHI,CHC,3,Top,0,0,---,1,1,Ball,Strike,-0.5365007754210779,1.6669937054318422,1.637,3.245,0.15082703876517556,1.8099244651821067,0.8042753120846232,0.8579285171610195,0.8666461163170496,0.008717599156030098,0.011300000000000001,0.004799660808400997,-0.004799660808400997,0,2,2,2026-04-21T00:18:26.957Z,Ball,Sinker
824622,be090c17-56cc-39b2-ade9-4016dc524054,2026-04-04,141,TOR,Toronto Blue Jays,fielding,pitcher,681751,Lazaro Estrada,671976,Tristan Peters,681751,Lazaro Estrada,CWS,TOR,2,Bot,2,0,---,2,2,Ball,Strike,0.1081479080267897,1.616099240998366,1.614,3.197,0.12293257433169935,1.4751908919803922,0.7245054003658618,0.37588626933421,0.38679110580881876,0.01090483647460877,0.011300000000000001,0.004787523940094918,-0.004787523940094918,0,2,2,2026-04-04T18:42:49.341Z,Ball,Four-Seam Fastball
824205,3fb22c25-882d-3b83-a8e3-80eeb10620bf,2026-04-19,138,STL,St. Louis Cardinals,batting,hitter,671056,Iván Herrera,671056,Iván Herrera,681347,Mike Burrows,STL,HOU,1,Top,1,0,---,1,0,Strike,Ball,-0.9256974878711832,2.1223707602506554,1.602,3.173,0.0965308212045165,1.158369854454198,0.6328570160230182,0.4773387433609229,0.4914397990574897,0.014101055696566778,0.011300000000000001,0.00477523631196374,-0.00477523631196374,0,2,2,2026-04-19T18:12:32.257Z,Called Strike,Sinker
824942,9db67fed-5e22-3cde-a381-8dde00c989d8,2026-03-31,144,ATL,Atlanta Braves,batting,hitter,660670,Ronald Acuña Jr.,660670,Ronald Acuña Jr.,650644,Aaron Civale,ATL,ATH,3,Bot,1,0,---,0,0,Strike,Ball,0.5686759611534992,3.5321761541405623,1.615,3.201,0.2103428208072291,2.5241138496867492,0.9141572236692085,0.29590321408093184,0.3021813780147273,0.006278163933795433,0.011300000000000001,0.004769205538920645,-0.004769205538920645,0,2,2,2026-03-31T23:58:42.760Z,Called Strike,Cutter
823151,886157ea-7d6a-35b6-bca2-ae5c230044bc,2026-04-18,136,SEA,Seattle Mariners,batting,hitter,660844,Leo Rivas,660844,Leo Rivas,543135,Nathan Eovaldi,SEA,TEX,2,Bot,2,1,1B--,3,0,Strike,Ball,-0.4524527588146894,3.297977329504412,1.517,3.007,0.1701439961710789,2.0417279540529467,0.8484253602348254,0.6444992917965275,0.6521317445673144,0.007632452770786835,0.011300000000000001,0.004762773062183639,-0.004762773062183639,0,2,2,2026-04-18T23:58:44.902Z,Called Strike,Four-Seam Fastball
824054,44e5d08f-450e-3584-8fd5-11252a3890d8,2026-04-04,136,SEA,Seattle Mariners,batting,hitter,702284,Cole Young,702284,Cole Young,664192,Joey Lucchesi,SEA,LAA,7,Top,0,1,1B--,0,0,Strike,Ball,0.9528774602827002,2.946356759261084,1.581,3.133,0.12371079361603343,1.4845295233924012,0.7269837281530657,0.3656870109907897,0.3807241817277903,0.015037170737000616,0.022600000000000002,0.004761610699518173,-0.004761610699518173,1,1,2,2026-04-05T03:13:54.065Z,Called Strike,Sinker
822822,fa6a5420-1a35-3e4b-b2b6-3cab268a42b9,2026-05-08,108,LAA,Los Angeles Angels,batting,hitter,545361,Mike Trout,545361,Mike Trout,656546,Jeff Hoffman,LAA,TOR,8,Top,2,4,--3B,1,2,Strike,Ball,0.856961879722833,2.5599795942386954,1.637,3.244,0.02779521305616628,0.33354255667399535,0.3646410682164153,0.06097037905746823,0.09370933166153916,0.032738952604070934,0.011300000000000001,0.004758410720680509,-0.004758410720680509,0,2,2,2026-05-09T01:27:40.579Z,Called Strike,Slider
824622,e9b7d037-a096-3738-be7f-984a1674756e,2026-04-04,145,CWS,Chicago White Sox,fielding,pitcher,641743,Anthony Kay,665489,Vladimir Guerrero Jr.,641743,Anthony Kay,TOR,CWS,4,Top,0,1,1B--,0,1,Ball,Strike,-0.7518411946016347,3.0404171401344793,1.619,3.209,0.07732547206503204,0.9279056647803845,0.5590253802913617,0.5837269971167229,0.6011521480726029,0.01742515095587993,0.011300000000000001,0.004758088437037551,-0.004758088437037551,0,2,2,2026-04-04T19:03:49.713Z,Ball,Cutter
823569,97c6914e-a87c-38e8-8d23-51a4b1020d3d,2026-04-04,146,MIA,Miami Marlins,fielding,pitcher,676974,Max Meyer,663757,Trent Grisham,676974,Max Meyer,NYY,MIA,1,Bot,0,0,---,1,1,Ball,Strike,0.7146775408161592,1.7820449173590582,1.584,3.138,0.11448912585050752,1.3738695102060903,0.6967408923063938,0.646232787905079,0.6579743218807126,0.0117415339756336,0.011300000000000001,0.0047539789422910445,-0.0047539789422910445,0,2,2,2026-04-04T23:24:55.760Z,Ball,Slider
822826,3f1c125f-b189-3e52-9c42-041cea77e3ec,2026-04-25,114,CLE,Cleveland Guardians,fielding,pitcher,676282,Joey Cantillo,665926,Andrés Giménez,676282,Joey Cantillo,TOR,CLE,5,Bot,0,0,---,0,2,Ball,Strike,-0.5676330389824665,1.5769765127369035,1.597,3.165,0.10080984607023691,1.209718152842843,0.6486151607310512,0.4432239787271468,0.4627721396229648,0.019548160895818012,0.022600000000000002,0.004737936153959205,-0.004737936153959205,1,1,2,2026-04-25T20:20:42.168Z,Ball,Four-Seam Fastball
824769,033bb55d-e622-38e8-b0bf-cd3135910ba1,2026-05-03,111,BOS,Boston Red Sox,batting,hitter,575929,Willson Contreras,575929,Willson Contreras,675989,Cody Bolton,BOS,HOU,1,Bot,0,1,1B--,0,0,Strike,Ball,0.20427262479596864,3.518788954413701,1.63,3.23,0.1679556210803681,2.015467452964417,0.8438674277004374,0.5776498219989336,0.5853477765154255,0.007697954516491912,0.011300000000000001,0.0047317550094019365,-0.0047317550094019365,0,2,2,2026-05-03T17:49:49.537Z,Called Strike,Curveball
824457,4cd83170-1790-33a4-b26d-05c30fc62839,2026-04-07,114,CLE,Cleveland Guardians,fielding,pitcher,668909,Gavin Williams,686555,Isaac Collins,668909,Gavin Williams,KC,CLE,3,Top,0,0,---,1,1,Ball,Strike,-0.708251796510336,1.5644045710260273,1.521,3.013,0.12091487015633073,1.4509784418759688,0.7180152713779216,0.3826465767475862,0.3936537818430059,0.011007205095419748,0.011300000000000001,0.004716913920270767,-0.004716913920270767,0,2,2,2026-04-07T17:36:51.173Z,Ball,Curveball
823724,2d4f4400-48c4-3ddf-a56b-c655cf2baaf4,2026-04-09,116,DET,Detroit Tigers,fielding,pitcher,663947,Tyler Holton,621439,Byron Buxton,663947,Tyler Holton,MIN,DET,7,Bot,2,1,1B--,1,0,Ball,Strike,-0.7106323712459117,1.6607469630445932,1.644,3.258,0.118534295420755,1.42241154504906,0.7102397488800062,0.44598695611039624,0.4618404116757299,0.015853455565333685,0.022600000000000002,0.004711172624291072,-0.004711172624291072,1,1,2,2026-04-09T19:43:54.235Z,Ball,Cutter
824209,a7524b74-df58-35b9-ad60-f79daa606d46,2026-04-15,115,COL,Colorado Rockies,batting,hitter,671289,Tyler Freeman,671289,Tyler Freeman,681293,Spencer Arrighetti,COL,HOU,6,Top,1,0,---,3,0,Strike,Ball,0.351371796989625,3.385839441838959,1.59,3.151,0.11400610850562609,1.368073302067513,0.6951054827516804,0.2111498447640553,0.2228674638259948,0.011717619061939494,0.011300000000000001,0.004699673209843732,-0.004699673209843732,0,2,2,2026-04-16T01:56:41.958Z,Called Strike,Four-Seam Fastball
823149,e83c8785-9120-39e6-9818-5318bf5156a5,2026-04-20,136,SEA,Seattle Mariners,batting,hitter,668227,Randy Arozarena,668227,Randy Arozarena,669372,J.T. Ginn,SEA,ATH,6,Bot,0,0,---,0,0,Strike,Ball,0.9448788537477205,2.4433069626956616,1.579,3.128,0.1157121870810538,1.3885462449726456,0.7008596922537416,0.5685237823204976,0.5800415106731567,0.011517728352659073,0.011300000000000001,0.004692026071174112,-0.004692026071174112,0,2,2,2026-04-21T03:26:29.263Z,Called Strike,Cutter
822985,3f370ddb-7c87-31b3-a002-7c5757bc81b1,2026-05-06,141,TOR,Toronto Blue Jays,batting,hitter,543807,George Springer,543807,George Springer,663556,Shane McClanahan,TOR,TB,6,Top,1,0,---,2,0,Strike,Ball,-0.8578057378369679,2.008056130980212,1.649,3.267,0.028639071170301178,0.34366885404361414,0.3677748009742639,0.19475705221304768,0.22693816667260017,0.03218111445955249,0.011300000000000001,0.004691258216501104,-0.004691258216501104,0,2,2,2026-05-06T18:15:56.552Z,Called Strike,Four-Seam Fastball
824121,61b9decd-756b-3bfe-ba26-62c54ced83d3,2026-04-25,108,LAA,Los Angeles Angels,fielding,pitcher,700712,Walbert Urena,686555,Isaac Collins,700712,Walbert Urena,KC,LAA,3,Bot,1,7,1B2B3B,0,0,Ball,Strike,-0.6699343526465655,2.877773876440412,1.521,3.013,0.15923231402010118,1.9107877682412142,0.824583754599162,0.11355529550194454,0.12164293897178634,0.008087643469841796,0.011300000000000001,0.0046867358451920735,-0.0046867358451920735,0,2,2,2026-04-26T00:02:42.920Z,Ball,Sweeper
822832,c7b97983-2a44-34e8-9f5e-e2d8e2bfd98b,2026-04-06,119,LAD,Los Angeles Dodgers,fielding,pitcher,680736,Justin Wrobleski,676914,Davis Schneider,680736,Justin Wrobleski,TOR,LAD,3,Bot,0,0,---,1,1,Ball,Strike,-0.7173027473788122,2.28023081982393,1.537,3.045,0.11186391928785455,1.3423670314542546,0.6877932614149393,0.7629712428051174,0.7749020109249811,0.01193076811986371,0.011300000000000001,0.004677965770335259,-0.004677965770335259,0,2,2,2026-04-07T00:01:42.516Z,Ball,Slider
822756,bfe41004-7c33-3dcd-ab82-385cbc2a186b,2026-04-05,120,WSH,Washington Nationals,fielding,pitcher,656492,Foster Griffin,606192,Teoscar Hernández,656492,Foster Griffin,LAD,WSH,5,Top,2,2,-2B-,3,1,Ball,Strike,-0.7159907777560909,1.732239741963895,1.615,3.2,0.11317588891057584,1.35811066692691,0.6922829830506494,0.9414509133089688,0.9532262301682005,0.011775316859231721,0.011300000000000001,0.004674649190147878,-0.004674649190147878,0,2,2,2026-04-05T21:10:25.071Z,Ball,Four-Seam Fastball
824535,5fd1525e-b19e-375f-a346-e0c5ff978f00,2026-04-11,113,CIN,Cincinnati Reds,fielding,pitcher,572955,Pierce Johnson,545361,Mike Trout,572955,Pierce Johnson,LAA,CIN,6,Top,1,2,-2B-,1,0,Ball,Strike,0.7742486681235847,1.931234223985935,1.637,3.244,0.05491799854308199,0.6590159825169839,0.4697091332956681,0.7462167936901409,0.7689260244068428,0.022709230716701834,0.011300000000000001,0.00467444628399443,-0.00467444628399443,0,2,2,2026-04-11T22:10:13.694Z,Ball,Curveball
823562,900166f8-dbf3-3c63-87b5-094eae94c048,2026-04-14,108,LAA,Los Angeles Angels,fielding,pitcher,672282,Reid Detmers,545341,Randal Grichuk,672282,Reid Detmers,NYY,LAA,5,Bot,0,0,---,0,0,Ball,Strike,0.6635224534327795,1.6631387912285538,1.619,3.209,0.16497212456188715,1.9796654947426457,0.837474240034876,0.8777557378472717,0.8855185308089926,0.007762792961720888,0.011300000000000001,0.004664598048559385,-0.004664598048559385,0,2,2,2026-04-15T00:27:40.020Z,Ball,Four-Seam Fastball
824457,b02a8fb8-608b-3bfa-826b-004a7a26d057,2026-04-07,118,KC,Kansas City Royals,batting,hitter,663697,Jonathan India,663697,Jonathan India,682120,Tim Herrin,KC,CLE,6,Top,2,1,1B--,2,0,Strike,Ball,0.8435490099069288,2.6653294814934507,1.584,3.138,0.014382343240262108,0.1725881188831453,0.31650452265700757,0.46063122561611364,0.4997445477819147,0.039113322165801045,0.011300000000000001,0.004656044467640798,-0.004656044467640798,0,2,2,2026-04-07T18:46:52.707Z,Called Strike,Slider
823568,e2fc372a-1b92-3820-af9e-04b796623a39,2026-04-03,147,NYY,New York Yankees,batting,hitter,676609,José Caballero,676609,José Caballero,691587,Eury Pérez,NYY,MIA,2,Bot,1,2,-2B-,1,0,Strike,Ball,0.02866223892996932,3.303822996109852,1.556,3.083,0.09998966277651888,1.1998759533182266,0.6456184654131013,0.6679112317717835,0.6813084256519819,0.013397193880198444,0.011300000000000001,0.004644964412943556,-0.004644964412943556,0,2,2,2026-04-03T18:13:13.483Z,Called Strike,Sweeper
822919,cf5ca84f-1d15-3f23-bc5b-61f71a0ecace,2026-04-03,140,TEX,Texas Rangers,fielding,pitcher,596001,Jakob Junis,701398,Sal Stewart,596001,Jakob Junis,CIN,TEX,8,Top,1,0,---,0,2,Ball,Strike,-0.782769912238725,1.61795283905716,1.635,3.239,0.04639675442794167,0.5567610531353,0.4359410033716278,0.5573346706481618,0.5825702064820789,0.025235535833917133,0.011300000000000001,0.004627338150157896,-0.004627338150157896,0,2,2,2026-04-03T22:07:53.218Z,Ball,Slider
823141,2249e630-2679-3f96-af6f-be3e86577111,2026-05-06,136,SEA,Seattle Mariners,fielding,pitcher,678606,Jose A. Ferrer,643289,Mauricio Dubón,678606,Jose A. Ferrer,ATL,SEA,9,Top,2,0,---,0,0,Ball,Strike,0.6126305321023037,1.722497744755111,1.6,3.171,0.21653613456436305,2.5984336147723566,0.9216210080342622,0.9841330357537349,0.9901078778330108,0.005974842079275899,0.011300000000000001,0.0046208573707349435,-0.0046208573707349435,0,2,2,2026-05-06T22:36:08.882Z,Ball,Changeup
823873,964cdbd0-c262-37d3-bbcb-c1d583e55053,2026-05-05,146,MIA,Miami Marlins,fielding,pitcher,645261,Sandy Alcantara,621493,Taylor Ward,645261,Sandy Alcantara,BAL,MIA,4,Top,2,1,1B--,1,1,Ball,Strike,-0.2212432094906154,1.631025938609334,1.61,3.19,0.14185927194266723,1.7023112633120068,0.7806996667239015,0.4020202046549607,0.41111265994053,0.00909245528556929,0.011300000000000001,0.004620383045126007,-0.004620383045126007,0,2,2,2026-05-05T23:55:27.050Z,Ball,Cutter
823398,26cac160-0d84-3431-9ceb-d1243e2c86e5,2026-04-14,120,WSH,Washington Nationals,fielding,pitcher,676571,PJ Poulin,664040,Brandon Lowe,676571,PJ Poulin,PIT,WSH,1,Bot,1,0,---,1,0,Ball,Strike,-0.4543923469878753,1.5327825360824816,1.559,3.088,0.09461586941581501,1.1353904329897802,0.625709485631202,0.7438899163298346,0.7580302318566599,0.014140315526825264,0.011300000000000001,0.004618246742585317,-0.004618246742585317,0,2,2,2026-04-14T23:16:53.135Z,Ball,Sinker
824930,55f25063-7c80-342a-a219-c2ec06f1bf03,2026-04-29,116,DET,Detroit Tigers,batting,hitter,693307,Dillon Dingler,693307,Dillon Dingler,702275,JR Ritchie,DET,ATL,1,Top,2,3,1B2B-,1,1,Strike,Ball,-0.4319993114622248,3.5667248458632628,1.651,3.272,0.17389151252992985,2.086698150359158,0.8559762236895286,0.4874265549144227,0.494702780186213,0.007276225271790282,0.011300000000000001,0.004600807158553034,-0.004600807158553034,0,2,2,2026-04-29T23:24:21.136Z,Called Strike,Sinker
822986,c32b7b45-4842-3e44-ba67-b84466d320f1,2026-05-05,141,TOR,Toronto Blue Jays,batting,hitter,665926,Andrés Giménez,665926,Andrés Giménez,656876,Drew Rasmussen,TOR,TB,5,Top,0,0,---,1,0,Strike,Ball,-0.6129834503122691,3.3654629702313636,1.597,3.165,0.07962963689803049,0.9555556427763658,0.568092838047035,0.4978855008889535,0.5145652109072923,0.016679710018338845,0.011300000000000001,0.004595072872051172,-0.004595072872051172,0,2,2,2026-05-05T23:51:12.698Z,Called Strike,Four-Seam Fastball
824365,02149ffc-f3bc-3842-a49c-9019bbc8120e,2026-05-02,144,ATL,Atlanta Braves,fielding,pitcher,519242,Chris Sale,678662,Ezequiel Tovar,519242,Chris Sale,COL,ATL,5,Bot,0,1,1B--,3,0,Ball,Strike,0.6442877064396468,3.2239764310282166,1.625,3.219,0.11585690230511636,1.3902828276613963,0.7013449115855062,0.9415435755427253,0.9528924775530745,0.011348902010349216,0.011300000000000001,0.0045846921779571625,-0.0045846921779571625,0,2,2,2026-05-03T01:43:19.813Z,Ball,Four-Seam Fastball
824617,32a7a492-75be-392b-9e28-446f3ab1d0fd,2026-04-08,145,CWS,Chicago White Sox,fielding,pitcher,680732,Sean Burke,683002,Gunnar Henderson,680732,Sean Burke,BAL,CWS,3,Top,0,0,---,0,1,Ball,Strike,0.6540778188878829,1.7712520928557651,1.68,3.329,0.17508884777878386,2.1010661733454064,0.858321893115917,0.7161475685670944,0.7233520463616718,0.007204477794577446,0.011300000000000001,0.0045827984117631625,-0.0045827984117631625,0,2,2,2026-04-08T18:55:41.238Z,Ball,Four-Seam Fastball
823880,38a8ba22-8ca6-3229-b610-4308deb32c81,2026-04-21,146,MIA,Miami Marlins,batting,hitter,682663,Agustín Ramírez,682663,Agustín Ramírez,677865,Justin Bruihl,MIA,STL,6,Bot,2,5,1B-3B,0,0,Strike,Ball,0.9665756884750564,2.711476794453879,1.644,3.257,0.13740902180838965,1.6489082617006758,0.7682657300542465,0.08539072659769381,0.09475385717390836,0.009363130576214546,0.011300000000000001,0.00457477509734169,-0.00457477509734169,0,2,2,2026-04-22T00:42:12.124Z,Called Strike,Sinker
823724,63a7ea2c-0969-3a6a-9ea0-d18014119b44,2026-04-09,142,MIN,Minnesota Twins,batting,hitter,605170,Victor Caratini,605170,Victor Caratini,656427,Jack Flaherty,MIN,DET,4,Bot,1,0,---,0,1,Strike,Ball,-0.13491517637600794,1.3049679390347215,1.615,3.201,0.18919872763194512,2.2703847315833414,0.8836213610619318,0.6583684863525217,0.6650340284852891,0.006665542132767488,0.011300000000000001,0.004574736791571488,-0.004574736791571488,0,2,2,2026-04-09T18:41:40.651Z,Called Strike,Knuckle Curve
825017,a2c7a06f-dc2e-3eab-b53c-5b93244a9801,2026-04-28,118,KC,Kansas City Royals,fielding,pitcher,663738,Daniel Lynch IV,701762,Nick Kurtz,663738,Daniel Lynch IV,ATH,KC,7,Bot,2,2,-2B-,0,0,Ball,Strike,-0.15707470656457637,1.7627809956520635,1.722,3.413,0.16161432898539685,1.9393719478247622,0.8300285003037366,0.4354559949255797,0.44556536693697074,0.01010937201139106,0.022600000000000002,0.004549710996491939,-0.004549710996491939,1,1,2,2026-04-29T03:55:16.824Z,Ball,Slider
824296,a77862e0-27b8-37cc-81ca-cc87dd0bee7d,2026-04-05,116,DET,Detroit Tigers,fielding,pitcher,657756,Connor Seabold,669357,Nolan Gorman,657756,Connor Seabold,STL,DET,8,Top,1,7,1B2B3B,0,0,Ball,Strike,0.71035388436264,2.6645363858260684,1.624,3.217,0.1188127823040267,1.4257533876483204,0.7111558873986047,0.16466308953575623,0.18021806079042202,0.01555497125466579,0.022600000000000002,0.004534132441280103,-0.004534132441280103,1,1,2,2026-04-06T01:44:34.866Z,Ball,Four-Seam Fastball
823645,32cfa9cd-4e7b-3930-8a21-e3886b8a4829,2026-04-09,121,NYM,New York Mets,fielding,pitcher,690997,Nolan McLean,699912,Jose Fernandez,690997,Nolan McLean,AZ,NYM,2,Top,1,0,---,2,1,Ball,Strike,0.7480797961781903,2.5397806768092925,1.691,3.352,0.0810868704884764,0.9730424458617168,0.5738043393362705,0.6112414246686446,0.6275333373742014,0.016291912705556744,0.011300000000000001,0.0045323592410360354,-0.0045323592410360354,0,2,2,2026-04-09T23:27:08.336Z,Ball,Four-Seam Fastball
825105,54492fcc-696b-3681-b4a8-a11bc6ab42ab,2026-04-02,144,ATL,Atlanta Braves,fielding,pitcher,625643,Reynaldo López,682998,Corbin Carroll,625643,Reynaldo López,AZ,ATL,1,Bot,1,0,---,1,1,Ball,Strike,0.705928788902565,1.6168253135822457,1.566,3.103,0.12323787776410167,1.47885453316922,0.7254793343146644,0.5720309599496234,0.5825162389409738,0.010485278991350433,0.011300000000000001,0.004504769700504155,-0.004504769700504155,0,2,2,2026-04-03T01:52:36.268Z,Ball,Four-Seam Fastball
823553,6d31d116-9349-3f82-8abd-1725496dff3e,2026-05-05,140,TEX,Texas Rangers,fielding,pitcher,594798,Jacob deGrom,641355,Cody Bellinger,594798,Jacob deGrom,NYY,TEX,3,Bot,1,0,---,0,0,Ball,Strike,-0.6051230035344201,1.832116458492539,1.688,3.345,0.22404366313224666,2.68852395758696,0.929870292228731,0.46665803348274965,0.47234699154806653,0.005688958065316885,0.011300000000000001,0.004497527400857867,-0.004497527400857867,0,2,2,2026-05-06T00:04:27.420Z,Ball,Changeup
823076,b573c58c-9240-3ac0-bbd4-e2580a0b4560,2026-04-10,138,STL,St. Louis Cardinals,fielding,pitcher,669160,Dustin May,575929,Willson Contreras,669160,Dustin May,BOS,STL,4,Top,0,1,1B--,0,0,Ball,Strike,0.07288015879569643,1.6331269353976738,1.63,3.23,0.1239602687310073,1.4875232247720875,0.7277752566498927,0.5740136791587664,0.5843900409362167,0.010376361777450271,0.011300000000000001,0.004475519755819796,-0.004475519755819796,0,2,2,2026-04-11T01:13:30.569Z,Ball,Sinker
824127,94a58be1-94bd-3432-b01e-e7f70aeb3ae7,2026-04-21,110,BAL,Baltimore Orioles,batting,hitter,677942,Blaze Alexander,677942,Blaze Alexander,663460,Kris Bubic,BAL,KC,5,Top,0,0,---,2,1,Strike,Ball,0.14838856896011962,3.4055535151122744,1.604,3.179,0.10572018177894149,1.268642181347298,0.6663056196514167,0.7508602189613572,0.7632166773465455,0.012356458385188285,0.011300000000000001,0.004462431163100831,-0.004462431163100831,0,2,2,2026-04-22T00:50:49.057Z,Called Strike,Changeup
823472,e83606a2-b74e-3c13-b8e4-e8176c1e623b,2026-04-30,137,SF,San Francisco Giants,batting,hitter,687551,Drew Gilbert,687551,Drew Gilbert,621383,Tanner Banks,SF,PHI,9,Top,1,0,---,1,1,Strike,Ball,-0.3067357630293493,3.374914205616203,1.544,3.059,0.19508087228286985,2.3409704673944383,0.8929556763342925,0.8172857708851364,0.8249921588754477,0.007706387990311314,0.022600000000000002,0.004462261185137919,-0.004462261185137919,1,1,2,2026-04-30T18:43:23.161Z,Called Strike,Slider
823641,fc173668-2416-37eb-9d19-b2e5a382655f,2026-04-22,142,MIN,Minnesota Twins,batting,hitter,807712,Luke Keaschall,807712,Luke Keaschall,596133,Luke Weaver,MIN,NYM,8,Top,2,7,1B2B3B,0,0,Strike,Ball,0.9417990553314128,3.047457161343792,1.622,3.214,0.11263238866474612,1.3515886639769534,0.6904274062033978,0.506755938245386,0.5182712889574363,0.011515350712050343,0.011300000000000001,0.004452343413741764,-0.004452343413741764,0,2,2,2026-04-23T01:24:42.825Z,Called Strike,Four-Seam Fastball
825098,6c4cffe3-6960-3bc2-bd4b-4338a2dbbac7,2026-04-18,109,AZ,Arizona Diamondbacks,batting,hitter,672695,Geraldo Perdomo,672695,Geraldo Perdomo,453286,Max Scherzer,AZ,TOR,4,Bot,0,0,---,2,0,Strike,Ball,-0.8781890721779904,2.7326962369632004,1.674,3.317,0.04902240551132364,0.5882688661358837,0.4462975635271113,0.5648361159772839,0.5888310735858153,0.02399495760853143,0.011300000000000001,0.004452053585480256,-0.004452053585480256,0,2,2,2026-04-19T01:08:00.224Z,Called Strike,Changeup
824526,408a4bb6-c7ec-354d-8713-36924134197c,2026-04-28,113,CIN,Cincinnati Reds,batting,hitter,667472,Dane Myers,667472,Dane Myers,607536,Kyle Freeland,CIN,COL,3,Bot,0,0,---,0,0,Strike,Ball,0.5570601909906765,3.5663986751005576,1.622,3.214,0.23156534176722454,2.7787841012066945,0.9373237098226893,0.7632471952537259,0.7687415718521193,0.005494376598393469,0.011300000000000001,0.004441767377365524,-0.004441767377365524,0,2,2,2026-04-28T23:28:49.796Z,Called Strike,Four-Seam Fastball
823711,65ad352d-cd50-315d-b320-118443002434,2026-05-03,141,TOR,Toronto Blue Jays,batting,hitter,665489,Vladimir Guerrero Jr.,665489,Vladimir Guerrero Jr.,573124,Taylor Rogers,TOR,MIN,6,Top,0,0,---,0,0,Strike,Ball,-0.11255008061673963,3.5128501500433336,1.619,3.209,0.18301681671000036,2.1962018005200044,0.8730577080113083,0.07581796021510559,0.0825350126131849,0.006717052398079307,0.011300000000000001,0.004429926471786767,-0.004429926471786767,0,2,2,2026-05-03T18:34:36.478Z,Called Strike,Sweeper
823466,aba4de0e-55c1-36b8-819a-f413f2226cd5,2026-05-08,115,COL,Colorado Rockies,fielding,pitcher,801403,Chase Dollander,702222,Justin Crawford,801403,Chase Dollander,PHI,COL,3,Bot,1,0,---,2,0,Ball,Strike,-0.7852700653799709,2.1165717089802745,1.655,3.279,0.04389660128669581,0.5267592154403498,0.4261309895161656,0.5606980736891782,0.5862872185389276,0.02558914484974939,0.011300000000000001,0.004419607797228871,-0.004419607797228871,0,2,2,2026-05-08T23:27:27.221Z,Ball,Sinker
823640,0f6b7113-7c62-3b61-b543-5c975e44098d,2026-04-21,142,MIN,Minnesota Twins,fielding,pitcher,680573,Simeon Woods Richardson,669004,MJ Melendez,680573,Simeon Woods Richardson,NYM,MIN,4,Bot,0,0,---,2,2,Ball,Strike,0.006714061274644643,1.6260152566497155,1.629,3.229,0.11784858998304881,1.4141830797965858,0.7079766689440112,0.13701288805209005,0.14789147338780367,0.01087858533571362,0.011300000000000001,0.004401920967869023,-0.004401920967869023,0,2,2,2026-04-22T00:06:02.339Z,Ball,Splitter
823804,973473be-291d-3db2-b473-fb87c1ee0e05,2026-04-12,158,MIL,Milwaukee Brewers,fielding,pitcher,676879,Aaron Ashby,660688,Keibert Ruiz,676879,Aaron Ashby,WSH,MIL,8,Top,1,6,-2B3B,0,0,Ball,Strike,-0.6654385650580686,3.2342838962959273,1.602,3.175,0.061549437037405674,0.7385932444488681,0.49619782144073804,0.3532163307322875,0.38498221549888756,0.03176588476660008,0.022600000000000002,0.004376233581885169,-0.004376233581885169,1,1,2,2026-04-12T20:35:43.613Z,Ball,Curveball
824859,a9c947de-e438-3cea-a30a-ea1ab09a28d7,2026-04-12,110,BAL,Baltimore Orioles,fielding,pitcher,700249,Cade Povich,669477,Casey Schmitt,700249,Cade Povich,SF,BAL,2,Top,0,0,---,0,0,Ball,Strike,0.29931271252564867,1.6350555511924327,1.613,3.196,0.1428888845257661,1.714666614309193,0.783507062886842,0.6959446912785271,0.7046465447122091,0.008701853433682016,0.011300000000000001,0.0043715934361172925,-0.0043715934361172925,0,2,2,2026-04-12T17:56:01.976Z,Ball,Four-Seam Fastball
823808,0b2b8b69-b8e7-3632-ae48-31a0102308e7,2026-04-10,120,WSH,Washington Nationals,batting,hitter,678554,Curtis Mead,678554,Curtis Mead,682842,Abner Uribe,WSH,MIL,8,Top,0,1,1B--,0,0,Strike,Ball,0.9195565714394223,2.249065978492291,1.639,3.247,0.09038990477275555,1.0846788572730666,0.6097445267046181,0.5563392757721453,0.5707213471146009,0.014382071342455616,0.011300000000000001,0.0043595024354998345,-0.0043595024354998345,0,2,2,2026-04-11T01:59:46.096Z,Called Strike,Slider
825012,e991200b-188c-3cad-ae7c-606d4862b3aa,2026-05-01,114,CLE,Cleveland Guardians,fielding,pitcher,682120,Tim Herrin,701762,Nick Kurtz,682120,Tim Herrin,ATH,CLE,5,Bot,0,0,---,2,0,Ball,Strike,-0.7961087659140929,1.6297342996641837,1.722,3.413,0.02856763299751708,0.34281159597020494,0.3675090723053394,0.5491087185763511,0.5804134335244018,0.03130471494805065,0.011300000000000001,0.00435761926639152,-0.00435761926639152,0,2,2,2026-05-02T03:14:59.543Z,Ball,Curveball
823965,60ab93ae-7d27-304b-8217-8d71d6450725,2026-04-14,119,LAD,Los Angeles Dodgers,fielding,pitcher,808967,Yoshinobu Yamamoto,543760,Marcus Semien,808967,Yoshinobu Yamamoto,NYM,LAD,3,Top,0,0,---,0,1,Ball,Strike,-0.6144257411344483,3.1689697543305377,1.621,3.212,0.16386357900279558,1.966362948033547,0.8350456002720859,0.5018654533688585,0.5093103416968915,0.007444888328033028,0.011300000000000001,0.004352836525915555,-0.004352836525915555,0,2,2,2026-04-15T02:40:29.317Z,Ball,Four-Seam Fastball
823874,e9562d5f-1f70-3207-9c54-cdedd6db6c37,2026-05-04,146,MIA,Miami Marlins,batting,hitter,691788,Joe Mack,691788,Joe Mack,605400,Aaron Nola,MIA,PHI,5,Bot,1,0,---,1,0,Strike,Ball,0.09028198149039343,1.4482383409915331,1.625,3.221,0.055928325675133506,0.6711399081016021,0.47373749443077867,0.3779655146177774,0.3996939350245769,0.02172842040679951,0.011300000000000001,0.004346801128523599,-0.004346801128523599,0,2,2,2026-05-05T00:06:35.793Z,Called Strike,Changeup
824856,f8e187d1-3317-3980-aeb1-865958a0cf6a,2026-04-13,109,AZ,Arizona Diamondbacks,batting,hitter,699912,Jose Fernandez,699912,Jose Fernandez,670329,Rico Garcia,AZ,BAL,8,Top,0,0,---,0,0,Strike,Ball,-0.2411656284552325,3.537273411651,1.691,3.352,0.06444007831766685,0.7732809398120022,0.5077596902038082,0.24203517120881538,0.2615202208630617,0.019485049654246328,0.011300000000000001,0.0043314072753489665,-0.0043314072753489665,0,2,2,2026-04-14T01:07:11.317Z,Called Strike,Slider
825015,e1e7bf0d-6c9e-34ac-94c9-8949095d2bdf,2026-04-29,118,KC,Kansas City Royals,fielding,pitcher,608379,Michael Wacha,666126,Carlos Cortes,608379,Michael Wacha,ATH,KC,1,Bot,2,0,---,3,1,Ball,Strike,-0.5978142244533103,1.5050650554735765,1.509,2.99,0.11689838880690995,1.4027806656829194,0.7048235596187904,0.5815034376239439,0.5923771234964824,0.010873685872538563,0.011300000000000001,0.004328536206551515,-0.004328536206551515,0,2,2,2026-04-30T01:57:01.382Z,Ball,Four-Seam Fastball
824116,c99cdf85-00d7-3d51-b7c3-32f2168ada64,2026-05-08,118,KC,Kansas City Royals,batting,hitter,677951,Bobby Witt Jr.,677951,Bobby Witt Jr.,640448,Kyle Finnegan,KC,DET,8,Bot,0,3,1B2B-,0,0,Strike,Ball,0.8591336180792148,2.820909864556419,1.634,3.238,0.029966951412548126,0.3596034169505775,0.37272859616101445,0.7442616588510003,0.7748744660697917,0.03061280721879145,0.011300000000000001,0.004322101795827369,-0.004322101795827369,0,2,2,2026-05-09T01:49:04.133Z,Called Strike,Four-Seam Fastball
823647,f4d388e9-50b0-3b2b-bff6-cb409624e789,2026-03-29,134,PIT,Pittsburgh Pirates,batting,hitter,668804,Bryan Reynolds,668804,Bryan Reynolds,690997,Nolan McLean,PIT,NYM,5,Top,1,2,-2B-,3,0,Strike,Ball,-0.9224910971751233,1.4136630891148274,1.657,3.284,0.12250357755183927,1.4700429306220713,0.7231332655457061,0.6704347821317963,0.685063597391052,0.014628815259255745,0.022600000000000002,0.004321394750823421,-0.004321394750823421,1,1,2,2026-03-29T18:58:50.620Z,Called Strike,Sinker
822758,770927bd-bb88-3525-b9e4-222e93735539,2026-04-03,119,LAD,Los Angeles Dodgers,fielding,pitcher,686218,Emmet Sheehan,695578,James Wood,686218,Emmet Sheehan,WSH,LAD,4,Bot,2,1,1B--,0,1,Ball,Strike,-0.7080057570205949,2.332160325518859,1.761,3.489,0.12116090964607185,1.4539309157528622,0.7188116341297695,0.8164493268859526,0.8268810703913192,0.010431743505366575,0.011300000000000001,0.0043210300615815515,-0.0043210300615815515,0,2,2,2026-04-03T18:15:11.563Z,Ball,Changeup
824863,9860770d-1edb-3516-8e0a-f31a0cb20f85,2026-03-30,140,TEX,Texas Rangers,batting,hitter,694671,Wyatt Langford,694671,Wyatt Langford,605135,Chris Bassitt,TEX,BAL,1,Top,0,1,1B--,0,0,Strike,Ball,0.9852240079745901,2.643716296372106,1.613,3.196,0.15605734130792337,1.8726880956950804,0.8171142762857737,0.5303663105446969,0.5381782083747486,0.007811897830051762,0.011300000000000001,0.004316604563850393,-0.004316604563850393,0,2,2,2026-03-30T22:38:00.492Z,Called Strike,Sinker
824773,bd062364-ab17-39e7-9406-af14f314a157,2026-04-21,111,BOS,Boston Red Sox,batting,hitter,807799,Masataka Yoshida,807799,Masataka Yoshida,661563,Luis Gil,BOS,NYY,3,Bot,2,1,1B--,1,0,Strike,Ball,-0.9486950386975804,2.458085143968762,1.525,3.022,0.11952837203091371,1.4343404643709645,0.7135020547481362,0.40171734633702655,0.41230349145423834,0.010586145117211787,0.011300000000000001,0.004315809511646498,-0.004315809511646498,0,2,2,2026-04-21T23:31:08.573Z,Called Strike,Changeup
825088,09e24245-b553-32e9-a3bc-9129bc16e54b,2026-05-08,121,NYM,New York Mets,fielding,pitcher,690997,Nolan McLean,699912,Jose Fernandez,690997,Nolan McLean,AZ,NYM,5,Bot,1,1,1B--,0,1,Ball,Strike,0.2374512805502131,3.310887213678394,1.691,3.352,0.1619461196549392,1.9433534358592706,0.8307761394341168,0.4347553917929449,0.44224709247397376,0.0074917006810288345,0.011300000000000001,0.0043116965451865975,-0.0043116965451865975,0,2,2,2026-05-09T02:51:52.894Z,Ball,Sinker
824281,9f9d7738-1e47-36da-bcbd-d14b154dc791,2026-05-05,116,DET,Detroit Tigers,batting,hitter,701678,Hao-Yu  Lee,701678,Hao-Yu  Lee,678394,Brayan Bello,DET,BOS,2,Bot,0,0,---,1,0,Strike,Ball,-0.759803703956686,3.296870173860023,1.558,3.087,0.0890368405266897,1.0684420863202764,0.6045809413097152,0.4391304964181946,0.4536511230688141,0.014520626650619484,0.011300000000000001,0.004310658765638246,-0.004310658765638246,0,2,2,2026-05-05T23:16:57.651Z,Called Strike,Sinker
822992,16a5836e-83fc-3c0b-91a1-446442f4aa25,2026-04-24,142,MIN,Minnesota Twins,batting,hitter,605170,Victor Caratini,605170,Victor Caratini,656876,Drew Rasmussen,MIN,TB,6,Top,1,0,---,0,1,Strike,Ball,-0.043113271869683695,1.3598604953212359,1.615,3.201,0.13430617134543077,1.6116740561451692,0.7593097101091902,0.1772860995536503,0.18652792907743587,0.009241829523785577,0.011300000000000001,0.004297610620818033,-0.004297610620818033,0,2,2,2026-04-25T00:29:34.105Z,Called Strike,Changeup
824445,0bc2380d-dee5-393f-9596-018713d8b6e1,2026-04-29,114,CLE,Cleveland Guardians,batting,hitter,680757,Steven Kwan,680757,Steven Kwan,656876,Drew Rasmussen,CLE,TB,1,Bot,0,0,---,0,0,Strike,Ball,-0.9824325097457894,1.9829870134115948,1.525,3.023,0.15326584307912272,1.8391901169494727,0.810345005916452,0.543341109333461,0.5512891360093042,0.007948026675843156,0.011300000000000001,0.004297542290516147,-0.004297542290516147,0,2,2,2026-04-29T18:36:27.923Z,Called Strike,Four-Seam Fastball
824529,404b24c5-5862-3fa7-8ab1-12134a32c2a0,2026-04-24,116,DET,Detroit Tigers,fielding,pitcher,664285,Framber Valdez,680574,Matt McLain,664285,Framber Valdez,CIN,DET,5,Bot,1,1,1B--,2,0,Ball,Strike,-0.7447933103825967,2.6156943869839875,1.538,3.047,0.08437335628407006,1.0124802754088407,0.5866112013535038,0.9075300677645519,0.9228096784028842,0.015279610638332275,0.011300000000000001,0.004291897328060464,-0.004291897328060464,0,2,2,2026-04-25T00:28:09.312Z,Ball,Sinker
823806,4add97de-4a47-35e9-ac38-b5561811cc4d,2026-04-01,158,MIL,Milwaukee Brewers,fielding,pitcher,694819,Jacob Misiorowski,650490,Yandy Díaz,694819,Jacob Misiorowski,TB,MIL,4,Top,2,3,1B2B-,0,1,Ball,Strike,0.6602850194356813,1.5927819897416386,1.629,3.228,0.084615323074972,1.015383876899664,0.587549710828001,0.5064002190813731,0.5216361449201193,0.015235925838746223,0.011300000000000001,0.004291175553108623,-0.004291175553108623,0,2,2,2026-04-01T19:02:03.536Z,Ball,Four-Seam Fastball
823882,afb6869b-ad5c-31ed-b4d8-ee91e0024116,2026-04-18,146,MIA,Miami Marlins,fielding,pitcher,645261,Sandy Alcantara,668930,Brice Turang,645261,Sandy Alcantara,MIL,MIA,1,Top,1,1,1B--,1,0,Ball,Strike,0.6419377746935307,1.5592463430006724,1.62,3.21,0.06007967633400568,0.7209561160080682,0.4903199150255733,0.47933946797455657,0.49982673858400134,0.020487270609444774,0.011300000000000001,0.004285931824117864,-0.004285931824117864,0,2,2,2026-04-18T20:12:29.816Z,Ball,Cutter
822822,239fe318-2060-3833-877a-f72b168c6bc7,2026-05-08,108,LAA,Los Angeles Angels,fielding,pitcher,672282,Reid Detmers,665926,Andrés Giménez,672282,Reid Detmers,TOR,LAA,2,Bot,1,1,1B--,0,1,Ball,Strike,-0.40999021425868115,3.103382801107994,1.597,3.165,0.18245053222533913,2.1894063867040696,0.8720501468930296,0.44913662568458224,0.4557077791459542,0.006571153461371937,0.011300000000000001,0.004284542001137272,-0.004284542001137272,0,2,2,2026-05-08T23:37:52.235Z,Ball,Slider
824053,759d756e-31e7-35e4-91c5-d2e927c66987,2026-04-05,136,SEA,Seattle Mariners,batting,hitter,641598,Mitch Garver,641598,Mitch Garver,691946,George Klassen,SEA,LAA,2,Top,1,3,1B2B-,2,0,Strike,Ball,-0.8357372023410792,2.4361885922757054,1.64,3.249,0.006570535674412459,0.0788464280929495,0.2901055593755048,0.451256700132791,0.4936496725554146,0.042392972422623576,0.011300000000000001,0.004276629799198765,-0.004276629799198765,0,2,2,2026-04-05T20:34:41.239Z,Called Strike,Changeup
823717,47a2a9dc-5ca6-348a-a6ca-2f9683eadcbb,2026-04-29,142,MIN,Minnesota Twins,fielding,pitcher,671737,Taj Bradley,647304,Josh Naylor,671737,Taj Bradley,SEA,MIN,4,Top,0,1,1B--,1,1,Ball,Strike,0.7755940240137368,1.7228697153444177,1.57,3.11,0.053572642652929936,0.6428717118351592,0.4643511608022396,0.33224607577997217,0.3544876805877871,0.022241604807814952,0.011300000000000001,0.0042750831276788534,-0.0042750831276788534,0,2,2,2026-04-29T18:26:35.977Z,Ball,Four-Seam Fastball
825014,8e60c42e-2585-398e-b44e-14bf186b10cc,2026-05-02,133,ATH,Athletics,fielding,pitcher,682052,Jacob Lopez,595978,Austin Hedges,682052,Jacob Lopez,CLE,ATH,3,Top,0,0,---,0,1,Ball,Strike,0.6623563160244719,1.7232415936647665,1.618,3.207,0.16681035064219485,2.001724207706338,0.8414378614216331,0.7161475685670944,0.7233520463616718,0.007204477794577446,0.011300000000000001,0.004270368222193344,-0.004270368222193344,0,2,2,2026-05-02T20:33:16.375Z,Ball,Slider
824443,2b46cdce-3572-3e1d-b4ea-397296dc97b6,2026-05-08,114,CLE,Cleveland Guardians,batting,hitter,681807,David Fry,681807,David Fry,687570,Connor Prielipp,CLE,MIN,1,Bot,1,3,1B2B-,0,0,Strike,Ball,-0.9408945365110877,2.897602460349917,1.637,3.243,0.11172786984442096,1.3407344381330515,0.687325640055916,0.7586970421215703,0.7700327573815735,0.01133571526000321,0.011300000000000001,0.004258107479205171,-0.004258107479205171,0,2,2,2026-05-08T23:32:07.293Z,Called Strike,Four-Seam Fastball
824778,70bb9a70-bac9-3a1d-b331-160a61adaf9e,2026-04-17,116,DET,Detroit Tigers,fielding,pitcher,640448,Kyle Finnegan,678882,Ceddanne Rafaela,640448,Kyle Finnegan,BOS,DET,7,Bot,2,1,1B--,2,1,Ball,Strike,0.7917677228097442,3.0641609812772788,1.57,3.11,0.03739894385692255,0.4487873262830706,0.40092392476199795,0.438258207994231,0.4657529459337419,0.027494737939510905,0.011300000000000001,0.004253738594821898,-0.004253738594821898,0,2,2,2026-04-18T01:00:20.837Z,Ball,Splitter
824530,b467fcd9-d52c-3dba-961b-df68917c698d,2026-04-16,113,CIN,Cincinnati Reds,batting,hitter,663647,Ke'Bryan Hayes,663647,Ke'Bryan Hayes,676775,Keaton Winn,CIN,SF,8,Bot,1,0,---,0,0,Strike,Ball,0.9845213725765949,3.075503961507666,1.598,3.166,0.15535470590992817,1.864256470919138,0.8154282704646033,0.055667349029466046,0.06341911059551139,0.007751761566045345,0.011300000000000001,0.004235344983104359,-0.004235344983104359,0,2,2,2026-04-16T18:43:29.249Z,Called Strike,Sinker
823711,cb96aaa6-8ece-32ba-ba5d-7aa73f58bacb,2026-05-03,142,MIN,Minnesota Twins,batting,hitter,663616,Trevor Larnach,663616,Trevor Larnach,702056,Trey Yesavage,MIN,TOR,3,Bot,0,0,---,0,1,Strike,Ball,-1.024779686447986,1.968900061767697,1.677,3.324,0.19561301978131918,2.34735623737583,0.8937668097912267,0.662221901141381,0.6683008111476495,0.006078910006268479,0.011300000000000001,0.004232692953951405,-0.004232692953951405,0,2,2,2026-05-03T17:39:32.951Z,Called Strike,Four-Seam Fastball
823390,17e5d5e8-de2a-3dcc-a1cf-c348f8ff287c,2026-04-28,138,STL,St. Louis Cardinals,batting,hitter,676475,Alec Burleson,676475,Alec Burleson,677952,Braxton Ashcraft,STL,PIT,1,Top,1,1,1B--,2,0,Strike,Ball,0.8682243584506752,2.856214415975806,1.623,3.216,0.03905769178400853,0.46869230140810236,0.40731482793238194,0.5080624706878986,0.5348711877119837,0.02680871702408516,0.011300000000000001,0.00422224551738908,-0.00422224551738908,0,2,2,2026-04-28T22:45:17.088Z,Called Strike,Four-Seam Fastball
824858,b1cd1116-24d3-3a59-b728-36d00be8bb42,2026-04-10,110,BAL,Baltimore Orioles,batting,hitter,669236,Jeremiah Jackson,669236,Jeremiah Jackson,694738,Landen Roupp,BAL,SF,4,Bot,1,6,-2B3B,1,0,Strike,Ball,0.8763572805960896,2.3720323688581377,1.602,3.175,0.04719061392942292,0.566287367153075,0.43906682037075645,0.39025162985710454,0.41423826833253513,0.02398663847543059,0.011300000000000001,0.0041931921569797045,-0.0041931921569797045,0,2,2,2026-04-11T00:31:52.323Z,Called Strike,Sinker
822746,e5152435-aab2-327b-b24d-d6263d05495a,2026-05-02,120,WSH,Washington Nationals,batting,hitter,695578,James Wood,695578,James Wood,690986,Kyle Harrison,WSH,MIL,1,Bot,0,0,---,0,1,Strike,Ball,-0.4252401757521071,1.445997284631944,1.761,3.489,0.19416938203472256,2.3300325844166707,0.8915536575641199,0.25591803554013365,0.26199403036297386,0.006075994822840214,0.011300000000000001,0.004191631738118403,-0.004191631738118403,0,2,2,2026-05-02T20:19:34.522Z,Called Strike,Slurve
823394,84a4e0e8-714f-35de-b4a4-1ce8f1f86ad0,2026-04-18,134,PIT,Pittsburgh Pirates,batting,hitter,664040,Brandon Lowe,664040,Brandon Lowe,693855,Ian Seymour,PIT,TB,5,Bot,1,2,-2B-,0,0,Strike,Ball,-0.8789697191678429,3.2126584584592326,1.559,3.088,0.049803052501176226,0.5976366300141147,0.44938616147650473,0.42023272398453687,0.4572387525255492,0.037006028541012315,0.022600000000000002,0.004186124366904508,-0.004186124366904508,1,1,2,2026-04-18T23:37:25.385Z,Called Strike,Sinker
823718,f56d6f0d-7df8-326b-9000-74bdf6911ecc,2026-04-19,113,CIN,Cincinnati Reds,batting,hitter,663886,Tyler Stephenson,663886,Tyler Stephenson,641927,Bailey Ober,CIN,MIN,7,Top,0,1,1B--,0,0,Strike,Ball,0.9529950295131423,2.1349407085604435,1.695,3.36,0.12382836284647558,1.485940354157707,0.7273569279136636,0.23458927711642966,0.24881212664565677,0.014222849529227116,0.022600000000000002,0.004183354710605728,-0.004183354710605728,1,1,2,2026-04-19T19:51:05.127Z,Called Strike,Slider
823067,ed25e9d8-89f4-3893-8108-e37776a0c137,2026-05-02,138,STL,St. Louis Cardinals,fielding,pitcher,592773,Ryne Stanek,571970,Max Muncy,592773,Ryne Stanek,LAD,STL,7,Top,2,1,1B--,2,1,Ball,Strike,0.6390150975858317,1.5397566366263096,1.579,3.128,0.08158996995964296,0.9790796395157155,0.5757717110194089,0.9103897146838429,0.9259762309023302,0.015586516218487279,0.011300000000000001,0.004180495446469507,-0.004180495446469507,0,2,2,2026-05-03T01:07:37.620Z,Ball,Four-Seam Fastball
823398,2fc4c6a7-086b-3040-8a15-64514442de68,2026-04-14,120,WSH,Washington Nationals,batting,hitter,678391,Jorbit Vivas,678391,Jorbit Vivas,656605,Mitch Keller,WSH,PIT,4,Top,0,0,---,0,0,Strike,Ball,0.030821350058294835,3.5185559782345814,1.544,3.06,0.33772264490124826,4.052671738814979,0.9879141722553552,0.8138841855907231,0.81838999199061,0.004505806399886958,0.022600000000000002,0.004178210292858233,-0.004178210292858233,1,1,2,2026-04-14T23:58:04.090Z,Called Strike,Cutter
823477,ec370b61-b855-3d5d-980c-a37c1231ff52,2026-04-15,143,PHI,Philadelphia Phillies,fielding,pitcher,666200,Jesús Luzardo,807713,Matt Shaw,666200,Jesús Luzardo,CHC,PHI,5,Top,0,1,1B--,1,1,Ball,Strike,-0.7511404044089295,3.0805281046209045,1.567,3.105,0.07802626225773723,0.9363151470928468,0.5617876191901467,0.2144885721630529,0.23073925054846292,0.016250678385410028,0.011300000000000001,0.004177630017212935,-0.004177630017212935,0,2,2,2026-04-15T23:52:22.892Z,Ball,Four-Seam Fastball
823225,17fe3c80-d697-3789-b3c9-350a03aa116a,2026-05-08,134,PIT,Pittsburgh Pirates,fielding,pitcher,669387,Carmen Mlodzinski,669477,Casey Schmitt,669387,Carmen Mlodzinski,SF,PIT,4,Bot,0,0,---,0,0,Ball,Strike,0.21628048801390687,1.6198571297338378,1.613,3.196,0.12769046306717113,1.5322855568060536,0.7394375775884348,0.43597886134356534,0.4456021314806898,0.00962327013712444,0.011300000000000001,0.004171452185423733,-0.004171452185423733,0,2,2,2026-05-09T03:11:53.684Z,Ball,Sinker
823729,66a59c7e-1858-37ca-96d9-f0cb153e9ef1,2026-04-05,142,MIN,Minnesota Twins,fielding,pitcher,680573,Simeon Woods Richardson,676439,Hunter Feduccia,680573,Simeon Woods Richardson,TB,MIN,5,Top,2,1,1B--,0,0,Ball,Strike,-0.6501899034460737,3.10105816915091,1.646,3.262,0.17897676322059297,2.1477211586471157,0.8657192854159362,0.5335363174896699,0.5400985555309391,0.006562238041269208,0.011300000000000001,0.0041636839530169315,-0.0041636839530169315,0,2,2,2026-04-05T19:06:13.796Z,Ball,Four-Seam Fastball
824529,e33c9809-00d6-3b41-961f-e0d5fe9745ff,2026-04-24,113,CIN,Cincinnati Reds,fielding,pitcher,693312,Kyle Nicolas,650402,Gleyber Torres,693312,Kyle Nicolas,DET,CIN,5,Top,0,0,---,3,1,Ball,Strike,0.6613199918969458,2.178710853436968,1.579,3.13,0.16784667476972093,2.014160097236651,0.8436376221374893,0.05411414234194874,0.06113553312380797,0.0070213907818592325,0.011300000000000001,0.0041566145534594374,-0.0041566145534594374,0,2,2,2026-04-25T00:12:41.696Z,Ball,Slider
823891,b9c46e8f-e3a7-3643-8121-28ac19f0d067,2026-03-29,115,COL,Colorado Rockies,batting,hitter,664983,Jake McCarthy,664983,Jake McCarthy,676974,Max Meyer,COL,MIA,1,Top,0,0,---,0,0,Strike,Ball,0.6100755996212869,1.359595933390409,1.629,3.229,0.14857073327625758,1.782848799315091,0.7985299488328124,0.4955321666141817,0.5035779154110038,0.008045748796822128,0.011300000000000001,0.004148159796858815,-0.004148159796858815,0,2,2,2026-03-29T17:40:15.508Z,Called Strike,Changeup
823082,a61b95e2-1f68-3e00-97f7-054a0fc4df0f,2026-03-28,138,STL,St. Louis Cardinals,batting,hitter,691026,Masyn Winn,691026,Masyn Winn,671212,Joe Boyle,STL,TB,1,Bot,1,1,1B--,0,0,Strike,Ball,0.15823745125888558,3.3197858199693626,1.555,3.081,0.11795248663602953,1.4154298396323544,0.7083202330732893,0.6431446404460518,0.6536536433192532,0.010509002873201445,0.011300000000000001,0.004147757998242083,-0.004147757998242083,0,2,2,2026-03-28T18:28:02.561Z,Called Strike,Sinker
824786,edfbbeb9-9fb2-311f-8ee6-e742805be5c3,2026-04-03,111,BOS,Boston Red Sox,batting,hitter,701350,Roman Anthony,701350,Roman Anthony,650633,Michael King,BOS,SD,5,Bot,1,0,---,1,0,Strike,Ball,-0.8976817503591277,3.032118371236795,1.679,3.326,0.06851508369246095,0.8221810043095314,0.5240417805941955,0.5357294421640753,0.5538243158138121,0.01809487364973683,0.011300000000000001,0.004104141927749486,-0.004104141927749486,0,2,2,2026-04-03T19:38:36.254Z,Called Strike,Sinker
823883,de1e6982-3cd7-33cd-b007-b25b9b03a172,2026-04-17,146,MIA,Miami Marlins,batting,hitter,681393,Connor Norby,681393,Connor Norby,682842,Abner Uribe,MIA,MIL,9,Bot,0,0,---,0,0,Strike,Ball,0.5121577277197275,3.338275832131408,1.571,3.113,0.10444249879807499,1.2533099855768999,0.6617449427693233,0.6267562767438319,0.6444829975616765,0.017726720817844543,0.022600000000000002,0.0040860035596790144,-0.0040860035596790144,1,1,2,2026-04-18T01:59:36.429Z,Called Strike,Sinker
823971,472db422-41eb-330c-ad4c-9d9f888cfd93,2026-03-27,109,AZ,Arizona Diamondbacks,batting,hitter,691783,Jordan Lawlar,691783,Jordan Lawlar,676263,Jack Dreyer,AZ,LAD,4,Top,2,6,-2B3B,3,1,Strike,Ball,0.3225906809390488,3.5015452465088344,1.626,3.223,0.15771191317550137,1.8925429581060165,0.8210372227454279,0.5033053892571249,0.510743279359592,0.007437890102467093,0.011300000000000001,0.0040845052498386224,-0.0040845052498386224,0,2,2,2026-03-28T03:32:05.011Z,Called Strike,Slider
822911,d285337a-5106-3b45-ae32-7ab4af331af6,2026-04-26,140,TEX,Texas Rangers,fielding,pitcher,677958,Kumar Rocker,667670,Brent Rooker,677958,Kumar Rocker,ATH,TEX,1,Top,2,1,1B--,3,0,Ball,Strike,0.5487175007369265,3.3477156725369333,1.698,3.364,0.13711766079639975,1.645411929556797,0.7674347400046584,0.5048130093631215,0.5135409868734773,0.008727977510355811,0.011300000000000001,0.004070165713479058,-0.004070165713479058,0,2,2,2026-04-26T18:43:09.642Z,Ball,Sinker
823388,832419cb-ff47-3910-9a81-1a4de805b682,2026-05-02,134,PIT,Pittsburgh Pirates,fielding,pitcher,669387,Carmen Mlodzinski,682829,Elly De La Cruz,669387,Carmen Mlodzinski,CIN,PIT,2,Top,2,5,1B-3B,2,1,Ball,Strike,-0.6220787073540616,1.7154152501584177,1.746,3.46,0.09024858349175102,1.0829830019010123,0.6092063411224926,0.690053254935688,0.7039597324047349,0.01390647746904683,0.011300000000000001,0.004055945911504566,-0.004055945911504566,0,2,2,2026-05-02T20:39:53.963Z,Ball,Sinker
823392,d0055163-7edc-339b-88e0-01da3639c536,2026-04-29,134,PIT,Pittsburgh Pirates,batting,hitter,665833,Oneil Cruz,665833,Oneil Cruz,669467,Andre Pallante,PIT,STL,3,Bot,1,1,1B--,1,1,Strike,Ball,0.2846491046564336,1.550647893330021,1.774,3.516,0.10251877333664572,1.2302252800397486,0.6548213572641323,0.4327240202925163,0.44487141762772403,0.012147397335207755,0.011300000000000001,0.004053856547352139,-0.004053856547352139,0,2,2,2026-04-29T23:32:51.085Z,Called Strike,Knuckle Curve
824369,4df9fa7a-6c12-3c54-9e0e-43add32be5d2,2026-04-21,135,SD,San Diego Padres,batting,hitter,657656,Ramón Laureano,657656,Ramón Laureano,801403,Chase Dollander,SD,COL,6,Top,1,2,-2B-,1,0,Strike,Ball,0.9140809066345048,2.450566327626279,1.547,3.065,0.08491423996783809,1.018970879614057,0.5887082321559324,0.5201116072718456,0.5427589271746972,0.022647319902851626,0.022600000000000002,0.004037469709801714,-0.004037469709801714,1,1,2,2026-04-22T02:02:19.386Z,Called Strike,Sinker
824699,4d35e3c2-592a-3be9-896a-d6884a97c523,2026-03-31,108,LAA,Los Angeles Angels,fielding,pitcher,681217,Chase Silseth,621020,Dansby Swanson,681217,Chase Silseth,CHC,LAA,7,Bot,1,1,1B--,0,0,Ball,Strike,0.6620538475789214,1.5557087412726516,1.624,3.218,0.05254207460598481,0.6305048952718177,0.46025234582475744,0.763428874655198,0.7854439320197253,0.022015057364527246,0.011300000000000001,0.004033333303310026,-0.004033333303310026,0,2,2,2026-04-01T01:47:12.344Z,Ball,Splitter
824453,6e77b564-caad-3664-ac62-d1c9cfb5074d,2026-04-16,110,BAL,Baltimore Orioles,fielding,pitcher,669358,Shane Baz,595978,Austin Hedges,669358,Shane Baz,CLE,BAL,2,Bot,1,0,---,1,1,Ball,Strike,-0.641041936999086,1.6581220503337428,1.618,3.207,0.16095538366707607,1.9314646040049128,0.8285358839000345,0.2632102373171697,0.27040164823662843,0.0071914109194587406,0.011300000000000001,0.004020797490712497,-0.004020797490712497,0,2,2,2026-04-16T22:36:49.114Z,Ball,Four-Seam Fastball
823316,7431d3a2-93d3-34b7-80d4-0d24730e7d6b,2026-04-11,115,COL,Colorado Rockies,batting,hitter,678662,Ezequiel Tovar,678662,Ezequiel Tovar,608566,Germán Márquez,COL,SD,5,Top,2,1,1B--,0,0,Strike,Ball,1.020219592848016,2.453383737422889,1.625,3.219,0.19105292618134928,2.2926351141761914,0.8866376256237174,0.20937705265434203,0.21535465770231882,0.005977605047976786,0.011300000000000001,0.004018974716202491,-0.004018974716202491,0,2,2,2026-04-12T02:09:02.711Z,Called Strike,Four-Seam Fastball
823067,2ac709c8-e288-30e0-9425-516724d6b783,2026-05-02,119,LAD,Los Angeles Dodgers,fielding,pitcher,808963,Roki Sasaki,691026,Masyn Winn,808963,Roki Sasaki,STL,LAD,3,Bot,1,4,--3B,0,1,Ball,Strike,0.6402283194486499,1.737572600406777,1.555,3.081,0.18893834721801683,2.267260166616202,0.8831922578245501,0.1349223465771014,0.14096507511225417,0.00604272853515278,0.011300000000000001,0.004016963571799837,-0.004016963571799837,0,2,2,2026-05-03T00:10:38.233Z,Ball,Splitter
824042,0ff4dd63-7c2e-360d-9e88-45ca750a6bab,2026-05-02,108,LAA,Los Angeles Angels,batting,hitter,694384,Nolan Schanuel,694384,Nolan Schanuel,690997,Nolan McLean,LAA,NYM,4,Bot,0,0,---,3,1,Strike,Ball,0.6091222223405156,3.420170179981537,1.66,3.29,0.009336846648203778,0.11204215977844534,0.2993048166269291,0.5617674754390484,0.601632191647693,0.039864716208644624,0.011300000000000001,0.004013846002597245,-0.004013846002597245,0,2,2,2026-05-03T02:28:41.090Z,Called Strike,Sinker
823478,f33ca7e2-7fed-3b94-b012-1b28f0340c3a,2026-04-14,112,CHC,Chicago Cubs,batting,hitter,691718,Pete Crow-Armstrong,691718,Pete Crow-Armstrong,663767,Chase Shugart,CHC,PHI,7,Top,1,1,1B--,2,2,Strike,Ball,0.4594970628883395,3.4305388816910862,1.616,3.202,0.10770554835775314,1.2924665802930377,0.6733308159355581,0.93667269264538,0.9480930969937384,0.011420404348358448,0.011300000000000001,0.003998348398265996,-0.003998348398265996,0,2,2,2026-04-15T00:52:02.076Z,Called Strike,Four-Seam Fastball
824862,3b56857e-9585-393a-96e5-3d11ac17350b,2026-03-28,110,BAL,Baltimore Orioles,batting,hitter,681297,Colton Cowser,681297,Colton Cowser,671737,Taj Bradley,BAL,MIN,4,Bot,1,1,1B--,0,0,Strike,Ball,-0.3328680043014416,1.4757670341685178,1.68,3.329,0.08339963249814875,1.000795589977785,0.5828281482319313,0.5551280470384161,0.5700664082471725,0.014938361208756357,0.011300000000000001,0.003992455475940005,-0.003992455475940005,0,2,2,2026-03-28T21:18:05.095Z,Called Strike,Splitter
823564,0873070f-f5f7-3f1d-b88d-8face14ab1d4,2026-04-08,147,NYY,New York Yankees,fielding,pitcher,687396,Brent Headrick,643446,Jeff McNeil,687396,Brent Headrick,ATH,NYY,8,Top,2,0,---,1,1,Ball,Strike,0.6491529496184882,1.6660707542907836,1.622,3.214,0.1649040876241168,1.9788490514894015,0.8373260162366585,0.5803023181745435,0.5872639557741786,0.006961637599635084,0.011300000000000001,0.0039909442612600194,-0.0039909442612600194,0,2,2,2026-04-09T01:26:52.027Z,Ball,Slider
824296,50c6d775-a771-3272-bd6a-69e7ca62996f,2026-04-05,116,DET,Detroit Tigers,batting,hitter,679529,Spencer Torkelson,679529,Spencer Torkelson,592773,Ryne Stanek,DET,STL,8,Bot,1,0,---,0,0,Strike,Ball,0.5924289154533044,3.4886898129243202,1.631,3.232,0.1358564795909869,1.6302777550918428,0.7638138195309969,0.11653765025785921,0.12874020110476778,0.012202550846908564,0.022600000000000002,0.003982669291798961,-0.003982669291798961,1,1,2,2026-04-06T01:53:38.155Z,Called Strike,Slider
823151,39251732-49ef-3b8e-a746-71c792fdc79b,2026-04-18,140,TEX,Texas Rangers,batting,hitter,669701,Josh Smith,669701,Josh Smith,660825,Eduard Bazardo,TEX,SEA,7,Top,2,3,1B2B-,0,0,Strike,Ball,-0.06688167988861568,3.2914675160842353,1.548,3.068,0.10263418275090208,1.231610193010825,0.6552386143376752,0.0976095637768376,0.10963123107968073,0.012021667302843125,0.011300000000000001,0.003981256967559195,-0.003981256967559195,0,2,2,2026-04-19T01:33:37.982Z,Called Strike,Sinker
824699,dd443eff-9bc7-390e-bec4-98abec5d2202,2026-03-31,112,CHC,Chicago Cubs,batting,hitter,621020,Dansby Swanson,621020,Dansby Swanson,681217,Chase Silseth,CHC,LAA,7,Bot,1,1,1B--,1,1,Strike,Ball,0.21028330552071806,3.4501040676418113,1.624,3.218,0.11127073430847823,1.3352488117017387,0.6857516090246797,0.21990536451545548,0.2360626195547709,0.01615725503931542,0.022600000000000002,0.003977850004590424,-0.003977850004590424,1,1,2,2026-04-01T01:48:09.797Z,Called Strike,Sweeper
825023,a7cacfc0-622e-3d3f-9cb2-e432ec94458f,2026-04-16,140,TEX,Texas Rangers,fielding,pitcher,596001,Jakob Junis,687231,Darell Hernaiz,596001,Jakob Junis,ATH,TEX,8,Bot,1,1,1B--,0,0,Ball,Strike,0.5448378652126007,1.529746749747202,1.608,3.186,0.04258008308053518,0.5109609969664222,0.42098804931747175,0.8113893831989685,0.836358612135198,0.02496922893622955,0.011300000000000001,0.003968911940112078,-0.003968911940112078,0,2,2,2026-04-16T21:46:30.418Z,Ball,Four-Seam Fastball
824619,12f448fc-f026-35c8-9ad3-e03b4d3eeba5,2026-04-06,145,CWS,Chicago White Sox,fielding,pitcher,607200,Erick Fedde,641933,Tyler O'Neill,607200,Erick Fedde,BAL,CWS,4,Top,2,1,1B--,0,0,Ball,Strike,-0.297750865003823,1.632679632659098,1.563,3.097,0.1905129659924314,2.2861555919091767,0.8857663667645281,0.5303826787519943,0.5363030881389772,0.0059204093869829055,0.011300000000000001,0.003953259456905623,-0.003953259456905623,0,2,2,2026-04-07T00:30:38.795Z,Ball,Cutter
824930,5ea65107-1a2a-349f-b50c-19cbf07a9361,2026-04-29,116,DET,Detroit Tigers,fielding,pitcher,640448,Kyle Finnegan,642086,Dominic Smith,640448,Kyle Finnegan,ATL,DET,8,Bot,2,0,---,0,2,Ball,Strike,-0.7509427761621196,1.9783690005861665,1.603,3.176,0.07822389050454714,0.9386866860545657,0.5625659076732951,0.8128730324838987,0.8374249872277645,0.024551954743865734,0.022600000000000002,0.0039260822190529555,-0.0039260822190529555,1,1,2,2026-04-30T01:18:00.525Z,Ball,Four-Seam Fastball
824541,073ccfc3-77c8-3848-bdad-b2779d66c341,2026-03-26,113,CIN,Cincinnati Reds,batting,hitter,668715,Spencer Steer,668715,Spencer Steer,676979,Garrett Crochet,CIN,BOS,5,Bot,0,0,---,0,0,Strike,Ball,0.3170521671877568,3.3321855053406377,1.563,3.096,0.11535217200730452,1.3842260640876543,0.6996506311361085,0.5603612588895681,0.5708145069500626,0.010453248060494524,0.011300000000000001,0.003919673734785321,-0.003919673734785321,0,2,2,2026-03-26T21:21:53.541Z,Called Strike,Sinker
824459,d414150c-4aff-34cf-9d7c-6bb26937cdd7,2026-04-05,114,CLE,Cleveland Guardians,batting,hitter,672356,Gabriel Arias,672356,Gabriel Arias,665795,Edward Cabrera,CLE,CHC,5,Bot,2,2,-2B-,3,0,Strike,Ball,-0.9328279024933112,2.8752117110114086,1.636,3.242,0.10366123582664444,1.2439348299197333,0.658941282083397,0.5412152928618941,0.5588594500334202,0.01764415717152612,0.022600000000000002,0.003918536522971156,-0.003918536522971156,1,1,2,2026-04-05T18:22:23.911Z,Called Strike,Sinker
823552,477dcfc8-e6b0-3038-96ac-390c3baf8b18,2026-05-04,147,NYY,New York Yankees,fielding,pitcher,657612,Tim Hill,677942,Blaze Alexander,657612,Tim Hill,BAL,NYY,7,Top,0,0,---,0,0,Ball,Strike,-0.4505795103032945,1.8204998916470672,1.604,3.179,0.3373332249804004,4.047998699764805,0.9878395523586003,0.9678732652894776,0.971977321733853,0.004104056444375392,0.011300000000000001,0.0039167362225184,-0.0039167362225184,0,2,2,2026-05-05T01:16:59.453Z,Ball,Sinker
823069,1f490032-5432-3e0b-8892-1108637dbb67,2026-04-24,136,SEA,Seattle Mariners,batting,hitter,608701,Rob Refsnyder,608701,Rob Refsnyder,677865,Justin Bruihl,SEA,STL,6,Top,1,0,---,2,1,Strike,Ball,0.9055047611394402,2.8775973887404893,1.608,3.187,0.07633809447277351,0.9160571336732821,0.5551273564491366,0.638306496635262,0.6544072363536031,0.01610073971834114,0.011300000000000001,0.003910900204593576,-0.003910900204593576,0,2,2,2026-04-25T01:52:28.840Z,Called Strike,Sinker
823713,02a61e34-6998-357e-b994-10f482e3492a,2026-05-01,141,TOR,Toronto Blue Jays,batting,hitter,662139,Daulton Varsho,662139,Daulton Varsho,680573,Simeon Woods Richardson,TOR,MIN,4,Top,0,0,---,0,0,Strike,Ball,0.02178883977262681,3.3006116115921027,1.532,3.037,0.14277827825876965,1.7133393391052358,0.7832067290928219,0.620031675748272,0.6281425059162151,0.008110830167943117,0.011300000000000001,0.0039026928048109984,-0.0039026928048109984,0,2,2,2026-05-02T01:03:21.589Z,Called Strike,Slider
822827,8a6ae03c-2407-3623-95ad-a204affccd4b,2026-04-24,141,TOR,Toronto Blue Jays,batting,hitter,662139,Daulton Varsho,662139,Daulton Varsho,668909,Gavin Williams,TOR,CLE,2,Bot,0,0,---,0,0,Strike,Ball,-0.027647907376806297,3.295699517844679,1.532,3.037,0.13786618451134602,1.6543942141361523,0.7695654183396807,0.24469219232667125,0.25314618605900985,0.0084539937323386,0.011300000000000001,0.003901990450506585,-0.003901990450506585,0,2,2,2026-04-24T23:49:14.661Z,Called Strike,Cutter
824857,bc2025e2-3d1e-3f4c-a76c-99ae94b9e940,2026-04-11,110,BAL,Baltimore Orioles,batting,hitter,683002,Gunnar Henderson,683002,Gunnar Henderson,657277,Logan Webb,BAL,SF,1,Bot,0,0,---,0,0,Strike,Ball,-0.9741297716897945,2.6216810256098544,1.68,3.329,0.14496310502312781,1.7395572602775338,0.7890834759531438,0.543341109333461,0.5512891360093042,0.007948026675843156,0.011300000000000001,0.003888299794613152,-0.003888299794613152,0,2,2,2026-04-11T23:26:00.855Z,Called Strike,Sinker
823480,37f93465-1ef0-34b7-8769-1360dee71a1b,2026-04-11,109,AZ,Arizona Diamondbacks,batting,hitter,678489,Jorge Barrosa,678489,Jorge Barrosa,592836,Taijuan Walker,AZ,PHI,5,Top,1,0,---,0,0,Strike,Ball,-0.20213883941037583,3.240420635116058,1.493,2.958,0.1615873017827245,1.9390476213926942,0.8299674831183534,0.21523888367664018,0.22222099389546504,0.006982110218824861,0.011300000000000001,0.0038735570044103997,-0.0038735570044103997,0,2,2,2026-04-11T18:22:10.380Z,Called Strike,Curveball
825025,bbf7ce7a-acbb-3a5e-8f2e-9292d3522067,2026-04-05,133,ATH,Athletics,fielding,pitcher,686993,Justin Sterner,669397,Nick Allen,686993,Justin Sterner,HOU,ATH,6,Top,2,1,1B--,0,0,Ball,Strike,-0.08318223961517811,1.602709584571948,1.517,3.007,0.20654291790528134,2.478515014863376,0.9092644452430162,0.8148896867293742,0.8214006024728376,0.006510915743463408,0.022600000000000002,0.003869520653996441,-0.003869520653996441,1,1,2,2026-04-05T22:07:08.369Z,Ball,Cutter
824126,9eee4d88-9069-32dc-9477-5ba351556403,2026-04-12,145,CWS,Chicago White Sox,batting,hitter,643217,Andrew Benintendi,643217,Andrew Benintendi,683232,Nick Mears,CWS,KC,6,Top,2,7,1B2B3B,0,0,Strike,Ball,0.16096334428883133,3.345577564033832,1.548,3.068,0.15674423070049892,1.880930768405987,0.818750919770705,0.35002665496908414,0.3572291801471116,0.007202525178027441,0.011300000000000001,0.003848959507590595,-0.003848959507590595,0,2,2,2026-04-12T22:48:15.789Z,Called Strike,Curveball
823486,6cd4d326-99c0-34f2-b218-75ce525c8688,2026-03-26,143,PHI,Philadelphia Phillies,fielding,pitcher,650911,Cristopher Sánchez,643376,Danny Jansen,650911,Cristopher Sánchez,TEX,PHI,5,Top,1,0,---,1,0,Ball,Strike,0.7686794942350279,2.3947811374960306,1.656,3.281,0.060487172431638814,0.7258460691796658,0.49194938554091155,0.7635551333566721,0.7830346000517479,0.01947946669507572,0.011300000000000001,0.003841939727919452,-0.003841939727919452,0,2,2,2026-03-26T21:23:18.431Z,Ball,Changeup
824372,2e27192b-d7bd-3fcc-a060-b118607ce646,2026-04-18,119,LAD,Los Angeles Dodgers,fielding,pitcher,686218,Emmet Sheehan,666397,Edouard Julien,686218,Emmet Sheehan,COL,LAD,3,Bot,0,0,---,2,0,Ball,Strike,-0.7892995166724669,3.003395123605099,1.633,3.235,0.039867149994199824,0.4784057999303979,0.41044511565924496,0.5344883135625424,0.56007687129086,0.025588557728317585,0.011300000000000001,0.0038407283433020464,-0.0038407283433020464,0,2,2,2026-04-19T00:58:11.032Z,Ball,Four-Seam Fastball
824608,797eb5fb-f968-3380-999c-3cbe238677c6,2026-04-29,108,LAA,Los Angeles Angels,batting,hitter,687263,Zach Neto,687263,Zach Neto,607200,Erick Fedde,LAA,CWS,5,Top,2,0,---,1,2,Strike,Ball,0.92034303687384,2.4182477614782285,1.6,3.17,0.09117637020717329,1.0941164424860794,0.6127346664223702,0.433891543457432,0.4472998226765214,0.01340827921908938,0.011300000000000001,0.003839619225179512,-0.003839619225179512,0,2,2,2026-04-29T18:28:15.709Z,Called Strike,Sinker
823882,478f0721-82ef-3a70-a5be-1f5d7ee456b9,2026-04-18,146,MIA,Miami Marlins,fielding,pitcher,645261,Sandy Alcantara,596142,Gary Sánchez,645261,Sandy Alcantara,MIL,MIA,2,Top,0,0,---,1,2,Ball,Strike,0.769506305742895,1.8938509173481073,1.671,3.311,0.059660360923771694,0.7159243310852603,0.4886433972179644,0.5031197439655152,0.5228018452423111,0.019682101276795927,0.011300000000000001,0.003839199220844594,-0.003839199220844594,0,2,2,2026-04-18T20:22:33.466Z,Ball,Sinker
824768,4358aba7-c531-32d7-afb6-f83b5dd2826b,2026-05-08,139,TB,Tampa Bay Rays,batting,hitter,666018,Jonathan Aranda,666018,Jonathan Aranda,813349,Connelly Early,TB,BOS,4,Top,0,0,---,1,1,Strike,Ball,-0.28107624225794514,3.393141885877221,1.61,3.189,0.08330855254388769,0.9997026305266523,0.5824737833719719,0.3663727910043028,0.381059653989362,0.014686862985059168,0.011300000000000001,0.0038366664008764673,-0.0038366664008764673,0,2,2,2026-05-09T00:06:54.763Z,Called Strike,Sweeper
824694,347f75a4-5456-3adf-8647-77b029d49ea8,2026-04-18,121,NYM,New York Mets,batting,hitter,666182,Bo Bichette,666182,Bo Bichette,592791,Jameson Taillon,NYM,CHC,1,Top,1,0,---,0,0,Strike,Ball,-0.2084294664046635,3.501864442856978,1.596,3.162,0.21903110952364502,2.62837331428374,0.9244565282418418,0.47601680267325786,0.48108965690846217,0.005072854235204316,0.011300000000000001,0.003835991983686717,-0.003835991983686717,0,2,2,2026-04-18T18:23:53.742Z,Called Strike,Cutter
824372,066ef592-33ec-3ecf-b85b-088adc2a1fd8,2026-04-18,119,LAD,Los Angeles Dodgers,fielding,pitcher,686218,Emmet Sheehan,666397,Edouard Julien,686218,Emmet Sheehan,COL,LAD,3,Bot,0,0,---,0,0,Ball,Strike,-0.7102870753480999,3.0525945508594514,1.633,3.235,0.11887959131856685,1.4265550958228022,0.7113754130737723,0.5608905335934338,0.5708613406213444,0.009970807027910644,0.011300000000000001,0.003831529135892433,-0.003831529135892433,0,2,2,2026-04-19T00:57:35.443Z,Ball,Four-Seam Fastball
823397,79fb972e-1e50-3faa-9180-46c78cba8fa7,2026-04-17,134,PIT,Pittsburgh Pirates,fielding,pitcher,696149,Bubba Chandler,641584,Jake Fraley,696149,Bubba Chandler,TB,PIT,5,Top,0,0,---,0,0,Ball,Strike,0.43625210456517394,1.616928915371897,1.6,3.17,0.13776224870523035,1.6531469844627642,0.7692703837067518,0.6345446410756911,0.6462921453578907,0.011747504282199617,0.022600000000000002,0.0038225177985370005,-0.0038225177985370005,1,1,2,2026-04-17T23:54:37.725Z,Ball,Sweeper
824459,448d7507-945e-372e-b16c-82dade80c069,2026-04-05,112,CHC,Chicago Cubs,fielding,pitcher,665795,Edward Cabrera,800050,Chase DeLauter,665795,Edward Cabrera,CLE,CHC,4,Bot,1,0,---,0,0,Ball,Strike,-0.6116019610203155,1.7445429195543023,1.685,3.339,0.1803762528876356,2.164515034651627,0.8683010724053445,0.46356533102730524,0.4696808977050703,0.006115566677765083,0.011300000000000001,0.003821955222850204,-0.003821955222850204,0,2,2,2026-04-05T18:03:40.993Z,Ball,Slider
824045,15391e20-f815-3b61-8340-fa5884d310c6,2026-04-21,108,LAA,Los Angeles Angels,fielding,pitcher,686799,Jack Kochanowicz,664770,Nathan Lukes,686799,Jack Kochanowicz,TOR,LAA,3,Top,1,0,---,1,0,Ball,Strike,-0.08325439107506745,1.5523921748268146,1.597,3.164,0.07622550816014795,0.9147060979217754,0.5546824415791813,0.5098683631435095,0.5258170709912202,0.01594870784771074,0.011300000000000001,0.0038143797988459934,-0.0038143797988459934,0,2,2,2026-04-22T02:07:35.498Z,Ball,Slider
824864,af186c92-0574-3b4d-a819-f0a93ec6ee70,2026-03-29,110,BAL,Baltimore Orioles,fielding,pitcher,669358,Shane Baz,621439,Byron Buxton,669358,Shane Baz,MIN,BAL,1,Top,1,0,---,2,2,Ball,Strike,-0.7955750373870838,2.428137356373232,1.644,3.258,0.033591629279582924,0.4030995513549951,0.3863848772841269,0.5102640647087807,0.5380754570678175,0.027811392359036735,0.011300000000000001,0.003812050537057748,-0.003812050537057748,0,2,2,2026-03-29T17:41:35.527Z,Ball,Four-Seam Fastball
825104,613987de-27fe-39f0-b56f-bf8a00409a2f,2026-04-04,144,ATL,Atlanta Braves,fielding,pitcher,693821,Bryce Elder,678489,Jorge Barrosa,693821,Bryce Elder,AZ,ATL,2,Bot,2,7,1B2B3B,0,0,Ball,Strike,-0.10482691194791248,1.6625947567591537,1.493,2.958,0.29042809009248693,3.485137081109843,0.974589390024464,0.333902838337322,0.33808858745521725,0.0041857491178952655,0.011300000000000001,0.003792246786881428,-0.003792246786881428,0,2,2,2026-04-04T23:49:17.411Z,Ball,Slider
823240,88d77d01-9e29-3acb-8ba4-27aeeab119c7,2026-04-03,137,SF,San Francisco Giants,batting,hitter,642715,Willy Adames,642715,Willy Adames,690997,Nolan McLean,SF,NYM,1,Bot,0,0,---,0,0,Strike,Ball,-0.9978918001148711,2.28366018343752,1.627,3.224,0.1687251334482044,2.0247016013784527,0.8454827643392899,0.3445060926637493,0.35310951034639965,0.008603417682650327,0.022600000000000002,0.0037819518391606784,-0.0037819518391606784,1,1,2,2026-04-04T02:31:11.297Z,Called Strike,Sinker
823000,7c17171e-9308-3828-8f02-be6c8169fc0b,2026-04-08,112,CHC,Chicago Cubs,fielding,pitcher,571948,Hoby Milner,641584,Jake Fraley,571948,Hoby Milner,TB,CHC,6,Bot,0,0,---,0,0,Ball,Strike,-0.6255304924581723,1.8384654716181432,1.6,3.17,0.20363617420849445,2.4436340905019334,0.9053536894399585,0.9431659263934152,0.9485168385737494,0.005350912180334122,0.011300000000000001,0.003774964775006242,-0.003774964775006242,0,2,2,2026-04-09T00:19:58.418Z,Ball,Sinker
823303,74cea7e6-2e18-33c0-a9ac-298a97277d4a,2026-05-08,138,STL,St. Louis Cardinals,batting,hitter,691026,Masyn Winn,691026,Masyn Winn,656288,Griffin Canning,STL,SD,2,Top,1,0,---,1,0,Strike,Ball,0.9103369336935853,2.647257623390349,1.555,3.081,0.08117026702691854,0.9740432043230225,0.5741306250263348,0.4759130025304541,0.49085789617168873,0.014944893641234636,0.011300000000000001,0.0037679971899917224,-0.0037679971899917224,0,2,2,2026-05-09T02:06:53.538Z,Called Strike,Sinker
824460,f338fcab-0774-359f-af9c-380246126059,2026-04-05,114,CLE,Cleveland Guardians,fielding,pitcher,681870,Erik Sabrowski,691718,Pete Crow-Armstrong,681870,Erik Sabrowski,CHC,CLE,7,Top,0,0,---,0,0,Ball,Strike,-0.7040974804541779,3.0195316734181907,1.616,3.202,0.12506918621248886,1.5008302345498663,0.7312761683131875,0.4939289384434729,0.5073822597723786,0.013453321328905699,0.022600000000000002,0.0037649346763662774,-0.0037649346763662774,1,1,2,2026-04-05T22:31:30.886Z,Ball,Four-Seam Fastball
825107,afb3c1bc-ea66-3abe-bbf8-99deb1afb14c,2026-03-31,116,DET,Detroit Tigers,fielding,pitcher,663554,Casey Mize,543510,James McCann,663554,Casey Mize,AZ,DET,2,Bot,2,3,1B2B-,0,0,Ball,Strike,0.720669640483193,3.0058801130455697,1.656,3.281,0.10849702618347368,1.3019643142016841,0.6761101283715851,0.4475922596177565,0.45857122188298227,0.010978962265225767,0.011300000000000001,0.003763032037127494,-0.003763032037127494,0,2,2,2026-04-01T02:07:29.060Z,Ball,Four-Seam Fastball
823721,2102fa4a-9be0-3f3a-be5c-aaa20d8c0c82,2026-04-18,113,CIN,Cincinnati Reds,fielding,pitcher,663574,Tony Santillan,807712,Luke Keaschall,663574,Tony Santillan,MIN,CIN,9,Bot,1,0,---,0,0,Ball,Strike,0.7677566242906236,1.7354179684506779,1.622,3.214,0.061410042376043084,0.736920508512517,0.49564027999706495,0.8762074968079189,0.8952853546795047,0.01907785787158578,0.011300000000000001,0.003756489981183819,-0.003756489981183819,0,2,2,2026-04-18T21:06:20.808Z,Ball,Slurve
824621,cee00f4f-d0dd-39d6-8064-b3f47a4f4fa9,2026-04-03,141,TOR,Toronto Blue Jays,fielding,pitcher,686973,Louis Varland,671976,Tristan Peters,686973,Louis Varland,CWS,TOR,8,Bot,1,1,1B--,1,0,Ball,Strike,-0.7872395107578091,3.2387015079434383,1.614,3.197,0.04192715590885765,0.5031258709062918,0.41844368237745827,0.3594508644499962,0.39982748055546835,0.04037661610547216,0.022600000000000002,0.003752167146845316,-0.003752167146845316,1,1,2,2026-04-03T20:25:42.200Z,Ball,Four-Seam Fastball
825102,96a9f57c-961d-3e8a-a6df-aa30c506391b,2026-04-05,144,ATL,Atlanta Braves,fielding,pitcher,527048,Martín Pérez,606466,Ketel Marte,527048,Martín Pérez,AZ,ATL,1,Bot,0,0,---,0,0,Ball,Strike,0.3111163936394718,1.6365149900689437,1.624,3.218,0.13334832340227698,1.6001798808273238,0.7564977128196784,0.5502594481538323,0.5588519334690155,0.008592485315183196,0.011300000000000001,0.003748619643235126,-0.003748619643235126,0,2,2,2026-04-05T20:21:07.016Z,Ball,Cutter
825019,2204df52-5322-36ca-8a45-43bc8d964302,2026-04-17,145,CWS,Chicago White Sox,fielding,pitcher,663436,Davis Martin,805779,Jacob Wilson,663436,Davis Martin,ATH,CWS,2,Bot,1,0,---,0,0,Ball,Strike,-0.6433059385348862,1.7549125385130213,1.661,3.291,0.18586072813178056,2.2303287375813667,0.8780156489125905,0.5804590074480678,0.5862903835460597,0.005831376097991892,0.011300000000000001,0.0037416163014439936,-0.0037416163014439936,0,2,2,2026-04-18T02:10:32.404Z,Ball,Sinker
824849,b3927e2d-2cb0-3f81-80a4-cf409d209e15,2026-04-28,110,BAL,Baltimore Orioles,fielding,pitcher,669358,Shane Baz,670623,Isaac Paredes,669358,Shane Baz,HOU,BAL,1,Top,1,1,1B--,1,0,Ball,Strike,0.5363342785274351,1.5399499984827965,1.605,3.181,0.05578333181612982,0.6693999817935579,0.4731591545711032,0.47933946797455657,0.49982673858400134,0.020487270609444774,0.011300000000000001,0.0037404380876877646,-0.0037404380876877646,0,2,2,2026-04-28T22:40:15.186Z,Ball,Cutter
823400,efd505ea-3c2c-3abd-84fb-31fde3db206c,2026-04-13,120,WSH,Washington Nationals,batting,hitter,660688,Keibert Ruiz,660688,Keibert Ruiz,694973,Paul Skenes,WSH,PIT,6,Top,0,0,---,0,1,Strike,Ball,0.2096516400776127,3.5639829212852994,1.602,3.175,0.2681495879519664,3.217795055423597,0.964097773709107,0.07346116262642219,0.07776035394527996,0.004299191318857767,0.011300000000000001,0.003739145622173202,-0.003739145622173202,0,2,2,2026-04-14T00:17:00.027Z,Called Strike,Sinker
824047,081a9b1e-3597-302c-8ba9-0e8ad0f6ee45,2026-04-19,135,SD,San Diego Padres,fielding,pitcher,676760,Ron Marinaccio,694384,Nolan Schanuel,676760,Ron Marinaccio,LAA,SD,6,Bot,1,0,---,0,1,Ball,Strike,0.6972277456087579,1.6349888987692704,1.66,3.29,0.09582223210260388,1.1498667852312465,0.6302188308394655,0.6476811131034198,0.6602404800964173,0.012559366992997534,0.011300000000000001,0.0037366223708966383,-0.0037366223708966383,0,2,2,2026-04-19T21:51:27.383Z,Ball,Cutter
824051,6d4e0a27-69d8-36ea-800e-4524eff97a68,2026-04-07,108,LAA,Los Angeles Angels,fielding,pitcher,579328,Yusei Kikuchi,621566,Matt Olson,579328,Yusei Kikuchi,ATL,LAA,2,Top,0,0,---,1,1,Ball,Strike,-0.7279129915131468,3.199028985723413,1.702,3.372,0.1012536751535199,1.2150441018422389,0.6502319221563374,0.6952909434359102,0.707094293747861,0.011803350311950789,0.011300000000000001,0.003722535881590979,-0.003722535881590979,0,2,2,2026-04-08T01:54:59.634Z,Ball,Slider
824607,3d9d11ab-c783-32ce-8209-5da4d92e0ed4,2026-05-08,136,SEA,Seattle Mariners,fielding,pitcher,676106,Emerson Hancock,671976,Tristan Peters,676106,Emerson Hancock,CWS,SEA,3,Bot,0,0,---,0,0,Ball,Strike,0.3678611513361272,1.642147598080456,1.614,3.197,0.14898093141378932,1.7877711769654718,0.7995837622766948,0.8366067041640731,0.8440864583878569,0.007479754223783774,0.011300000000000001,0.003715986536884681,-0.003715986536884681,0,2,2,2026-05-09T00:24:50.546Z,Ball,Sinker
823568,7c6ed773-ceb0-314a-a964-60dc778e816b,2026-04-03,147,NYY,New York Yankees,fielding,pitcher,701542,Will Warren,672640,Otto Lopez,701542,Will Warren,MIA,NYY,5,Top,0,0,---,2,0,Ball,Strike,0.752411160525428,1.538982246934481,1.583,3.137,0.07675550614123872,0.9210660736948646,0.5567760935797001,0.8097211784431487,0.8343717688710229,0.02465059042787421,0.022600000000000002,0.0037079991577661734,-0.0037079991577661734,1,1,2,2026-04-03T18:54:25.558Z,Ball,Sinker
824699,39525eaf-53ba-3123-a89c-a5c6f86d5fd8,2026-03-31,112,CHC,Chicago Cubs,fielding,pitcher,592791,Jameson Taillon,687263,Zach Neto,592791,Jameson Taillon,LAA,CHC,1,Top,0,0,---,2,2,Ball,Strike,0.31973495495551085,3.244949675232662,1.6,3.17,0.04588365810067119,0.5506038972080542,0.43392337875731624,0.49818101187545205,0.521443117536349,0.023262105660896926,0.011300000000000001,0.0036973056653437607,-0.0036973056653437607,0,2,2,2026-03-31T23:41:16.692Z,Ball,Four-Seam Fastball
825088,ec5a6018-75de-3465-a0ea-df5cd05853df,2026-05-08,109,AZ,Arizona Diamondbacks,batting,hitter,678489,Jorge Barrosa,678489,Jorge Barrosa,668964,Tobias Myers,AZ,NYM,10,Bot,0,0,---,1,0,Strike,Ball,-0.6424052391164656,3.1348389132069414,1.493,2.958,0.0560055798736081,0.6720669584832972,0.4740456686501974,0.09005212920609545,0.12291924385820295,0.032867114652107496,0.022600000000000002,0.0036939454533554614,-0.0036939454533554614,0,1,1,2026-05-09T04:21:11.800Z,Called Strike,Four-Seam Fastball
823238,857a632d-df9a-3c9c-bbe0-334efc72fd69,2026-04-05,137,SF,San Francisco Giants,fielding,pitcher,669062,Erik Miller,701807,Carson Benge,669062,Erik Miller,NYM,SF,8,Top,1,7,1B2B3B,0,0,Ball,Strike,-0.5410486758476508,1.7924515422203668,1.645,3.259,0.2682848755537002,3.219418506644402,0.9641726223991038,0.04419342610702988,0.048859441304684136,0.004666015197654257,0.022600000000000002,0.003689145375496124,-0.003689145375496124,1,1,2,2026-04-05T22:11:58.158Z,Ball,Slider
824856,9928ad67-187b-389c-8adc-5edd02cbfe5b,2026-04-13,110,BAL,Baltimore Orioles,fielding,pitcher,665152,Dean Kremer,678489,Jorge Barrosa,665152,Dean Kremer,AZ,BAL,3,Top,0,0,---,0,1,Ball,Strike,-0.6615605386427734,2.9061224611306047,1.493,2.958,0.1676061280238933,2.0112735362867196,0.8431292498079066,0.3883474690602846,0.394810462815594,0.006462993755309399,0.011300000000000001,0.0036764995992565426,-0.0036764995992565426,0,2,2,2026-04-13T23:05:54.352Z,Ball,Four-Seam Fastball
823233,be5fe541-265d-3741-82b0-c358c6e83e22,2026-04-23,137,SF,San Francisco Giants,batting,hitter,808982,Jung Hoo Lee,808982,Jung Hoo Lee,607192,Tyler Glasnow,SF,LAD,8,Bot,1,0,---,0,0,Strike,Ball,-0.9730029309557517,2.4647570653473463,1.627,3.224,0.14383626428908503,1.7260351714690203,0.7860671816167474,0.055667349029466046,0.06341911059551139,0.007751761566045345,0.011300000000000001,0.0036759645190555337,-0.0036759645190555337,0,2,2,2026-04-23T21:35:19.571Z,Called Strike,Knuckle Curve
823387,5fe2ae8d-e2d5-3ca1-8a92-5bb22831beb8,2026-05-03,113,CIN,Cincinnati Reds,fielding,pitcher,695505,Chase Burns,665833,Oneil Cruz,695505,Chase Burns,PIT,CIN,3,Bot,2,0,---,0,0,Ball,Strike,-0.5403269955530127,2.8040877764189447,1.774,3.516,0.28883967111365405,3.4660760533638486,0.97395234772544,0.4862214486843254,0.49029698874020977,0.004075540055884397,0.011300000000000001,0.0036750433349751516,-0.0036750433349751516,0,2,2,2026-05-03T18:14:12.680Z,Ball,Four-Seam Fastball
824287,b235f5eb-1d45-3553-9226-c1eb4d46d490,2026-05-01,140,TEX,Texas Rangers,batting,hitter,694497,Evan Carter,694497,Evan Carter,656427,Jack Flaherty,TEX,DET,3,Top,0,1,1B--,3,1,Strike,Ball,-0.8429388120248696,3.0864758483469563,1.673,3.316,0.013772145358202925,0.1652657442984351,0.3143962563929194,0.7475485848591537,0.7838748164013085,0.03632623154215486,0.011300000000000001,0.0036735089029558653,-0.0036735089029558653,0,2,2,2026-05-01T23:25:41.664Z,Called Strike,Four-Seam Fastball
823962,8ff864d4-3e82-3f00-a779-8d5e594a5567,2026-04-24,112,CHC,Chicago Cubs,fielding,pitcher,592791,Jameson Taillon,663656,Kyle Tucker,592791,Jameson Taillon,LAD,CHC,2,Bot,0,0,---,3,0,Ball,Strike,-0.7852308238569887,2.367082795910243,1.691,3.351,0.043935842809677994,0.5272301137161359,0.426284536700535,0.4123041328951993,0.43612683947172565,0.023822706576526353,0.011300000000000001,0.0036722667006433693,-0.0036722667006433693,0,2,2,2026-04-25T02:39:15.044Z,Ball,Four-Seam Fastball
823151,eaad2c9b-ecd4-3555-9094-e43e643159ba,2026-04-18,140,TEX,Texas Rangers,fielding,pitcher,543135,Nathan Eovaldi,702284,Cole Young,543135,Nathan Eovaldi,SEA,TEX,4,Bot,1,1,1B--,0,0,Ball,Strike,0.631013085873234,1.645717329901886,1.581,3.133,0.1855506632352193,2.2266079588226315,0.8774833037807184,0.13392647268546473,0.13968435053206812,0.005757877846603393,0.011300000000000001,0.003668003008325472,-0.003668003008325472,0,2,2,2026-04-19T00:34:57.156Z,Ball,Splitter
824374,80242363-cb47-3e8d-b3f5-737de401f283,2026-04-08,117,HOU,Houston Astros,batting,hitter,514888,Jose Altuve,514888,Jose Altuve,547179,Michael Lorenzen,HOU,COL,1,Top,2,0,---,2,0,Strike,Ball,-0.5187144817709058,3.1830328064948605,1.477,2.926,0.13619947316152725,1.634393677938327,0.7648024148702276,0.46304083476818103,0.4713105375388169,0.008269702770635878,0.011300000000000001,0.0036669559372749035,-0.0036669559372749035,0,2,2,2026-04-08T19:14:44.953Z,Called Strike,Four-Seam Fastball
823477,3ff15a34-1aca-3a39-999f-9998a94cfa98,2026-04-15,143,PHI,Philadelphia Phillies,fielding,pitcher,666200,Jesús Luzardo,608324,Alex Bregman,666200,Jesús Luzardo,CHC,PHI,3,Top,1,1,1B--,0,1,Ball,Strike,0.6359223698672453,1.6099006729609857,1.578,3.126,0.152734006294319,1.832808075531828,0.8090337773790154,0.4999578206472827,0.507151988436093,0.007194167788810268,0.011300000000000001,0.0036624064256624836,-0.0036624064256624836,0,2,2,2026-04-15T23:15:25.422Z,Ball,Changeup
823972,ac269776-dcbe-3049-8ff7-bc2b106d514c,2026-03-30,119,LAD,Los Angeles Dodgers,batting,hitter,605141,Mookie Betts,605141,Mookie Betts,800048,Parker Messick,LAD,CLE,1,Bot,1,1,1B--,1,0,Strike,Ball,0.47887179240735567,3.271931497694313,1.563,3.096,0.055098164360979585,0.661177972331755,0.4704272138316777,0.5477816220865399,0.5682673351273131,0.02048571304077318,0.011300000000000001,0.0036528644254241495,-0.0036528644254241495,0,2,2,2026-03-31T02:22:34.761Z,Called Strike,Curveball
823878,8594a7e1-c368-3804-849c-234a13e653c3,2026-04-22,146,MIA,Miami Marlins,batting,hitter,669364,Xavier Edwards,669364,Xavier Edwards,681517,Kyle Leahy,MIA,STL,1,Bot,1,0,---,1,0,Strike,Ball,0.4205754907057686,1.3351413020543341,1.542,3.055,0.08602536461233257,1.0323043753479908,0.5930059421064671,0.5252263529129738,0.5391382084013248,0.013911855488350944,0.011300000000000001,0.0036507801161216533,-0.0036507801161216533,0,2,2,2026-04-22T16:19:37.775Z,Called Strike,Curveball
824613,746cf36d-4798-3588-a9d3-e66e688d5a70,2026-04-25,145,CWS,Chicago White Sox,fielding,pitcher,673929,Jordan Leasure,678554,Curtis Mead,673929,Jordan Leasure,WSH,CWS,10,Top,0,0,---,3,1,Ball,Strike,-0.3960399673114965,1.5247394051756649,1.639,3.247,0.006572738508998199,0.07887286210797839,0.2901128180096691,0.2927892590695635,0.36067342169452343,0.06788416262495994,0.022600000000000002,0.0036506154043723024,-0.0036506154043723024,0,1,1,2026-04-25T22:45:02.067Z,Ball,Slider
823802,4bd208f6-b4e0-35c8-9230-bed172bbd17b,2026-04-14,158,MIL,Milwaukee Brewers,fielding,pitcher,672582,Angel Zerpa,676914,Davis Schneider,672582,Angel Zerpa,TOR,MIL,7,Top,0,0,---,0,1,Ball,Strike,0.7043927285950343,1.6870819753545176,1.537,3.045,0.1247739380716324,1.4972872568595887,0.7303468410163646,0.6975119923904306,0.7108315518203338,0.01331955942990315,0.022600000000000002,0.0036337367603293353,-0.0036337367603293353,1,1,2,2026-04-15T01:32:21.768Z,Ball,Sinker
823810,4633359f-de45-3e0f-970f-a018ee659b66,2026-03-29,158,MIL,Milwaukee Brewers,fielding,pitcher,687075,Brandon Sproat,678246,Miguel Vargas,687075,Brandon Sproat,CWS,MIL,1,Top,0,3,1B2B-,0,0,Ball,Strike,-0.5455611744030144,3.370232539220638,1.66,3.29,0.04060079411269513,0.4872095293523415,0.4132885064005011,0.397554045207652,0.42238162466406,0.02482757945640801,0.011300000000000001,0.003631113353404293,-0.003631113353404293,0,2,2,2026-03-29T18:16:52.127Z,Ball,Cutter
823638,167a6ef4-e343-35de-812d-eaf1bee5e674,2026-04-24,121,NYM,New York Mets,fielding,pitcher,640455,Sean Manaea,687859,Troy Johnston,640455,Sean Manaea,COL,NYM,9,Top,1,0,---,0,1,Ball,Strike,-0.6320581872408301,2.3782297609308083,1.594,3.159,0.19710847942583665,2.3653017531100398,0.8960173455732744,0.17915894034552987,0.1845113212429501,0.005352380897420239,0.011300000000000001,0.003620822129181583,-0.003620822129181583,0,2,2,2026-04-25T01:34:40.594Z,Ball,Four-Seam Fastball
823966,87da7e53-6506-361a-a7f9-17e13175a9b5,2026-04-12,140,TEX,Texas Rangers,fielding,pitcher,594798,Jacob deGrom,681624,Andy Pages,594798,Jacob deGrom,LAD,TEX,4,Bot,0,0,---,0,2,Ball,Strike,0.7717234324205365,2.3165503139175745,1.633,3.237,0.05744323424613018,0.6893188109535622,0.4797839638739246,0.5837372723825817,0.6035167390313327,0.019779466648751076,0.011300000000000001,0.003611429703825229,-0.003611429703825229,0,2,2,2026-04-12T21:25:33.092Z,Ball,Four-Seam Fastball
823307,d29328d6-888b-39da-9da7-4f5eb7c8a349,2026-05-03,135,SD,San Diego Padres,fielding,pitcher,695243,Mason Miller,805367,Chase Meidroth,695243,Mason Miller,CWS,SD,9,Top,0,0,---,1,1,Ball,Strike,-0.7319091463925139,3.1785276459362177,1.548,3.068,0.01030568739711546,0.12366824876538551,0.3025658836068564,0.8227835728668077,0.8607027030112295,0.03791913014442183,0.011300000000000001,0.003592029602507851,-0.003592029602507851,0,2,2,2026-05-03T22:40:13.819Z,Ball,Slider
824288,3235860e-0de8-3dc2-b327-1703a24f9037,2026-04-23,158,MIL,Milwaukee Brewers,batting,hitter,663604,Brandon Lockridge,663604,Brandon Lockridge,669373,Tarik Skubal,MIL,DET,4,Top,0,0,---,1,0,Strike,Ball,0.9028615903336604,2.313929676988153,1.628,3.226,0.0736949236669937,0.8843390840039245,0.54466035329394,0.26620945088665815,0.28224499285376764,0.01603554196710949,0.011300000000000001,0.0035885859452871784,-0.0035885859452871784,0,2,2,2026-04-23T17:46:41.144Z,Called Strike,Four-Seam Fastball
823229,bcba14ce-948c-37a1-a6fe-0a14bb8a6212,2026-04-25,137,SF,San Francisco Giants,fielding,pitcher,669062,Erik Miller,669065,Kyle Stowers,669062,Erik Miller,MIA,SF,8,Top,0,0,---,3,1,Ball,Strike,-0.8217802741399386,2.015695284489851,1.663,3.295,0.007386392526728125,0.0886367103207375,0.29280124441160116,0.8873557488832416,0.9268970940999253,0.03954134521668362,0.011300000000000001,0.00358640914700477,-0.00358640914700477,0,2,2,2026-04-25T22:28:19.870Z,Ball,Sinker
825012,0c226df0-1af4-34c9-8011-912da65a6282,2026-05-01,133,ATH,Athletics,batting,hitter,687231,Darell Hernaiz,687231,Darell Hernaiz,682120,Tim Herrin,ATH,CLE,5,Bot,2,0,---,1,0,Strike,Ball,0.22740463023824817,3.5241432994091904,1.608,3.186,0.21730996607585729,2.6077195929102874,0.9225107246451861,0.35437999313142754,0.359215732691119,0.004835739559691465,0.011300000000000001,0.0035853927938969705,-0.0035853927938969705,0,2,2,2026-05-02T03:18:24.126Z,Called Strike,Four-Seam Fastball
823316,c429a619-81ef-3f6c-a1cc-7c53c1473e36,2026-04-11,135,SD,San Diego Padres,fielding,pitcher,608566,Germán Márquez,666397,Edouard Julien,608566,Germán Márquez,COL,SD,5,Top,1,1,1B--,1,0,Ball,Strike,-0.7949887051330637,2.915436002167319,1.633,3.235,0.034177961533602974,0.4101355384032357,0.3886114654563215,0.7247579845925103,0.7517588216004534,0.02700083700794309,0.011300000000000001,0.0035841443978604764,-0.0035841443978604764,0,2,2,2026-04-12T02:07:30.268Z,Ball,Slider
823713,57a834df-12c2-3a19-b46d-eba2d967090b,2026-05-01,141,TOR,Toronto Blue Jays,batting,hitter,672960,Kazuma Okamoto,672960,Kazuma Okamoto,680573,Simeon Woods Richardson,TOR,MIN,4,Top,0,0,---,0,0,Strike,Ball,0.3960753272400172,3.4936623812479835,1.643,3.256,0.11682904791465054,1.4019485749758065,0.7045926882016196,0.4945785358517297,0.50439132498183,0.009812789130100363,0.011300000000000001,0.0035759168486113476,-0.0035759168486113476,0,2,2,2026-05-02T01:01:32.562Z,Called Strike,Four-Seam Fastball
824218,35ebc999-6820-3d5e-bffc-0a5dbf106ef8,2026-03-26,108,LAA,Los Angeles Angels,fielding,pitcher,667755,José Soriano,514888,Jose Altuve,667755,José Soriano,HOU,LAA,5,Bot,1,0,---,0,0,Ball,Strike,0.5193382921195389,1.5176084709424644,1.477,2.926,0.16144180427579768,1.9373016513095722,0.8296387055861404,0.4595022346347939,0.4661320878999271,0.006629853265133212,0.011300000000000001,0.003575300254234551,-0.003575300254234551,0,2,2,2026-03-26T21:46:43.008Z,Ball,Slider
825017,8617e3d2-467d-32ab-8264-5fbe814a1043,2026-04-28,118,KC,Kansas City Royals,batting,hitter,664728,Kyle Isbel,664728,Kyle Isbel,650644,Aaron Civale,KC,ATH,5,Top,1,0,---,0,0,Strike,Ball,-0.20182312150216009,3.4152437585695545,1.571,3.114,0.18041042523622153,2.1649251028346583,0.8683635839067597,0.3252073750597522,0.33273696461784685,0.007529589558094629,0.022600000000000002,0.0035634383703067366,-0.0035634383703067366,1,1,2,2026-04-29T03:04:37.927Z,Called Strike,Cutter
824931,92f99123-6dbd-3711-a828-2c505490145e,2026-04-28,116,DET,Detroit Tigers,fielding,pitcher,676428,Brant Hurter,573262,Mike Yastrzemski,676428,Brant Hurter,ATL,DET,5,Bot,0,0,---,0,0,Ball,Strike,-0.6227836360835342,2.4829529931721956,1.577,3.125,0.20638303058313257,2.476596366997591,0.9090531662014859,0.18397529826208683,0.18900243893548732,0.0050271406734004875,0.011300000000000001,0.003542238924171774,-0.003542238924171774,0,2,2,2026-04-29T00:45:43.239Z,Ball,Sinker
824041,dde1dc62-a903-3a4b-b021-28c41116be62,2026-05-01,108,LAA,Los Angeles Angels,fielding,pitcher,680704,Nick Sandlin,682626,Francisco Alvarez,680704,Nick Sandlin,NYM,LAA,8,Top,0,1,1B--,0,0,Ball,Strike,0.6773107316732973,1.8148455806262895,1.575,3.121,0.15185593499336947,1.8222712199204336,0.8068537825356045,0.21751281586584859,0.2246055975793283,0.007092781713479712,0.011300000000000001,0.003540285496872802,-0.003540285496872802,0,2,2,2026-05-02T03:42:06.206Z,Ball,Slider
824039,8d26005c-d433-30dc-b443-f8ece4d87d20,2026-05-04,145,CWS,Chicago White Sox,batting,hitter,805367,Chase Meidroth,805367,Chase Meidroth,667755,José Soriano,CWS,LAA,1,Top,2,3,1B2B-,2,0,Strike,Ball,-0.8420552550417804,2.230945704524918,1.548,3.068,0.012888588375113641,0.1546630605013637,0.3113570524662234,0.494702780186213,0.5310645331550774,0.0363617529688644,0.011300000000000001,0.003539822919758893,-0.003539822919758893,0,2,2,2026-05-05T01:48:18.376Z,Called Strike,Sinker
823481,6e84cfbf-760c-36c7-843c-b03ed19d9246,2026-04-13,112,CHC,Chicago Cubs,batting,hitter,663538,Nico Hoerner,663538,Nico Hoerner,650911,Cristopher Sánchez,CHC,PHI,1,Top,0,0,---,2,2,Strike,Ball,-0.873723697627516,2.1553869296720616,1.608,3.186,0.044557030960849286,0.5346843715301914,0.4287170431982947,0.4785568824636504,0.5018189881245473,0.02326210566089687,0.011300000000000001,0.0035173637456467483,-0.0035173637456467483,0,2,2,2026-04-13T22:44:16.830Z,Called Strike,Sinker
824526,8bf2876f-771a-30ee-a8f7-2a84e6ed8661,2026-04-28,115,COL,Colorado Rockies,fielding,pitcher,607536,Kyle Freeland,663886,Tyler Stephenson,607536,Kyle Freeland,CIN,COL,2,Bot,0,0,---,1,1,Ball,Strike,0.44478725083297144,1.750840868065134,1.695,3.36,0.17667420139846723,2.120090416781607,0.8613785485761022,0.1745070410434865,0.18040746725791848,0.005900426214431986,0.011300000000000001,0.003516078167477764,-0.003516078167477764,0,2,2,2026-04-28T23:13:43.778Z,Ball,Knuckle Curve
824780,54196dfb-e91f-310e-baa9-b8c3450f6a0e,2026-04-07,111,BOS,Boston Red Sox,batting,hitter,596115,Trevor Story,596115,Trevor Story,694819,Jacob Misiorowski,BOS,MIL,5,Bot,0,0,---,0,0,Strike,Ball,0.9745034402624242,2.4205390463009784,1.636,3.242,0.14533677359575747,1.7440412831490897,0.7900767952147792,0.5603612588895681,0.5708145069500626,0.010453248060494524,0.022600000000000002,0.0035146042990746315,-0.0035146042990746315,1,1,2,2026-04-07T23:56:39.071Z,Called Strike,Four-Seam Fastball
823149,de27a481-486b-30cd-9b4c-03ef2315be16,2026-04-20,136,SEA,Seattle Mariners,batting,hitter,670042,Luke Raley,670042,Luke Raley,669372,J.T. Ginn,SEA,ATH,3,Bot,2,2,-2B-,1,2,Strike,Ball,0.9301676141577172,2.134643734446082,1.686,3.34,0.10100094749105049,1.2120113698926058,0.6493117172694702,0.8163602162981891,0.827871422423823,0.011511206125633833,0.011300000000000001,0.003511583422423162,-0.003511583422423162,0,2,2,2026-04-21T02:37:49.576Z,Called Strike,Sinker
824044,e4b6b08e-f536-3873-9286-aae27332a977,2026-04-22,108,LAA,Los Angeles Angels,batting,hitter,666176,Jo Adell,666176,Jo Adell,641778,Eric Lauer,LAA,TOR,1,Bot,1,4,--3B,0,0,Strike,Ball,0.9497684886788541,2.3098750897977065,1.668,3.305,0.12060182201218739,1.4472218641462486,0.7170000424568147,0.5819776732151838,0.5913324940058051,0.009354820790621332,0.011300000000000001,0.003509507383813394,-0.003509507383813394,0,2,2,2026-04-22T19:19:44.911Z,Called Strike,Curveball
824211,9e6eef68-1563-39a6-a2a2-1777060d9cac,2026-04-01,117,HOU,Houston Astros,fielding,pitcher,681347,Mike Burrows,657136,Connor Wong,681347,Mike Burrows,BOS,HOU,2,Top,1,3,1B2B-,0,0,Ball,Strike,-0.28502189391513466,1.5014298332008549,1.567,3.106,0.05526316653418828,0.6631579984102594,0.47108496465361244,0.5443359171786185,0.5644513923172781,0.020115475138659633,0.011300000000000001,0.0034993579952719133,-0.0034993579952719133,0,2,2,2026-04-01T18:37:12.689Z,Ball,Sinker
823713,d2b4d0a8-3112-3ee0-b092-6edb00e3a83e,2026-05-01,142,MIN,Minnesota Twins,batting,hitter,680777,Ryan Jeffers,680777,Ryan Jeffers,571578,Patrick Corbin,MIN,TOR,3,Bot,1,1,1B--,0,0,Strike,Ball,0.9144100895880484,2.7939715799544786,1.658,3.285,0.08524342292138165,1.0229210750565798,0.5899829192213538,0.5506682140495694,0.564448824212737,0.013780610163167561,0.011300000000000001,0.0034971315999183534,-0.0034971315999183534,0,2,2,2026-05-02T00:56:20.928Z,Called Strike,Sinker
823873,01987a29-e08a-305b-bd40-d1bf6b464de1,2026-05-05,110,BAL,Baltimore Orioles,fielding,pitcher,605135,Chris Bassitt,669065,Kyle Stowers,605135,Chris Bassitt,MIA,BAL,3,Bot,0,0,---,1,0,Ball,Strike,-0.754999264663538,3.0940426481676067,1.663,3.295,0.07416740200312877,0.8900088240375452,0.5465345468685301,0.6616117663865304,0.6773798612372456,0.015768094850715175,0.011300000000000001,0.00349364895383001,-0.00349364895383001,0,2,2,2026-05-05T23:36:00.046Z,Ball,Changeup
824773,d2a8e3d6-b2b7-3d94-ac5f-cbbf1561f2ad,2026-04-21,147,NYY,New York Yankees,batting,hitter,700250,Ben Rice,700250,Ben Rice,813349,Connelly Early,NYY,BOS,6,Top,0,3,1B2B-,1,1,Strike,Ball,-0.4671397061416118,1.4640379169618076,1.656,3.281,0.07112874970485894,0.8535449964583073,0.5344602801734568,0.7436924769080954,0.7699043706632659,0.026211893755170523,0.022600000000000002,0.0034880184121854427,-0.0034880184121854427,1,1,2,2026-04-22T00:08:15.822Z,Called Strike,Sinker
824616,af2caee7-1e87-3563-8fd1-4fe9972bc2ff,2026-04-14,139,TB,Tampa Bay Rays,batting,hitter,676356,Jonny DeLuca,676356,Jonny DeLuca,702273,Noah Schultz,TB,CWS,1,Top,2,3,1B2B-,0,0,Strike,Ball,-0.2504177161092379,3.4190069286514486,1.581,3.133,0.16517359531811548,1.9820831438173858,0.837912521487161,0.7605423200799707,0.7668823169781314,0.006339996898160671,0.011300000000000001,0.0034807742799635067,-0.0034807742799635067,0,2,2,2026-04-14T23:52:31.973Z,Called Strike,Cutter
824120,f1603e0f-dfc5-3b9d-8ab4-df66cbc7c0af,2026-05-04,118,KC,Kansas City Royals,batting,hitter,672580,Maikel Garcia,672580,Maikel Garcia,676440,Tanner Bibee,KC,CLE,3,Bot,2,1,1B--,0,1,Strike,Ball,0.9362643593495402,2.484580228625915,1.646,3.262,0.1070976926828735,1.285172312194482,0.6711879923255444,0.2826187875572603,0.29333800622106415,0.010719218663803876,0.011300000000000001,0.003479035167535679,-0.003479035167535679,0,2,2,2026-05-05T00:15:55.629Z,Called Strike,Sinker
824691,92d518cb-fa08-3759-b65f-99b96b922d2a,2026-04-19,121,NYM,New York Mets,fielding,pitcher,668964,Tobias Myers,673548,Seiya Suzuki,668964,Tobias Myers,CHC,NYM,2,Bot,0,1,1B--,1,0,Ball,Strike,-0.4613175649798043,1.5110253455714144,1.604,3.178,0.02785867890474769,0.3343041468569723,0.36487635874989244,0.3879853377329697,0.41713312569323224,0.029147787960262517,0.011300000000000001,0.0034584415904283265,-0.0034584415904283265,0,2,2,2026-04-19T18:40:27.975Z,Ball,Cutter
822757,5ca44d44-5ede-3e92-8426-8e619ccde012,2026-04-04,120,WSH,Washington Nationals,batting,hitter,682928,CJ Abrams,682928,CJ Abrams,607192,Tyler Glasnow,WSH,LAD,4,Bot,1,0,---,1,0,Strike,Ball,-0.9420480518877183,1.7515755597601104,1.626,3.223,0.11288138522105162,1.3545766226526195,0.6912782775991336,0.07510557064734777,0.0851367379841874,0.010031167336839633,0.011300000000000001,0.0034457726157893997,-0.0034457726157893997,0,2,2,2026-04-04T21:13:18.643Z,Called Strike,Knuckle Curve
823228,ab819b1e-b5f1-3da5-96ce-8f1da6bcbcc0,2026-05-04,137,SF,San Francisco Giants,fielding,pitcher,676775,Keaton Winn,630105,Jake Cronenworth,676775,Keaton Winn,SD,SF,8,Top,2,0,---,0,1,Ball,Strike,-0.09125033384415286,1.6648137627588087,1.601,3.172,0.18464709609214203,2.2157651531057043,0.8759205753485696,0.924954620745887,0.9304891688276108,0.005534548081723822,0.011300000000000001,0.0034457270414766893,-0.0034457270414766893,0,2,2,2026-05-05T03:32:15.322Z,Ball,Splitter
824865,1fea56fe-f4e0-3378-87ae-7619db9a3859,2026-03-26,142,MIN,Minnesota Twins,batting,hitter,605137,Josh Bell,605137,Josh Bell,669432,Trevor Rogers,MIN,BAL,2,Top,0,3,1B2B-,0,1,Strike,Ball,-0.8891776723639324,2.2701452121036256,1.683,3.335,0.060011005697265696,0.7201320683671883,0.49004533838204173,0.5758712400799264,0.5946589148768129,0.018787674796886478,0.011300000000000001,0.003444324776969063,-0.003444324776969063,0,2,2,2026-03-26T19:29:25.674Z,Called Strike,Four-Seam Fastball
823812,6107a1d7-448a-3761-91f6-e06f19f9e4ad,2026-03-26,145,CWS,Chicago White Sox,fielding,pitcher,656794,Sean Newcomb,669003,Garrett Mitchell,656794,Sean Newcomb,MIL,CWS,4,Bot,0,1,1B--,0,1,Ball,Strike,-0.6306997240184806,2.3936214395926787,1.662,3.293,0.1984669426481861,2.381603311778233,0.8980250787569078,0.12442786730896575,0.12954568694052251,0.005117819631556761,0.011300000000000001,0.003443613767645468,-0.003443613767645468,0,2,2,2026-03-26T19:34:53.553Z,Ball,Sinker
824535,7e50cb5f-0922-3aee-a1e3-c9b142a42b69,2026-04-11,113,CIN,Cincinnati Reds,fielding,pitcher,682227,Brandon Williamson,660162,Yoán Moncada,682227,Brandon Williamson,LAA,CIN,2,Top,1,1,1B--,0,0,Ball,Strike,-0.2967721662759033,1.6260804852812532,1.624,3.217,0.12291381861458639,1.4749658233750367,0.7244454988751295,0.838758187280605,0.8478043782131045,0.009046190932499476,0.011300000000000001,0.00343970644030322,-0.00343970644030322,0,2,2,2026-04-11T20:44:58.860Z,Ball,Cutter
823244,7ad0eb1c-2b51-33ec-b295-b93eb7e41a09,2026-03-25,147,NYY,New York Yankees,batting,hitter,592450,Aaron Judge,592450,Aaron Judge,657277,Logan Webb,NYY,SF,1,Top,1,0,---,0,0,Strike,Ball,-0.6704894308455105,3.8437382879565,1.778,3.523,0.19990495462316682,2.398859455478002,0.900112866037239,0.47601680267325786,0.48108965690846217,0.005072854235204316,0.011300000000000001,0.0034374167508597025,-0.0034374167508597025,0,2,2,2026-03-26T00:27:39.222Z,Called Strike,Sinker
823306,da3c73c4-f16b-3c3e-a077-4016475b1725,2026-05-07,135,SD,San Diego Padres,fielding,pitcher,593974,Wandy Peralta,802139,JJ Wetherholt,593974,Wandy Peralta,STL,SD,8,Top,0,1,1B--,1,1,Ball,Strike,0.7717799890846102,2.4817612766053356,1.563,3.096,0.05738667758205651,0.6886401309846781,0.4795581111892903,0.21343302328244002,0.2328353063663206,0.01940228308388059,0.011300000000000001,0.003423528884904674,-0.003423528884904674,0,2,2,2026-05-08T04:03:07.825Z,Ball,Changeup
824283,17526673-2726-3880-a501-8939c97516d6,2026-05-04,111,BOS,Boston Red Sox,batting,hitter,665966,Carlos Narváez,665966,Carlos Narváez,680744,Ty Madden,BOS,DET,4,Top,2,1,1B--,0,0,Strike,Ball,0.5944663192580063,3.475093063179698,1.605,3.181,0.17325972984636495,2.0791167581563794,0.8547255458176548,0.46369691186102246,0.46961732124800526,0.0059204093869827945,0.011300000000000001,0.003418723812492336,-0.003418723812492336,0,2,2,2026-05-04T23:00:23.800Z,Called Strike,Sinker
823390,7a89392b-4138-360a-8f2e-f81aea2eb3e2,2026-04-28,134,PIT,Pittsburgh Pirates,batting,hitter,694377,Nick Yorke,694377,Nick Yorke,677865,Justin Bruihl,PIT,STL,8,Bot,0,1,1B--,2,2,Strike,Ball,1.1402210097018592,2.880494192643918,1.608,3.186,0.3110543430351925,3.7326521164223103,0.9816006548924284,0.001900389549623391,0.0057977367881504645,0.0038973472385270738,0.022600000000000002,0.0034098134022502555,-0.0034098134022502555,1,1,2,2026-04-29T01:00:02.798Z,Called Strike,Sweeper
824042,60684eb7-a9ee-323c-aeb9-f259fe73493a,2026-05-02,108,LAA,Los Angeles Angels,fielding,pitcher,696147,Sam Bachman,668901,Mark Vientos,696147,Sam Bachman,NYM,LAA,8,Top,1,0,---,1,2,Ball,Strike,-0.8014616134438652,1.573695354958955,1.686,3.34,0.008528688292288367,0.1023442595074604,0.29660006321706334,0.5442758629961943,0.5825702064820789,0.03829434348588456,0.011300000000000001,0.0034096854131221137,-0.0034096854131221137,0,2,2,2026-05-03T03:47:38.161Z,Ball,Slider
823874,d6c1b9c1-e008-323f-a384-614bcd62e027,2026-05-04,146,MIA,Miami Marlins,batting,hitter,683357,Owen Caissie,683357,Owen Caissie,605400,Aaron Nola,MIA,PHI,2,Bot,2,1,1B--,0,1,Strike,Ball,0.9534015338279231,2.972521176274416,1.7,3.369,0.12423486716125642,1.490818405935077,0.7286448331932937,0.51364239314171,0.5225112057776673,0.00886881263595729,0.011300000000000001,0.0033959011188338926,-0.0033959011188338926,0,2,2,2026-05-04T23:14:02.833Z,Called Strike,Four-Seam Fastball
823395,afd98c7a-95be-350b-ad34-cc79f5bbec76,2026-04-27,138,STL,St. Louis Cardinals,batting,hitter,686780,Pedro Pagés,686780,Pedro Pagés,642701,Dennis Santana,STL,PIT,9,Top,1,0,---,0,1,Strike,Ball,0.9268458721051774,1.8419566940103846,1.602,3.174,0.09767920543851072,1.1721504652621286,0.6371157152500324,0.02332264682847737,0.035088761368560685,0.011766114540083316,0.011300000000000001,0.003395784063244354,-0.003395784063244354,0,2,2,2026-04-28T00:49:27.039Z,Called Strike,Slider
822756,e79a213d-fbab-3a64-a300-23af65a25955,2026-04-05,120,WSH,Washington Nationals,fielding,pitcher,656492,Foster Griffin,660271,Shohei Ohtani,656492,Foster Griffin,LAD,WSH,3,Top,1,0,---,0,1,Ball,Strike,-0.197650813615668,1.7176369179708002,1.7,3.369,0.1384702513041336,1.6616430156496032,0.7712749011798714,0.5258170709912202,0.5335705399505637,0.007753468959343479,0.011300000000000001,0.0033954623887513893,-0.0033954623887513893,0,2,2,2026-04-05T20:19:32.968Z,Ball,Sweeper
823635,1cac0531-3ee5-33c5-a5a3-f5d1b809ceba,2026-04-26,121,NYM,New York Mets,batting,hitter,666182,Bo Bichette,666182,Bo Bichette,500779,Jose Quintana,NYM,COL,1,Bot,0,0,---,3,1,Strike,Ball,0.8478249567279307,2.235773463036993,1.596,3.162,0.01865829006126396,0.22389948073516752,0.3314869757753211,0.549517449191342,0.582547818130185,0.033030368938842924,0.011300000000000001,0.0033949399345412712,-0.0033949399345412712,0,2,2,2026-04-26T17:48:39.067Z,Called Strike,Sinker
824863,86b850e4-4eda-3b39-865e-21dd398a8bec,2026-03-30,110,BAL,Baltimore Orioles,fielding,pitcher,608650,Dietrich Enns,694671,Wyatt Langford,608650,Dietrich Enns,TEX,BAL,6,Top,0,1,1B--,1,1,Ball,Strike,-0.7532110870596508,1.768559458726225,1.613,3.196,0.07595557960701593,0.9114669552841912,0.5536153911382738,0.18843671748116333,0.2036768233316122,0.015240105850448854,0.011300000000000001,0.003393011081247431,-0.003393011081247431,0,2,2,2026-03-31T00:22:09.777Z,Ball,Four-Seam Fastball
824781,31da98a3-2887-3bfe-8d2f-04b07193df87,2026-04-05,135,SD,San Diego Padres,batting,hitter,630105,Jake Cronenworth,630105,Jake Cronenworth,543056,Danny Coulombe,SD,BOS,8,Top,2,6,-2B3B,0,0,Strike,Ball,-0.9238286087716314,2.3982019866994184,1.601,3.172,0.0946619421049647,1.1359433052595764,0.6258821110880645,0.7317909716622392,0.7439558179063198,0.012164846244080652,0.011300000000000001,0.003386227503602038,-0.003386227503602038,0,2,2,2026-04-05T20:06:08.110Z,Called Strike,Cutter
824526,5e6dfe8b-9252-3d2c-9509-f07135e62793,2026-04-28,113,CIN,Cincinnati Reds,batting,hitter,667472,Dane Myers,667472,Dane Myers,607536,Kyle Freeland,CIN,COL,5,Bot,0,1,1B--,0,0,Strike,Ball,0.4740075957493559,3.5489674621533576,1.622,3.214,0.21413412882002447,2.5696095458402937,0.9187994656269027,0.8322327067692373,0.836916050178381,0.00468334340914367,0.011300000000000001,0.0033854873832524814,-0.0033854873832524814,0,2,2,2026-04-29T00:01:30.623Z,Called Strike,Sweeper
823566,eea33901-c7d2-3ec4-866b-887d6e1452f3,2026-04-05,146,MIA,Miami Marlins,fielding,pitcher,663978,Chris Paddack,700250,Ben Rice,663978,Chris Paddack,NYY,MIA,5,Bot,1,1,1B--,0,0,Ball,Strike,-0.5976595512433731,1.6698567165389373,1.656,3.281,0.13469004987227073,1.6162805984672488,0.7604304344757361,0.18092679529164,0.18893202449120297,0.00800522919956298,0.011300000000000001,0.003380283827877344,-0.003380283827877344,0,2,2,2026-04-05T22:41:55.170Z,Ball,Changeup
825091,190c79dc-e5a3-3f27-b761-5ed02dace601,2026-05-06,109,AZ,Arizona Diamondbacks,batting,hitter,682998,Corbin Carroll,682998,Corbin Carroll,694973,Paul Skenes,AZ,PIT,4,Bot,2,0,---,0,0,Strike,Ball,0.050009712381426714,3.4283340294225653,1.566,3.103,0.20450069608923194,2.4540083530707832,0.9065323337556384,0.3716231295158623,0.3765039205799394,0.004880791064077128,0.011300000000000001,0.003368410285330218,-0.003368410285330218,0,2,2,2026-05-07T02:34:05.371Z,Called Strike,Four-Seam Fastball
824368,78267ada-8073-3295-ad6f-a72b09ed9605,2026-04-23,115,COL,Colorado Rockies,batting,hitter,686668,Brenton Doyle,686668,Brenton Doyle,670970,Adrian Morejon,COL,SD,6,Bot,0,0,---,0,0,Strike,Ball,1.0888462983739102,2.918251920965647,1.691,3.35,0.2596796317072435,3.116155580486922,0.9591003462032915,0.8440967171243,0.8485704703312303,0.004473753206930331,0.022600000000000002,0.003366446073789355,-0.003366446073789355,1,1,2,2026-04-23T21:05:21.460Z,Called Strike,Slider
823395,c07f4815-83cb-3a8a-b454-77e0edc9a2c1,2026-04-27,134,PIT,Pittsburgh Pirates,fielding,pitcher,642701,Dennis Santana,691026,Masyn Winn,642701,Dennis Santana,STL,PIT,9,Top,1,6,-2B3B,0,1,Ball,Strike,-0.43933172317446667,1.5835842855917774,1.555,3.081,0.14941761892511085,1.7930114271013302,0.8007010827355002,0.05081746908984096,0.05783269836094988,0.007015229271108925,0.011300000000000001,0.0033650239079258426,-0.0033650239079258426,0,2,2,2026-04-28T01:01:45.037Z,Ball,Four-Seam Fastball
824045,cb5b8b23-bda9-3b12-be16-1a9f193f5de0,2026-04-21,108,LAA,Los Angeles Angels,fielding,pitcher,686799,Jack Kochanowicz,650391,Eloy Jiménez,686799,Jack Kochanowicz,TOR,LAA,4,Top,2,0,---,3,0,Ball,Strike,-0.6322770926408425,3.3888004912783285,1.702,3.373,0.10503284205500485,1.2603941046600582,0.6638559674141081,0.5322294124534892,0.5430165512132781,0.010787138759788872,0.011300000000000001,0.003362678868789286,-0.003362678868789286,0,2,2,2026-04-22T02:23:18.459Z,Ball,Four-Seam Fastball
825107,cb95bfb1-70f8-383f-9aa4-001b669a702a,2026-03-31,116,DET,Detroit Tigers,fielding,pitcher,663554,Casey Mize,672515,Gabriel Moreno,663554,Casey Mize,AZ,DET,1,Bot,2,1,1B--,0,0,Ball,Strike,0.2618668930318247,1.6396343003380391,1.55,3.072,0.21046763367137244,2.5256116040564693,0.914313806735321,0.47665905056537716,0.48138378822763034,0.004724737662253176,0.011300000000000001,0.0033516388939095697,-0.0033516388939095697,0,2,2,2026-04-01T01:51:40.792Z,Ball,Slider
823244,ef1435ea-59d1-3be8-b332-6ee5e447d0a8,2026-03-25,137,SF,San Francisco Giants,batting,hitter,656305,Matt Chapman,656305,Matt Chapman,608331,Max Fried,SF,NYY,1,Bot,0,1,1B--,0,0,Strike,Ball,0.17082486135151406,3.5101335393898174,1.641,3.251,0.1383002060564844,1.659602472677813,0.7707945842531837,0.5776498219989336,0.5853477765154255,0.007697954516491912,0.011300000000000001,0.0033435204532002764,-0.0033435204532002764,0,2,2,2026-03-26T00:35:23.046Z,Called Strike,Cutter
822837,fa13ea8b-cc92-3966-9039-1566ed4cc261,2026-03-29,141,TOR,Toronto Blue Jays,batting,hitter,662139,Daulton Varsho,662139,Daulton Varsho,806960,Luis Morales,TOR,ATH,4,Bot,0,0,---,3,1,Strike,Ball,-0.08908889871682588,3.2734235789311783,1.532,3.037,0.11559024559784525,1.387082947174143,0.7004504810018735,0.9145585624501866,0.9241597001775987,0.009601137727412112,0.011300000000000001,0.003340211974652218,-0.003340211974652218,0,2,2,2026-03-29T18:33:24.443Z,Called Strike,Sinker
823321,0388abf6-8e34-3479-82b5-27fb34192e22,2026-04-01,135,SD,San Diego Padres,fielding,pitcher,601713,Nick Pivetta,646240,Rafael Devers,601713,Nick Pivetta,SF,SD,3,Top,2,0,---,2,2,Ball,Strike,-0.17866768713958442,1.6240661744267846,1.624,3.217,0.12089950776011782,1.4507940931214138,0.7179655020832374,0.6561910468842449,0.6697210779547953,0.013530031070550397,0.022600000000000002,0.003340115897850682,-0.003340115897850682,1,1,2,2026-04-01T20:54:34.161Z,Ball,Four-Seam Fastball
823969,6b31c058-b1e9-3f4d-bac3-70e353cb2f3b,2026-03-31,114,CLE,Cleveland Guardians,batting,hitter,677587,Brayan Rocchio,677587,Brayan Rocchio,660271,Shohei Ohtani,CLE,LAD,3,Top,0,0,---,0,0,Strike,Ball,-0.949747203130152,2.232329415263988,1.548,3.068,0.12058053646348532,1.4469664375618239,0.7169309322047098,0.49496021517614797,0.5040645653513268,0.009104350175178855,0.011300000000000001,0.00332850979212231,-0.00332850979212231,0,2,2,2026-04-01T02:45:12.844Z,Called Strike,Curveball
824039,655e313d-354f-35ba-aa74-92328df018a9,2026-05-04,108,LAA,Los Angeles Angels,fielding,pitcher,667755,José Soriano,805367,Chase Meidroth,667755,José Soriano,CWS,LAA,3,Top,1,0,---,1,1,Ball,Strike,0.6960026407366199,1.8014467750862404,1.548,3.068,0.13316402593004684,1.597968311160562,0.7559541142398621,0.29937716473481485,0.3074227832908503,0.008045618556035472,0.011300000000000001,0.003324399939950036,-0.003324399939950036,0,2,2,2026-05-05T02:16:49.700Z,Ball,Splitter
825016,44f1baa4-0149-3eb5-b7d6-64168309a53a,2026-04-30,118,KC,Kansas City Royals,batting,hitter,553869,Elias Díaz,553869,Elias Díaz,665622,Luis Medina,KC,ATH,6,Top,0,1,1B--,2,0,Strike,Ball,0.8469849907917311,2.12526212012976,1.636,3.241,0.017818324125064344,0.21381988950077213,0.32851552163248865,0.19053097519915482,0.24681376370059568,0.05628278850144086,0.022600000000000002,0.0033142204123761225,-0.0033142204123761225,1,1,2,2026-04-30T20:49:50.702Z,Called Strike,Sinker
824698,67db6215-bdc7-32ed-a7d9-e08a34271372,2026-04-01,108,LAA,Los Angeles Angels,fielding,pitcher,579328,Yusei Kikuchi,608324,Alex Bregman,579328,Yusei Kikuchi,CHC,LAA,1,Bot,1,0,---,3,0,Ball,Strike,0.008180285557147678,1.58805000355864,1.578,3.126,0.1308833368919733,1.5706000427036795,0.7491592665662049,0.4502348241884794,0.4584315975204855,0.008196773332006135,0.011300000000000001,0.0033061884098132587,-0.0033061884098132587,0,2,2,2026-04-01T18:29:45.869Z,Ball,Cutter
823479,a922b6c7-cc29-3c99-8ab7-253d759d3e06,2026-04-12,109,AZ,Arizona Diamondbacks,fielding,pitcher,668678,Zac Gallen,666969,Adolis García,668678,Zac Gallen,PHI,AZ,5,Bot,0,0,---,0,1,Ball,Strike,-0.281584371082314,1.6468347616607102,1.623,3.216,0.14466809499404354,1.7360171399285225,0.7882968241935978,0.5894476769083266,0.5997015524801238,0.010253875571797244,0.022600000000000002,0.003298605775699389,-0.003298605775699389,1,1,2,2026-04-12T18:49:37.423Z,Ball,Four-Seam Fastball
823874,d0a70dfa-1692-385e-b89e-3cfcdb4c1481,2026-05-04,146,MIA,Miami Marlins,fielding,pitcher,676083,Janson Junk,702222,Justin Crawford,676083,Janson Junk,PHI,MIA,5,Top,0,0,---,1,2,Ball,Strike,0.4898540397657197,1.5891521367981714,1.655,3.279,0.05498547013150468,0.6598256415780561,0.46997803789408665,0.36357751311006486,0.3833227988332373,0.019745285723172412,0.011300000000000001,0.0032906024700378707,-0.0032906024700378707,0,2,2,2026-05-04T23:58:12.359Z,Ball,Changeup
823002,587ed7b4-8c6c-37f9-b5d8-9223f122568c,2026-04-06,112,CHC,Chicago Cubs,batting,hitter,666185,Dylan Carlson,666185,Dylan Carlson,685801,Hunter Bigge,CHC,TB,7,Top,1,0,---,0,0,Strike,Ball,-0.9376603467563028,2.44423397414939,1.651,3.272,0.10849368008963611,1.3019241610756334,0.6760984043393816,0.2578352583151932,0.26806940458292117,0.01023414626772795,0.011300000000000001,0.003259201930421717,-0.003259201930421717,0,2,2,2026-04-06T21:46:33.441Z,Called Strike,Four-Seam Fastball
823232,d0fd9e37-08b3-38fa-b13c-486b7f96240e,2026-04-24,137,SF,San Francisco Giants,fielding,pitcher,605288,Adrian Houser,681393,Connor Norby,605288,Adrian Houser,MIA,SF,2,Top,0,1,1B--,0,2,Ball,Strike,0.7017854773787487,1.898487190713115,1.571,3.113,0.12738118928791797,1.5285742714550157,0.7384830458648357,0.14563602813313628,0.15404615721530826,0.00841012908217198,0.011300000000000001,0.003255596158991442,-0.003255596158991442,0,2,2,2026-04-25T02:40:07.494Z,Ball,Slider
824375,7ac5046c-c747-3e15-944a-b3a007eaba90,2026-04-07,115,COL,Colorado Rockies,batting,hitter,687859,Troy Johnston,687859,Troy Johnston,681347,Mike Burrows,COL,HOU,4,Bot,1,0,---,0,0,Strike,Ball,-0.9931758225962042,2.2666656520899187,1.594,3.159,0.16400915592953746,1.9681098711544496,0.8353661885499022,0.5303191022949293,0.5364346689726944,0.0061155666777651385,0.011300000000000001,0.0032483755570413466,-0.0032483755570413466,0,2,2,2026-04-08T01:43:04.003Z,Called Strike,Slider
823556,3eef638e-0c8c-3eec-8c77-094213d5a848,2026-04-19,118,KC,Kansas City Royals,batting,hitter,672580,Maikel Garcia,672580,Maikel Garcia,677960,Ryan Weathers,KC,NYY,1,Top,0,0,---,1,0,Strike,Ball,-0.1154405443883929,1.435642492711649,1.646,3.262,0.08952417395501766,1.074290087460212,0.6064434659834131,0.49831041804851356,0.5109728297772236,0.012662411728710021,0.011300000000000001,0.0032318480220804953,-0.0032318480220804953,0,2,2,2026-04-19T20:20:21.300Z,Called Strike,Four-Seam Fastball
824135,0411f8de-ad82-3e4b-bc3b-cfda9041cfd8,2026-03-30,142,MIN,Minnesota Twins,fielding,pitcher,680573,Simeon Woods Richardson,686469,Vinnie Pasquantino,680573,Simeon Woods Richardson,KC,MIN,3,Bot,0,0,---,1,0,Ball,Strike,-0.729765478498375,1.719900228368542,1.697,3.363,0.09940118816829169,1.1928142580195003,0.6434612804276942,0.32042703461366817,0.33169918885234984,0.011272154238681664,0.011300000000000001,0.003224307268433509,-0.003224307268433509,0,2,2,2026-03-30T21:01:10.003Z,Ball,Four-Seam Fastball
824610,c6fd2315-296b-3ec6-b63b-5f992a7fe44d,2026-04-28,145,CWS,Chicago White Sox,fielding,pitcher,663436,Davis Martin,624585,Jorge Soler,663436,Davis Martin,LAA,CWS,1,Top,2,1,1B--,0,0,Ball,Strike,0.3286961546845515,3.2701826392991653,1.693,3.354,0.2046506940341679,2.455808328410015,0.906735488169441,0.5244922579400548,0.5292092933216378,0.004717035381582968,0.011300000000000001,0.0032232143957468423,-0.0032232143957468423,0,2,2,2026-04-28T23:45:08.835Z,Ball,Sinker
824611,deb13d7c-5aa5-3332-b59b-6a29f9feb52d,2026-04-24,120,WSH,Washington Nationals,batting,hitter,696285,Jacob Young,696285,Jacob Young,607200,Erick Fedde,WSH,CWS,2,Top,0,0,---,0,0,Strike,Ball,0.9545940247012946,1.8355528355404793,1.609,3.188,0.1254273580346279,1.5051282964155348,0.7324008317832799,0.49527183050125806,0.5037988584443918,0.008527027943133703,0.011300000000000001,0.003221331757341456,-0.003221331757341456,0,2,2,2026-04-24T23:59:52.376Z,Called Strike,Sinker
824779,3a581011-096f-3456-a937-1857a8d45c4a,2026-04-08,158,MIL,Milwaukee Brewers,fielding,pitcher,675660,Shane Drohan,701350,Roman Anthony,675660,Shane Drohan,BOS,MIL,1,Bot,0,0,---,1,0,Ball,Strike,-0.05468766001128028,1.6488362426379646,1.679,3.326,0.09066957597129788,1.0880349116555745,0.6108087939472842,0.44142201990076185,0.4538934246757912,0.012471404775029338,0.011300000000000001,0.0032197830810683807,-0.0032197830810683807,0,2,2,2026-04-08T17:43:32.606Z,Ball,Four-Seam Fastball
822995,80058c00-bf35-367f-a164-1db8a719d37f,2026-04-21,139,TB,Tampa Bay Rays,batting,hitter,676439,Hunter Feduccia,676439,Hunter Feduccia,695505,Chase Burns,TB,CIN,2,Bot,1,3,1B2B-,0,0,Strike,Ball,0.23511684867035548,1.4656846351609085,1.646,3.262,0.05948203150575804,0.7137843780690964,0.487930471124098,0.209356496093129,0.22781365515871915,0.018457159065590145,0.011300000000000001,0.0032194246421881215,-0.0032194246421881215,0,2,2,2026-04-21T23:17:21.948Z,Called Strike,Four-Seam Fastball
824932,8801de07-3fa3-3217-b480-12d525c41fb4,2026-04-24,144,ATL,Atlanta Braves,fielding,pitcher,607481,Aaron Bummer,669016,Brandon Marsh,607481,Aaron Bummer,PHI,ATL,7,Top,2,1,1B--,0,1,Ball,Strike,-0.7188383386296143,3.196224347634481,1.672,3.312,0.11032832803705239,1.3239399364446287,0.6824931827465494,0.8557630249691935,0.8709939702336423,0.015230945264448792,0.022600000000000002,0.003219362239844155,-0.003219362239844155,1,1,2,2026-04-25T01:13:11.055Z,Ball,Sweeper
824618,e333a00e-414f-3917-9c3d-6cc9edfc25c0,2026-04-07,145,CWS,Chicago White Sox,fielding,pitcher,669684,Chris Murphy,641933,Tyler O'Neill,669684,Chris Murphy,BAL,CWS,8,Top,2,5,1B-3B,0,0,Ball,Strike,0.1794846885241275,1.600998020266698,1.563,3.097,0.15883135360003142,1.905976243200377,0.8236538682666611,0.13309919443101156,0.14184062375578374,0.008741429324772176,0.022600000000000002,0.0032144895003547707,-0.0032144895003547707,1,1,2,2026-04-07T21:46:27.182Z,Ball,Curveball
823956,41031f85-f069-3571-ad43-cca8e39948e8,2026-04-28,119,LAD,Los Angeles Dodgers,batting,hitter,669257,Will Smith,669257,Will Smith,676083,Janson Junk,LAD,MIA,6,Bot,1,0,---,0,0,Strike,Ball,-0.443183155082614,3.381395960502767,1.583,3.138,0.122562627169434,1.470751526033208,0.7233223843060645,0.21839670821402407,0.22716080008286954,0.00876409186884547,0.011300000000000001,0.0032128067695092275,-0.0032128067695092275,0,2,2,2026-04-29T03:47:54.934Z,Called Strike,Four-Seam Fastball
825107,c7d21d1d-48e2-31df-8a98-417fee02a5d5,2026-03-31,109,AZ,Arizona Diamondbacks,fielding,pitcher,694297,Brandon Pfaadt,681481,Kerry Carpenter,694297,Brandon Pfaadt,DET,AZ,2,Top,1,0,---,0,0,Ball,Strike,0.6483768065080877,1.7221569968999764,1.632,3.234,0.180789860158579,2.169478321902948,0.8690559941223549,0.520112747916883,0.525504727163966,0.005391979247083012,0.011300000000000001,0.0032062646184434444,-0.0032062646184434444,0,2,2,2026-04-01T01:56:20.000Z,Ball,Curveball
824537,f4aacfe9-eb18-3e34-833a-bead7ae309ff,2026-03-31,134,PIT,Pittsburgh Pirates,batting,hitter,656811,Ryan O'Hearn,656811,Ryan O'Hearn,682227,Brandon Williamson,PIT,CIN,1,Top,0,1,1B--,0,0,Strike,Ball,0.3605508720116802,3.544012559359792,1.66,3.289,0.13417922602645893,1.6101507123175072,0.7589383092986879,0.5303663105446969,0.5381782083747486,0.007811897830051762,0.011300000000000001,0.003204751426628746,-0.003204751426628746,0,2,2,2026-03-31T22:43:07.116Z,Called Strike,Sinker
823318,d368c909-d402-3381-a7f2-e82f71308ba5,2026-04-10,115,COL,Colorado Rockies,batting,hitter,686668,Brenton Doyle,686668,Brenton Doyle,621111,Walker Buehler,COL,SD,2,Top,2,1,1B--,0,0,Strike,Ball,1.0209734832210169,2.0457667320513337,1.691,3.35,0.19180681655435017,2.301681798652202,0.8878443756337004,0.46890652559213014,0.47394276186914935,0.005036236277019213,0.011300000000000001,0.0032040354975747297,-0.0032040354975747297,0,2,2,2026-04-11T02:01:59.263Z,Called Strike,Slider
824205,eb4cb501-c5b4-37d7-b278-797776d9c96b,2026-04-19,138,STL,St. Louis Cardinals,batting,hitter,691023,Jordan Walker,691023,Jordan Walker,687911,Bryan King,STL,HOU,10,Top,1,0,---,0,0,Strike,Ball,0.9739037696001771,2.5702728918762,1.747,3.461,0.1447371029335104,1.7368452352021246,0.7884810277145777,0.5758073831011655,0.5859323672361023,0.010124984134936788,0.022600000000000002,0.0032030291226582096,-0.0032030291226582096,0,1,1,2026-04-19T20:59:00.536Z,Called Strike,Sweeper
824537,59df8da0-ad97-36bc-9896-f32542bcf77f,2026-03-31,134,PIT,Pittsburgh Pirates,fielding,pitcher,696149,Bubba Chandler,680574,Matt McLain,696149,Bubba Chandler,CIN,PIT,3,Bot,2,1,1B--,0,0,Ball,Strike,0.44512438058619364,1.68002392948825,1.538,3.047,0.2628572628215833,3.1542871538589994,0.961048822370502,0.8609522381327168,0.8647429701566229,0.003790732023906118,0.011300000000000001,0.0032029302402837977,-0.0032029302402837977,0,2,2,2026-03-31T23:35:27.931Z,Ball,Slider
824537,8588cb3a-9eda-3fbd-b23f-52ea1da6b432,2026-03-31,113,CIN,Cincinnati Reds,fielding,pitcher,682227,Brandon Williamson,694377,Nick Yorke,682227,Brandon Williamson,PIT,CIN,4,Top,0,0,---,2,2,Ball,Strike,-0.525289285884798,1.685714348820762,1.608,3.186,0.19854768215409524,2.382572185849143,0.8981433188068848,0.07657079594917364,0.08269268721841262,0.006121891269238983,0.022600000000000002,0.003196374746964789,-0.003196374746964789,1,1,2,2026-03-31T23:45:10.094Z,Ball,Sweeper
824535,3abd6008-ef12-3726-aaf5-9a375e95e6a0,2026-04-11,113,CIN,Cincinnati Reds,fielding,pitcher,682227,Brandon Williamson,545361,Mike Trout,682227,Brandon Williamson,LAA,CIN,3,Top,0,1,1B--,0,0,Ball,Strike,-0.6281798011408879,1.7841758585237244,1.637,3.244,0.20098686552577882,2.411842386309346,0.9016585104819937,0.8828855193513216,0.887662055290872,0.004776535939550408,0.011300000000000001,0.003195545448965261,-0.003195545448965261,0,2,2,2026-04-11T21:04:59.728Z,Ball,Four-Seam Fastball
824116,b796e3b5-0543-3587-a799-ff974b5ddaea,2026-05-08,118,KC,Kansas City Royals,batting,hitter,695600,Carter Jensen,695600,Carter Jensen,672456,Keider Montero,KC,DET,4,Bot,2,0,---,3,2,Strike,Ball,-0.8592017973642022,2.1220599820892354,1.61,3.191,0.030035130697535495,0.36042156837042594,0.37298367879031863,0.49999999999999983,0.5275566919941964,0.02755669199419658,0.011300000000000001,0.0031929119256177627,-0.0031929119256177627,0,2,2,2026-05-09T00:34:15.647Z,Called Strike,Knuckle Curve
823873,ca9eaf33-4f1b-3f73-abc9-1774d5dbf81c,2026-05-05,146,MIA,Miami Marlins,fielding,pitcher,645261,Sandy Alcantara,621493,Taylor Ward,645261,Sandy Alcantara,BAL,MIA,3,Top,0,0,---,3,1,Ball,Strike,-0.8212653562679155,2.483478740476207,1.61,3.19,0.007901310398751193,0.09481572478501432,0.2945101256731681,0.4601288799756735,0.49797309135805323,0.037844211382379755,0.011300000000000001,0.0031734678703334,-0.0031734678703334,0,2,2,2026-05-05T23:26:59.050Z,Ball,Sinker
825102,d79492b7-0f10-3dfe-9efb-a6d35d9a3297,2026-04-05,144,ATL,Atlanta Braves,fielding,pitcher,527048,Martín Pérez,606466,Ketel Marte,527048,Martín Pérez,AZ,ATL,3,Bot,2,0,---,0,0,Ball,Strike,-0.2685093533571789,1.7390493301964176,1.624,3.218,0.23588266352975085,2.83059196235701,0.9412613346227791,0.4862214486843254,0.49029698874020977,0.004075540055884397,0.011300000000000001,0.0031724013535477462,-0.0031724013535477462,0,2,2,2026-04-05T20:54:15.694Z,Ball,Sinker
824206,9101d285-5024-303c-9230-c3b830336381,2026-04-18,117,HOU,Houston Astros,fielding,pitcher,621121,Lance McCullers Jr.,669357,Nolan Gorman,621121,Lance McCullers Jr.,STL,HOU,3,Top,1,0,---,2,1,Ball,Strike,-0.7511610852826174,2.504412591829543,1.624,3.217,0.07800558138404934,0.9360669766085921,0.5617061572878521,0.3929894795310041,0.4074519384034394,0.014462458872435302,0.011300000000000001,0.0031709317755219653,-0.0031709317755219653,0,2,2,2026-04-18T23:55:08.259Z,Ball,Cutter
822993,1ce8d53a-b90b-36d0-99d3-417097f5d872,2026-04-22,113,CIN,Cincinnati Reds,batting,hitter,663993,Nathaniel Lowe,663993,Nathaniel Lowe,607259,Nick Martinez,CIN,TB,5,Top,0,0,---,1,0,Strike,Ball,0.19815332801113464,3.587367857331015,1.699,3.367,0.09953452399768192,1.194414287972183,0.6439505665587248,0.09925579790960774,0.11042578580274405,0.011169987893136307,0.011300000000000001,0.003169561434352812,-0.003169561434352812,0,2,2,2026-04-22T18:11:49.369Z,Called Strike,Cutter
824767,6aa673cf-939d-34d8-958e-b1822654710b,2026-05-07,111,BOS,Boston Red Sox,fielding,pitcher,687562,Jake Bennett,810938,Ben Williamson,687562,Jake Bennett,TB,BOS,4,Top,0,0,---,2,1,Ball,Strike,-0.7334535209895007,3.2936209664559244,1.63,3.23,0.057212366877408716,0.6865484025289046,0.4788620739339415,0.484795913551937,0.5037118804626538,0.018915966910716786,0.011300000000000001,0.0031692805807851917,-0.0031692805807851917,0,2,2,2026-05-08T00:11:56.351Z,Ball,Four-Seam Fastball
825013,87691c72-ef2d-3483-a7f1-68fe27ce1343,2026-05-03,133,ATH,Athletics,batting,hitter,643446,Jeff McNeil,643446,Jeff McNeil,800048,Parker Messick,ATH,CLE,3,Bot,1,0,---,0,0,Strike,Ball,-0.06998896186110466,3.541672912640149,1.622,3.214,0.20683957930681585,2.48207495168179,0.9096552907068306,0.6475138713553357,0.6521179524461455,0.004604081090809786,0.011300000000000001,0.003167231508085583,-0.003167231508085583,0,2,2,2026-05-03T20:47:54.963Z,Called Strike,Slider
823971,a90bc3bb-f1b4-3797-aff4-0810c69b6a56,2026-03-27,109,AZ,Arizona Diamondbacks,batting,hitter,682998,Corbin Carroll,682998,Corbin Carroll,676263,Jack Dreyer,AZ,LAD,5,Top,1,0,---,0,0,Strike,Ball,0.18467148431796318,3.372378210290885,1.566,3.103,0.1485448769575517,1.7825385234906204,0.7984633844339857,0.4673915782384235,0.47419986703556216,0.006808288797138684,0.011300000000000001,0.003158805559271381,-0.003158805559271381,0,2,2,2026-03-28T03:44:30.486Z,Called Strike,Slider
822916,2709a476-481a-3750-baf0-0ac8d8a45574,2026-04-07,136,SEA,Seattle Mariners,fielding,pitcher,669923,George Kirby,694671,Wyatt Langford,669923,George Kirby,TEX,SEA,6,Bot,0,0,---,1,1,Ball,Strike,-0.687766111432495,2.9646958733160282,1.613,3.196,0.14140055523417172,1.6968066628100607,0.7794405049682528,0.2545200622888762,0.26495703309604807,0.010436970807171875,0.022600000000000002,0.003150353208563472,-0.003150353208563472,1,1,2,2026-04-08T01:41:56.863Z,Ball,Sweeper
822758,447b1be0-aa3f-34b3-b0f4-3411f6cbec91,2026-04-03,120,WSH,Washington Nationals,fielding,pitcher,571945,Miles Mikolas,606192,Teoscar Hernández,571945,Miles Mikolas,LAD,WSH,4,Top,1,0,---,0,0,Ball,Strike,0.45251526950209137,1.6802489683150397,1.615,3.2,0.18608230164837303,2.2329876197804763,0.8783948435030943,0.39511604180194526,0.40026374372304296,0.005147701921097703,0.011300000000000001,0.00314757655496816,-0.00314757655496816,0,2,2,2026-04-03T18:01:25.466Z,Ball,Sweeper
824054,1c69b315-0d25-3329-8fbf-f3d9c857fabf,2026-04-04,108,LAA,Los Angeles Angels,fielding,pitcher,686799,Jack Kochanowicz,641487,J.P. Crawford,686799,Jack Kochanowicz,SEA,LAA,2,Top,1,0,---,0,1,Ball,Strike,0.6065919689217251,1.6439975372506803,1.625,3.219,0.13983087058401367,1.677970447008164,0.7750926322837975,0.6295478546527298,0.6368817319518427,0.007333877299112945,0.011300000000000001,0.003142981005422752,-0.003142981005422752,0,2,2,2026-04-05T01:59:05.672Z,Ball,Changeup
823970,64133fc7-9d75-3a70-8e1a-63938b96a729,2026-04-01,114,CLE,Cleveland Guardians,batting,hitter,608070,José Ramírez,608070,José Ramírez,808967,Yoshinobu Yamamoto,CLE,LAD,1,Top,2,0,---,0,0,Strike,Ball,0.143437734004113,3.4418352549592766,1.532,3.035,0.2860019216259433,3.4320230595113195,0.972775360255895,0.46050245150969915,0.4640429536039678,0.0035405020942686494,0.011300000000000001,0.003136474771130549,-0.003136474771130549,0,2,2,2026-04-02T00:23:49.090Z,Called Strike,Curveball
824942,450a69c4-90b6-30e7-aa59-c25a317ccb96,2026-03-31,133,ATH,Athletics,fielding,pitcher,686993,Justin Sterner,686948,Drake Baldwin,686993,Justin Sterner,ATL,ATH,7,Bot,1,3,1B2B-,0,0,Ball,Strike,0.3291472371777616,3.2673855421881393,1.618,3.206,0.05944779114519383,0.713373493742326,0.48779359039697867,0.7913897562268113,0.8215419431199564,0.03015218689314514,0.022600000000000002,0.0031321786458997046,-0.0031321786458997046,1,1,2,2026-04-01T01:18:53.140Z,Ball,Cutter
822829,00b10021-5cf7-3abc-a699-70c0d3561222,2026-04-10,141,TOR,Toronto Blue Jays,batting,hitter,665926,Andrés Giménez,665926,Andrés Giménez,680573,Simeon Woods Richardson,TOR,MIN,3,Bot,0,0,---,0,0,Strike,Ball,0.1626143436125042,3.441443659516746,1.597,3.165,0.15561032618341297,1.8673239142009557,0.816043030612749,0.22746817769650315,0.23640068236438913,0.008932504667885977,0.022600000000000002,0.0031318806719923247,-0.0031318806719923247,1,1,2,2026-04-10T23:55:34.030Z,Called Strike,Four-Seam Fastball
823303,269d06de-ad71-3caa-b860-47930028a7a7,2026-05-08,138,STL,St. Louis Cardinals,batting,hitter,671056,Iván Herrera,671056,Iván Herrera,656288,Griffin Canning,STL,SD,4,Top,0,0,---,0,0,Strike,Ball,-0.3809756801700474,3.4043546456506593,1.602,3.173,0.11052131231732609,1.326255747807913,0.6831619088739421,0.4945785358517297,0.50439132498183,0.009812789130100363,0.011300000000000001,0.00312345332377238,-0.00312345332377238,0,2,2,2026-05-09T02:33:04.354Z,Called Strike,Sinker
824299,40de0507-fe05-3393-a1dd-71b73b72866c,2026-04-03,116,DET,Detroit Tigers,fielding,pitcher,664285,Framber Valdez,691026,Masyn Winn,664285,Framber Valdez,STL,DET,5,Top,1,0,---,1,0,Ball,Strike,-0.35618935070735874,1.4887943909226493,1.555,3.081,0.054627724255982724,0.6555326910717927,0.4685524623463907,0.7635551333566721,0.7830346000517479,0.01947946669507572,0.011300000000000001,0.0031217949096864527,-0.0031217949096864527,0,2,2,2026-04-03T18:28:12.014Z,Ball,Curveball
824210,5efa2d75-95f3-3cce-8e42-ab1351235cef,2026-04-14,115,COL,Colorado Rockies,batting,hitter,696100,Hunter Goodman,696100,Hunter Goodman,676467,Colton Gordon,COL,HOU,3,Top,0,1,1B--,0,1,Strike,Ball,0.9439604678562767,1.8353516188199244,1.604,3.179,0.11479380118961002,1.3775256142753203,0.6977699157260508,0.7280372575866986,0.7373884958288061,0.009351238242107485,0.011300000000000001,0.003109812767833938,-0.003109812767833938,0,2,2,2026-04-15T00:45:39.240Z,Called Strike,Four-Seam Fastball
823318,10eea040-bbc9-37a6-b0c8-45f89d92fa94,2026-04-10,115,COL,Colorado Rockies,batting,hitter,691720,Kyle Karros,691720,Kyle Karros,621111,Walker Buehler,COL,SD,3,Top,1,0,---,0,0,Strike,Ball,0.9967324617845729,2.7132096392080767,1.732,3.432,0.16756579511790615,2.0107895414148738,0.8430438785289202,0.4726483720329142,0.4784212613923371,0.005772889359422884,0.011300000000000001,0.0030931948632629985,-0.0030931948632629985,0,2,2,2026-04-11T02:15:51.111Z,Called Strike,Four-Seam Fastball
822838,d1130679-b2ed-31ed-ace0-178fa17b28a3,2026-03-28,133,ATH,Athletics,fielding,pitcher,605488,Jeffrey Springs,664702,Myles Straw,605488,Jeffrey Springs,TOR,ATH,3,Bot,0,0,---,0,0,Ball,Strike,0.6409520467828498,1.548632447331809,1.551,3.073,0.11846578066514235,1.4215893679817082,0.7100140923320963,0.4411912629148389,0.4501481221700932,0.008956859255254301,0.011300000000000001,0.003082655537618408,-0.003082655537618408,0,2,2,2026-03-28T19:46:08.420Z,Ball,Four-Seam Fastball
823807,d820b660-c6ba-3da0-8be0-591bd5df53b9,2026-03-31,139,TB,Tampa Bay Rays,fielding,pitcher,663556,Shane McClanahan,661388,William Contreras,663556,Shane McClanahan,MIL,TB,1,Bot,2,0,---,0,0,Ball,Strike,0.5737915558983343,2.175031719473572,1.581,3.133,0.2553751107683324,3.064501329219989,0.9563116247154946,0.5921341277643898,0.5958718850921707,0.0037377573277809217,0.011300000000000001,0.0030807821422075073,-0.0030807821422075073,0,2,2,2026-03-31T23:51:26.064Z,Ball,Four-Seam Fastball
825104,6bc5da56-5119-3cb5-b11d-43aa70f88fa5,2026-04-04,109,AZ,Arizona Diamondbacks,fielding,pitcher,647336,Michael Soroka,686948,Drake Baldwin,647336,Michael Soroka,ATL,AZ,5,Top,1,1,1B--,1,1,Ball,Strike,0.7509537582611135,1.9977753987409856,1.618,3.206,0.07821290840555317,0.9385549008666381,0.5625226666316118,0.627519965215295,0.6417785219297307,0.014258556714435766,0.011300000000000001,0.003077267478259693,-0.003077267478259693,0,2,2,2026-04-05T00:28:32.517Z,Ball,Changeup
824864,f61677a3-a2d3-367b-b8db-b8204ce47633,2026-03-29,110,BAL,Baltimore Orioles,batting,hitter,621493,Taylor Ward,621493,Taylor Ward,690953,Mick Abel,BAL,MIN,8,Bot,0,1,1B--,1,0,Strike,Ball,-0.33033857830044583,3.4953682667039807,1.61,3.19,0.18453493337064764,2.2144192004477716,0.875725399538883,0.9465523032349508,0.9532583380652013,0.006706034830250562,0.022600000000000002,0.003064039060621593,-0.003064039060621593,1,1,2,2026-03-29T20:30:14.066Z,Called Strike,Slider
824525,fa3e0b18-621f-34b9-8ba1-e36a3dc32679,2026-04-29,113,CIN,Cincinnati Reds,batting,hitter,680574,Matt McLain,680574,Matt McLain,608372,Tomoyuki Sugano,CIN,COL,3,Bot,1,0,---,0,0,Strike,Ball,-0.13918176378872843,3.4103347488353095,1.538,3.047,0.24250141550197624,2.910016986023715,0.9468500033773491,0.13927264228197345,0.1437677040177076,0.004495061735734163,0.022600000000000002,0.0030549592959893753,-0.0030549592959893753,1,1,2,2026-04-29T23:31:59.924Z,Called Strike,Four-Seam Fastball
824699,f10fc951-7b78-3781-9fa5-ccc5e0e55ea7,2026-03-31,108,LAA,Los Angeles Angels,fielding,pitcher,681217,Chase Silseth,663538,Nico Hoerner,681217,Chase Silseth,CHC,LAA,7,Bot,1,0,---,0,1,Ball,Strike,-0.7201475599222018,3.2143708304146696,1.608,3.186,0.09246250291866343,1.109550035023961,0.617606194529155,0.822507548785115,0.8344442945834468,0.011936745798331816,0.011300000000000001,0.003051158145749044,-0.003051158145749044,0,2,2,2026-04-01T01:46:16.432Z,Ball,Sweeper
824777,7d10fb35-0a2d-34e0-ae35-6202346e8077,2026-04-19,116,DET,Detroit Tigers,batting,hitter,701678,Hao-Yu  Lee,701678,Hao-Yu  Lee,676979,Garrett Crochet,DET,BOS,5,Top,0,0,---,0,0,Strike,Ball,-0.217117053418935,3.3095640415096685,1.558,3.087,0.10173070817633523,1.2207684981160227,0.6519657943423128,0.49409763927906086,0.5048040722603322,0.01070643298127133,0.011300000000000001,0.003047441559275434,-0.003047441559275434,0,2,2,2026-04-19T21:43:16.476Z,Called Strike,Cutter
825106,ba6219da-69fd-37f6-86f7-54eb382e2997,2026-04-01,109,AZ,Arizona Diamondbacks,batting,hitter,672515,Gabriel Moreno,672515,Gabriel Moreno,669373,Tarik Skubal,AZ,DET,6,Bot,2,0,---,0,0,Strike,Ball,-0.34777203255891787,3.470236113248803,1.55,3.072,0.2774027799154699,3.328833358985639,0.9688846554458511,0.7032322091248464,0.706740306981146,0.0035080978562995746,0.011300000000000001,0.00304733878930926,-0.00304733878930926,0,2,2,2026-04-01T21:09:03.321Z,Called Strike,Four-Seam Fastball
824777,12100060-5ce2-384d-9266-49ca9d5b08db,2026-04-19,111,BOS,Boston Red Sox,batting,hitter,678882,Ceddanne Rafaela,678882,Ceddanne Rafaela,664285,Framber Valdez,BOS,DET,4,Bot,2,0,---,0,0,Strike,Ball,-0.08636359875068837,3.4750576764649654,1.57,3.11,0.24422434313163244,2.9306921175795893,0.9482203398408017,0.510687084644763,0.5151306087557983,0.004443524111035324,0.022600000000000002,0.0030432196230588283,-0.0030432196230588283,1,1,2,2026-04-19T21:36:51.936Z,Called Strike,Sinker
824299,27c6a748-7b3d-3b93-a9b1-c983635745c8,2026-04-03,138,STL,St. Louis Cardinals,batting,hitter,671056,Iván Herrera,671056,Iván Herrera,664285,Framber Valdez,STL,DET,5,Top,2,0,---,2,0,Strike,Ball,-0.9319914541796496,2.417544389622182,1.602,3.173,0.10282478751298285,1.2338974501557942,0.6559272126208497,0.1992771508480234,0.2098346379552155,0.01055748710719212,0.011300000000000001,0.003036920593116688,-0.003036920593116688,0,2,2,2026-04-03T18:30:20.355Z,Called Strike,Sinker
824378,b9215042-82aa-3ad7-9c03-32b93d6ef4ca,2026-04-04,115,COL,Colorado Rockies,fielding,pitcher,657514,Brennan Bernardino,656941,Kyle Schwarber,657514,Brennan Bernardino,PHI,COL,1,Top,0,1,1B--,1,0,Ball,Strike,0.7500854861705372,3.274301261821103,1.605,3.181,0.02753207151223025,0.330384858146763,0.36366619969536057,0.4410077206509786,0.46912924963986674,0.028121528988888145,0.011300000000000001,0.0030362776335694395,-0.0030362776335694395,0,2,2,2026-04-05T00:14:11.763Z,Ball,Curveball
823718,f50e15d3-7131-32c2-82d3-5e57e3098934,2026-04-19,113,CIN,Cincinnati Reds,batting,hitter,663647,Ke'Bryan Hayes,663647,Ke'Bryan Hayes,641927,Bailey Ober,CIN,MIN,3,Top,0,0,---,0,1,Strike,Ball,0.96083178850879,2.5335563943859136,1.598,3.166,0.1316651218421233,1.5799814621054797,0.7515025371122048,0.3769814401227199,0.384732518937231,0.007751078814511092,0.011300000000000001,0.003016934063829661,-0.003016934063829661,0,2,2,2026-04-19T18:42:37.368Z,Called Strike,Sweeper
824541,af89cd21-5b8d-3240-adf3-0e76c262c366,2026-03-26,113,CIN,Cincinnati Reds,batting,hitter,663886,Tyler Stephenson,663886,Tyler Stephenson,547973,Aroldis Chapman,CIN,BOS,9,Bot,1,0,---,0,0,Strike,Ball,-0.9585807218771264,2.000270983745005,1.695,3.36,0.12941405521045968,1.5529686625255161,0.7447157332006981,0.015160278392765115,0.023081088633937187,0.007920810241172072,0.011300000000000001,0.0030140397914659453,-0.0030140397914659453,0,2,2,2026-03-26T22:39:51.007Z,Called Strike,Four-Seam Fastball
824621,34ced34e-9ab6-3612-b471-777bcde4ca6c,2026-04-03,141,TOR,Toronto Blue Jays,batting,hitter,680718,Addison Barger,680718,Addison Barger,680732,Sean Burke,TOR,CWS,4,Top,0,0,---,0,0,Strike,Ball,0.24643724484753826,3.402952224350063,1.602,3.175,0.10711889101673,1.28542669220076,0.6712628417280462,0.26285276381420375,0.27286506326023763,0.010012299446033879,0.011300000000000001,0.0030061546899037652,-0.0030061546899037652,0,2,2,2026-04-03T19:14:06.965Z,Called Strike,Knuckle Curve
822825,88681873-89fe-341a-99d9-9733931b2718,2026-04-27,111,BOS,Boston Red Sox,batting,hitter,678882,Ceddanne Rafaela,678882,Ceddanne Rafaela,656302,Dylan Cease,BOS,TOR,4,Top,2,7,1B2B3B,0,0,Strike,Ball,1.0190227116074024,1.9566366565106788,1.57,3.11,0.1898560449407357,2.2782725392888286,0.8846985251737685,0.6303701717519173,0.6352312575114462,0.004861085759528816,0.011300000000000001,0.0029976887366619355,-0.0029976887366619355,0,2,2,2026-04-27T23:56:12.309Z,Called Strike,Slider
824458,a335516d-3332-3b68-aa66-6206ee866a44,2026-04-03,114,CLE,Cleveland Guardians,fielding,pitcher,676282,Joey Cantillo,664023,Ian Happ,676282,Joey Cantillo,CHC,CLE,3,Top,2,3,1B2B-,0,1,Ball,Strike,0.051752114182466835,1.5537923425616262,1.583,3.137,0.09162567589495962,1.0995081107395155,0.6144391360965302,0.39211688087813606,0.40405882439157864,0.011941943513442577,0.011300000000000001,0.0029807596936040105,-0.0029807596936040105,0,2,2,2026-04-03T20:52:23.876Z,Ball,Four-Seam Fastball
822838,db3e9911-f06e-31de-bcf5-c14f49863dc3,2026-03-28,133,ATH,Athletics,fielding,pitcher,665660,Elvis Alvarado,672386,Alejandro Kirk,665660,Elvis Alvarado,TOR,ATH,8,Bot,0,0,---,2,0,Ball,Strike,-0.7800237348802551,1.4958015416367505,1.519,3.01,0.0491429317864116,0.5897151814369392,0.4467741563648753,0.8748485524870523,0.909501966360122,0.03465341387306975,0.022600000000000002,0.0029793456821497824,-0.0029793456821497824,1,1,2,2026-03-28T21:43:29.238Z,Ball,Sinker
824040,bd45ac7b-45b7-361d-a604-2777e5a91ece,2026-05-05,108,LAA,Los Angeles Angels,batting,hitter,666139,Josh Lowe,666139,Josh Lowe,673929,Jordan Leasure,LAA,CWS,7,Bot,1,0,---,0,0,Strike,Ball,0.19384030986445436,3.7002898220303,1.693,3.355,0.22445648869696688,2.6934778643636026,0.9302998069098453,0.769774503480947,0.7738138200227531,0.004039316541806115,0.011300000000000001,0.002970163216971224,-0.002970163216971224,0,2,2,2026-05-06T03:40:47.326Z,Called Strike,Slider
825023,a1d48247-3a62-3f8f-bcb7-7ef1e67ae06a,2026-04-16,133,ATH,Athletics,fielding,pitcher,682052,Jacob Lopez,677649,Ezequiel Duran,682052,Jacob Lopez,TEX,ATH,5,Top,1,0,---,1,0,Ball,Strike,0.5074276321969021,1.532634092994709,1.578,3.126,0.07546742632804238,0.9056091159365085,0.5516844312349876,0.3699729058877248,0.38453256685055315,0.014559660962828347,0.011300000000000001,0.002966372350207566,-0.002966372350207566,0,2,2,2026-04-16T20:12:32.181Z,Ball,Slider
824283,fba962ec-2b25-31cc-871e-a06cfbf5eb6c,2026-05-04,111,BOS,Boston Red Sox,fielding,pitcher,676477,Garrett Whitlock,663837,Matt Vierling,676477,Garrett Whitlock,DET,BOS,8,Bot,2,1,1B--,2,1,Ball,Strike,0.13114955532292072,1.5911646853318364,1.652,3.274,0.05999801866516985,0.7199762239820382,0.48999341095251625,0.9314632369700977,0.9492775234405608,0.017814286470463125,0.011300000000000001,0.002965808535110922,-0.002965808535110922,0,2,2,2026-05-05T00:57:59.040Z,Ball,Sinker
823480,27c30160-7634-3743-8272-5fecbeb95d5d,2026-04-11,109,AZ,Arizona Diamondbacks,batting,hitter,682998,Corbin Carroll,682998,Corbin Carroll,641745,Brad Keller,AZ,PHI,8,Top,1,0,---,0,0,Strike,Ball,-0.5736322522116373,3.3279612083405836,1.566,3.103,0.10412787500725029,1.2495345000870035,0.6606172278933548,0.09505074960942382,0.10534135729055469,0.010290607681130867,0.011300000000000001,0.0029631273948416454,-0.0029631273948416454,0,2,2,2026-04-11T19:14:40.321Z,Called Strike,Slider
823155,17d3545f-8416-3e5d-9131-05d9687751fb,2026-04-11,117,HOU,Houston Astros,fielding,pitcher,621121,Lance McCullers Jr.,677594,Julio Rodríguez,621121,Lance McCullers Jr.,SEA,HOU,4,Bot,0,0,---,0,0,Ball,Strike,-0.6663465992183191,2.508448544574164,1.705,3.378,0.16282006744834765,1.9538408093801718,0.8327329101150283,0.9073686239177651,0.913192822242097,0.005824198324331897,0.011300000000000001,0.002959883504007791,-0.002959883504007791,0,2,2,2026-04-12T02:54:49.584Z,Ball,Sinker
823718,bb67a00c-838d-3c9b-9e1b-8c79531aaead,2026-04-19,113,CIN,Cincinnati Reds,batting,hitter,553993,Eugenio Suárez,553993,Eugenio Suárez,641927,Bailey Ober,CIN,MIN,6,Top,2,0,---,1,2,Strike,Ball,0.9563007705181049,2.6202382150632957,1.6,3.171,0.1271341038514382,1.5256092462172584,0.7377188290411052,0.15345355769460722,0.16549812528154592,0.012044567586938698,0.022600000000000002,0.0029579498328718423,-0.0029579498328718423,1,1,2,2026-04-19T19:40:12.269Z,Called Strike,Four-Seam Fastball
824858,d12ddac1-1912-3e70-a242-6789fea75d9e,2026-04-10,137,SF,San Francisco Giants,fielding,pitcher,694738,Landen Roupp,683002,Gunnar Henderson,694738,Landen Roupp,BAL,SF,3,Bot,1,0,---,1,0,Ball,Strike,0.08297787598502213,1.6201589186026761,1.68,3.329,0.060992251936009545,0.7319070232321145,0.4939693002129945,0.5758509724483021,0.5934127799417737,0.017561807493471582,0.011300000000000001,0.0029568468504323183,-0.0029568468504323183,0,2,2,2026-04-11T00:05:55.950Z,Ball,Sinker
823226,0c40619c-0dbb-3f89-bdec-f5a45c12d51a,2026-05-06,137,SF,San Francisco Giants,batting,hitter,672275,Patrick Bailey,672275,Patrick Bailey,663362,Matt Waldron,SF,SD,6,Bot,0,0,---,0,1,Strike,Ball,0.9369408756288424,2.2341511900572653,1.627,3.224,0.10777420896217571,1.2932905075461085,0.6735724073693532,0.5628246081856823,0.5726865507512175,0.009861942565535298,0.011300000000000001,0.0029541005984795965,-0.0029541005984795965,0,2,2,2026-05-06T20:57:42.118Z,Called Strike,Four-Seam Fastball
823240,7d4cfbcf-a3ca-3847-a75c-ccd7bbe9ab5f,2026-04-03,121,NYM,New York Mets,batting,hitter,596019,Francisco Lindor,596019,Francisco Lindor,641816,Tyler Mahle,NYM,SF,2,Top,1,0,---,0,0,Strike,Ball,-1.0605068216893458,1.948986806966377,1.568,3.108,0.23134015502267913,2.7760818602721495,0.9371117077703328,0.6809955037567644,0.6848971897236259,0.003901685966861468,0.011300000000000001,0.0029456778973938526,-0.0029456778973938526,0,2,2,2026-04-04T02:38:40.689Z,Called Strike,Splitter
822750,90149962-75d4-32ff-ad80-15866849f950,2026-04-19,137,SF,San Francisco Giants,batting,hitter,808982,Jung Hoo Lee,808982,Jung Hoo Lee,571945,Miles Mikolas,SF,WSH,4,Top,0,0,---,1,0,Strike,Ball,0.9002826713023919,2.0150211626774954,1.627,3.224,0.0711160046357252,0.8533920556287025,0.5344095416990876,0.49802244510632765,0.5133742444440013,0.01535179933767361,0.011300000000000001,0.0029429758695022007,-0.0029429758695022007,0,2,2,2026-04-19T18:35:27.106Z,Called Strike,Curveball
823810,dd5eb2dd-390b-3c6b-86e7-27ca329570ca,2026-03-29,158,MIL,Milwaukee Brewers,fielding,pitcher,656730,Trevor Megill,671976,Tristan Peters,656730,Trevor Megill,CWS,MIL,9,Top,0,0,---,1,2,Ball,Strike,-0.7799094395987988,2.591075541054835,1.614,3.197,0.04925722706786795,0.5910867248144154,0.4472262006056131,0.9278315185799701,0.9623377416827437,0.034506223102773514,0.022600000000000002,0.002939399189189883,-0.002939399189189883,1,1,2,2026-03-29T21:14:19.626Z,Ball,Four-Seam Fastball
823232,d0c7ee3f-7d35-31b3-a052-2f39ddea1aae,2026-04-24,146,MIA,Miami Marlins,fielding,pitcher,645261,Sandy Alcantara,671218,Heliot Ramos,645261,Sandy Alcantara,SF,MIA,2,Bot,1,1,1B--,0,0,Ball,Strike,0.7233698280401013,2.6717263630223727,1.607,3.184,0.10579683862656541,1.269562063518785,0.6665782691332057,0.8154412832628689,0.8255013404153141,0.010060057152445179,0.011300000000000001,0.002938149925263258,-0.002938149925263258,0,2,2,2026-04-25T02:48:10.706Z,Ball,Four-Seam Fastball
823393,ebc90635-9cee-32ed-a34e-62c56c51a949,2026-04-19,139,TB,Tampa Bay Rays,fielding,pitcher,663556,Shane McClanahan,695257,Billy Cook,663556,Shane McClanahan,PIT,TB,3,Bot,0,0,---,0,0,Ball,Strike,-0.49828346632733606,1.630890386593092,1.615,3.2,0.1367237199264253,1.6406846391171035,0.7663078836271408,0.3270190245289614,0.3342773439734362,0.007258319444474803,0.011300000000000001,0.0029213864971719006,-0.0029213864971719006,0,2,2,2026-04-19T18:13:17.790Z,Ball,Four-Seam Fastball
824944,4db1ff36-b5da-3c97-84d7-a36a05d78c86,2026-03-29,118,KC,Kansas City Royals,fielding,pitcher,607625,Seth Lugo,622761,Jorge Mateo,607625,Seth Lugo,ATL,KC,3,Bot,1,0,---,0,0,Ball,Strike,-0.6777541797060498,1.6764771408232761,1.614,3.198,0.15141248696061693,1.8169498435274032,0.805745658171133,0.5887314218442566,0.5950781156620364,0.006346693817779747,0.011300000000000001,0.0029187469247514055,-0.0029187469247514055,0,2,2,2026-03-29T18:13:08.818Z,Ball,Four-Seam Fastball
823720,f09319e3-a87f-319e-85c7-ec9741416c5c,2026-04-17,113,CIN,Cincinnati Reds,fielding,pitcher,663574,Tony Santillan,605170,Victor Caratini,663574,Tony Santillan,MIN,CIN,8,Bot,1,1,1B--,1,1,Ball,Strike,-0.2323155530324409,1.5506783785896416,1.615,3.201,0.056511711922974994,0.6781405430756999,0.47606515515919856,0.6722808938899208,0.7032792455635224,0.030998351673601543,0.022600000000000002,0.0029163076057704077,-0.0029163076057704077,1,1,2,2026-04-18T02:27:46.671Z,Ball,Slurve
824450,754b1021-7fc1-3fde-9365-d709e7e16850,2026-04-20,114,CLE,Cleveland Guardians,batting,hitter,700932,Kyle Manzardo,700932,Kyle Manzardo,681293,Spencer Arrighetti,CLE,HOU,5,Bot,0,0,---,1,1,Strike,Ball,1.0081793657958888,2.571157081663023,1.609,3.188,0.17901269912922213,2.1481523895506656,0.865786111809413,0.06850778366900025,0.07537635667837453,0.006868573009374282,0.022600000000000002,0.0029134812463579717,-0.0029134812463579717,1,1,2,2026-04-20T23:47:12.234Z,Called Strike,Four-Seam Fastball
824695,99204874-d90e-3f70-85a8-e1691cb11607,2026-04-10,112,CHC,Chicago Cubs,batting,hitter,608348,Carson Kelly,608348,Carson Kelly,642397,Gregory Soto,CHC,PIT,8,Bot,2,1,1B--,3,0,Strike,Ball,0.8900037590621677,2.0665544654956913,1.644,3.258,0.06083709239550095,0.7300451087460114,0.4933487619488699,0.1460882561288121,0.1635918233284073,0.0175035671995952,0.011300000000000001,0.002910204217631369,-0.002910204217631369,0,2,2,2026-04-10T20:44:06.157Z,Called Strike,Sinker
824044,6279aae4-8b32-3ff8-a62d-a50908d84100,2026-04-22,141,TOR,Toronto Blue Jays,fielding,pitcher,641778,Eric Lauer,687093,Vaughn Grissom,641778,Eric Lauer,LAA,TOR,4,Bot,0,0,---,0,0,Ball,Strike,-0.5531441973330663,1.718085378488984,1.666,3.302,0.17291871182231744,2.0750245418678093,0.8540467274918135,0.21007182575526717,0.21541045963569166,0.005338633880424493,0.011300000000000001,0.0029101708155109523,-0.0029101708155109523,0,2,2,2026-04-22T20:13:19.437Z,Ball,Curveball
824047,2a023871-77f9-3e55-870d-da7807194c23,2026-04-19,108,LAA,Los Angeles Angels,batting,hitter,687093,Vaughn Grissom,687093,Vaughn Grissom,695243,Mason Miller,LAA,SD,9,Bot,1,0,---,0,0,Strike,Ball,-0.6265752697144573,3.477237688197813,1.666,3.302,0.05440435486447992,0.652852258373759,0.4676626201475632,0.10471464532049532,0.12379250319208113,0.019077857871585807,0.011300000000000001,0.002906588606696095,-0.002906588606696095,0,2,2,2026-04-19T22:56:35.615Z,Called Strike,Slider
823309,17256b57-aab2-38c1-a609-d6494de32587,2026-05-01,145,CWS,Chicago White Sox,batting,hitter,805367,Chase Meidroth,805367,Chase Meidroth,608566,Germán Márquez,CWS,SD,2,Top,0,1,1B--,0,0,Strike,Ball,0.9524032697388864,2.458861138532596,1.548,3.068,0.12323660307221973,1.4788392368666368,0.7254752724327935,0.5321391009455453,0.54041877489338,0.008279673947834687,0.011300000000000001,0.002904569291450639,-0.002904569291450639,0,2,2,2026-05-02T02:09:28.642Z,Called Strike,Sinker
824528,c75cd1fd-2b52-3ca8-a76f-1a7e869ed47f,2026-04-26,113,CIN,Cincinnati Reds,fielding,pitcher,695076,Rhett Lowder,663837,Matt Vierling,695076,Rhett Lowder,DET,CIN,1,Top,2,6,-2B3B,0,1,Ball,Strike,0.6564912152317169,2.3102254569323164,1.652,3.274,0.17267545143494978,2.0721054172193973,0.8535608965489302,0.31811626739396,0.32344900793305065,0.0053327405390906635,0.011300000000000001,0.002897056926611963,-0.002897056926611963,0,2,2,2026-04-26T17:51:46.980Z,Ball,Four-Seam Fastball
824935,184018e4-9393-38cb-b177-818ae52691cd,2026-04-14,144,ATL,Atlanta Braves,fielding,pitcher,628452,Raisel Iglesias,681393,Connor Norby,628452,Raisel Iglesias,MIA,ATL,9,Top,0,0,---,0,0,Ball,Strike,0.6928443509763352,1.4832620911026348,1.571,3.113,0.033095424435968246,0.39714509323161895,0.3845042474961848,0.8257522868748202,0.8513352774222088,0.025582990547388662,0.011300000000000001,0.0028816665258325734,-0.0028816665258325734,0,2,2,2026-04-15T01:46:50.973Z,Ball,Sinker
823145,36d00ca3-d781-3216-b174-9a56b42423d0,2026-05-03,118,KC,Kansas City Royals,fielding,pitcher,670167,John Schreiber,686527,Dominic Canzone,670167,John Schreiber,SEA,KC,8,Bot,1,0,---,1,0,Ball,Strike,0.7829725062592752,1.694604882968612,1.619,3.209,0.04619416040739155,0.5543299248886986,0.4351440951546757,0.9213415370081818,0.9426189758710676,0.0212774388628858,0.011300000000000001,0.0028758801564472093,-0.0028758801564472093,0,2,2,2026-05-03T22:24:14.518Z,Ball,Sinker
823002,ed6b80c4-eef1-399b-8159-e9f44077ff8c,2026-04-06,139,TB,Tampa Bay Rays,batting,hitter,810938,Ben Williamson,810938,Ben Williamson,664208,Phil Maton,TB,CHC,7,Bot,0,0,---,0,0,Strike,Ball,0.9778870529514883,2.569044989135955,1.63,3.23,0.14872038628482154,1.7846446354178584,0.7989148919901184,0.7866593443609555,0.7931026771873938,0.006443332826438275,0.011300000000000001,0.002875412828578657,-0.002875412828578657,0,2,2,2026-04-06T21:51:56.060Z,Called Strike,Sweeper
822832,c57937ba-041e-30c2-b80d-48b76226f64a,2026-04-06,119,LAD,Los Angeles Dodgers,fielding,pitcher,680736,Justin Wrobleski,665926,Andrés Giménez,680736,Justin Wrobleski,TOR,LAD,2,Bot,1,0,---,0,0,Ball,Strike,-0.6689452223020836,2.2572006369232946,1.597,3.165,0.16022144436458308,1.922657332374997,0.826861178440118,0.5804590074480678,0.5862903835460597,0.005831376097991892,0.011300000000000001,0.0028652698286864447,-0.0028652698286864447,0,2,2,2026-04-06T23:39:56.945Z,Ball,Four-Seam Fastball
824537,b36457ff-eb7f-3228-a2e8-24a016be7d31,2026-03-31,113,CIN,Cincinnati Reds,fielding,pitcher,682227,Brandon Williamson,693304,Nick Gonzales,682227,Brandon Williamson,PIT,CIN,2,Top,0,0,---,0,0,Ball,Strike,-0.3173962661193354,1.5389246998500314,1.54,3.051,0.11975803318336475,1.437096398200377,0.7142526109024829,0.4962011415556077,0.5047281694987413,0.008527027943133647,0.011300000000000001,0.0028615064748196925,-0.0028615064748196925,0,2,2,2026-03-31T22:59:46.523Z,Ball,Curveball
824116,436b1561-eb23-387a-ad00-a1b1b68d9459,2026-05-08,116,DET,Detroit Tigers,batting,hitter,805808,Kevin McGonigle,805808,Kevin McGonigle,663460,Kris Bubic,DET,KC,5,Top,2,1,1B--,1,1,Strike,Ball,-0.9187654069180053,2.370366353447483,1.557,3.086,0.08959874025133863,1.0751848830160635,0.6067281773479567,0.45318652715754193,0.46516460298851764,0.01197807583097571,0.011300000000000001,0.0028234645210954146,-0.0028234645210954146,0,2,2,2026-05-09T00:42:02.840Z,Called Strike,Sweeper
823711,9d7091c6-9cdf-39ef-a077-c0c6f552dddf,2026-05-03,141,TOR,Toronto Blue Jays,fielding,pitcher,702056,Trey Yesavage,668885,Austin Martin,702056,Trey Yesavage,MIN,TOR,1,Bot,1,1,1B--,1,1,Ball,Strike,0.5349097974066441,1.5640231641841102,1.579,3.13,0.10585649751744364,1.2702779702093236,0.6667903840093977,0.4442788212243367,0.4541587430376791,0.009879921813342407,0.011300000000000001,0.0028225681992076024,-0.0028225681992076024,0,2,2,2026-05-03T17:09:31.403Z,Ball,Slider
823078,b289e341-af97-3d36-af3f-ddd2f470623a,2026-04-01,138,STL,St. Louis Cardinals,batting,hitter,676475,Alec Burleson,676475,Alec Burleson,642547,Freddy Peralta,STL,NYM,4,Bot,1,0,---,0,0,Strike,Ball,-0.9825857196375706,1.8529550973451228,1.623,3.216,0.15341905297090386,1.8410286356508463,0.8107214587263534,0.5303191022949293,0.5364346689726944,0.0061155666777651385,0.011300000000000001,0.0028191736215438246,-0.0028191736215438246,0,2,2,2026-04-01T19:03:30.984Z,Called Strike,Curveball
824779,6b6698ce-7e0b-3b6a-9b2b-8769c6b45875,2026-04-08,158,MIL,Milwaukee Brewers,fielding,pitcher,675660,Shane Drohan,677800,Wilyer Abreu,675660,Shane Drohan,BOS,MIL,1,Bot,2,1,1B--,0,0,Ball,Strike,0.04206725414412679,1.639569725527515,1.573,3.117,0.1874030588608484,2.248836706330181,0.8806341306032052,0.47665905056537716,0.48138378822763034,0.004724737662253176,0.011300000000000001,0.002811930919342764,-0.002811930919342764,0,2,2,2026-04-08T17:47:55.892Z,Ball,Cutter
824370,fa0dd460-da4d-3f21-a45c-54afc8f9c1c5,2026-04-20,115,COL,Colorado Rockies,fielding,pitcher,500779,Jose Quintana,571970,Max Muncy,500779,Jose Quintana,LAD,COL,4,Top,0,0,---,3,0,Ball,Strike,-0.7419104775666264,1.8156604374633913,1.579,3.128,0.0872561891000403,1.0470742692004835,0.5977500493235999,0.1641284675916807,0.17642771793693232,0.012299250345251617,0.011300000000000001,0.0028064530578741356,-0.0028064530578741356,0,2,2,2026-04-21T01:35:37.993Z,Ball,Sinker
824608,f43a6982-c9fa-3542-97df-7a32707c88f1,2026-04-29,145,CWS,Chicago White Sox,fielding,pitcher,663542,Bryan Hudson,545361,Mike Trout,663542,Bryan Hudson,LAA,CWS,8,Top,2,0,---,1,2,Ball,Strike,-0.6954851657514751,2.9418987434689043,1.637,3.244,0.1336815009151916,1.6041780109822992,0.7574783579487356,0.29304984079898555,0.30398439597793453,0.01093455517894898,0.022600000000000002,0.0028016997914915402,-0.0028016997914915402,1,1,2,2026-04-29T19:24:26.252Z,Ball,Four-Seam Fastball
824686,71286b20-50d9-3731-9ffd-625f3fc8ebe4,2026-05-01,112,CHC,Chicago Cubs,batting,hitter,608324,Alex Bregman,608324,Alex Bregman,805299,Brandyn Garcia,CHC,AZ,6,Bot,2,0,---,0,0,Strike,Ball,-0.1663931781240323,3.496330525689379,1.578,3.126,0.24949719235604606,2.9939663082725527,0.9522093579767882,0.7032322091248464,0.706740306981146,0.0035080978562995746,0.011300000000000001,0.0028004093526044715,-0.0028004093526044715,0,2,2,2026-05-01T20:34:42.853Z,Called Strike,Slider
823315,86894a91-d410-3f90-ab5e-d5aff420b402,2026-04-14,136,SEA,Seattle Mariners,batting,hitter,663728,Cal Raleigh,663728,Cal Raleigh,592094,Jason Adam,SEA,SD,8,Top,0,0,---,3,0,Strike,Ball,-0.4461443099968345,3.432104124670004,1.656,3.282,0.029270791336670765,0.3512494960400492,0.3701280918003457,0.1573482717365941,0.20337036800343627,0.04602209626684217,0.022600000000000002,0.002798965546585921,-0.002798965546585921,1,1,2,2026-04-15T03:33:37.148Z,Called Strike,Slider
824528,af8a3519-8533-391b-89fd-b6bea39f4f5f,2026-04-26,116,DET,Detroit Tigers,fielding,pitcher,672456,Keider Montero,670770,TJ Friedl,672456,Keider Montero,CIN,DET,3,Bot,1,0,---,1,0,Ball,Strike,0.7695502334436207,1.5244513528910173,1.536,3.044,0.059616433223045995,0.7153971986765519,0.48846777847145895,0.5758509724483021,0.5934127799417737,0.017561807493471582,0.011300000000000001,0.0027980629890069697,-0.0027980629890069697,0,2,2,2026-04-26T18:26:59.213Z,Ball,Four-Seam Fastball
824378,a7d1817a-6505-33c7-ad51-31f7ccdb9494,2026-04-04,143,PHI,Philadelphia Phillies,fielding,pitcher,621237,José Alvarado,691720,Kyle Karros,621237,José Alvarado,COL,PHI,7,Bot,2,3,1B2B-,0,0,Ball,Strike,0.7123924563720686,3.477345109998191,1.732,3.432,0.07548822333514194,0.9058586800217032,0.5517667289730516,0.6363460929509392,0.6597535970016792,0.02340750405073999,0.022600000000000002,0.0027854100182912248,-0.0027854100182912248,1,1,2,2026-04-05T02:18:19.986Z,Ball,Sinker
824293,6ecc2053-42db-3d41-9f86-1a8760a15897,2026-04-12,116,DET,Detroit Tigers,fielding,pitcher,669373,Tarik Skubal,596103,Austin Slater,669373,Tarik Skubal,MIA,DET,1,Top,0,0,---,0,0,Ball,Strike,0.4700426894701246,1.647214216901011,1.644,3.258,0.12404755023434455,1.4885706028121346,0.7280518418202034,0.4964220845889955,0.5044678333858177,0.008045748796822183,0.011300000000000001,0.0027847080429173744,-0.0027847080429173744,0,2,2,2026-04-12T17:40:40.836Z,Ball,Four-Seam Fastball
823401,3842e2ff-8f56-38ec-9d1b-e0b34be0f502,2026-04-06,134,PIT,Pittsburgh Pirates,batting,hitter,665833,Oneil Cruz,665833,Oneil Cruz,676760,Ron Marinaccio,PIT,SD,7,Bot,1,1,1B--,0,0,Strike,Ball,-0.9376639738418925,1.6807853664133157,1.774,3.516,0.10849730717522577,1.3019676861027092,0.676111112899468,0.0653373428058244,0.074861780260043,0.009524437454218604,0.011300000000000001,0.0027796335826771046,-0.0027796335826771046,0,2,2,2026-04-07T00:54:18.017Z,Called Strike,Changeup
824779,bac63475-ebc4-3054-ac88-85a6e42c182f,2026-04-08,111,BOS,Boston Red Sox,fielding,pitcher,543243,Sonny Gray,663604,Brandon Lockridge,543243,Sonny Gray,MIL,BOS,2,Top,2,0,---,0,0,Ball,Strike,-0.6010160393793422,3.1191493903561938,1.628,3.226,0.22768394297713934,2.732207315725672,0.9335747070965651,0.5382942445076003,0.5420730856853502,0.0037788411777498476,0.011300000000000001,0.0027772247358734386,-0.0027772247358734386,0,2,2,2026-04-08T17:53:55.192Z,Ball,Four-Seam Fastball
823479,647916b1-cdb5-3b25-865c-972267312c82,2026-04-12,143,PHI,Philadelphia Phillies,batting,hitter,664761,Alec Bohm,664761,Alec Bohm,668678,Zac Gallen,PHI,AZ,2,Bot,2,1,1B--,1,1,Strike,Ball,-0.9333688565425086,2.100712339421845,1.719,3.407,0.10420218987584184,1.2504262785101021,0.6608837617601712,0.4022414478356418,0.41223256178131673,0.009991113945674923,0.011300000000000001,0.002770951476482083,-0.002770951476482083,0,2,2,2026-04-12T18:08:09.908Z,Called Strike,Sinker
824782,9b01523f-967c-3246-ba9d-3147b282a958,2026-04-04,111,BOS,Boston Red Sox,batting,hitter,680776,Jarren Duran,680776,Jarren Duran,681190,Randy Vásquez,BOS,SD,1,Bot,2,0,---,2,0,Strike,Ball,-0.9498725730005041,2.405704346892875,1.63,3.23,0.12070590633383738,1.4484708760060485,0.7173378379358916,0.510862981379262,0.5191784487494958,0.008315467370233809,0.011300000000000001,0.002770916953465549,-0.002770916953465549,0,2,2,2026-04-04T20:28:51.119Z,Called Strike,Four-Seam Fastball
822748,27844334-dc71-3fa6-b2b8-866e2785a34e,2026-04-22,144,ATL,Atlanta Braves,fielding,pitcher,800311,Didier Fuentes,695578,James Wood,800311,Didier Fuentes,WSH,ATL,2,Bot,1,0,---,0,0,Ball,Strike,0.623419555018303,2.274689654134514,1.761,3.489,0.20574711164836368,2.468965339780364,0.9082084590947738,0.4690971385955356,0.47442807947771465,0.005330940882179058,0.022600000000000002,0.002767116779671063,-0.002767116779671063,1,1,2,2026-04-22T23:25:01.910Z,Ball,Slider
824122,9103b626-040e-3ba4-9be0-6706e88957bf,2026-04-26,108,LAA,Los Angeles Angels,batting,hitter,545361,Mike Trout,545361,Mike Trout,607625,Seth Lugo,LAA,KC,2,Top,0,6,-2B3B,0,0,Strike,Ball,0.9357615211731063,2.516764985543936,1.637,3.244,0.10659485450643957,1.2791382540772749,0.6694099737940293,0.9301821472685228,0.9398960745672769,0.009713927298754088,0.011300000000000001,0.0027669325223686116,-0.0027669325223686116,0,2,2,2026-04-26T20:36:27.520Z,Called Strike,Four-Seam Fastball
824534,4852e7f7-e24a-38b4-9690-ed93fa924f2b,2026-04-10,113,CIN,Cincinnati Reds,batting,hitter,680574,Matt McLain,680574,Matt McLain,686799,Jack Kochanowicz,CIN,LAA,1,Bot,1,0,---,0,0,Strike,Ball,-0.03345280515921419,3.3445882269465463,1.538,3.047,0.17675489361321306,2.1210587233585567,0.8615326382271419,0.5238954586265776,0.528922377524569,0.00502691889799145,0.011300000000000001,0.002766173512307154,-0.002766173512307154,0,2,2,2026-04-10T22:53:07.365Z,Called Strike,Four-Seam Fastball
823146,62fbef13-22c5-3f8f-b8d0-15de339aebbe,2026-05-01,118,KC,Kansas City Royals,fielding,pitcher,666142,Cole Ragans,668227,Randy Arozarena,666142,Cole Ragans,SEA,KC,1,Bot,2,0,---,0,0,Ball,Strike,0.5590403834766643,1.6950810570794361,1.579,3.128,0.23691439041276952,2.842972684953234,0.9421673951686989,0.6879492590950458,0.6915775929564402,0.003628333861394384,0.011300000000000001,0.00276498942839863,-0.00276498942839863,0,2,2,2026-05-02T02:06:56.223Z,Ball,Four-Seam Fastball
823480,80032d2e-85ee-3e0d-b936-f43dabb4303c,2026-04-11,109,AZ,Arizona Diamondbacks,fielding,pitcher,656464,Kevin Ginkel,656941,Kyle Schwarber,656464,Kevin Ginkel,PHI,AZ,7,Bot,0,0,---,0,0,Ball,Strike,0.5802319935987625,1.7259420589974213,1.605,3.181,0.24177539233075462,2.9013047079690555,0.9462623649636921,0.1106280447833753,0.11418308108641359,0.0035550363030382864,0.011300000000000001,0.0027567617837345104,-0.0027567617837345104,0,2,2,2026-04-11T19:04:21.090Z,Ball,Slider
823633,e4fdc40e-58b2-3c4c-a14d-11fa3da22143,2026-04-29,121,NYM,New York Mets,batting,hitter,682626,Francisco Alvarez,682626,Francisco Alvarez,676917,Cade Cavalli,NYM,WSH,3,Bot,2,0,---,0,2,Strike,Ball,0.9373497345467626,2.0272888142208028,1.575,3.121,0.1081830678800959,1.2981968145611509,0.6750091210061951,0.3754984198877859,0.3850190201936909,0.009520600305905014,0.011300000000000001,0.0027540951113102607,-0.0027540951113102607,0,2,2,2026-04-29T23:59:38.413Z,Called Strike,Four-Seam Fastball
823318,f8ffb6a4-57fe-376c-9362-6ce7e7baa797,2026-04-10,135,SD,San Diego Padres,fielding,pitcher,621111,Walker Buehler,691720,Kyle Karros,621111,Walker Buehler,COL,SD,6,Top,0,0,---,0,0,Ball,Strike,0.21065749783012636,3.4639106403560835,1.732,3.432,0.08892269297724953,1.0670723157269943,0.6041442430473215,0.7758651951174877,0.7878262364665141,0.011961041349026313,0.011300000000000001,0.002753024218299948,-0.002753024218299948,0,2,2,2026-04-11T02:56:18.982Z,Ball,Slider
823718,d35706d6-4ab6-30c7-b98e-f95d2cb7f27a,2026-04-19,142,MIN,Minnesota Twins,fielding,pitcher,641927,Bailey Ober,668715,Spencer Steer,641927,Bailey Ober,CIN,MIN,2,Top,1,0,---,0,0,Ball,Strike,0.6683233554468501,1.643456515870155,1.563,3.096,0.16084331121981665,1.9301197346377998,0.8282809901334919,0.6253292357340613,0.6309894715575557,0.005660235823494397,0.011300000000000001,0.0027478409207814585,-0.0027478409207814585,0,2,2,2026-04-19T18:29:03.996Z,Ball,Slider
823159,de6b796b-d228-31b6-9d8c-686038a1948c,2026-03-30,147,NYY,New York Yankees,fielding,pitcher,621112,Paul Blackburn,645302,Victor Robles,621112,Paul Blackburn,SEA,NYY,8,Bot,2,1,1B--,0,1,Ball,Strike,0.5603928946753356,1.568624541856197,1.614,3.199,0.07545787518953029,0.9054945022743635,0.5516466346027933,0.4543458544878705,0.4685103841763731,0.01416452968850257,0.011300000000000001,0.002747422104405358,-0.002747422104405358,0,2,2,2026-03-31T04:09:19.823Z,Ball,Sinker
825102,94246931-e32b-34a5-b863-0154bd2593d5,2026-04-05,109,AZ,Arizona Diamondbacks,batting,hitter,571448,Nolan Arenado,571448,Nolan Arenado,641755,Tyler Kinley,AZ,ATL,6,Bot,1,4,--3B,0,0,Strike,Ball,0.9137101973727205,2.3818432830822265,1.654,3.277,0.0845435307060538,1.0145223684726457,0.5872713179467978,0.6404380033439367,0.6530568359474617,0.012618832603524921,0.011300000000000001,0.0027468443468209158,-0.0027468443468209158,0,2,2,2026-04-05T21:52:42.767Z,Called Strike,Slider
822999,1e29d1bb-a45b-377a-b99d-c70405a349b8,2026-04-07,139,TB,Tampa Bay Rays,batting,hitter,680700,Richie Palacios,680700,Richie Palacios,665871,Javier Assad,TB,CHC,3,Bot,1,0,---,0,0,Strike,Ball,-0.2093821631272893,3.353473445634815,1.534,3.04,0.19264011230148181,2.3116813476177818,0.8891651562657438,0.13927264228197345,0.1437677040177076,0.004495061735734163,0.011300000000000001,0.0027444185364811366,-0.0027444185364811366,0,2,2,2026-04-07T23:23:49.706Z,Called Strike,Four-Seam Fastball
823070,5f70c1ca-3234-393b-a8dc-61381380e64b,2026-04-25,138,STL,St. Louis Cardinals,fielding,pitcher,669461,Matthew Liberatore,641487,J.P. Crawford,669461,Matthew Liberatore,SEA,STL,3,Top,2,2,-2B-,3,0,Ball,Strike,-0.7503557576334767,1.6853160850336004,1.625,3.219,0.07881090903318999,0.9457309083982799,0.5648758413262978,0.39180389874282473,0.40534726345314764,0.013543364710322914,0.011300000000000001,0.002733416542119711,-0.002733416542119711,0,2,2,2026-04-25T18:57:54.319Z,Ball,Four-Seam Fastball
824460,2ea77c8d-7948-3de6-b63f-b93e8c08bb26,2026-04-05,114,CLE,Cleveland Guardians,batting,hitter,672356,Gabriel Arias,672356,Gabriel Arias,684007,Shota Imanaga,CLE,CHC,2,Bot,2,1,1B--,0,0,Strike,Ball,-0.129363634657641,3.5377818869306004,1.636,3.242,0.17494855359726724,2.099382643167207,0.8580487049699318,0.5199104725194692,0.5249545415682318,0.005044069048762645,0.011300000000000001,0.0027240072812299326,-0.0027240072812299326,0,2,2,2026-04-05T21:05:10.851Z,Called Strike,Sweeper
823163,bce7aabd-a6e8-354e-8f7d-6fec271ef436,2026-03-26,114,CLE,Cleveland Guardians,batting,hitter,680757,Steven Kwan,680757,Steven Kwan,642100,Gabe Speier,CLE,SEA,7,Top,1,1,1B--,0,0,Strike,Ball,-0.16904221030435146,3.225252230461204,1.525,3.023,0.08141889712787087,0.9770267655344504,0.5751029964486647,0.49264976932762067,0.51407030051734,0.021420531189719372,0.022600000000000002,0.0027163393924695117,-0.0027163393924695117,1,1,2,2026-03-27T04:03:59.531Z,Called Strike,Sinker
824048,01835942-8572-3a7c-8ba7-b3d3584d0b65,2026-04-17,108,LAA,Los Angeles Angels,fielding,pitcher,667755,José Soriano,664034,Ty France,667755,José Soriano,SD,LAA,3,Top,1,0,---,0,0,Ball,Strike,0.17716169185027908,1.6198543013785944,1.566,3.103,0.17468763471192772,2.0962516165431326,0.8575394610991879,0.8153521587063929,0.8203956173001524,0.005043458593759542,0.011300000000000001,0.002715160674989449,-0.002715160674989449,0,2,2,2026-04-18T02:16:54.699Z,Ball,Sinker
824364,81f8de8c-f8a3-3a6e-9c40-3aafff2eaff0,2026-05-03,144,ATL,Atlanta Braves,fielding,pitcher,675911,Spencer Strider,687859,Troy Johnston,675911,Spencer Strider,COL,ATL,1,Bot,2,1,1B--,2,1,Ball,Strike,-0.7515148241924535,1.8477348797646262,1.594,3.159,0.0776518424742132,0.9318221096905583,0.5603122691822311,0.36544987702421344,0.3791618309947351,0.013711953970521662,0.011300000000000001,0.002714504685904507,-0.002714504685904507,0,2,2,2026-05-03T19:24:10.494Z,Ball,Curveball
823163,df98e295-5beb-3aba-9570-6bd9dd16be5e,2026-03-26,136,SEA,Seattle Mariners,fielding,pitcher,668984,Casey Legumina,656555,Rhys Hoskins,668984,Casey Legumina,CLE,SEA,8,Top,1,0,---,3,1,Ball,Strike,0.7420543844611589,1.924609979947885,1.683,3.334,0.08711228220550782,1.0453473864660938,0.5971962980091774,0.2512306220299751,0.26339144708886214,0.012160825058887048,0.011300000000000001,0.0027107178734082854,-0.0027107178734082854,0,2,2,2026-03-27T04:24:08.315Z,Ball,Sinker
824684,18c3b7e6-2a28-3256-afe8-faa3c06e57ae,2026-05-04,112,CHC,Chicago Cubs,batting,hitter,608324,Alex Bregman,608324,Alex Bregman,695534,Chase Petty,CHC,CIN,1,Bot,2,0,---,0,0,Strike,Ball,0.22292406112220056,3.485315720179659,1.578,3.126,0.23848238684632594,2.8617886421559113,0.9435193189750772,0.5083306888123275,0.5118756092718646,0.0035449204595371375,0.011300000000000001,0.0027064692422216706,-0.0027064692422216706,0,2,2,2026-05-05T00:58:39.767Z,Called Strike,Sinker
823320,e454dc5d-cacb-3325-9f7f-06df24498838,2026-03-30,137,SF,San Francisco Giants,batting,hitter,650333,Luis Arraez,650333,Luis Arraez,621111,Walker Buehler,SF,SD,2,Top,0,0,---,1,0,Strike,Ball,-0.0015079231009590035,3.3237920346766185,1.577,3.124,0.07895870134328531,0.9475044161194237,0.565456968515685,0.498229055328934,0.5116318328942335,0.013402777565299506,0.011300000000000001,0.002668357715991534,-0.002668357715991534,0,2,2,2026-03-31T01:52:10.800Z,Called Strike,Cutter
823394,d093b7f0-2ec2-34ef-9d76-617a5b3c5f5c,2026-04-18,134,PIT,Pittsburgh Pirates,batting,hitter,668804,Bryan Reynolds,668804,Bryan Reynolds,656876,Drew Rasmussen,PIT,TB,4,Bot,0,0,---,1,0,Strike,Ball,-0.4319654394242654,3.5620185805733553,1.657,3.284,0.15718524724002236,1.8862229668802684,0.8197957000340228,0.7865099111502435,0.7947317137788726,0.008221802628629149,0.022600000000000002,0.0026675812622475167,-0.0026675812622475167,1,1,2,2026-04-18T20:33:16.692Z,Called Strike,Four-Seam Fastball
823876,74fbaab5-d269-3a86-88e9-7534cfeac01a,2026-05-02,143,PHI,Philadelphia Phillies,fielding,pitcher,691725,Andrew Painter,669065,Kyle Stowers,691725,Andrew Painter,MIA,PHI,4,Bot,2,0,---,2,2,Ball,Strike,0.7152422999037626,1.6958274355818004,1.663,3.295,0.11392436676290407,1.3670924011548489,0.6948282305675149,0.2378178179118774,0.24661258046485082,0.008794762552973429,0.011300000000000001,0.002662408308356885,-0.002662408308356885,0,2,2,2026-05-02T21:15:42.012Z,Ball,Curveball
823143,e89fc88c-4513-38ba-b989-f8b4f6849d4f,2026-05-04,136,SEA,Seattle Mariners,batting,hitter,702284,Cole Young,702284,Cole Young,641755,Tyler Kinley,SEA,ATL,6,Bot,0,0,---,0,0,Strike,Ball,-0.25427963130253256,3.3279647997350255,1.581,3.133,0.07413146640169233,0.8895775968203079,0.5463920457300063,0.3853354594134724,0.3995842325998479,0.014248773186375463,0.011300000000000001,0.0026596464471956216,-0.0026596464471956216,0,2,2,2026-05-05T03:22:36.829Z,Called Strike,Slider
824456,d0c9eda5-f3fb-34cd-80e4-cca24ce4b58c,2026-04-06,118,KC,Kansas City Royals,batting,hitter,521692,Salvador Perez,521692,Salvador Perez,663465,Kolby Allard,KC,CLE,8,Top,1,0,---,0,0,Strike,Ball,-0.4135927961718268,3.6482478245069454,1.672,3.312,0.21541449117361244,2.5849738940833493,0.9203147960062178,0.7228750773214184,0.7277185245260435,0.00484344720462504,0.022600000000000002,0.0026566105158319017,-0.0026566105158319017,1,1,2,2026-04-07T00:16:41.620Z,Called Strike,Four-Seam Fastball
823470,e6166de7-2dc3-3ade-a07b-a8b3e1521ce4,2026-05-06,143,PHI,Philadelphia Phillies,batting,hitter,681082,Bryson Stott,681082,Bryson Stott,678022,Jack Perkins,PHI,ATH,7,Bot,0,0,---,0,0,Strike,Ball,-0.8891348170776177,2.8125319277228815,1.628,3.225,0.05996815041095094,0.7196178049314113,0.4898739863612147,0.3512353600190864,0.3684055290501534,0.017170169031066995,0.011300000000000001,0.0026467951956263896,-0.0026467951956263896,0,2,2,2026-05-07T00:31:10.351Z,Called Strike,Four-Seam Fastball
822746,aa174999-97f1-3d14-aa0c-6791f6c53f11,2026-05-02,120,WSH,Washington Nationals,batting,hitter,682928,CJ Abrams,682928,CJ Abrams,690986,Kyle Harrison,WSH,MIL,2,Bot,0,0,---,3,0,Strike,Ball,0.19852953614756527,3.3755513546706615,1.626,3.223,0.031718021337328484,0.3806162560479418,0.37930206382352516,0.2613895446494691,0.2868569217776113,0.025467377128142177,0.011300000000000001,0.0026459420260822033,-0.0026459420260822033,0,2,2,2026-05-02T20:34:16.978Z,Called Strike,Four-Seam Fastball
823634,8127e824-667e-34b4-86ee-10c3019956e1,2026-04-30,120,WSH,Washington Nationals,batting,hitter,671277,Luis García Jr.,671277,Luis García Jr.,642547,Freddy Peralta,WSH,NYM,5,Top,2,0,---,1,0,Strike,Ball,-1.0247387084193516,1.9734172356809883,1.639,3.248,0.19557204175268483,2.346864501032218,0.8937045414046795,0.44824288094513653,0.4525408375094179,0.004297956564281391,0.011300000000000001,0.00263996461813121,-0.00263996461813121,0,2,2,2026-04-30T18:19:48.181Z,Called Strike,Four-Seam Fastball
824451,4e9ee274-abe6-37a2-9902-c91da92376b2,2026-04-18,114,CLE,Cleveland Guardians,fielding,pitcher,668909,Gavin Williams,681297,Colton Cowser,668909,Gavin Williams,BAL,CLE,6,Top,2,0,---,0,2,Ball,Strike,-0.6873007996249999,3.2236933782453705,1.68,3.329,0.14186586704166682,1.7023904045000018,0.7807177322961747,0.8368255022614549,0.8465464423053924,0.009720940043937532,0.022600000000000002,0.0026335310167835344,-0.0026335310167835344,1,1,2,2026-04-18T23:42:19.855Z,Ball,Sweeper
824612,3fc344be-7c50-3aca-878b-90a50cbd371b,2026-04-26,145,CWS,Chicago White Sox,fielding,pitcher,663542,Bryan Hudson,678554,Curtis Mead,663542,Bryan Hudson,WSH,CWS,1,Top,1,0,---,0,0,Ball,Strike,-0.3833667638399653,1.6891597593901435,1.639,3.247,0.17099309272347685,2.051917112681722,0.8501642005249894,0.5189103430915372,0.5239831973267415,0.005072854235204316,0.011300000000000001,0.002619614531184664,-0.002619614531184664,0,2,2,2026-04-26T18:11:32.607Z,Ball,Four-Seam Fastball
823479,2f58eaf7-2249-3d27-87ca-c020696019b6,2026-04-12,109,AZ,Arizona Diamondbacks,batting,hitter,672695,Geraldo Perdomo,672695,Geraldo Perdomo,647315,Zach Pop,AZ,PHI,1,Top,1,2,-2B-,0,0,Strike,Ball,-0.8661517388966441,2.6638706506487044,1.674,3.317,0.03698507222997738,0.44382086675972854,0.3993344883311365,0.5042300729551167,0.5277593590195041,0.023529286064387422,0.011300000000000001,0.0026085351294609337,-0.0026085351294609337,0,2,2,2026-04-12T17:40:03.979Z,Called Strike,Cutter
823715,6d8a5444-c5aa-3db4-aa3c-701a3dff0a13,2026-05-02,141,TOR,Toronto Blue Jays,batting,hitter,665489,Vladimir Guerrero Jr.,665489,Vladimir Guerrero Jr.,687570,Connor Prielipp,TOR,MIN,1,Top,2,0,---,0,0,Strike,Ball,-0.1228373440251139,3.561241445603202,1.619,3.209,0.23140811226986902,2.776897347238428,0.9371757565001355,0.46050245150969915,0.4640429536039678,0.0035405020942686494,0.011300000000000001,0.002608158777038067,-0.002608158777038067,0,2,2,2026-05-02T18:13:27.836Z,Called Strike,Four-Seam Fastball
823476,71186b2f-a64d-3700-9592-7b38839aad9c,2026-04-17,143,PHI,Philadelphia Phillies,fielding,pitcher,592836,Taijuan Walker,660670,Ronald Acuña Jr.,592836,Taijuan Walker,ATL,PHI,1,Top,0,0,---,2,1,Ball,Strike,0.7599493955927406,2.966866739057212,1.615,3.201,0.06921727107392617,0.830607252887114,0.5268432500390473,0.4878322034205372,0.502912061664889,0.015079858244351818,0.011300000000000001,0.002598050253023668,-0.002598050253023668,0,2,2,2026-04-17T22:41:58.198Z,Ball,Sinker
823562,09af46bf-d0a1-3f33-95f4-a7b00850eab6,2026-04-14,108,LAA,Los Angeles Angels,fielding,pitcher,672282,Reid Detmers,519317,Giancarlo Stanton,672282,Reid Detmers,NYY,LAA,2,Bot,0,0,---,0,0,Ball,Strike,0.5062440389899717,1.7276088648793533,1.732,3.432,0.11644219821268664,1.3973063785522397,0.7033027451153027,0.7468538139409896,0.7553078076733283,0.008453993732338683,0.011300000000000001,0.002593038018944278,-0.002593038018944278,0,2,2,2026-04-14T23:40:47.090Z,Ball,Slider
824775,af7795d5-4775-30da-b8b0-36322be357d4,2026-04-18,116,DET,Detroit Tigers,fielding,pitcher,669373,Tarik Skubal,596115,Trevor Story,669373,Tarik Skubal,BOS,DET,4,Bot,2,1,1B--,1,2,Ball,Strike,-0.6027186734670282,1.587687328884321,1.636,3.242,0.07252066221765441,0.8702479466118529,0.5399970056377273,0.8844447193929287,0.89886539397672,0.01442067458379137,0.011300000000000001,0.002589087258229739,-0.002589087258229739,0,2,2,2026-04-18T21:20:14.372Z,Ball,Slider
824375,66ca2e03-f963-35bb-9eff-ca5f278d4683,2026-04-07,117,HOU,Houston Astros,fielding,pitcher,681347,Mike Burrows,666397,Edouard Julien,681347,Mike Burrows,COL,HOU,1,Bot,0,0,---,0,0,Ball,Strike,0.4136335551387534,3.233922047082256,1.633,3.235,0.12191128625107694,1.4629354350129233,0.7212319223639411,0.4487108639906952,0.45665889066653836,0.007948026675843156,0.011300000000000001,0.0025822912811307775,-0.0025822912811307775,0,2,2,2026-04-08T00:49:03.953Z,Ball,Changeup
823892,f33fcfa5-4ffb-3d78-8116-49789e959bf7,2026-03-28,146,MIA,Miami Marlins,batting,hitter,805300,Jakob Marsee,805300,Jakob Marsee,547179,Michael Lorenzen,MIA,COL,1,Bot,0,0,---,1,0,Strike,Ball,-0.18888418412188018,3.4164951606934637,1.621,3.212,0.08366182736013039,1.0039419283215647,0.5838477912705998,0.5461065753242081,0.5585779800992374,0.012471404775029282,0.011300000000000001,0.0025788821733002355,-0.0025788821733002355,0,2,2,2026-03-28T20:16:48.934Z,Called Strike,Slider
822987,2c9e122b-4a44-3447-9b8c-cbf4a51f6ab1,2026-05-03,137,SF,San Francisco Giants,fielding,pitcher,641816,Tyler Mahle,666018,Jonathan Aranda,641816,Tyler Mahle,TB,SF,3,Bot,2,1,1B--,0,1,Ball,Strike,-0.7326420901307614,1.799442267146423,1.61,3.189,0.0965245765359053,1.1582949184308635,0.6328338006334254,0.598282653662973,0.6089117739459239,0.010629120282950932,0.011300000000000001,0.002577488533207375,-0.002577488533207375,0,2,2,2026-05-03T18:26:24.230Z,Ball,Splitter
824460,53de3cf0-5434-3c35-8c03-ab5abaa62b1b,2026-04-05,114,CLE,Cleveland Guardians,batting,hitter,680757,Steven Kwan,680757,Steven Kwan,676962,Ben Brown,CLE,CHC,7,Bot,1,0,---,2,1,Strike,Ball,-0.584290571773226,3.2156345368628316,1.525,3.023,0.07180120352949837,0.8616144423539804,0.5371363007364273,0.550921021416311,0.5751899348406528,0.024268913424341787,0.022600000000000002,0.002574994776286822,-0.002574994776286822,1,1,2,2026-04-05T22:43:57.733Z,Called Strike,Knuckle Curve
823964,d218fdce-c43d-3688-a247-0f4c757b439c,2026-04-13,119,LAD,Los Angeles Dodgers,fielding,pitcher,680736,Justin Wrobleski,596019,Francisco Lindor,680736,Justin Wrobleski,NYM,LAD,4,Top,0,0,---,0,0,Ball,Strike,-0.6930029648417246,2.50473680367128,1.568,3.108,0.13616370182494208,1.633964421899305,0.7646994466815821,0.8762410385813046,0.8830775773149416,0.006836538733636988,0.011300000000000001,0.0025690011343312857,-0.0025690011343312857,0,2,2,2026-04-14T03:06:46.112Z,Ball,Four-Seam Fastball
823642,c35fca62-7eb3-34f1-a9c8-cd764f8852eb,2026-04-12,133,ATH,Athletics,batting,hitter,701762,Nick Kurtz,701762,Nick Kurtz,642547,Freddy Peralta,ATH,NYM,5,Top,1,0,---,3,0,Strike,Ball,-0.940848366040739,2.555048016909379,1.722,3.413,0.11168169937407224,1.340180392488867,0.6871668588195263,0.6329255087082102,0.6418022140905963,0.008876705382386163,0.011300000000000001,0.002564763258941329,-0.002564763258941329,0,2,2,2026-04-12T18:48:55.452Z,Called Strike,Four-Seam Fastball
824941,90ee2db9-c772-39bd-882d-86a14cc46629,2026-04-10,144,ATL,Atlanta Braves,fielding,pitcher,693821,Bryce Elder,680757,Steven Kwan,693821,Bryce Elder,CLE,ATL,3,Top,2,0,---,0,0,Ball,Strike,0.5906963378294728,2.5679650182940024,1.525,3.023,0.23847032883719388,2.8616439460463265,0.943509036835988,0.5411497046225792,0.5452207641534084,0.004071059530829202,0.022600000000000002,0.0025643856893279573,-0.0025643856893279573,1,1,2,2026-04-10T23:44:55.873Z,Ball,Cutter
823399,0b159903-501c-3b34-8dc5-b54af7e3a95b,2026-04-15,134,PIT,Pittsburgh Pirates,batting,hitter,664040,Brandon Lowe,664040,Brandon Lowe,663623,Jake Irvin,PIT,WSH,5,Bot,1,0,---,0,0,Strike,Ball,-1.087067500532296,1.9800311088242395,1.559,3.088,0.25790083386562934,3.094810006387552,0.957969216007775,0.7980477970038705,0.8012198238766043,0.0031720268727337686,0.011300000000000001,0.0025637562373162196,-0.0025637562373162196,0,2,2,2026-04-15T23:53:51.486Z,Called Strike,Sinker
823565,5f1b5de5-7d25-3857-87ce-2b36316bce83,2026-04-09,133,ATH,Athletics,fielding,pitcher,605488,Jeffrey Springs,642708,Amed Rosario,605488,Jeffrey Springs,NYY,ATH,3,Bot,2,1,1B--,0,0,Ball,Strike,0.5854453166995565,1.6909954386658759,1.651,3.271,0.1608287719992092,1.9299452639905104,0.8282479006229052,0.4730633271985662,0.47849828364065117,0.0054349564420849705,0.011300000000000001,0.00256069254017264,-0.00256069254017264,0,2,2,2026-04-09T18:17:00.985Z,Ball,Slider
823633,9b906e4f-4874-326a-a3db-e68eed561269,2026-04-29,120,WSH,Washington Nationals,fielding,pitcher,676917,Cade Cavalli,665742,Juan Soto,676917,Cade Cavalli,NYM,WSH,1,Bot,1,0,---,0,0,Ball,Strike,-0.4312083992531384,1.6859150473020519,1.645,3.259,0.1617483806353852,1.9409805676246226,0.8303308808052748,0.6704138292360784,0.6758037914680735,0.00538996223199506,0.011300000000000001,0.0025581910406992287,-0.0025581910406992287,0,2,2,2026-04-29T23:24:42.754Z,Ball,Four-Seam Fastball
824203,96fa460f-51ff-3b74-b737-3e6fe552e071,2026-04-25,117,HOU,Houston Astros,batting,hitter,670623,Isaac Paredes,670623,Isaac Paredes,677960,Ryan Weathers,HOU,NYY,4,Bot,0,0,---,2,0,Strike,Ball,-0.37485989356971444,1.4489323159280667,1.605,3.181,0.03523435073859993,0.42281220886319915,0.3926347884710905,0.5648361159772839,0.5888310735858153,0.02399495760853143,0.011300000000000001,0.002558028214721845,-0.002558028214721845,0,2,2,2026-04-26T00:13:25.171Z,Called Strike,Sweeper
823147,5dacb513-442a-3336-8bbe-5a4bfdedd556,2026-04-22,133,ATH,Athletics,batting,hitter,701762,Nick Kurtz,701762,Nick Kurtz,669302,Logan Gilbert,ATH,SEA,2,Top,2,1,1B--,0,0,Strike,Ball,-0.13120497835232553,1.4165413613206692,1.722,3.413,0.18462530534599741,2.215503664151969,0.8758826775918673,0.5767684970834234,0.5812821713339761,0.004513674250552713,0.011300000000000001,0.0025509233451396756,-0.0025509233451396756,0,2,2,2026-04-22T20:49:27.095Z,Called Strike,Curveball
824208,c47c85fb-b8b2-34a2-b123-660df37e616b,2026-04-16,117,HOU,Houston Astros,fielding,pitcher,805123,AJ Blubaugh,666397,Edouard Julien,805123,AJ Blubaugh,COL,HOU,7,Top,0,1,1B--,0,0,Ball,Strike,0.003343609421491041,1.671297181717612,1.633,3.235,0.15913051505094544,1.9095661806113453,0.8243480340118857,0.266513901999788,0.27441076838039125,0.007896866380603218,0.022600000000000002,0.0025400318443734356,-0.0025400318443734356,1,1,2,2026-04-17T02:22:44.819Z,Ball,Four-Seam Fastball
823308,e5ff69b4-7a70-3d35-bd64-9cf32af7b5c6,2026-05-02,145,CWS,Chicago White Sox,batting,hitter,805367,Chase Meidroth,805367,Chase Meidroth,650633,Michael King,CWS,SD,2,Top,0,1,1B--,1,0,Strike,Ball,0.05413460479332262,1.4069226580817045,1.548,3.068,0.020244008584962225,0.2429281030195467,0.33713322187758094,0.5326221603379644,0.5623714051452041,0.029749244807239728,0.011300000000000001,0.0025390641575062873,-0.0025390641575062873,0,2,2,2026-05-03T00:56:19.319Z,Called Strike,Sinker
823879,e45f9131-27e8-3b05-b7b7-c6bbaba1ce29,2026-04-20,146,MIA,Miami Marlins,fielding,pitcher,676974,Max Meyer,691026,Masyn Winn,676974,Max Meyer,STL,MIA,2,Top,0,0,---,1,0,Ball,Strike,0.05766134025668871,1.5117565100951886,1.555,3.081,0.07758984342852204,0.9310781211422645,0.5600678668109089,0.4883681671057658,0.5017709446710653,0.013402777565299506,0.011300000000000001,0.0025352319353016727,-0.0025352319353016727,0,2,2,2026-04-20T22:55:51.704Z,Ball,Sinker
825012,5892ecea-c346-3f88-946f-52c907df3aa1,2026-05-01,133,ATH,Athletics,batting,hitter,687231,Darell Hernaiz,687231,Darell Hernaiz,676282,Joey Cantillo,ATH,CLE,4,Bot,0,0,---,2,1,Strike,Ball,-0.7171226724964561,3.3588110663266018,1.608,3.186,0.05197773299326869,0.6237327959192243,0.4580100647998138,0.5559289237530066,0.5748344677209458,0.018905543967939198,0.011300000000000001,0.002534443150069457,-0.002534443150069457,0,2,2,2026-05-02T02:44:01.614Z,Called Strike,Four-Seam Fastball
824682,61a1387c-cd04-31fc-9649-7de42242d8b3,2026-05-05,113,CIN,Cincinnati Reds,fielding,pitcher,683175,Connor Phillips,664023,Ian Happ,683175,Connor Phillips,CHC,CIN,7,Bot,1,7,1B2B3B,0,0,Ball,Strike,0.6798702305796801,1.4804007270393247,1.583,3.137,0.018234060372658067,0.2188087244718968,0.32998452846547377,0.44645509259084937,0.4770703566057331,0.030615264014883736,0.011300000000000001,0.002531388631457249,-0.002531388631457249,0,2,2,2026-05-06T01:44:04.409Z,Ball,Four-Seam Fastball
824457,9fe5ad30-a123-3fa5-96b0-11277b71107b,2026-04-07,118,KC,Kansas City Royals,batting,hitter,521692,Salvador Perez,521692,Salvador Perez,668909,Gavin Williams,KC,CLE,6,Top,1,0,---,1,1,Strike,Ball,0.8956358673135356,2.195628676054672,1.672,3.312,0.0664692006468689,0.7976304077624268,0.5158714685906982,0.45875094066419053,0.47424417231921534,0.015493231655024808,0.011300000000000001,0.0025218637621684317,-0.0025218637621684317,0,2,2,2026-04-07T18:39:14.130Z,Called Strike,Sinker
824133,f00cbf5f-aa0e-3662-b20f-8e86876d8c44,2026-04-02,118,KC,Kansas City Royals,fielding,pitcher,666142,Cole Ragans,668904,Royce Lewis,666142,Cole Ragans,MIN,KC,5,Top,1,1,1B--,0,2,Ball,Strike,0.1006001738231664,1.527758615276538,1.618,3.205,0.030591948609871134,0.3671033833184536,0.3750695654375511,0.3631551564884725,0.3885850834624088,0.025429926973936257,0.011300000000000001,0.0024762777486672573,-0.0024762777486672573,0,2,2,2026-04-02T19:37:34.321Z,Ball,Slider
825102,8fa74053-f07f-37d4-8fa7-54b0a7d31e4d,2026-04-05,109,AZ,Arizona Diamondbacks,batting,hitter,678489,Jorge Barrosa,678489,Jorge Barrosa,527048,Martín Pérez,AZ,ATL,5,Bot,1,0,---,1,0,Strike,Ball,0.8838078962643556,2.8219958154182296,1.493,2.958,0.05464122959768891,0.6556947551722669,0.4686062703814412,0.5357294421640753,0.5538243158138121,0.01809487364973683,0.011300000000000001,0.0024746221093368773,-0.0024746221093368773,0,2,2,2026-04-05T21:35:34.420Z,Called Strike,Cutter
823566,6a629115-50bb-3b5d-9e3a-4c4795c87f4a,2026-04-05,147,NYY,New York Yankees,fielding,pitcher,608331,Max Fried,681393,Connor Norby,608331,Max Fried,MIA,NYY,4,Top,2,0,---,0,1,Ball,Strike,0.565888705057583,2.354366202792477,1.571,3.113,0.2632779616090837,3.159335539309004,0.9613000167674237,0.8532061481407728,0.8566877273995801,0.0034815792588073213,0.022600000000000002,0.0024722225788123683,-0.0024722225788123683,1,1,2,2026-04-05T22:18:51.294Z,Ball,Sweeper
823486,e7491590-4753-3a9f-a350-5ded1dc4a1d4,2026-03-26,140,TEX,Texas Rangers,batting,hitter,694497,Evan Carter,694497,Evan Carter,661395,Jhoan Duran,TEX,PHI,9,Top,2,3,1B2B-,0,0,Strike,Ball,-0.646778797074357,3.4744307243771786,1.673,3.316,0.03759739104384563,0.45116869252614755,0.40168678531142876,0.07151662222505864,0.0945008359977414,0.022984213772682754,0.011300000000000001,0.002471515617278746,-0.002471515617278746,0,2,2,2026-03-26T22:56:17.461Z,Called Strike,Four-Seam Fastball
823804,15993d9c-2aa2-35b8-b71d-06479d06ac9b,2026-04-12,158,MIL,Milwaukee Brewers,fielding,pitcher,672582,Angel Zerpa,678554,Curtis Mead,672582,Angel Zerpa,WSH,MIL,7,Top,2,3,1B2B-,0,2,Ball,Strike,-0.8234026056730115,3.2158969570374096,1.639,3.247,0.005764060993655229,0.06916873192386275,0.28745535182619153,0.5227428039645192,0.5873429831452729,0.06460017918075367,0.022600000000000002,0.002466158185710488,-0.002466158185710488,1,1,2,2026-04-12T20:01:36.750Z,Ball,Sinker
824361,138ae73e-296e-38da-9256-df1c4694c028,2026-05-06,121,NYM,New York Mets,batting,hitter,683146,Brett Baty,683146,Brett Baty,547179,Michael Lorenzen,NYM,COL,4,Top,0,0,---,0,0,Strike,Ball,0.9473620627489308,2.6195973057097626,1.68,3.328,0.11819539608226404,1.4183447529871684,0.7091225543494858,0.620031675748272,0.6281425059162151,0.008110830167943117,0.011300000000000001,0.0024646574707358816,-0.0024646574707358816,0,2,2,2026-05-07T02:15:27.635Z,Called Strike,Cutter
822755,33c7872f-2c50-30b6-8c60-cc87dc5d20ca,2026-04-06,138,STL,St. Louis Cardinals,batting,hitter,602104,Ramón Urías,602104,Ramón Urías,701552,Andre Granillo,STL,WSH,8,Top,1,1,1B--,1,0,Strike,Ball,0.8726096825030308,2.1918705278794923,1.563,3.098,0.04344301583636412,0.5213161900363694,0.4243572071879427,0.7458509996527839,0.7669741428984538,0.021123143245669884,0.011300000000000001,0.0024589945159870777,-0.0024589945159870777,0,2,2,2026-04-07T01:03:25.060Z,Called Strike,Slider
824283,bb54053b-4845-3150-a5b0-4fefb8133edd,2026-05-04,116,DET,Detroit Tigers,fielding,pitcher,676568,Ricky Vanasco,807799,Masataka Yoshida,676568,Ricky Vanasco,BOS,DET,7,Top,1,0,---,2,1,Ball,Strike,0.7263553074126723,1.4677797157846006,1.525,3.022,0.06361304911793408,0.763356589415209,0.5044520788065664,0.3128279824547505,0.32878808344981053,0.01596010099506001,0.011300000000000001,0.002451414615434972,-0.002451414615434972,0,2,2,2026-05-04T23:58:01.499Z,Ball,Four-Seam Fastball
824851,9f802065-ae72-367e-ba95-9fe77627bdaa,2026-04-25,110,BAL,Baltimore Orioles,fielding,pitcher,544150,Albert Suárez,678882,Ceddanne Rafaela,544150,Albert Suárez,BOS,BAL,4,Top,1,1,1B--,0,1,Ball,Strike,0.0539199336540664,1.695229494173957,1.57,3.11,0.24606282750729025,2.952753930087483,0.9496457138748633,0.18409897228067557,0.18727885420547183,0.003179881924796263,0.011300000000000001,0.0024507578072968765,-0.0024507578072968765,0,2,2,2026-04-25T17:16:52.989Z,Ball,Cutter
824361,f4160aac-bd91-31c6-87ec-3e725aa9045f,2026-05-06,115,COL,Colorado Rockies,fielding,pitcher,547179,Michael Lorenzen,701807,Carson Benge,547179,Michael Lorenzen,NYM,COL,2,Top,0,1,1B--,0,2,Ball,Strike,0.16556927193199822,1.5809720878683062,1.645,3.259,0.05680542120163956,0.6816650544196747,0.4772374298241143,0.37611848515872154,0.39362891122171545,0.01751042606299391,0.011300000000000001,0.0024494136864408912,-0.0024494136864408912,0,2,2,2026-05-07T01:39:57.162Z,Ball,Changeup
823226,3eca10e5-91f1-39ae-89e1-11af37b27bb2,2026-05-06,137,SF,San Francisco Giants,fielding,pitcher,605288,Adrian Houser,701538,Jackson Merrill,605288,Adrian Houser,SD,SF,1,Top,0,0,---,1,0,Ball,Strike,-0.26270014290262284,1.636238853979865,1.676,3.32,0.08107218731319832,0.9728662477583798,0.5737468853262372,0.48902717022277575,0.5016895819514857,0.012662411728709966,0.011300000000000001,0.002448359094252237,-0.002448359094252237,0,2,2,2026-05-06T19:46:14.050Z,Ball,Sinker
824539,a50aac80-443a-37a9-bab9-05abf3be170c,2026-03-30,134,PIT,Pittsburgh Pirates,batting,hitter,687462,Spencer Horwitz,687462,Spencer Horwitz,695505,Chase Burns,PIT,CIN,5,Top,0,0,---,1,1,Strike,Ball,-0.10965957476726086,3.3230378559176703,1.581,3.133,0.06920452258433718,0.8304542710120462,0.5267924027793012,0.23743620077205138,0.2522334758104943,0.014797275038442942,0.011300000000000001,0.002447846223493637,-0.002447846223493637,0,2,2,2026-03-30T23:39:42.308Z,Called Strike,Slider
823396,a4211e4b-78af-3a82-bab7-9329a93aed5b,2026-04-16,120,WSH,Washington Nationals,fielding,pitcher,672335,Cionel Pérez,664040,Brandon Lowe,672335,Cionel Pérez,PIT,WSH,8,Bot,0,0,---,1,1,Ball,Strike,0.2372613767879338,1.4895938115043348,1.559,3.088,0.05142714483766819,0.6171257380520183,0.45582406728254754,0.6836237026218418,0.715968433520634,0.032344730898792196,0.022600000000000002,0.0024451307140325226,-0.0024451307140325226,1,1,2,2026-04-16T19:14:51.486Z,Ball,Slurve
823233,40794ae1-df1a-36f9-9257-800b9c0cad6d,2026-04-23,137,SF,San Francisco Giants,batting,hitter,672275,Patrick Bailey,672275,Patrick Bailey,607192,Tyler Glasnow,SF,LAD,3,Bot,1,0,---,3,0,Strike,Ball,0.12994984290005118,3.442809758528751,1.627,3.224,0.0979764251954176,1.1757171023450113,0.6382144686343992,0.4271523336825891,0.4373853371400514,0.010233003457462309,0.011300000000000001,0.0024426743597069887,-0.0024426743597069887,0,2,2,2026-04-23T20:29:55.219Z,Called Strike,Four-Seam Fastball
824786,de083936-29e0-3a6a-b132-d4a95a34bb72,2026-04-03,111,BOS,Boston Red Sox,batting,hitter,677800,Wilyer Abreu,677800,Wilyer Abreu,650633,Michael King,BOS,SD,4,Bot,1,2,-2B-,0,0,Strike,Ball,-0.8658702564574696,2.0098128936955373,1.573,3.117,0.036703589790802904,0.44044307748963485,0.3982546885880418,0.6920486176547657,0.7152483767811966,0.023199759126430908,0.011300000000000001,0.002439690827259193,-0.002439690827259193,0,2,2,2026-04-03T19:17:13.649Z,Called Strike,Sweeper
824443,f7de82cc-a992-39d6-921e-535e7d517180,2026-05-08,114,CLE,Cleveland Guardians,batting,hitter,680757,Steven Kwan,680757,Steven Kwan,687570,Connor Prielipp,CLE,MIN,5,Bot,0,0,---,1,0,Strike,Ball,0.38878027663372616,3.4119244513603646,1.525,3.023,0.26809111802703134,3.217093416324376,0.9640653782941901,0.9326436636810369,0.9355881724483288,0.002944508767291909,0.011300000000000001,0.002432637733354182,-0.002432637733354182,0,2,2,2026-05-09T00:31:35.416Z,Called Strike,Four-Seam Fastball
823236,18d51fd4-0638-300c-9415-dfba87fe7a60,2026-04-21,119,LAD,Los Angeles Dodgers,batting,hitter,663656,Kyle Tucker,663656,Kyle Tucker,669062,Erik Miller,LAD,SF,7,Top,2,3,1B2B-,2,0,Strike,Ball,-0.018542932850795793,3.4860015229072294,1.691,3.351,0.014168189573896317,0.1700182748867558,0.31576374535784135,0.18063659034327303,0.23729746919334524,0.056660878850072205,0.022600000000000002,0.0024277119660529103,-0.0024277119660529103,1,1,2,2026-04-22T03:39:12.149Z,Called Strike,Sinker
824051,f7f9b41b-0168-36dd-8909-346c277f35dd,2026-04-07,144,ATL,Atlanta Braves,batting,hitter,660670,Ronald Acuña Jr.,660670,Ronald Acuña Jr.,641312,Shaun Anderson,ATL,LAA,7,Top,1,0,---,0,0,Strike,Ball,-0.3148090916189461,3.5913091996225655,1.615,3.201,0.26947586628923226,3.233710395470787,0.9648250925101971,0.8003871331342146,0.8037230584369804,0.0033359253027658298,0.022600000000000002,0.002423631529578603,-0.002423631529578603,1,1,2,2026-04-08T03:51:33.163Z,Called Strike,Sweeper
824362,eae1e8a0-2248-3c2b-a7c7-928aceebfd24,2026-05-07,121,NYM,New York Mets,fielding,pitcher,623211,Huascar Brazobán,650489,Willi Castro,623211,Huascar Brazobán,COL,NYM,6,Bot,2,2,-2B-,3,1,Ball,Strike,-0.8074665736156817,3.3198234628301755,1.617,3.203,0.004009870503157487,0.04811844603788984,0.2817409892929247,0.615441021519005,0.6528385944362687,0.037397572917263644,0.011300000000000001,0.002420102369874194,-0.002420102369874194,0,2,2,2026-05-07T20:55:31.701Z,Ball,Changeup
823063,de4e53d5-c7d8-3291-bfb8-bf62799614d7,2026-05-06,138,STL,St. Louis Cardinals,batting,hitter,687363,Victor Scott II,687363,Victor Scott II,669084,DL Hall,STL,MIL,5,Bot,1,0,---,2,0,Strike,Ball,-0.11265909103842675,3.333520545881033,1.583,3.137,0.07568721254769972,0.9082465505723967,0.5525540233969604,0.0619820785994766,0.07550987860223705,0.013527800002760451,0.011300000000000001,0.0024187007836203502,-0.0024187007836203502,0,2,2,2026-05-06T18:48:28.982Z,Called Strike,Four-Seam Fastball
823314,87af0f07-d633-30ac-a537-b0d1ce9dd3f1,2026-04-15,135,SD,San Diego Padres,fielding,pitcher,681190,Randy Vásquez,660844,Leo Rivas,681190,Randy Vásquez,SEA,SD,4,Top,2,3,1B2B-,0,1,Ball,Strike,-0.722757228607939,1.5306573934221,1.517,3.007,0.10640943805872771,1.2769132567047325,0.6687531208213826,0.27318438051273664,0.2823970053187635,0.009212624806026859,0.011300000000000001,0.0024178818552685697,-0.0024178818552685697,0,2,2,2026-04-16T02:36:31.914Z,Ball,Curveball
824612,982bff1e-9278-326c-83e5-96dc80756748,2026-04-26,120,WSH,Washington Nationals,fielding,pitcher,656492,Foster Griffin,691011,Drew Romo,656492,Foster Griffin,CWS,WSH,2,Bot,2,2,-2B-,3,0,Ball,Strike,-0.7602517479104123,1.9966563012267557,1.623,3.216,0.06891491875625444,0.8269790250750533,0.5256371723098903,0.45429887242547606,0.46909637330872533,0.01479750088324927,0.011300000000000001,0.0024178165686260097,-0.0024178165686260097,0,2,2,2026-04-26T18:39:09.350Z,Ball,Four-Seam Fastball
822920,585ad285-b5e4-336e-a4c2-838d1399a8e8,2026-04-04,140,TEX,Texas Rangers,fielding,pitcher,677958,Kumar Rocker,701398,Sal Stewart,677958,Kumar Rocker,CIN,TEX,1,Top,1,1,1B--,0,0,Ball,Strike,0.7371815757330948,2.1129608656754946,1.635,3.239,0.09198509093357188,1.1038210912028625,0.6158005843262575,0.39477557629166876,0.4057363700678591,0.010960793776190358,0.011300000000000001,0.002408209814944339,-0.002408209814944339,0,2,2,2026-04-04T23:14:20.233Z,Ball,Sinker
823398,be7fc63f-0e73-36dc-a1d5-39471e60003d,2026-04-14,120,WSH,Washington Nationals,fielding,pitcher,672335,Cionel Pérez,656811,Ryan O'Hearn,672335,Cionel Pérez,PIT,WSH,8,Bot,1,0,---,0,0,Ball,Strike,0.19509672527172475,1.649264659718148,1.66,3.289,0.11009799305148138,1.3211759166177766,0.681694042588323,0.7503246794574395,0.7644088499295412,0.014084170472101643,0.022600000000000002,0.0024073804681261583,-0.0024073804681261583,1,1,2,2026-04-15T01:36:15.794Z,Ball,Slurve
824126,acd7bac0-74b0-36a1-b181-6ce240815876,2026-04-12,145,CWS,Chicago White Sox,fielding,pitcher,691799,Grant Taylor,672580,Maikel Garcia,691799,Grant Taylor,KC,CWS,1,Bot,0,0,---,2,2,Ball,Strike,0.34853006443303425,1.561852345671795,1.646,3.262,0.036685679005128424,0.4402281480615411,0.3981860140785007,0.4504825508086573,0.473581787583523,0.023099236774865695,0.011300000000000001,0.0023972949787263503,-0.0023972949787263503,0,2,2,2026-04-12T21:18:12.244Z,Ball,Sinker
823870,93922696-0f52-3f5d-b2d1-2703879bbbbc,2026-05-07,110,BAL,Baltimore Orioles,fielding,pitcher,700249,Cade Povich,691594,Javier Sanoja,700249,Cade Povich,MIA,BAL,3,Bot,0,0,---,2,1,Ball,Strike,-0.75792595766796,2.008735390111552,1.512,2.995,0.07124070899870671,0.8548885079844806,0.5349059624714047,0.31884061430937877,0.33314605412922815,0.014305439819849386,0.011300000000000001,0.002396502431340165,-0.002396502431340165,0,2,2,2026-05-07T23:25:27.338Z,Ball,Four-Seam Fastball
823485,fb3a67ea-8f13-3579-8e33-f0ad3ff81733,2026-03-31,143,PHI,Philadelphia Phillies,batting,hitter,669016,Brandon Marsh,669016,Brandon Marsh,641793,Zack Littell,PHI,WSH,4,Bot,2,0,---,0,0,Strike,Ball,-0.4385136485834659,3.779098054359516,1.672,3.312,0.3462647210261829,4.155176652314195,0.9894417728373788,0.7596386067395797,0.762180180224052,0.0025415734844722593,0.011300000000000001,0.0023954310073350865,-0.0023954310073350865,0,2,2,2026-03-31T23:38:19.583Z,Called Strike,Slider
822995,6ce4d50a-4bb8-3cfe-bda8-220f9da8382e,2026-04-21,113,CIN,Cincinnati Reds,batting,hitter,553993,Eugenio Suárez,553993,Eugenio Suárez,571927,Steven Matz,CIN,TB,1,Top,1,1,1B--,1,0,Strike,Ball,0.8926950838631652,1.9482265397477103,1.6,3.171,0.06352841719649849,0.7623410063579819,0.5041135759716836,0.687696045554324,0.7035506855848774,0.01585464003055348,0.011300000000000001,0.0023890226900261423,-0.0023890226900261423,0,2,2,2026-04-21T22:46:39.087Z,Called Strike,Changeup
824294,9f944997-9d37-3247-8615-fa73d3d14980,2026-04-11,116,DET,Detroit Tigers,batting,hitter,663837,Matt Vierling,663837,Matt Vierling,667463,John King,DET,MIA,6,Bot,2,3,1B2B-,2,2,Strike,Ball,0.9592096587285462,2.2873086442526698,1.652,3.274,0.13004299206187953,1.5605159047425543,0.7466241348417708,0.9429180806346162,0.949951716659148,0.007033636024531775,0.011300000000000001,0.002388335135319959,-0.002388335135319959,0,2,2,2026-04-11T18:59:00.813Z,Called Strike,Curveball
822838,96330305-0b2b-30e9-9c09-48901d9ae3ac,2026-03-28,133,ATH,Athletics,fielding,pitcher,663687,Hogan Harris,680718,Addison Barger,663687,Hogan Harris,TOR,ATH,8,Bot,2,7,1B2B3B,0,0,Ball,Strike,-0.6653365410529805,1.5918178574460604,1.602,3.175,0.11065119077939367,1.327814289352724,0.6836115362286928,0.6663234822674714,0.6802604562484662,0.013936973980994805,0.022600000000000002,0.0023770969122956344,-0.0023770969122956344,1,1,2,2026-03-28T21:55:01.872Z,Ball,Curveball
823394,6a4d0302-fb83-3c2a-87bc-9b972ba7137d,2026-04-18,139,TB,Tampa Bay Rays,fielding,pitcher,656876,Drew Rasmussen,665833,Oneil Cruz,656876,Drew Rasmussen,PIT,TB,1,Bot,0,0,---,0,0,Ball,Strike,-0.7105498176243393,1.8572655996073728,1.774,3.516,0.11861684904232739,1.4234021885079287,0.7105115049465105,0.4487108639906952,0.45665889066653836,0.007948026675843156,0.011300000000000001,0.0023759444007039007,-0.0023759444007039007,0,2,2,2026-04-18T19:41:24.823Z,Ball,Four-Seam Fastball
825105,e22b8463-cad3-3e2d-8f36-7ad5abba649a,2026-04-02,109,AZ,Arizona Diamondbacks,fielding,pitcher,669194,Ryne Nelson,686948,Drake Baldwin,669194,Ryne Nelson,ATL,AZ,3,Top,2,0,---,0,1,Ball,Strike,0.5366716899437931,3.061661771721993,1.618,3.206,0.26517156161134015,3.1820587393360817,0.9624115370600436,0.3162999453046413,0.3192047480233758,0.0029048027187345005,0.011300000000000001,0.0023708660181719562,-0.0023708660181719562,0,2,2,2026-04-03T02:14:25.896Z,Ball,Cutter
825024,b18533ec-eb81-3c70-86ee-bd9b0bbeca97,2026-04-13,133,ATH,Athletics,fielding,pitcher,622663,Luis Severino,592626,Joc Pederson,622663,Luis Severino,TEX,ATH,1,Top,1,0,---,0,0,Ball,Strike,-0.5497945368697738,3.1102291011389855,1.633,3.237,0.24760423219434768,2.971250786332172,0.9508120491098716,0.24546142009259256,0.24853303447548872,0.0030716143828961595,0.011300000000000001,0.0023647041204184005,-0.0023647041204184005,0,2,2,2026-04-14T01:49:16.863Z,Ball,Sweeper
823556,0618acd9-9c11-3550-95c9-39b521776fc3,2026-04-19,147,NYY,New York Yankees,batting,hitter,663757,Trent Grisham,663757,Trent Grisham,666142,Cole Ragans,NYY,KC,1,Bot,1,1,1B--,0,0,Strike,Ball,-0.024977557706124233,3.40795571557948,1.584,3.138,0.14912238224614693,1.7894685869537632,0.7999461953439937,0.73149928070791,0.7400951085575547,0.008595827849644633,0.022600000000000002,0.002354983798929423,-0.002354983798929423,1,1,2,2026-04-19T20:36:09.629Z,Called Strike,Slider
824771,5c64721c-5cb9-30be-b751-6321683be6e3,2026-05-02,111,BOS,Boston Red Sox,fielding,pitcher,670245,Ryan Watson,670541,Yordan Alvarez,670245,Ryan Watson,HOU,BOS,7,Top,0,0,---,3,1,Ball,Strike,-0.617478638697814,3.312196122763402,1.712,3.392,0.20063721056993122,2.4076465268391747,0.9011613296325641,0.02644704830919659,0.03029791591529361,0.0038508676060970207,0.011300000000000001,0.002353375996997335,-0.002353375996997335,0,2,2,2026-05-02T22:07:13.538Z,Ball,Four-Seam Fastball
823803,83cd1074-be91-3027-be27-c733e40205b6,2026-04-15,141,TOR,Toronto Blue Jays,fielding,pitcher,689254,Mason Fluharty,641343,Jake Bauers,689254,Mason Fluharty,MIL,TOR,7,Bot,0,0,---,0,1,Ball,Strike,-0.7235179072408199,2.9009902530637293,1.624,3.217,0.10564875942584684,1.267785113110162,0.6660514878569639,0.6424986650778554,0.6573518119601339,0.014853146882278567,0.022600000000000002,0.002345724205867047,-0.002345724205867047,1,1,2,2026-04-16T01:24:03.216Z,Ball,Sweeper
823474,03c6933b-b6c3-323b-8428-a11a2493d570,2026-04-18,144,ATL,Atlanta Braves,fielding,pitcher,519242,Chris Sale,656941,Kyle Schwarber,519242,Chris Sale,PHI,ATL,1,Bot,0,1,1B--,0,0,Ball,Strike,-0.236853334101957,1.6050963436036987,1.605,3.181,0.12092967693703205,1.4511561232443846,0.7180632356065613,0.4146522234845739,0.4223501780010657,0.007697954516491801,0.011300000000000001,0.0023417326900183866,-0.0023417326900183866,0,2,2,2026-04-18T23:26:40.988Z,Ball,Sinker
822910,73449ba5-af6e-3577-874e-26c1e1639de5,2026-04-25,133,ATH,Athletics,fielding,pitcher,605488,Jeffrey Springs,694497,Evan Carter,605488,Jeffrey Springs,TEX,ATH,4,Bot,2,1,1B--,0,1,Ball,Strike,-0.7429565875999867,1.9789629146120584,1.673,3.316,0.08621007906667999,1.0345209488001599,0.5937190386024785,0.6106192018542144,0.6222946398131465,0.011675437958932111,0.011300000000000001,0.002340954936448064,-0.002340954936448064,0,2,2,2026-04-26T00:28:59.150Z,Ball,Slider
824857,5fa77406-91d5-3b66-882a-4eb42059c821,2026-04-11,110,BAL,Baltimore Orioles,batting,hitter,687637,Dylan Beavers,687637,Dylan Beavers,657277,Logan Webb,BAL,SF,6,Bot,0,0,---,2,2,Strike,Ball,-0.9414985526529823,2.32643848180333,1.725,3.417,0.1123318859863156,1.3479826318357873,0.6893988078244505,0.8338879464647184,0.8474346102627386,0.013546663798020164,0.022600000000000002,0.002319466929186326,-0.002319466929186326,1,1,2,2026-04-12T01:13:38.426Z,Called Strike,Sweeper
823320,24bd04d4-ca92-3176-abe7-386c01743b7a,2026-03-30,135,SD,San Diego Padres,batting,hitter,701538,Jackson Merrill,701538,Jackson Merrill,657424,Matt Gage,SD,SF,7,Bot,0,0,---,1,0,Strike,Ball,-0.9173059686609674,2.650121824172787,1.676,3.32,0.08813930199430065,1.0576716239316077,0.6011427471779266,0.12239617583264639,0.14124541503150367,0.01884923919885728,0.022600000000000002,0.0023169095204360664,-0.0023169095204360664,1,1,2,2026-03-31T03:21:14.966Z,Called Strike,Slider
824050,eb0e7092-c52d-3195-bf18-1f639d1a387d,2026-04-08,108,LAA,Los Angeles Angels,fielding,pitcher,672282,Reid Detmers,686948,Drake Baldwin,672282,Reid Detmers,ATL,LAA,1,Top,0,2,-2B-,0,2,Ball,Strike,-0.8220703643601351,1.9674625729948336,1.618,3.206,0.007096302306531577,0.08515562767837892,0.29184107197086245,0.44618937964747235,0.4815249046066895,0.03533552495921716,0.011300000000000001,0.0023101615960218445,-0.0023101615960218445,0,2,2,2026-04-08T20:11:51.669Z,Ball,Four-Seam Fastball
823233,87e71fbe-eb1c-35d0-84b2-156c9157b591,2026-04-23,137,SF,San Francisco Giants,batting,hitter,642715,Willy Adames,642715,Willy Adames,607192,Tyler Glasnow,SF,LAD,6,Bot,2,0,---,1,1,Strike,Ball,0.2437179333954941,3.5463285310371413,1.627,3.224,0.20149519770380797,2.4179423724456957,0.9023773428410206,0.11214642453769956,0.1159270353903369,0.0037806108526373394,0.011300000000000001,0.0023084015496223397,-0.0023084015496223397,0,2,2,2026-04-23T21:11:16.731Z,Called Strike,Sinker
824364,c06f59ac-4054-30b0-a47f-a024e1b4f7c8,2026-05-03,115,COL,Colorado Rockies,fielding,pitcher,607536,Kyle Freeland,621566,Matt Olson,607536,Kyle Freeland,ATL,COL,2,Top,0,0,---,0,0,Ball,Strike,-0.7221797123146707,2.9015984748969927,1.702,3.372,0.10698695435199601,1.2838434522239521,0.6707968440349446,0.6005207045334676,0.6095005306134971,0.008979826080029452,0.011300000000000001,0.0023036433320613166,-0.0023036433320613166,0,2,2,2026-05-03T19:29:37.013Z,Ball,Four-Seam Fastball
823727,e87cbb9e-e840-3b3a-a5e3-73481b35bb46,2026-04-07,116,DET,Detroit Tigers,fielding,pitcher,669373,Tarik Skubal,621439,Byron Buxton,669373,Tarik Skubal,MIN,DET,5,Bot,1,0,---,2,2,Ball,Strike,-0.7894614855321989,1.5900255418396068,1.644,3.258,0.03970518113446786,0.4764621736136143,0.4098181701181688,0.44779008451804875,0.48594597130227374,0.03815588678422499,0.022600000000000002,0.00229886634581772,-0.00229886634581772,1,1,2,2026-04-08T00:56:41.286Z,Ball,Slider
823080,30547324-ec0c-3f35-868d-6aa6fd2c994f,2026-03-30,138,STL,St. Louis Cardinals,fielding,pitcher,681517,Kyle Leahy,676724,Jared Young,681517,Kyle Leahy,NYM,STL,4,Top,1,2,-2B-,0,0,Ball,Strike,-0.8101197402761707,2.0681669891662464,1.656,3.281,0.01904692639049599,0.22856311668595186,0.33286638660491064,0.46444789244823903,0.4939927251498067,0.029544832701567658,0.011300000000000001,0.0022958718728529164,-0.0022958718728529164,0,2,2,2026-03-31T00:44:34.727Z,Ball,Curveball
823801,689dde2d-2748-318a-ae30-fa9855dc6a05,2026-04-16,158,MIL,Milwaukee Brewers,batting,hitter,666152,David Hamilton,666152,David Hamilton,571578,Patrick Corbin,MIL,TOR,5,Bot,1,0,---,1,1,Strike,Ball,-0.029560271442792187,1.3876055814111887,1.582,3.135,0.073561085255478,0.882733023065736,0.5441292202075927,0.5297095603076961,0.5433916930083325,0.01368213270063634,0.011300000000000001,0.0022935083855198527,-0.0022935083855198527,0,2,2,2026-04-16T18:46:35.399Z,Called Strike,Slider
823403,04bf72d3-fd6f-31ee-82ec-da6997fa4aae,2026-04-08,135,SD,San Diego Padres,fielding,pitcher,650633,Michael King,656811,Ryan O'Hearn,650633,Michael King,PIT,SD,3,Bot,1,3,1B2B-,0,2,Ball,Strike,-0.8285138496316681,2.335801166674507,1.66,3.289,0.0006528170349986429,0.007833804419983714,0.27099999677760245,0.4120270744718519,0.4508736051857073,0.03884653071385541,0.011300000000000001,0.0022897096618627565,-0.0022897096618627565,0,2,2,2026-04-08T17:21:16.264Z,Ball,Four-Seam Fastball
822833,d6bd282a-011a-38d3-a9b1-bbac1345a4a3,2026-04-08,141,TOR,Toronto Blue Jays,batting,hitter,543807,George Springer,543807,George Springer,676508,Ben Casparius,TOR,LAD,8,Bot,2,4,--3B,0,0,Strike,Ball,1.0027487084484619,1.9348214809224786,1.649,3.267,0.17358204178179515,2.082984501381542,0.855364717624287,0.8598450935008155,0.8663421070929015,0.006497013592085987,0.022600000000000002,0.0022885588149046715,-0.0022885588149046715,1,1,2,2026-04-08T21:49:45.887Z,Called Strike,Sweeper
825021,55776b07-8717-3816-81bb-de6fb06f4930,2026-04-15,140,TEX,Texas Rangers,batting,hitter,694671,Wyatt Langford,694671,Wyatt Langford,669372,J.T. Ginn,TEX,ATH,6,Top,1,0,---,0,0,Strike,Ball,-0.4479120700910404,3.476634571360795,1.613,3.196,0.1598012380274616,1.9176148563295392,0.8258965424751065,0.46344452162837313,0.47097808442135175,0.007533562792978621,0.022600000000000002,0.0022872053231775547,-0.0022872053231775547,1,1,2,2026-04-16T03:24:32.858Z,Called Strike,Sinker
824771,4a96ea80-4da3-336a-b139-2eefeaf8df95,2026-05-02,111,BOS,Boston Red Sox,fielding,pitcher,701719,Tyler Samaniego,701358,Cam Smith,701719,Tyler Samaniego,HOU,BOS,8,Top,0,1,1B--,1,1,Ball,Strike,-0.6782604210134289,2.419302995942698,1.69,3.348,0.15090624565323785,1.8108749478388542,0.8044747307410447,0.058808626009039876,0.06439455918395921,0.005585933174919337,0.011300000000000001,0.0022843065442045072,-0.0022843065442045072,0,2,2,2026-05-02T22:40:25.273Z,Ball,Four-Seam Fastball
822986,d8c7a0b7-bb63-32af-8261-be9e97e9e512,2026-05-05,141,TOR,Toronto Blue Jays,fielding,pitcher,592332,Kevin Gausman,650490,Yandy Díaz,592332,Kevin Gausman,TB,TOR,1,Bot,2,1,1B--,2,2,Ball,Strike,0.8091747075836879,1.9706885816663338,1.629,3.228,0.019991959082978794,0.23990350899574553,0.3362325888106928,0.5754092469287906,0.6045006390804812,0.029091392151690654,0.011300000000000001,0.0022809023488308466,-0.0022809023488308466,0,2,2,2026-05-05T22:53:13.899Z,Ball,Four-Seam Fastball
824769,9f454a03-0846-38c0-b0fa-a37368171397,2026-05-03,117,HOU,Houston Astros,batting,hitter,670623,Isaac Paredes,670623,Isaac Paredes,624133,Ranger Suarez,HOU,BOS,3,Top,2,1,1B--,2,1,Strike,Ball,0.8823372451792401,2.4065917708797313,1.605,3.181,0.05317057851257334,0.6380469421508801,0.46275145196412254,0.46655470620923695,0.4845998980121428,0.01804519180290587,0.011300000000000001,0.0022795301149603564,-0.0022795301149603564,0,2,2,2026-05-03T18:26:08.504Z,Called Strike,Four-Seam Fastball
825090,513c28d8-1d74-34a7-8ef7-66e9240db9b9,2026-05-07,134,PIT,Pittsburgh Pirates,batting,hitter,656811,Ryan O'Hearn,656811,Ryan O'Hearn,668678,Zac Gallen,PIT,AZ,5,Top,2,3,1B2B-,0,0,Strike,Ball,0.8930740284983678,2.907749414912347,1.66,3.289,0.06390736183170109,0.7668883419804131,0.5056292094708674,0.34773180898210226,0.36323893109559646,0.015507122113494198,0.011300000000000001,0.0022544639624350804,-0.0022544639624350804,0,2,2,2026-05-07T20:54:22.679Z,Called Strike,Four-Seam Fastball
824367,adb0105e-ab3f-363a-a65e-293d2f797305,2026-04-22,135,SD,San Diego Padres,batting,hitter,665487,Fernando Tatis Jr.,665487,Fernando Tatis Jr.,677955,Jaden Hill,SD,COL,7,Top,2,2,-2B-,1,0,Strike,Ball,0.45639205080842116,3.6251250600195073,1.689,3.346,0.15829172668617408,1.899500720234089,0.8223962846621199,0.03741240012113878,0.04259278056902433,0.005180380447885553,0.011300000000000001,0.002253403650159322,-0.002253403650159322,0,2,2,2026-04-23T03:09:07.682Z,Called Strike,Four-Seam Fastball
822834,d7311fee-6b01-3d14-b2c4-e4bde9f37b1e,2026-03-30,115,COL,Colorado Rockies,batting,hitter,687597,Jordan Beck,687597,Jordan Beck,686973,Louis Varland,COL,TOR,4,Top,2,2,-2B-,0,0,Strike,Ball,0.9686335631874001,1.7099551921052774,1.674,3.317,0.1394668965207334,1.673602758248801,0.7740758153029501,0.4740089761288372,0.48021742708218274,0.006208450953345546,0.011300000000000001,0.0022528684464026673,-0.0022528684464026673,0,2,2,2026-03-31T00:14:25.017Z,Called Strike,Knuckle Curve
823405,549b51c3-74ae-3bc0-b527-54e35745f410,2026-04-05,110,BAL,Baltimore Orioles,fielding,pitcher,700249,Cade Povich,687462,Spencer Horwitz,700249,Cade Povich,PIT,BAL,5,Bot,2,1,1B--,1,2,Ball,Strike,0.23660024330505036,1.708962758076513,1.581,3.133,0.24879609140984638,2.9855530969181565,0.9516962840733493,0.04281526553360202,0.04575570911889479,0.0029404435852927666,0.011300000000000001,0.002252577243679289,-0.002252577243679289,0,2,2,2026-04-05T19:03:54.002Z,Ball,Curveball
823569,0dfdfcfe-4e42-3aef-b68f-112a1712e269,2026-04-04,146,MIA,Miami Marlins,fielding,pitcher,676974,Max Meyer,663757,Trent Grisham,676974,Max Meyer,NYY,MIA,3,Bot,0,1,1B--,1,1,Ball,Strike,0.8072244346638892,1.7986415074467734,1.584,3.138,0.021942232002777562,0.26330678403333074,0.3432319875032772,0.7164273626314664,0.7446077994498048,0.028180436818338372,0.011300000000000001,0.002250948796655842,-0.002250948796655842,0,2,2,2026-04-05T00:10:23.755Z,Ball,Slider
825019,0304562d-c421-34fc-a71c-3f9e97f01291,2026-04-17,145,CWS,Chicago White Sox,fielding,pitcher,663436,Davis Martin,691016,Tyler Soderstrom,663436,Davis Martin,ATH,CWS,2,Bot,0,0,---,0,0,Ball,Strike,-0.7250220774702754,2.566668118259009,1.658,3.286,0.10414458919639136,1.2497350703566963,0.6606771830202376,0.554840108125138,0.5640443041418576,0.009204196016719624,0.011300000000000001,0.0022466544644210973,-0.0022466544644210973,0,2,2,2026-04-18T02:09:38.759Z,Ball,Cutter
824209,958810bb-125b-3171-bb5b-2e34e6456387,2026-04-15,117,HOU,Houston Astros,fielding,pitcher,595345,Steven Okert,666397,Edouard Julien,595345,Steven Okert,COL,HOU,7,Top,0,0,---,0,0,Ball,Strike,-0.753880665337869,2.6962010710518944,1.633,3.235,0.0752860013287977,0.9034320159455724,0.5509663782058378,0.811167106452734,0.8244484245285457,0.013281318075811677,0.011300000000000001,0.0022434797917556537,-0.0022434797917556537,0,2,2,2026-04-16T02:12:06.113Z,Ball,Slider
822833,105f3952-5417-3cbb-9444-1fe969b448de,2026-04-08,119,LAD,Los Angeles Dodgers,fielding,pitcher,660271,Shohei Ohtani,660821,Jesús Sánchez,660271,Shohei Ohtani,TOR,LAD,1,Bot,1,3,1B2B-,1,0,Ball,Strike,0.6769754064943452,1.633137188597104,1.683,3.335,0.07097052193043729,0.8516462631652475,0.5338303208091708,0.3862347289395252,0.4101612704508649,0.023926541511339716,0.022600000000000002,0.002237278581139682,-0.002237278581139682,1,1,2,2026-04-08T19:28:07.674Z,Ball,Four-Seam Fastball
824682,f4b0b440-db31-3a1b-8b8d-7e97513c8bcd,2026-05-05,113,CIN,Cincinnati Reds,fielding,pitcher,671096,Andrew Abbott,608324,Alex Bregman,671096,Andrew Abbott,CHC,CIN,6,Bot,0,0,---,0,1,Ball,Strike,-0.5453962744322938,3.155341240151873,1.578,3.126,0.09149209318146001,1.0979051181775201,0.6139326726202587,0.7460130950649049,0.7567106683265302,0.010697573261625348,0.011300000000000001,0.0022050289436695916,-0.0022050289436695916,0,2,2,2026-05-06T01:16:52.979Z,Ball,Sweeper
824283,80fee7bb-426c-37c0-b9af-57598a04b042,2026-05-04,111,BOS,Boston Red Sox,fielding,pitcher,801139,Payton Tolle,690993,Colt Keith,801139,Payton Tolle,DET,BOS,3,Bot,1,0,---,0,0,Ball,Strike,0.6820162751932821,1.824236145091965,1.654,3.278,0.1471503914733846,1.7658046976806152,0.7948490648058072,0.46665803348274965,0.47234699154806653,0.005688958065316885,0.011300000000000001,0.0022036574302422016,-0.0022036574302422016,0,2,2,2026-05-04T22:52:10.403Z,Ball,Four-Seam Fastball
823303,a24fb8a5-21e8-37e4-8449-c0d92cccfe16,2026-05-08,138,STL,St. Louis Cardinals,batting,hitter,691023,Jordan Walker,691023,Jordan Walker,656288,Griffin Canning,STL,SD,1,Top,2,1,1B--,1,0,Strike,Ball,0.9393096803631125,1.7706456307201461,1.747,3.461,0.11014301369644575,1.321716164357349,0.6818503246404451,0.47331512093089206,0.48181309332945493,0.00849797239856287,0.011300000000000001,0.0021992539071826645,-0.0021992539071826645,0,2,2,2026-05-09T01:52:09.690Z,Called Strike,Slider
824690,dfc35408-68d8-3273-bfef-0d99228dc4e7,2026-04-21,143,PHI,Philadelphia Phillies,fielding,pitcher,666200,Jesús Luzardo,691718,Pete Crow-Armstrong,666200,Jesús Luzardo,CHC,PHI,4,Bot,1,1,1B--,1,1,Ball,Strike,0.17431114782607918,1.5736454142385117,1.616,3.202,0.07847874757184492,0.941744970862139,0.563569116429447,0.43066715036738673,0.44331743889319086,0.012650288525804132,0.011300000000000001,0.002197642942717756,-0.002197642942717756,0,2,2,2026-04-22T00:42:41.284Z,Ball,Sinker
823163,d2be5f63-0fc2-3651-8276-f0283a02c32c,2026-03-26,136,SEA,Seattle Mariners,fielding,pitcher,669302,Logan Gilbert,800050,Chase DeLauter,669302,Logan Gilbert,CLE,SEA,1,Top,1,0,---,2,2,Ball,Strike,-0.8067063655930181,2.9991931895782487,1.685,3.339,0.022460301073648603,0.26952361288378324,0.34510296956619296,0.5102640647087807,0.5380754570678175,0.027811392359036735,0.011300000000000001,0.002197457646972086,-0.002197457646972086,0,2,2,2026-03-27T02:14:56.100Z,Ball,Slider
823308,195f904c-a1e9-3d18-b2d0-6c838897774f,2026-05-02,135,SD,San Diego Padres,batting,hitter,657757,Gavin Sheets,657757,Gavin Sheets,680732,Sean Burke,SD,CWS,2,Bot,1,0,---,1,0,Strike,Ball,-0.8963718088667079,2.390928685437386,1.691,3.351,0.06720514220004115,0.8064617064004937,0.5188116851610224,0.5269982322529212,0.541706322534287,0.014708090281365771,0.011300000000000001,0.002193301146695384,-0.002193301146695384,0,2,2,2026-05-03T01:08:34.319Z,Called Strike,Knuckle Curve
823150,13b81361-c532-33b2-b4f6-7605df8ff695,2026-04-19,136,SEA,Seattle Mariners,fielding,pitcher,662253,Andrés Muñoz,592626,Joc Pederson,662253,Andrés Muñoz,TEX,SEA,9,Top,0,1,1B--,1,2,Ball,Strike,0.6938251335439491,1.5314731586607389,1.633,3.237,0.019306491994072195,0.23167790392886634,0.33378927847141576,0.9371534907557333,0.9662665676386002,0.029113076882866906,0.011300000000000001,0.0021894517735419963,-0.0021894517735419963,0,2,2,2026-04-19T22:38:39.260Z,Ball,Slider
824446,f0af4f0d-bbd7-3941-9495-c548e926e10a,2026-04-27,114,CLE,Cleveland Guardians,fielding,pitcher,800048,Parker Messick,810938,Ben Williamson,800048,Parker Messick,TB,CLE,2,Top,2,1,1B--,1,0,Ball,Strike,0.7247778987792874,2.9890761495262543,1.63,3.23,0.10438876788737927,1.2526652146485513,0.6615524832129971,0.519338901530776,0.5284275286882726,0.009088627157496587,0.011300000000000001,0.002188146925345817,-0.002188146925345817,0,2,2,2026-04-27T22:28:44.783Z,Ball,Sinker
824290,ad3cb710-c39e-31e5-8f33-3da729f3c447,2026-04-21,158,MIL,Milwaukee Brewers,batting,hitter,641343,Jake Bauers,641343,Jake Bauers,672456,Keider Montero,MIL,DET,1,Top,2,0,---,1,0,Strike,Ball,-0.45798423317046,3.5803449018851663,1.624,3.217,0.2425115685518331,2.910138822621997,0.9468581780317752,0.4623693785896668,0.46530599237328557,0.002936613783618758,0.011300000000000001,0.002180054188499314,-0.002180054188499314,0,2,2,2026-04-21T22:43:59.322Z,Called Strike,Changeup
823151,a5648a0d-51a6-3c1e-854f-9a8818633181,2026-04-18,140,TEX,Texas Rangers,fielding,pitcher,615698,Cal Quantrill,702284,Cole Young,615698,Cal Quantrill,SEA,TEX,6,Bot,0,1,1B--,1,2,Ball,Strike,0.7302755609903167,2.6265999338194272,1.581,3.133,0.09889110567635007,1.1866932681162008,0.6415867353433075,0.07690996760529116,0.08661169941784157,0.009701731812550407,0.011300000000000001,0.002174432550169899,-0.002174432550169899,0,2,2,2026-04-19T01:15:50.353Z,Ball,Sinker
824522,07433e18-1ac7-3546-ac32-ffe6a3896b63,2026-05-08,117,HOU,Houston Astros,fielding,pitcher,681347,Mike Burrows,670770,TJ Friedl,681347,Mike Burrows,CIN,HOU,3,Bot,2,0,---,1,0,Ball,Strike,0.43630313094963563,1.6332153781744485,1.536,3.044,0.21804871150778182,2.616584538093382,0.9233514599683182,0.7166569971965265,0.7199434456456693,0.0032864484491427204,0.011300000000000001,0.002168418471268542,-0.002168418471268542,0,2,2,2026-05-08T22:46:32.728Z,Ball,Curveball
824540,a4248d0c-1be8-3202-b3b7-51aa7204c272,2026-03-28,113,CIN,Cincinnati Reds,batting,hitter,668715,Spencer Steer,668715,Spencer Steer,547973,Aroldis Chapman,CIN,BOS,9,Bot,1,0,---,0,0,Strike,Ball,-0.9245591956318485,2.079191351633285,1.563,3.096,0.0953925289651818,1.1447103475821816,0.628615172103794,0.5758073831011655,0.5859323672361023,0.010124984134936788,0.011300000000000001,0.0021680700893043445,-0.0021680700893043445,0,2,2,2026-03-28T23:15:50.366Z,Called Strike,Four-Seam Fastball
824297,aa7032ad-7899-3f76-a321-a96b5686014d,2026-04-10,116,DET,Detroit Tigers,fielding,pitcher,672456,Keider Montero,669364,Xavier Edwards,672456,Keider Montero,MIA,DET,3,Top,2,0,---,0,1,Ball,Strike,0.3516997632554167,1.6007990031580737,1.542,3.055,0.17963233649140697,2.1555880378968837,0.8669339746536459,0.6578804700289931,0.6621132828172492,0.004232812788256157,0.011300000000000001,0.0021659231280738898,-0.0021659231280738898,0,2,2,2026-04-10T23:25:42.200Z,Ball,Four-Seam Fastball
823893,deedf7ca-0878-3829-805e-32240f8f48e6,2026-03-27,115,COL,Colorado Rockies,batting,hitter,691720,Kyle Karros,691720,Kyle Karros,645261,Sandy Alcantara,COL,MIA,5,Top,1,0,---,0,0,Strike,Ball,0.9490484625825487,2.5721408072449576,1.732,3.432,0.119881795915882,1.438581550990584,0.7146565906759998,0.3252073750597522,0.33273696461784685,0.007529589558094629,0.011300000000000001,0.0021566902774163145,-0.0021566902774163145,0,2,2,2026-03-28T00:23:43.339Z,Called Strike,Slider
824451,c8dd507c-bda5-382a-9693-77ea2c7d5133,2026-04-18,110,BAL,Baltimore Orioles,fielding,pitcher,665152,Dean Kremer,656555,Rhys Hoskins,665152,Dean Kremer,CLE,BAL,5,Bot,1,0,---,0,0,Ball,Strike,0.245795453616504,1.7156504084890631,1.683,3.334,0.15348374182239644,1.8418049018687572,0.8108802339689632,0.6162528692867751,0.6241697096188991,0.00791684033212392,0.022600000000000002,0.0021455026285061383,-0.0021455026285061383,1,1,2,2026-04-18T23:25:10.863Z,Ball,Curveball
823389,763ac266-0f0f-3795-ad8c-9f299f4105a3,2026-05-01,134,PIT,Pittsburgh Pirates,fielding,pitcher,656605,Mitch Keller,668715,Spencer Steer,656605,Mitch Keller,CIN,PIT,2,Top,2,0,---,1,1,Ball,Strike,0.44777625082022776,1.651703481571703,1.563,3.096,0.2095368149050365,2.514441778860438,0.9131397982304847,0.6450767332639054,0.648480917872145,0.0034041846082396576,0.011300000000000001,0.0021269761663117604,-0.0021269761663117604,0,2,2,2026-05-02T00:33:18.377Z,Ball,Sinker
824779,a82461da-811c-38fa-a77a-648b0784f0cd,2026-04-08,158,MIL,Milwaukee Brewers,fielding,pitcher,675660,Shane Drohan,655316,Andruw Monasterio,675660,Shane Drohan,BOS,MIL,1,Bot,1,0,---,3,0,Ball,Strike,-0.7172051569033107,2.302995091538978,1.589,3.148,0.11196150976335606,1.3435381171602727,0.6881284584653485,0.4502348241884794,0.4584315975204855,0.008196773332006135,0.011300000000000001,0.002116284578001699,-0.002116284578001699,0,2,2,2026-04-08T17:45:40.175Z,Ball,Four-Seam Fastball
824777,05425754-82e8-349c-9801-5e827617c6ed,2026-04-19,111,BOS,Boston Red Sox,batting,hitter,665966,Carlos Narváez,665966,Carlos Narváez,640448,Kyle Finnegan,BOS,DET,7,Bot,2,0,---,0,0,Strike,Ball,0.39043108621692046,3.645662084256434,1.605,3.181,0.34382875092310083,4.12594501107721,0.9890267405464599,0.038845333109741295,0.041233320956125905,0.0023879878463846094,0.022600000000000002,0.002113788172524324,-0.002113788172524324,1,1,2,2026-04-19T22:35:40.569Z,Called Strike,Four-Seam Fastball
823554,d327f46b-8335-3eee-a0ca-fbec1da12ab9,2026-05-02,147,NYY,New York Yankees,batting,hitter,691176,Jasson Domínguez,691176,Jasson Domínguez,680694,Kyle Bradish,NYY,BAL,3,Bot,2,7,1B2B3B,1,0,Strike,Ball,0.25502886194634694,3.3830576050364516,1.556,3.083,0.17922427170311828,2.1506912604374193,0.8661789824552026,0.845878188399809,0.850063319075683,0.004185130675874005,0.011300000000000001,0.00211289473201439,-0.00211289473201439,0,2,2,2026-05-02T18:37:45.172Z,Called Strike,Four-Seam Fastball
824781,89c22195-6386-3997-b86d-e3490e80946e,2026-04-05,135,SD,San Diego Padres,batting,hitter,592518,Manny Machado,592518,Manny Machado,624133,Ranger Suarez,SD,BOS,2,Top,0,0,---,1,1,Strike,Ball,0.9113978311327179,2.927663979228272,1.672,3.314,0.08223116446605117,0.986773973592614,0.5782756194936517,0.4925991243790671,0.5044899837514205,0.011890859372353402,0.011300000000000001,0.0021107085701378217,-0.0021107085701378217,0,2,2,2026-04-05T17:50:43.239Z,Called Strike,Cutter
824616,cddfda9c-b41d-34de-96e4-d34444b9e6b9,2026-04-14,139,TB,Tampa Bay Rays,batting,hitter,668723,Ryan Vilade,668723,Ryan Vilade,702273,Noah Schultz,TB,CWS,3,Top,1,1,1B--,0,0,Strike,Ball,-0.12865355108886695,3.5166066444221773,1.653,3.275,0.12077331108884426,1.4492797330661311,0.7175564630791958,0.7947765124720205,0.8021310023371779,0.00735448986515741,0.011300000000000001,0.002085649768189056,-0.002085649768189056,0,2,2,2026-04-15T00:22:18.120Z,Called Strike,Sinker
824779,df731f39-0c08-3912-893d-5f0e72ce4d62,2026-04-08,158,MIL,Milwaukee Brewers,fielding,pitcher,675660,Shane Drohan,665966,Carlos Narváez,675660,Shane Drohan,BOS,MIL,2,Bot,2,0,---,1,2,Ball,Strike,0.7352407715195598,1.622983306366612,1.605,3.181,0.09392589514710692,1.127110741765283,0.623120479107892,0.48982379554569055,0.4999999999999997,0.010176204454309168,0.011300000000000001,0.002082262808988173,-0.002082262808988173,0,2,2,2026-04-08T18:01:39.075Z,Ball,Changeup
822913,35cd6912-a091-3415-a832-a35d55b56fb9,2026-04-22,140,TEX,Texas Rangers,fielding,pitcher,683004,Jack Leiter,656811,Ryan O'Hearn,683004,Jack Leiter,PIT,TEX,1,Top,2,1,1B--,0,0,Ball,Strike,-0.6544013040519149,1.841135987562839,1.66,3.289,0.17476536261475184,2.097184351377022,0.8576913242850229,0.4246541468981594,0.42895599502991966,0.004301848131760266,0.011300000000000001,0.0020815697854232734,-0.0020815697854232734,0,2,2,2026-04-23T00:12:26.959Z,Ball,Curveball
825020,437cac4f-fa55-3f5b-8ed6-72992723743c,2026-04-18,145,CWS,Chicago White Sox,fielding,pitcher,607200,Erick Fedde,691016,Tyler Soderstrom,607200,Erick Fedde,ATH,CWS,2,Bot,0,0,---,0,0,Ball,Strike,-0.686765793219202,1.6780011938142079,1.658,3.286,0.1408345271475413,1.6900143257704956,0.7778796440842494,0.8752935572817149,0.8811839770288568,0.005890419747141884,0.011300000000000001,0.0020720775945655807,-0.0020720775945655807,0,2,2,2026-04-18T20:27:11.562Z,Ball,Sinker
823324,e63613b8-c0ec-3ff6-9f7c-b1e0093a6606,2026-03-27,135,SD,San Diego Padres,fielding,pitcher,650633,Michael King,678009,Parker Meadows,650633,Michael King,DET,SD,3,Top,0,0,---,1,0,Ball,Strike,0.7609992162352225,1.7365408019953223,1.73,3.427,0.06816745043144423,0.8180094051773308,0.5226542805383287,0.4875820717880995,0.5018654533688585,0.01428338158075898,0.011300000000000001,0.002071263893829116,-0.002071263893829116,0,2,2,2026-03-28T02:09:31.180Z,Ball,Sinker
824620,d9815ce2-d22c-3716-be88-90133b71c3cb,2026-04-05,145,CWS,Chicago White Sox,batting,hitter,669720,Austin Hays,669720,Austin Hays,608723,Austin Voth,CWS,TOR,4,Bot,2,2,-2B-,1,0,Strike,Ball,0.9694556933839753,2.4799192513054895,1.586,3.142,0.14028902671730858,1.683468320607703,0.7763679369135371,0.7723496519671524,0.7782652452633023,0.005915593296149879,0.011300000000000001,0.0020656346500744016,-0.0020656346500744016,0,2,2,2026-04-05T19:35:04.562Z,Called Strike,Four-Seam Fastball
824291,8a98be85-cd4e-3d17-8cd6-3e44c417683a,2026-04-15,118,KC,Kansas City Royals,batting,hitter,663697,Jonathan India,663697,Jonathan India,663947,Tyler Holton,KC,DET,7,Top,1,0,---,0,0,Strike,Ball,0.9373711381973673,2.5531585352713355,1.584,3.138,0.10820447153070056,1.2984536583684068,0.6750842422235411,0.4579331406115031,0.46640813236073425,0.008474991749231164,0.011300000000000001,0.002049785320006498,-0.002049785320006498,0,2,2,2026-04-16T00:14:01.686Z,Called Strike,Four-Seam Fastball
823309,fe521d11-6343-39e8-9b4a-104115aec3c7,2026-05-01,135,SD,San Diego Padres,fielding,pitcher,608566,Germán Márquez,808959,Munetaka Murakami,608566,Germán Márquez,CWS,SD,1,Top,1,0,---,2,1,Ball,Strike,0.23367438266226237,1.6090495655284274,1.664,3.296,0.0658828988617608,0.7905947863411296,0.5135282928275671,0.5061953417550742,0.5208888909671058,0.014693549212031587,0.011300000000000001,0.002048422951383931,-0.002048422951383931,0,2,2,2026-05-02T01:44:14.975Z,Ball,Sinker
823635,7feecc10-4331-3136-a428-278211ee475e,2026-04-26,115,COL,Colorado Rockies,fielding,pitcher,680767,Victor Vodnik,543760,Marcus Semien,680767,Victor Vodnik,NYM,COL,9,Bot,0,0,---,1,0,Ball,Strike,0.7806298738473646,1.6296373197955365,1.621,3.212,0.04853679281930212,0.5824415138316255,0.44437833096488133,0.877080756141797,0.9099478707939045,0.032867114652107454,0.022600000000000002,0.0020483838325412243,-0.0020483838325412243,1,1,2,2026-04-26T20:19:47.904Z,Ball,Sinker
823389,9721528a-2326-3fac-85df-442a4d05e7f9,2026-05-01,113,CIN,Cincinnati Reds,fielding,pitcher,687209,Zach Maxwell,668804,Bryan Reynolds,687209,Zach Maxwell,PIT,CIN,4,Bot,1,3,1B2B-,1,2,Ball,Strike,-0.7442466620483251,2.9707412396113386,1.657,3.284,0.0849200046183416,1.0190400554200991,0.5887305647687724,0.07633322395118064,0.0876948231710817,0.011361599219901056,0.011300000000000001,0.0020415761072959194,-0.0020415761072959194,0,2,2,2026-05-02T01:20:48.533Z,Ball,Four-Seam Fastball
823064,6e2d54a7-3d5e-3dee-8eb1-9fd001826102,2026-05-04,138,STL,St. Louis Cardinals,fielding,pitcher,681517,Kyle Leahy,666152,David Hamilton,681517,Kyle Leahy,MIL,STL,3,Top,0,0,---,0,0,Ball,Strike,-0.731836556321365,2.514664529036306,1.582,3.135,0.0973301103453017,1.1679613241436204,0.6358233602926401,0.6089104599429104,0.6185889029234881,0.00967844298057774,0.011300000000000001,0.0020385841096184857,-0.0020385841096184857,0,2,2,2026-05-05T00:19:02.246Z,Ball,Four-Seam Fastball
823648,91289619-621a-36f6-b1a5-e27accef494c,2026-04-07,109,AZ,Arizona Diamondbacks,batting,hitter,682998,Corbin Carroll,682998,Corbin Carroll,642547,Freddy Peralta,AZ,NYM,3,Top,0,0,---,0,0,Strike,Ball,-0.9295589198619351,2.146300960432357,1.566,3.103,0.10039225319526834,1.2047070383432201,0.6470908517219469,0.2807391292137644,0.2900352890246759,0.009296159810911475,0.011300000000000001,0.002027586594244039,-0.002027586594244039,0,2,2,2026-04-07T20:52:48.036Z,Called Strike,Curveball
823642,831c7627-e667-3217-90de-798fa0ca8ddd,2026-04-12,133,ATH,Athletics,batting,hitter,671732,Lawrence Butler,671732,Lawrence Butler,640455,Sean Manaea,ATH,NYM,7,Top,2,0,---,0,0,Strike,Ball,1.0077133672396996,2.830916233832935,1.688,3.344,0.1785467005730329,2.142560406876395,0.8649173580924568,0.6495947581876356,0.6537010448303954,0.004106286642759804,0.011300000000000001,0.0020251647410709167,-0.0020251647410709167,0,2,2,2026-04-12T19:21:30.147Z,Called Strike,Sweeper
823473,9b51eb25-897a-314e-b6ce-620f048fb91f,2026-04-28,143,PHI,Philadelphia Phillies,batting,hitter,665561,Rafael Marchán,665561,Rafael Marchán,641816,Tyler Mahle,PHI,SF,3,Bot,1,1,1B--,0,0,Strike,Ball,-0.8994875416006073,2.142209818671398,1.542,3.056,0.07032087493394057,0.8438504992072868,0.5312427424515996,0.5506682140495694,0.564448824212737,0.013780610163167561,0.011300000000000001,0.0020238921254405965,-0.0020238921254405965,0,2,2,2026-04-28T23:16:45.616Z,Called Strike,Four-Seam Fastball
823002,7012cece-b727-3fb1-887f-6f381f3702cd,2026-04-06,139,TB,Tampa Bay Rays,fielding,pitcher,663556,Shane McClanahan,608324,Alex Bregman,663556,Shane McClanahan,CHC,TB,1,Top,1,0,---,0,1,Ball,Strike,0.11699546655434788,1.5844242786288307,1.578,3.126,0.127257611962164,1.527091343545968,0.7381010102539606,0.5226612566390766,0.5293893744334107,0.006728117794334132,0.011300000000000001,0.0020065719569754255,-0.0020065719569754255,0,2,2,2026-04-06T20:13:10.196Z,Ball,Curveball
822823,480aed81-f9d8-39cc-b6a2-7924546a50e3,2026-04-28,141,TOR,Toronto Blue Jays,batting,hitter,676391,Ernie Clement,676391,Ernie Clement,801139,Payton Tolle,TOR,BOS,1,Bot,1,0,---,3,0,Strike,Ball,0.9393022662573893,2.847139574812707,1.61,3.191,0.11013559959072261,1.3216271950886713,0.6818245905595643,0.5415684024795138,0.54976517581152,0.00819677333200619,0.011300000000000001,0.0019933794943277536,-0.0019933794943277536,0,2,2,2026-04-28T23:17:03.530Z,Called Strike,Four-Seam Fastball
824053,98a1863b-4e36-3993-8200-173c14c69c67,2026-04-05,136,SEA,Seattle Mariners,batting,hitter,660844,Leo Rivas,660844,Leo Rivas,666171,Ryan Zeferjahn,SEA,LAA,4,Top,0,0,---,0,1,Strike,Ball,-0.5626441536928618,3.23893141096607,1.517,3.007,0.11109807763273682,1.333176931592842,0.6851559936628696,0.48992677626451553,0.49802244510632765,0.00809566884181212,0.011300000000000001,0.001989058758067742,-0.001989058758067742,0,2,2,2026-04-05T21:25:20.960Z,Called Strike,Sweeper
824529,65a7be1b-c875-38ee-8c6e-a7478db1cc63,2026-04-24,113,CIN,Cincinnati Reds,fielding,pitcher,671096,Andrew Abbott,693307,Dillon Dingler,671096,Andrew Abbott,DET,CIN,3,Top,1,6,-2B3B,0,0,Ball,Strike,0.4312956755304968,3.274506784370916,1.651,3.272,0.11832654896241701,1.4199185875490041,0.7095552060962774,0.10844111541144269,0.11586958408639994,0.00742846867495725,0.011300000000000001,0.001988882450526967,-0.001988882450526967,0,2,2,2026-04-24T23:33:29.936Z,Ball,Changeup
824133,a711b13d-9446-379c-b35f-efe2c7af22e3,2026-04-02,142,MIN,Minnesota Twins,batting,hitter,668885,Austin Martin,668885,Austin Martin,666142,Cole Ragans,MIN,KC,3,Top,1,0,---,3,1,Strike,Ball,-0.29244664773161105,3.330472799565557,1.579,3.13,0.07963946623222418,0.9556735947866901,0.5681314257700023,0.6030579455255151,0.6151468904331046,0.012088944907589494,0.011300000000000001,0.0019879946176048534,-0.0019879946176048534,0,2,2,2026-04-02T18:47:26.736Z,Called Strike,Four-Seam Fastball
823236,586b39f9-5e9e-31a8-9dc6-e426bb83c9b7,2026-04-21,137,SF,San Francisco Giants,fielding,pitcher,694738,Landen Roupp,518692,Freddie Freeman,694738,Landen Roupp,LAD,SF,1,Top,2,0,---,3,2,Ball,Strike,0.7916635408509127,3.144063977691078,1.707,3.382,0.03750312581575399,0.4500375097890479,0.40132435612003936,0.5259350125143663,0.5477444202451806,0.0218094077308143,0.011300000000000001,0.001987611739084903,-0.001987611739084903,0,2,2,2026-04-22T01:50:52.514Z,Ball,Sinker
824846,ee1d73f2-59f8-36f7-ad64-944fb150a3fd,2026-05-08,110,BAL,Baltimore Orioles,batting,hitter,683002,Gunnar Henderson,683002,Gunnar Henderson,682052,Jacob Lopez,BAL,ATH,6,Bot,0,0,---,0,0,Strike,Ball,-0.22583487389473625,1.486467213255396,1.68,3.329,0.0726994534112706,0.8723934409352472,0.5407075122637459,0.2494136370401624,0.2626761850621405,0.013262548021978127,0.011300000000000001,0.001981154235822586,-0.001981154235822586,0,2,2,2026-05-09T00:38:32.892Z,Called Strike,Slider
824458,2b8f4d1c-dfbb-3345-af33-a91f27879b6c,2026-04-03,112,CHC,Chicago Cubs,batting,hitter,694208,Moisés Ballesteros,694208,Moisés Ballesteros,542888,Shawn Armstrong,CHC,CLE,8,Top,0,0,---,0,0,Strike,Ball,-0.7435006822261762,3.259383896893776,1.534,3.04,0.09855056356044267,1.182606762725312,0.6403328311397539,0.06474147987335836,0.07418174614674197,0.00944026627338361,0.011300000000000001,0.0019806734214280804,-0.0019806734214280804,0,2,2,2026-04-03T22:22:30.130Z,Called Strike,Four-Seam Fastball
824291,33e88ccb-3ade-3da1-a19d-85a5f58e9c18,2026-04-15,116,DET,Detroit Tigers,fielding,pitcher,656427,Jack Flaherty,695600,Carter Jensen,656427,Jack Flaherty,KC,DET,2,Top,1,0,---,1,1,Ball,Strike,0.1355951169751743,1.5788618708707356,1.61,3.191,0.08969520420406885,1.0763424504488261,0.6070963914453176,0.5179783709027427,0.5285531264865425,0.010574755583799833,0.011300000000000001,0.0019800851786731894,-0.0019800851786731894,0,2,2,2026-04-15T22:54:19.056Z,Ball,Four-Seam Fastball
823242,e13f2f1a-d29a-3f45-816e-4265a7aa1ee7,2026-04-02,137,SF,San Francisco Giants,batting,hitter,669477,Casey Schmitt,669477,Casey Schmitt,656849,David Peterson,SF,NYM,2,Bot,0,1,1B--,0,0,Strike,Ball,0.9554407086191442,3.10144757959159,1.613,3.196,0.1262740419524775,1.5152885034297299,0.7350475219878626,0.6830846869279259,0.6898510567621472,0.0067663698342212975,0.011300000000000001,0.0019796403779606363,-0.0019796403779606363,0,2,2,2026-04-03T02:18:02.381Z,Called Strike,Sinker
822826,3912bcf5-4018-3d51-9183-6cb34be309ab,2026-04-25,141,TOR,Toronto Blue Jays,batting,hitter,665926,Andrés Giménez,665926,Andrés Giménez,676282,Joey Cantillo,TOR,CLE,2,Bot,2,1,1B--,0,0,Strike,Ball,-0.1321388388941688,3.4399103026993614,1.597,3.165,0.15407696936602822,1.8489236323923386,0.8123315168140772,0.5199104725194692,0.5249545415682318,0.005044069048762645,0.011300000000000001,0.0019768024012953717,-0.0019768024012953717,0,2,2,2026-04-25T19:31:22.362Z,Called Strike,Slider
823147,e68ac163-ea31-35f5-b7e8-edad942508cd,2026-04-22,133,ATH,Athletics,batting,hitter,701762,Nick Kurtz,701762,Nick Kurtz,669302,Logan Gilbert,ATH,SEA,4,Top,0,0,---,1,0,Strike,Ball,-0.9053391148816259,3.038268380867558,1.722,3.413,0.07617244821495917,0.91406937857951,0.5544727306071822,0.6229074991551758,0.6355190788391093,0.01261157968393345,0.011300000000000001,0.001958318880481801,-0.001958318880481801,0,2,2,2026-04-22T21:28:06.484Z,Called Strike,Cutter
822918,642b53c0-8d74-367a-87a8-5ce45efc5dd9,2026-04-06,136,SEA,Seattle Mariners,fielding,pitcher,669302,Logan Gilbert,694497,Evan Carter,669302,Logan Gilbert,TEX,SEA,2,Bot,1,0,---,1,0,Ball,Strike,-0.7643548593961169,2.483033165516096,1.673,3.316,0.0648118072705498,0.7777416872465976,0.5092461749036588,0.45829367746571237,0.4730017677470784,0.014708090281366049,0.011300000000000001,0.0019445204923346816,-0.0019445204923346816,0,2,2,2026-04-07T00:37:17.561Z,Ball,Slider
823973,29cdabe1-e248-368f-9391-73167eee1a01,2026-03-28,109,AZ,Arizona Diamondbacks,fielding,pitcher,593958,Eduardo Rodriguez,660271,Shohei Ohtani,593958,Eduardo Rodriguez,LAD,AZ,3,Bot,1,1,1B--,3,1,Ball,Strike,0.09200060970511129,1.6109294726264152,1.7,3.369,0.03176280595974856,0.38115367151698276,0.3794707781453191,0.6200710738413571,0.6436712734651117,0.023600199623754592,0.011300000000000001,0.0019436059086531269,-0.0019436059086531269,0,2,2,2026-03-29T01:57:46.684Z,Ball,Sinker
823486,fec9e1bb-d693-3f8d-a27e-7eaefb7e7241,2026-03-26,140,TEX,Texas Rangers,batting,hitter,669394,Jake Burger,669394,Jake Burger,650911,Cristopher Sánchez,TEX,PHI,4,Top,1,0,---,1,2,Strike,Ball,-0.8717991312271699,3.3253995162543544,1.63,3.23,0.04263246456050318,0.5115895747260382,0.42119235656695564,0.22325156322210474,0.24337531950685784,0.020123756284753103,0.011300000000000001,0.0019354459617608412,-0.0019354459617608412,0,2,2,2026-03-26T21:05:11.127Z,Called Strike,Sinker
823809,8a031ef0-67e9-3149-8601-89bce9a3dfd8,2026-03-30,158,MIL,Milwaukee Brewers,batting,hitter,686217,Sal Frelick,686217,Sal Frelick,693855,Ian Seymour,MIL,TB,9,Bot,0,0,---,0,0,Strike,Ball,-0.17766472679909306,3.199488882640924,1.546,3.063,0.01565554930759072,0.18786659169108866,0.32092781481003174,0.18378545196000493,0.2136530777896733,0.02986762582966837,0.011300000000000001,0.0019118361984324893,-0.0019118361984324893,0,2,2,2026-03-31T02:05:18.315Z,Called Strike,Sinker
824619,51130f9f-c893-3d9d-9d2a-709043e67a66,2026-04-06,110,BAL,Baltimore Orioles,batting,hitter,621493,Taylor Ward,621493,Taylor Ward,607200,Erick Fedde,BAL,CWS,3,Top,2,0,---,1,0,Strike,Ball,0.581741315797871,3.50749493647604,1.61,3.19,0.1966616031427071,2.359939237712485,0.895349287505328,0.45691311235677734,0.4603600146039419,0.0034469022471645405,0.011300000000000001,0.0019036284199094923,-0.0019036284199094923,0,2,2,2026-04-07T00:15:52.322Z,Called Strike,Cutter
823562,85443fd1-01f8-334c-beb0-4d754c56d722,2026-04-14,108,LAA,Los Angeles Angels,fielding,pitcher,672282,Reid Detmers,641857,Ryan McMahon,672282,Reid Detmers,NYY,LAA,3,Bot,2,0,---,0,1,Ball,Strike,0.6418739707129493,2.9738173865796496,1.674,3.317,0.18729269595371745,2.2475123514446094,0.8804483883628995,0.8065655646346552,0.8102586098685035,0.00369304523384828,0.011300000000000001,0.00190060251279377,-0.00190060251279377,0,2,2,2026-04-14T23:56:34.030Z,Ball,Four-Seam Fastball
825019,6e8ee5ad-768e-3095-8a37-bbf754d760ed,2026-04-17,145,CWS,Chicago White Sox,batting,hitter,805367,Chase Meidroth,805367,Chase Meidroth,650644,Aaron Civale,CWS,ATH,3,Top,2,6,-2B3B,0,0,Strike,Ball,0.9491822635264223,2.196742500690437,1.548,3.068,0.1200155968597556,1.4401871623170672,0.7150929504551018,0.7878058800301223,0.7949546590689095,0.00714877903878719,0.011300000000000001,0.0018925918351405681,-0.0018925918351405681,0,2,2,2026-04-18T02:24:27.867Z,Called Strike,Four-Seam Fastball
823563,0cb71f33-f69a-3b69-8f40-f3e14bb6441f,2026-04-13,147,NYY,New York Yankees,batting,hitter,502671,Paul Goldschmidt,502671,Paul Goldschmidt,579328,Yusei Kikuchi,NYY,LAA,4,Bot,1,0,---,3,0,Strike,Ball,-0.371493362560084,3.5159435962040817,1.667,3.303,0.09211026287074864,1.1053231544489837,0.6162743056104247,0.5519835031655529,0.5620815698518036,0.010098066686250684,0.011300000000000001,0.001887078688474702,-0.001887078688474702,0,2,2,2026-04-14T00:46:58.827Z,Called Strike,Slider
824939,e7c267ca-6caa-305d-a6d0-1ded8f793efb,2026-04-11,144,ATL,Atlanta Braves,fielding,pitcher,527048,Martín Pérez,656555,Rhys Hoskins,527048,Martín Pérez,CLE,ATL,4,Top,1,0,---,0,0,Ball,Strike,-0.6793461370329684,3.243807029883657,1.683,3.334,0.1498205296336983,1.7978463556043796,0.8017278253458715,0.39511604180194526,0.40026374372304296,0.005147701921097703,0.011300000000000001,0.0018865802931387742,-0.0018865802931387742,0,2,2,2026-04-12T00:07:24.547Z,Ball,Curveball
823871,af8cbc5c-d9f0-3e5e-a507-74e04fa92a49,2026-05-08,146,MIA,Miami Marlins,batting,hitter,677870,Leo Jiménez,677870,Leo Jiménez,656492,Foster Griffin,MIA,WSH,7,Bot,1,0,---,0,2,Strike,Ball,0.8548646308845977,2.9077287748105536,1.574,3.118,0.025697964217931024,0.3083755706151723,0.3569027611893101,0.27549010734674007,0.30113349000624196,0.02564338265950189,0.011300000000000001,0.0018851952788495009,-0.0018851952788495009,0,2,2,2026-05-09T01:10:32.959Z,Called Strike,Four-Seam Fastball
825023,1dab603f-507a-392b-af25-738a93e356d7,2026-04-16,133,ATH,Athletics,fielding,pitcher,605130,Scott Barlow,592626,Joc Pederson,605130,Scott Barlow,TEX,ATH,7,Top,2,1,1B--,3,1,Ball,Strike,0.4908580313719947,1.6429957344088857,1.633,3.237,0.13082906774221903,1.5699488129066284,0.7489960594245272,0.1870572519275548,0.19714664469999582,0.01008939277244103,0.022600000000000002,0.0018842263715389508,-0.0018842263715389508,1,1,2,2026-04-16T21:20:27.895Z,Ball,Sinker
824134,432f9dbe-76a5-3220-a974-d9076d4f2d4f,2026-04-04,118,KC,Kansas City Royals,fielding,pitcher,683232,Nick Mears,663604,Brandon Lockridge,683232,Nick Mears,MIL,KC,6,Top,2,0,---,0,1,Ball,Strike,0.6875204601008722,1.7752072746907646,1.628,3.226,0.14164620656579452,1.6997544787895342,0.7801154533252243,0.5583884094455941,0.5639855787729358,0.005597169327341667,0.011300000000000001,0.0018817429097122188,-0.0018817429097122188,0,2,2,2026-04-05T00:47:05.426Z,Ball,Slider
823306,8db761df-900a-3a5b-b49e-034b81aa9181,2026-05-07,135,SD,San Diego Padres,fielding,pitcher,650633,Michael King,676475,Alec Burleson,650633,Michael King,STL,SD,1,Top,2,0,---,3,1,Ball,Strike,0.7380727915239863,1.6804977996096013,1.623,3.216,0.09109387514268041,1.093126501712165,0.6124214146127434,0.5259350125143663,0.5361558186376152,0.010220806123248938,0.011300000000000001,0.001879802529606703,-0.001879802529606703,0,2,2,2026-05-08T02:14:32.284Z,Ball,Changeup
824201,1fd2de18-7d3b-34db-91a1-3194e535baf9,2026-05-04,119,LAD,Los Angeles Dodgers,fielding,pitcher,808967,Yoshinobu Yamamoto,701358,Cam Smith,808967,Yoshinobu Yamamoto,HOU,LAD,2,Bot,0,0,---,0,2,Ball,Strike,-0.08916757641601389,1.625203794093566,1.69,3.348,0.05603712742689937,0.6724455291227924,0.4741715204887431,0.5668822225849683,0.5833740393507894,0.01649181676582101,0.011300000000000001,0.0018780880129938915,-0.0018780880129938915,0,2,2,2026-05-05T00:52:51.181Z,Ball,Splitter
823880,806a71b9-f612-374c-826f-8ecf92582cad,2026-04-21,146,MIA,Miami Marlins,fielding,pitcher,663978,Chris Paddack,676475,Alec Burleson,663978,Chris Paddack,STL,MIA,1,Top,1,2,-2B-,0,0,Ball,Strike,-0.7976985831696488,1.561367219235408,1.623,3.216,0.03146808349701791,0.3776170019642149,0.3783610254075118,0.4722406409804952,0.4957699270448825,0.02352928606438731,0.011300000000000001,0.0018780443895331442,-0.0018780443895331442,0,2,2,2026-04-21T22:44:44.805Z,Ball,Sinker
822748,116e0faf-0ba2-3ed6-bc46-1c75f70bb09c,2026-04-22,144,ATL,Atlanta Braves,batting,hitter,645277,Ozzie Albies,645277,Ozzie Albies,641793,Zack Littell,ATL,WSH,3,Top,1,0,---,0,0,Strike,Ball,-0.29404717429322247,3.283142489219889,1.506,2.985,0.17730915588655582,2.12770987063867,0.8625871742848729,0.4726483720329142,0.4784212613923371,0.005772889359422884,0.022600000000000002,0.0018740904588419212,-0.0018740904588419212,1,1,2,2026-04-22T23:31:55.873Z,Called Strike,Slider
822914,ff9ad8b6-27e0-3e8d-80b2-bf50bc4c30d8,2026-04-21,134,PIT,Pittsburgh Pirates,fielding,pitcher,669387,Carmen Mlodzinski,608369,Corey Seager,669387,Carmen Mlodzinski,TEX,PIT,1,Bot,1,1,1B--,2,2,Ball,Strike,0.8104243096935785,1.5958808570314151,1.702,3.372,0.014714190364748525,0.1765702843769823,0.31765425279538106,0.5270690787746107,0.5815034376239439,0.05443435884933312,0.022600000000000002,0.0018702916998561622,-0.0018702916998561622,1,1,2,2026-04-22T00:24:54.055Z,Ball,Splitter
824218,4fc05c79-7d8c-38d6-b9e0-7a806df76ca9,2026-03-26,108,LAA,Los Angeles Angels,fielding,pitcher,519141,Drew Pomeranz,670623,Isaac Paredes,519141,Drew Pomeranz,HOU,LAA,8,Bot,0,0,---,0,0,Ball,Strike,-0.7767806686285822,2.9789192890197134,1.605,3.181,0.052385998038084525,0.6286319764570143,0.4596320467516895,0.827250854875249,0.8445988068981557,0.017347952022906732,0.011300000000000001,0.0018675168235328232,-0.0018675168235328232,0,2,2,2026-03-26T22:41:54.006Z,Ball,Four-Seam Fastball
822904,18103a08-9ac0-342e-9201-be11a9a74231,2026-05-08,112,CHC,Chicago Cubs,batting,hitter,608348,Carson Kelly,608348,Carson Kelly,677958,Kumar Rocker,CHC,TEX,2,Top,0,0,---,0,0,Strike,Ball,-0.6402075206828537,3.4945566235202272,1.644,3.258,0.11572329018689409,1.388679482242729,0.700896936139384,0.600361926021907,0.6078474429542138,0.007485516932306813,0.011300000000000001,0.0018667112616483645,-0.0018667112616483645,0,2,2,2026-05-09T00:30:30.578Z,Called Strike,Sinker
823795,28d69e13-9daf-3873-b6b0-d96a2f861232,2026-04-30,158,MIL,Milwaukee Brewers,fielding,pitcher,605540,Brandon Woodruff,606466,Ketel Marte,605540,Brandon Woodruff,AZ,MIL,1,Top,0,1,1B--,0,0,Ball,Strike,0.505618260042549,1.6153053982114915,1.624,3.218,0.11213873154482479,1.3456647785378975,0.6887366641068321,0.46182179162525083,0.46963368945530254,0.007811897830051706,0.011300000000000001,0.001863064756220415,-0.001863064756220415,0,2,2,2026-04-30T17:43:27.818Z,Ball,Four-Seam Fastball
823871,e5a1a210-0692-3ab9-924e-9b84c7f64980,2026-05-08,146,MIA,Miami Marlins,fielding,pitcher,702281,Robby Snelling,678554,Curtis Mead,702281,Robby Snelling,WSH,MIA,3,Top,0,0,---,2,2,Ball,Strike,-0.7959379476297207,2.0655721742614648,1.639,3.247,0.03322871903694602,0.39874462844335223,0.38500910122369425,0.38509590982587105,0.4079694121717548,0.022873502345883756,0.011300000000000001,0.0018571094238545114,-0.0018571094238545114,0,2,2,2026-05-08T23:53:09.465Z,Ball,Four-Seam Fastball
824933,3d4f5202-f676-3ca8-b0be-1f759313e4a6,2026-04-25,144,ATL,Atlanta Braves,fielding,pitcher,641755,Tyler Kinley,607208,Trea Turner,641755,Tyler Kinley,PHI,ATL,10,Top,0,0,---,3,1,Ball,Strike,-0.46580494283728135,1.5165906152479502,1.637,3.245,0.00042394858128358415,0.00508738297540301,0.27027716337449875,0.2927892590695635,0.36067342169452343,0.06788416262495994,0.022600000000000002,0.001855802804591012,-0.001855802804591012,0,1,1,2026-04-26T02:43:25.261Z,Ball,Slider
824694,4db9ab9d-4db0-3505-bfab-4ba06bda8385,2026-04-18,121,NYM,New York Mets,fielding,pitcher,642547,Freddy Peralta,673548,Seiya Suzuki,642547,Freddy Peralta,CHC,NYM,4,Bot,1,0,---,1,0,Ball,Strike,-0.30301803218326306,1.5378840028044964,1.604,3.178,0.0547173361378297,0.6566080336539564,0.46890950796817943,0.45124232813988896,0.46799732301288216,0.0167549948729932,0.011300000000000001,0.0018552538419450374,-0.0018552538419450374,0,2,2,2026-04-18T19:24:28.684Z,Ball,Four-Seam Fastball
823152,532e2d82-92cf-3668-9d4f-994e09012cb1,2026-04-17,140,TEX,Texas Rangers,fielding,pitcher,594798,Jacob deGrom,663728,Cal Raleigh,594798,Jacob deGrom,SEA,TEX,3,Bot,0,0,---,2,2,Ball,Strike,0.8099719050547061,2.2669642831651546,1.656,3.282,0.019194761611960653,0.23033713934352784,0.3333918617579126,0.6728736905898726,0.7009770502061604,0.02810335961628785,0.011300000000000001,0.0018367594219907525,-0.0018367594219907525,0,2,2,2026-04-18T02:40:55.108Z,Ball,Four-Seam Fastball
824284,4fb5aadd-d751-347c-8298-16d87f7f7a36,2026-05-02,140,TEX,Texas Rangers,batting,hitter,643376,Danny Jansen,643376,Danny Jansen,672456,Keider Montero,TEX,DET,3,Top,1,1,1B--,3,1,Strike,Ball,0.8951771534723417,1.6529537635947609,1.656,3.281,0.066010486805675,0.7921258416681001,0.5140382567350547,0.10653970416710493,0.12079145858020324,0.014251754413098311,0.011300000000000001,0.0018345792950312956,-0.0018345792950312956,0,2,2,2026-05-02T23:57:11.034Z,Called Strike,Sinker
825108,db5093ab-d4d9-353e-a492-191ec4c40f5f,2026-03-30,109,AZ,Arizona Diamondbacks,fielding,pitcher,605452,Joe Ross,681481,Kerry Carpenter,605452,Joe Ross,DET,AZ,7,Top,1,1,1B--,0,0,Ball,Strike,0.5154601559358575,1.824596476460543,1.632,3.234,0.31342980979387636,3.7611577175265163,0.9822746817140335,0.9830195992464619,0.9850909207113391,0.002071321464877207,0.011300000000000001,0.0018343105360082834,-0.0018343105360082834,0,2,2,2026-03-31T04:21:57.991Z,Ball,Slider
824538,0fa346a3-3c74-3e6a-97c5-b0245bf3de0b,2026-03-29,113,CIN,Cincinnati Reds,fielding,pitcher,695076,Rhett Lowder,677800,Wilyer Abreu,695076,Rhett Lowder,BOS,CIN,2,Top,1,0,---,0,0,Ball,Strike,-0.6852227299518118,2.101681795719753,1.573,3.117,0.14394393671485495,1.7273272405782594,0.7863567475533826,0.520112747916883,0.525504727163966,0.005391979247083012,0.011300000000000001,0.001825850510964757,-0.001825850510964757,0,2,2,2026-03-29T18:00:01.933Z,Ball,Four-Seam Fastball
823888,103776a1-e750-3362-a10a-d94aa61a38b0,2026-03-31,145,CWS,Chicago White Sox,fielding,pitcher,607200,Erick Fedde,805300,Jakob Marsee,607200,Erick Fedde,MIA,CWS,5,Bot,0,0,---,1,1,Ball,Strike,-0.6004139291890582,3.2152934130297197,1.621,3.212,0.1175399203036136,1.4104790436433632,0.7069545630896432,0.18353263161093059,0.19077981687348958,0.007247185262558992,0.011300000000000001,0.001812017253835061,-0.001812017253835061,0,2,2,2026-04-01T00:05:09.780Z,Ball,Cutter
822742,9fbf284c-db94-31f6-a73f-8faf63650c1c,2026-05-03,158,MIL,Milwaukee Brewers,batting,hitter,650859,Luis Rengifo,650859,Luis Rengifo,676571,PJ Poulin,MIL,WSH,1,Top,0,0,---,0,0,Strike,Ball,-0.9380473166768415,2.2445724782053125,1.558,3.087,0.10888065001017477,1.3065678001220973,0.6774527999668811,0.4955321666141817,0.5035779154110038,0.008045748796822128,0.011300000000000001,0.0018058316898630715,-0.0018058316898630715,0,2,2,2026-05-03T17:36:02.641Z,Called Strike,Four-Seam Fastball
824449,3e1fcda0-2b6c-3d9f-9f5b-6e9a51563d22,2026-04-22,117,HOU,Houston Astros,batting,hitter,670623,Isaac Paredes,670623,Isaac Paredes,676440,Tanner Bibee,HOU,CLE,1,Top,2,0,---,1,1,Strike,Ball,-0.2610368136577389,3.5566917699192997,1.605,3.181,0.2548584365859665,3.0583012390315982,0.9559649350093424,0.656847709017569,0.6592566783718306,0.002408969354261603,0.011300000000000001,0.0018052939977917604,-0.0018052939977917604,0,2,2,2026-04-22T17:20:21.013Z,Called Strike,Curveball
823387,902f9ef9-9f01-3e07-b942-519039ec82b4,2026-05-03,113,CIN,Cincinnati Reds,fielding,pitcher,695505,Chase Burns,668804,Bryan Reynolds,695505,Chase Burns,PIT,CIN,1,Bot,1,2,-2B-,0,0,Ball,Strike,-0.24594666480200614,1.5669502909693498,1.657,3.284,0.03078362430268311,0.3694034916321973,0.37578867756235573,0.4241674335968828,0.4477410664779574,0.023573632881074613,0.011300000000000001,0.0018051163821741151,-0.0018051163821741151,0,2,2,2026-05-03T17:50:25.234Z,Ball,Four-Seam Fastball
824284,70c8dae1-5102-331a-b210-ce47cfba7ff3,2026-05-02,140,TEX,Texas Rangers,batting,hitter,694497,Evan Carter,694497,Evan Carter,623454,Drew Anderson,TEX,DET,8,Top,0,0,---,2,1,Strike,Ball,-0.4211951765097172,3.564993430637875,1.673,3.316,0.12816009730454203,1.5379211676545044,0.7408827189342648,0.03354918545325983,0.03993564492924596,0.0063864594759861296,0.011300000000000001,0.0018035921848892958,-0.0018035921848892958,0,2,2,2026-05-03T01:27:02.854Z,Called Strike,Four-Seam Fastball
824288,e1ea373c-3580-374a-9214-0a574bfbb4e2,2026-04-23,158,MIL,Milwaukee Brewers,batting,hitter,650859,Luis Rengifo,650859,Luis Rengifo,572143,Burch Smith,MIL,DET,9,Top,0,1,1B--,0,0,Strike,Ball,-0.9212411086723677,3.1960803585401525,1.558,3.087,0.09207444200570103,1.1048933040684124,0.6161387617268941,0.565950529954422,0.5829569106029674,0.017006380648545427,0.022600000000000002,0.001803026329278798,-0.001803026329278798,1,1,2,2026-04-23T19:32:08.087Z,Called Strike,Curveball
822756,0a6821de-00a7-3533-a3ee-f10e66737b9e,2026-04-05,120,WSH,Washington Nationals,fielding,pitcher,656492,Foster Griffin,500743,Miguel Rojas,656492,Foster Griffin,LAD,WSH,5,Top,1,2,-2B-,0,0,Ball,Strike,-0.5380420004344274,1.551297431812691,1.585,3.141,0.08713076514602447,1.0455691817522936,0.5972674339570094,0.9287179269791983,0.9393514624536932,0.01063353547449486,0.011300000000000001,0.0018001864504565823,-0.0018001864504565823,0,2,2,2026-04-05T21:08:07.413Z,Ball,Changeup
823243,19eca14a-3b7a-3a44-8b6d-729a2b4d11d0,2026-03-27,147,NYY,New York Yankees,batting,hitter,663757,Trent Grisham,663757,Trent Grisham,657424,Matt Gage,NYY,SF,9,Top,0,0,---,3,0,Strike,Ball,-0.3036107067189717,3.467965888494491,1.584,3.138,0.2091325551611578,2.5095906619338937,0.9126254003573334,0.9682818008862011,0.971332751002565,0.0030509501163639152,0.011300000000000001,0.0017970415954547383,-0.0017970415954547383,0,2,2,2026-03-27T22:59:52.070Z,Called Strike,Four-Seam Fastball
824128,5f974c9b-3d8b-343e-83f4-0006ac8c16f2,2026-04-10,118,KC,Kansas City Royals,fielding,pitcher,663460,Kris Bubic,656537,Derek Hill,663460,Kris Bubic,CWS,KC,3,Top,1,0,---,0,2,Ball,Strike,-0.06999149774670604,1.5747524978311898,1.623,3.216,0.0725858311645231,0.8710299739742773,0.5402560025249995,0.5306505868146897,0.5435750783982377,0.012924491583548026,0.011300000000000001,0.0017874269861281513,-0.0017874269861281513,0,2,2,2026-04-11T00:14:00.817Z,Ball,Changeup
824046,d7f3a07e-1152-32f6-bddf-6d660da41cd5,2026-04-20,108,LAA,Los Angeles Angels,fielding,pitcher,672282,Reid Detmers,650391,Eloy Jiménez,672282,Reid Detmers,TOR,LAA,3,Top,1,0,---,0,1,Ball,Strike,0.29183886367678413,1.7424975318502949,1.702,3.373,0.16133086518362827,1.9359703822035392,0.8293876796472187,0.40911690411423624,0.41591262512426164,0.006795721010025402,0.022600000000000002,0.0017804488400619636,-0.0017804488400619636,1,1,2,2026-04-21T02:21:52.214Z,Ball,Changeup
824864,0428350d-5b3a-3632-a502-8e7930ec48c4,2026-03-29,110,BAL,Baltimore Orioles,fielding,pitcher,666974,Yennier Cano,621439,Byron Buxton,666974,Yennier Cano,MIN,BAL,8,Top,2,7,1B2B3B,0,1,Ball,Strike,0.5449807541374899,1.5597889223452241,1.644,3.258,0.03662225567855759,0.4394670681426911,0.3979428651430476,0.8358182457188769,0.8744762989060191,0.038658053187142216,0.022600000000000002,0.0017772051983765726,-0.0017772051983765726,1,1,2,2026-03-29T20:23:48.122Z,Ball,Sinker
824690,c7ee4a7a-d2ce-318d-8875-9dbd1a2b5316,2026-04-21,112,CHC,Chicago Cubs,fielding,pitcher,684007,Shota Imanaga,547180,Bryce Harper,684007,Shota Imanaga,PHI,CHC,6,Top,1,0,---,0,0,Ball,Strike,-0.7155121864355486,2.350597730741273,1.648,3.265,0.11365448023111813,1.3638537627734175,0.6939118247060496,0.5290219155786481,0.5365554783716266,0.007533562792978565,0.011300000000000001,0.0017688319233917205,-0.0017688319233917205,0,2,2,2026-04-22T01:16:38.602Z,Ball,Splitter
823470,63b5247c-5037-3a35-aaf2-9dbff9ce303d,2026-05-06,143,PHI,Philadelphia Phillies,fielding,pitcher,641835,Tim Mayza,680869,Zack Gelof,641835,Tim Mayza,ATH,PHI,7,Top,2,0,---,2,1,Ball,Strike,-0.48861377644438625,1.7004747883086766,1.661,3.292,0.16030812164200992,1.923697459704119,0.8270596304087627,0.3445359981418128,0.3490364952484664,0.004500497106653623,0.011300000000000001,0.00176795329730367,-0.00176795329730367,0,2,2,2026-05-07T00:27:45.080Z,Ball,Slider
822984,4e6314ea-596d-3c51-8093-b49a05382b75,2026-05-04,141,TOR,Toronto Blue Jays,batting,hitter,660821,Jesús Sánchez,660821,Jesús Sánchez,607259,Nick Martinez,TOR,TB,1,Top,2,1,1B--,0,0,Strike,Ball,0.2425590562314106,1.4066413348677782,1.683,3.335,0.1555253317988885,1.866303981586662,0.8158387975026762,0.47079070667836154,0.47550774205994445,0.0047170353815829125,0.011300000000000001,0.001767318885268421,-0.001767318885268421,0,2,2,2026-05-04T22:44:14.719Z,Called Strike,Sinker
823957,6a43c001-824b-3708-833e-d1d0a5ff5a5c,2026-05-08,119,LAD,Los Angeles Dodgers,batting,hitter,606192,Teoscar Hernández,606192,Teoscar Hernández,519242,Chris Sale,LAD,ATL,6,Bot,1,0,---,3,2,Strike,Ball,0.858670428990799,2.7756624634688194,1.615,3.2,0.02950376232413232,0.35404514788958785,0.37099752436289274,0.8235278331009004,0.8474422811193486,0.02391444801844822,0.011300000000000001,0.001764473036650063,-0.001764473036650063,0,2,2,2026-05-09T04:03:51.276Z,Called Strike,Slider
823067,47a7f461-a66a-36d7-ac52-f4a24c6f6297,2026-05-02,138,STL,St. Louis Cardinals,fielding,pitcher,700241,Michael McGreevy,669257,Will Smith,700241,Michael McGreevy,LAD,STL,4,Top,0,0,---,0,1,Ball,Strike,0.7009182014795678,1.710696740038372,1.583,3.138,0.12824846518709887,1.5389815822451864,0.7411540579934361,0.8184590054155378,0.8247759444320003,0.006316939016462464,0.011300000000000001,0.0017568658414740487,-0.0017568658414740487,0,2,2,2026-05-03T00:18:45.931Z,Ball,Sweeper
823063,88f8b932-c6b0-366c-a07f-faf2075697b3,2026-05-06,158,MIL,Milwaukee Brewers,fielding,pitcher,687075,Brandon Sproat,686780,Pedro Pagés,687075,Brandon Sproat,STL,MIL,2,Bot,1,1,1B--,1,0,Ball,Strike,0.09664703888558591,1.537463944796091,1.602,3.174,0.0562972781294242,0.6755673375530904,0.4752094565998468,0.8054070142704899,0.8215811092634119,0.016174094992921995,0.011300000000000001,0.0017559497521590327,-0.0017559497521590327,0,2,2,2026-05-06T17:51:11.090Z,Ball,Cutter
823888,2dc43c1d-01b6-36b4-b2d6-e337e4fb4788,2026-03-31,146,MIA,Miami Marlins,fielding,pitcher,676083,Janson Junk,671976,Tristan Peters,676083,Janson Junk,CWS,MIA,2,Top,2,4,--3B,0,1,Ball,Strike,0.5633736548373846,1.5425273032186397,1.614,3.197,0.04936063655197298,0.5923276386236758,0.4476352661181924,0.5085145972987446,0.5263652533170373,0.01785065601829272,0.011300000000000001,0.0017488616642683478,-0.0017488616642683478,0,2,2,2026-03-31T22:59:37.381Z,Ball,Changeup
823886,9446a737-91e7-3212-abd0-1859ea86aa25,2026-04-06,146,MIA,Miami Marlins,batting,hitter,596103,Austin Slater,596103,Austin Slater,682227,Brandon Williamson,MIA,CIN,1,Bot,0,0,---,0,0,Strike,Ball,0.012998570177252734,3.4878281011707113,1.644,3.258,0.10899476783737816,1.307937214048538,0.6778516457292841,0.543341109333461,0.5512891360093042,0.007948026675843156,0.011300000000000001,0.001747306559261445,-0.001747306559261445,0,2,2,2026-04-06T22:50:57.378Z,Called Strike,Four-Seam Fastball
823732,cf8355d0-cdca-3edc-974e-90a174c2501f,2026-04-03,139,TB,Tampa Bay Rays,fielding,pitcher,671212,Joe Boyle,665019,Kody Clemens,671212,Joe Boyle,MIN,TB,1,Bot,0,0,---,0,0,Ball,Strike,-0.24430598646635077,1.6028160675314156,1.621,3.211,0.10264940086474894,1.2317928103769873,0.6552936168458732,0.6468904896535996,0.65549390733625,0.008603417682650383,0.011300000000000001,0.001742582560858077,-0.001742582560858077,0,2,2,2026-04-03T21:19:27.005Z,Ball,Four-Seam Fastball
823466,239e6a5b-09c6-3905-a2e2-214470bbc212,2026-05-08,115,COL,Colorado Rockies,fielding,pitcher,801403,Chase Dollander,592663,J.T. Realmuto,801403,Chase Dollander,PHI,COL,6,Bot,2,1,1B--,1,0,Ball,Strike,0.1801181251835552,1.6831430923484196,1.615,3.2,0.188976425681753,2.267717108181036,0.8832550961916537,0.9563390737726842,0.9597999997372627,0.0034609259645784762,0.011300000000000001,0.0017376630827216398,-0.0017376630827216398,0,2,2,2026-05-09T00:27:29.880Z,Ball,Sinker
822834,6c8c1153-9f52-3f9c-b019-0433a565a09a,2026-03-30,115,COL,Colorado Rockies,batting,hitter,678662,Ezequiel Tovar,678662,Ezequiel Tovar,686973,Louis Varland,COL,TOR,4,Top,0,0,---,0,0,Strike,Ball,0.9215658704620124,2.960689315799936,1.625,3.219,0.09239920379534572,1.1087904455441486,0.6173669776257893,0.4945785358517297,0.50439132498183,0.009812789130100363,0.011300000000000001,0.001734338814500678,-0.001734338814500678,0,2,2,2026-03-31T00:10:03.406Z,Called Strike,Slider
824126,518be952-1f05-3c2e-b77c-0b9dc49cc278,2026-04-12,145,CWS,Chicago White Sox,fielding,pitcher,663542,Bryan Hudson,686681,Michael Massey,663542,Bryan Hudson,KC,CWS,5,Bot,2,1,1B--,0,0,Ball,Strike,-0.6749404449331348,2.4144240738212406,1.615,3.2,0.15422622173353195,1.8507146608023834,0.8126952993536833,0.31478154369472916,0.31951809216818655,0.0047365484734573915,0.011300000000000001,0.001732827562236308,-0.001732827562236308,0,2,2,2026-04-12T22:34:00.799Z,Ball,Sinker
824045,59bb72cc-8f4e-31ba-9fc8-438a0fd67ec9,2026-04-21,108,LAA,Los Angeles Angels,batting,hitter,681351,Logan O'Hoppe,681351,Logan O'Hoppe,571578,Patrick Corbin,LAA,TOR,5,Bot,2,3,1B2B-,1,0,Strike,Ball,0.4295410882173456,1.4851310266675954,1.661,3.291,0.05503563999907124,0.6604276799888549,0.47017799866826093,0.7032640425775477,0.7196796400621914,0.016415597484643718,0.011300000000000001,0.0017312641572248691,-0.0017312641572248691,0,2,2,2026-04-22T02:44:50.708Z,Called Strike,Slider
823319,8fb75ee0-44ad-312c-9c79-8921b3dd9635,2026-04-09,135,SD,San Diego Padres,batting,hitter,666023,Freddy Fermin,666023,Freddy Fermin,801403,Chase Dollander,SD,COL,3,Bot,1,0,---,0,0,Strike,Ball,-0.3071035189867684,3.3531275359583494,1.567,3.105,0.12729420262501634,1.527530431500196,0.7382141667094776,0.40492188433796317,0.4112685781557429,0.006346693817779747,0.011300000000000001,0.0017270393718695656,-0.0017270393718695656,0,2,2,2026-04-10T02:27:34.627Z,Called Strike,Curveball
824458,3221bf8c-8308-3612-ac16-bee68190afa0,2026-04-03,114,CLE,Cleveland Guardians,fielding,pitcher,676282,Joey Cantillo,691718,Pete Crow-Armstrong,676282,Joey Cantillo,CHC,CLE,5,Top,1,0,---,1,2,Ball,Strike,-0.7844308142073064,1.6378219647236771,1.616,3.202,0.04473585245936029,0.5368302295123235,0.4294179334450934,0.382781183575675,0.4018156064273907,0.01903442285171575,0.011300000000000001,0.001726145173233393,-0.001726145173233393,0,2,2,2026-04-03T21:22:19.870Z,Ball,Four-Seam Fastball
824783,fcd5c87e-49a4-32de-8684-eea2db0b2853,2026-04-06,111,BOS,Boston Red Sox,fielding,pitcher,543056,Danny Coulombe,641343,Jake Bauers,543056,Danny Coulombe,MIL,BOS,4,Top,1,7,1B2B3B,0,0,Ball,Strike,-0.791113738225486,2.7213565330143514,1.624,3.217,0.03805292844118069,0.45663514129416827,0.4034397353828313,0.38658038501354414,0.40755261419046795,0.020972229176923818,0.011300000000000001,0.0017198995993522315,-0.0017198995993522315,0,2,2,2026-04-07T00:11:15.579Z,Ball,Sinker
824770,d45f0c6a-adc0-3759-be81-9ace847a79c4,2026-04-23,147,NYY,New York Yankees,batting,hitter,592450,Aaron Judge,592450,Aaron Judge,801139,Payton Tolle,NYY,BOS,1,Top,1,0,---,0,0,Strike,Ball,-0.6507559271533537,3.7910172489587954,1.778,3.523,0.14718391562546218,1.7662069875055462,0.7949365163058864,0.47601680267325786,0.48108965690846217,0.005072854235204316,0.011300000000000001,0.001715379707717396,-0.001715379707717396,0,2,2,2026-04-23T22:11:26.731Z,Called Strike,Four-Seam Fastball
823149,66ed844b-4441-3693-a6e2-f4820ff99884,2026-04-20,133,ATH,Athletics,batting,hitter,805779,Jacob Wilson,805779,Jacob Wilson,676106,Emerson Hancock,ATH,SEA,2,Top,0,0,---,0,0,Strike,Ball,-0.9304657741494798,2.050860810169114,1.661,3.291,0.10129910748281312,1.2155892897937575,0.6503972271597925,0.29535345528779033,0.3040553087214723,0.00870185343368196,0.011300000000000001,0.001709150011323322,-0.001709150011323322,0,2,2,2026-04-21T02:00:40.193Z,Called Strike,Sinker
823311,363d3b19-e44a-3029-839e-72e11e30cbb6,2026-04-27,135,SD,San Diego Padres,fielding,pitcher,681190,Randy Vásquez,621020,Dansby Swanson,681190,Randy Vásquez,CHC,SD,4,Top,0,0,---,0,0,Ball,Strike,0.635463032408627,1.6099185599386485,1.624,3.218,0.10675189327198176,1.281022719263781,0.6699657804316053,0.3718574940837844,0.37996832425172766,0.008110830167943284,0.011300000000000001,0.0017045919822914696,-0.0017045919822914696,0,2,2,2026-04-28T02:47:03.370Z,Ball,Cutter
823469,bd28d0c1-e4d7-3e9f-ba1a-6e8a31a29028,2026-05-05,133,ATH,Athletics,batting,hitter,687231,Darell Hernaiz,687231,Darell Hernaiz,650911,Cristopher Sánchez,ATH,PHI,3,Top,1,0,---,1,1,Strike,Ball,-0.9101082108167855,1.8777636986805086,1.608,3.186,0.08094154415011878,0.9712985298014254,0.5732356023055439,0.46934941318530987,0.48072565890903524,0.011376245723725364,0.011300000000000001,0.0016988313754682238,-0.0016988313754682238,0,2,2,2026-05-05T23:18:55.369Z,Called Strike,Sinker
823808,0cb5ce0c-c299-3022-a2cd-aa6423cdbb55,2026-04-10,158,MIL,Milwaukee Brewers,batting,hitter,661388,William Contreras,661388,William Contreras,663623,Jake Irvin,MIL,WSH,5,Bot,0,0,---,2,0,Strike,Ball,0.8769389037862075,2.4177363265283636,1.581,3.133,0.04777223711954082,0.5732668454344898,0.4413600452406199,0.7132840881583026,0.7314333266000708,0.01814923844176819,0.011300000000000001,0.0016977172109606097,-0.0016977172109606097,0,2,2,2026-04-11T01:01:23.934Z,Called Strike,Sweeper
824531,6b923252-4442-3dc8-a57d-0b5a0c12ac47,2026-04-14,137,SF,San Francisco Giants,batting,hitter,671218,Heliot Ramos,671218,Heliot Ramos,641941,Emilio Pagán,SF,CIN,9,Top,1,0,---,0,0,Strike,Ball,0.08984423877763295,3.3585037140227514,1.607,3.184,0.053670380689418096,0.6440445682730171,0.4647401472040308,0.08323185236626408,0.09989069429584659,0.016658841929582502,0.011300000000000001,0.0016935963140083995,-0.0016935963140083995,0,2,2,2026-04-15T00:57:16.487Z,Called Strike,Four-Seam Fastball
824283,a68aac5e-2fa7-3fd7-a97b-a214e8f9458d,2026-05-04,111,BOS,Boston Red Sox,batting,hitter,680776,Jarren Duran,680776,Jarren Duran,680744,Ty Madden,BOS,DET,5,Top,1,0,---,0,0,Strike,Ball,0.12917164567777287,1.3885170165461738,1.63,3.23,0.12064965012049278,1.4477958014459134,0.7171552942426962,0.4673915782384235,0.47419986703556216,0.006808288797138684,0.011300000000000001,0.0016864551805437123,-0.0016864551805437123,0,2,2,2026-05-04T23:11:55.581Z,Called Strike,Cutter
823225,b1c61b5e-6a9e-398a-b6dc-5de47613acb0,2026-05-08,134,PIT,Pittsburgh Pirates,fielding,pitcher,669387,Carmen Mlodzinski,808982,Jung Hoo Lee,669387,Carmen Mlodzinski,SF,PIT,3,Bot,1,1,1B--,0,0,Ball,Strike,0.5395267916182579,1.5731145884327062,1.627,3.224,0.06694792176603959,0.803375061192475,0.5177841817265978,0.4355511757872625,0.4493317859504302,0.013780610163167728,0.011300000000000001,0.0016863432105395934,-0.0016863432105395934,0,2,2,2026-05-09T03:01:49.617Z,Ball,Four-Seam Fastball
824290,4111f4f8-47fd-3729-b81f-78a1c63db04f,2026-04-21,158,MIL,Milwaukee Brewers,fielding,pitcher,690986,Kyle Harrison,650402,Gleyber Torres,690986,Kyle Harrison,DET,MIL,1,Bot,1,0,---,0,1,Ball,Strike,-0.17021962186695816,1.5793945133116365,1.579,3.13,0.12122784664496988,1.4547341597396386,0.7190280538646073,0.4747736470870257,0.4815215491591086,0.006747902072082923,0.011300000000000001,0.0016769479032287976,-0.0016769479032287976,0,2,2,2026-04-21T22:49:34.380Z,Ball,Four-Seam Fastball
823399,be3fc412-74c8-3175-962d-b96440720c4f,2026-04-15,134,PIT,Pittsburgh Pirates,fielding,pitcher,669387,Carmen Mlodzinski,695578,James Wood,669387,Carmen Mlodzinski,WSH,PIT,3,Top,1,0,---,1,0,Ball,Strike,0.7749491408464826,2.090988834050035,1.761,3.489,0.05421752582018413,0.6506103098422096,0.46691850234706705,0.7230976782429078,0.7395592437230394,0.016461565480131557,0.011300000000000001,0.0016623885767930602,-0.0016623885767930602,0,2,2,2026-04-15T23:17:33.650Z,Ball,Splitter
823393,30a62662-08f0-3661-94b2-9d402db141bd,2026-04-19,139,TB,Tampa Bay Rays,batting,hitter,656775,Cedric Mullins,656775,Cedric Mullins,656605,Mitch Keller,TB,PIT,5,Top,1,0,---,1,0,Strike,Ball,-0.8673337766591954,2.8454041917100774,1.517,3.005,0.0381671099925287,0.45800531991034443,0.40387950519420474,0.3271856492528624,0.3479752252745781,0.02078957602171566,0.011300000000000001,0.0016603220855423376,-0.0016603220855423376,0,2,2,2026-04-19T18:40:02.919Z,Called Strike,Curveball
824846,06ff7857-7e2b-3240-8f32-e04c6c2cbf8b,2026-05-08,110,BAL,Baltimore Orioles,batting,hitter,642215,Weston Wilson,642215,Weston Wilson,682052,Jacob Lopez,BAL,ATH,5,Bot,2,0,---,0,0,Strike,Ball,0.9764520547096606,2.1658757249521052,1.687,3.343,0.14728538804299385,1.7674246565159262,0.7952010498571682,0.22989065311981632,0.2348840272637414,0.004993374143925089,0.011300000000000001,0.0016565082249648698,-0.0016565082249648698,0,2,2,2026-05-09T00:23:21.337Z,Called Strike,Four-Seam Fastball
823883,47822166-e9c1-304b-9f17-5512295ea547,2026-04-17,158,MIL,Milwaukee Brewers,batting,hitter,596142,Gary Sánchez,596142,Gary Sánchez,676083,Janson Junk,MIL,MIA,4,Top,1,0,---,0,0,Strike,Ball,0.23648145405176813,3.559250263706653,1.671,3.311,0.12741693037331991,1.529003164479839,0.7385934712346459,0.47034807773732246,0.47658353214045035,0.0062354544031278936,0.011300000000000001,0.0016515721372830868,-0.0016515721372830868,0,2,2,2026-04-18T00:06:25.390Z,Called Strike,Sweeper
824044,66a6748f-aee9-3a12-9a98-e7372e1c431d,2026-04-22,108,LAA,Los Angeles Angels,batting,hitter,545361,Mike Trout,545361,Mike Trout,573009,Joe Mantiply,LAA,TOR,8,Bot,0,3,1B2B-,2,1,Strike,Ball,1.1104260069382277,2.826072501424535,1.637,3.244,0.28125934027156096,3.3751120832587316,0.9706920210930703,0.9922039167548791,0.9945803738942608,0.002376457139381727,0.022600000000000002,0.0016444476603708932,-0.0016444476603708932,1,1,2,2026-04-22T21:43:06.130Z,Called Strike,Sinker
824286,b1004fb8-e3cf-3772-88ac-aa16caec23e7,2026-04-22,116,DET,Detroit Tigers,fielding,pitcher,663554,Casey Mize,668930,Brice Turang,663554,Casey Mize,MIL,DET,1,Top,0,0,---,1,2,Ball,Strike,-0.7833309976226613,1.6184575521619562,1.62,3.21,0.04583566904400538,0.5500280285280645,0.43373478452388436,0.502912061664889,0.521443117536349,0.018531055871459978,0.011300000000000001,0.0016387665905276492,-0.0016387665905276492,0,2,2,2026-04-22T22:42:24.144Z,Ball,Splitter
824209,4cda7d2e-d126-3b07-93c6-4236a6331f82,2026-04-15,115,COL,Colorado Rockies,fielding,pitcher,500779,Jose Quintana,670623,Isaac Paredes,500779,Jose Quintana,HOU,COL,1,Bot,0,3,1B2B-,0,0,Ball,Strike,0.10969370775522895,1.51245981396216,1.605,3.181,0.02829314729549326,0.3395177675459191,0.36648881726827937,0.35186436115151115,0.37586012850571526,0.02399576735420411,0.011300000000000001,0.0016355040322186118,-0.0016355040322186118,0,2,2,2026-04-16T00:25:43.929Z,Ball,Changeup
823228,fa82fa7b-5bbe-38fe-bf3f-5bf061852f4f,2026-05-04,135,SD,San Diego Padres,batting,hitter,701538,Jackson Merrill,701538,Jackson Merrill,686790,Trevor McDonald,SD,SF,6,Top,2,0,---,1,2,Strike,Ball,-0.24829071798559316,3.4974200723977864,1.676,3.32,0.05658673906445344,0.6790408687734413,0.47636458459148684,0.25842328545894333,0.27427358963446824,0.01585030417552491,0.011300000000000001,0.0016334433701064334,-0.0016334433701064334,0,2,2,2026-05-05T03:03:28.546Z,Called Strike,Sinker
823470,cf7b3b93-76a7-3231-be9e-95e15c18e00e,2026-05-06,133,ATH,Athletics,batting,hitter,805779,Jacob Wilson,805779,Jacob Wilson,554430,Zack Wheeler,ATH,PHI,1,Top,1,0,---,0,0,Strike,Ball,-0.9744052034180352,2.129855794702229,1.661,3.291,0.14523853675136844,1.7428624410164213,0.7898159864943863,0.47601680267325786,0.48108965690846217,0.005072854235204316,0.011300000000000001,0.0016315420195066876,-0.0016315420195066876,0,2,2,2026-05-06T22:42:48.543Z,Called Strike,Sinker
824134,5f0acafe-5619-3b11-87a4-b73d76a85770,2026-04-04,118,KC,Kansas City Royals,fielding,pitcher,607625,Seth Lugo,669003,Garrett Mitchell,607625,Seth Lugo,MIL,KC,1,Top,1,0,---,1,2,Ball,Strike,0.7457513399793197,1.592100076540795,1.662,3.293,0.05093340987412853,0.6112009184895424,0.45386523768961456,0.5208888909671058,0.5380754570678175,0.017186566100711675,0.011300000000000001,0.0016290620942604212,-0.0016290620942604212,0,2,2,2026-04-04T23:11:42.398Z,Ball,Cutter
823481,bbacdef0-1ff0-3c0d-ae43-bdf3b67c06a6,2026-04-13,143,PHI,Philadelphia Phillies,fielding,pitcher,650911,Cristopher Sánchez,608348,Carson Kelly,650911,Cristopher Sánchez,CHC,PHI,2,Top,0,1,1B--,1,0,Ball,Strike,0.8194596993892905,2.126696026818435,1.644,3.258,0.009706967277376188,0.11648360732851426,0.30054824653420326,0.5380058249129113,0.5697232321759946,0.031717407263083364,0.011300000000000001,0.0016288063233674058,-0.0016288063233674058,0,2,2,2026-04-13T22:56:17.291Z,Ball,Sinker
824683,61ac725f-d619-374d-9217-e60dc8c3f77b,2026-05-06,112,CHC,Chicago Cubs,fielding,pitcher,607067,Colin Rea,668715,Spencer Steer,607067,Colin Rea,CIN,CHC,6,Top,0,7,1B2B3B,1,1,Ball,Strike,0.701819239127636,1.6559987714841218,1.563,3.096,0.12734742753903072,1.5281691304683687,0.738378708169889,0.5807871371240458,0.5869771565206506,0.006190019396604796,0.011300000000000001,0.0016142579279313511,-0.0016142579279313511,0,2,2,2026-05-07T01:04:01.650Z,Ball,Sinker
823720,5bd68bb7-940c-38c1-9bb2-0d4c4d54bc77,2026-04-17,113,CIN,Cincinnati Reds,fielding,pitcher,682227,Brandon Williamson,605137,Josh Bell,682227,Brandon Williamson,MIN,CIN,4,Bot,1,0,---,1,0,Ball,Strike,-0.15067522966102936,1.6447215964883837,1.683,3.335,0.08255492982171697,0.9906591578606037,0.5795384262992328,0.7027514590442334,0.7219266281675795,0.019175169123346048,0.022600000000000002,0.0016103157721282686,-0.0016103157721282686,1,1,2,2026-04-18T01:18:11.469Z,Ball,Changeup
823395,1478bfa6-fd36-33e1-b65f-af9865627e22,2026-04-27,138,STL,St. Louis Cardinals,batting,hitter,671056,Iván Herrera,671056,Iván Herrera,681895,Evan Sisk,STL,PIT,7,Top,1,0,---,1,0,Strike,Ball,-0.3726339867922968,3.3212376254888496,1.602,3.173,0.02740429215551643,0.32885150586619716,0.36319321463297904,0.14760310277031033,0.17184861502249277,0.02424551225218244,0.011300000000000001,0.0016098888606460816,-0.0016098888606460816,0,2,2,2026-04-28T00:17:04.259Z,Called Strike,Sinker
823394,a09a26bf-8918-3add-88d1-a424a43c74bb,2026-04-18,134,PIT,Pittsburgh Pirates,batting,hitter,687462,Spencer Horwitz,687462,Spencer Horwitz,656876,Drew Rasmussen,PIT,TB,2,Bot,1,0,---,0,1,Strike,Ball,-0.09238581249087399,3.4402937349383764,1.581,3.133,0.1864604016050433,2.2375248192605195,0.8790395677950544,0.7277973713382824,0.7327383331272027,0.0049409617889203394,0.022600000000000002,0.001609595147592644,-0.001609595147592644,1,1,2,2026-04-18T20:07:24.777Z,Called Strike,Curveball
824691,018ffcc9-3afb-3e14-97cc-3603fb08a4ea,2026-04-19,121,NYM,New York Mets,fielding,pitcher,642207,Devin Williams,664023,Ian Happ,642207,Devin Williams,CHC,NYM,9,Bot,0,0,---,0,0,Ball,Strike,0.8156949283171969,1.6147061106250762,1.583,3.137,0.013471738349469797,0.16166086019363757,0.3133611321254082,0.7863469222103268,0.8162145480399952,0.0298676258296684,0.011300000000000001,0.0016003338369000863,-0.0016003338369000863,0,2,2,2026-04-19T20:36:18.578Z,Ball,Four-Seam Fastball
825014,2a277717-7026-3873-8b9f-27d98978fa06,2026-05-02,114,CLE,Cleveland Guardians,fielding,pitcher,677944,Slade Cecconi,666126,Carlos Cortes,677944,Slade Cecconi,ATH,CLE,4,Bot,0,1,1B--,1,0,Ball,Strike,0.04053884145910218,1.4131643388130835,1.509,2.99,0.024997672146416905,0.29997206575700286,0.354335172601011,0.26076029085643204,0.285853920228348,0.02509362937191595,0.011300000000000001,0.00159554294507506,-0.00159554294507506,0,2,2,2026-05-02T20:56:48.435Z,Ball,Sinker
824374,38c81b31-96f6-39a1-9a52-9eed3595cb96,2026-04-08,117,HOU,Houston Astros,batting,hitter,670623,Isaac Paredes,670623,Isaac Paredes,547179,Michael Lorenzen,HOU,COL,2,Top,0,0,---,1,1,Strike,Ball,0.9028383376832171,1.9947270965938733,1.605,3.181,0.07367167101655037,0.8840600521986044,0.5445680832162384,0.38780789845473246,0.4001863861002562,0.01237848764552374,0.011300000000000001,0.0015945486305822439,-0.0015945486305822439,0,2,2,2026-04-08T19:31:06.247Z,Called Strike,Slider
823244,7673bb17-8cfc-3990-b3ee-b71bbbf0b24f,2026-03-25,147,NYY,New York Yankees,fielding,pitcher,608331,Max Fried,650333,Luis Arraez,608331,Max Fried,SF,NYY,3,Bot,0,0,---,0,0,Ball,Strike,0.3849431414272258,1.5872755690072724,1.577,3.124,0.1311089023406058,1.5733068280872695,0.749836867431567,0.890755767995927,0.8966467215334231,0.005890953537496024,0.011300000000000001,0.001590410748717633,-0.001590410748717633,0,2,2,2026-03-26T01:12:51.365Z,Ball,Sinker
823158,d445a3ba-533f-3480-b37a-b5a1a6b8d374,2026-03-31,147,NYY,New York Yankees,fielding,pitcher,608331,Max Fried,668227,Randy Arozarena,608331,Max Fried,SEA,NYY,4,Bot,2,1,1B--,0,1,Ball,Strike,-0.07713168201433278,1.5748882157042843,1.579,3.128,0.11672154903761767,1.400658588451412,0.7042345620556957,0.7262732053716063,0.7380227441437865,0.011749538772180212,0.022600000000000002,0.0015901323940414698,-0.0015901323940414698,1,1,2,2026-04-01T02:45:53.739Z,Ball,Four-Seam Fastball
823883,c4b5727a-5385-3491-ae8d-cff5d24615d7,2026-04-17,158,MIL,Milwaukee Brewers,fielding,pitcher,689441,Coleman Crow,805300,Jakob Marsee,689441,Coleman Crow,MIA,MIL,1,Bot,0,0,---,0,0,Ball,Strike,-0.7227072112163099,3.0120515301988795,1.621,3.212,0.10645945545035684,1.2775134654042821,0.6689303764231829,0.4487108639906952,0.45665889066653836,0.007948026675843156,0.011300000000000001,0.0015755897296752274,-0.0015755897296752274,0,2,2,2026-04-17T23:19:41.281Z,Ball,Four-Seam Fastball
825106,6d05ef0a-0df3-3edc-bb5d-38a73052f90b,2026-04-01,109,AZ,Arizona Diamondbacks,fielding,pitcher,668678,Zac Gallen,693307,Dillon Dingler,668678,Zac Gallen,DET,AZ,4,Top,2,0,---,0,1,Ball,Strike,-0.6769679599772643,3.1729488009214504,1.651,3.272,0.15219870668940239,1.8263844802728286,0.8077070292789638,0.673505720726184,0.6781455144957331,0.00463979376954915,0.011300000000000001,0.001574683472921879,-0.001574683472921879,0,2,2,2026-04-01T20:30:44.677Z,Ball,Knuckle Curve
824124,a5f43030-192c-3f06-a9b0-17f9b55c7f09,2026-04-24,118,KC,Kansas City Royals,batting,hitter,686555,Isaac Collins,686555,Isaac Collins,579328,Yusei Kikuchi,KC,LAA,2,Bot,2,4,--3B,2,1,Strike,Ball,-0.834417577763742,2.1239122730360864,1.521,3.013,0.005250911097075317,0.0630109331649038,0.2857765978368757,0.5303558175183521,0.5640999958450524,0.03374417832670029,0.011300000000000001,0.0015725720345619414,-0.0015725720345619414,0,2,2,2026-04-25T00:04:22.599Z,Called Strike,Curveball
824134,9ef9b2f2-392d-303f-9b2e-fccaaffe4677,2026-04-04,158,MIL,Milwaukee Brewers,fielding,pitcher,687075,Brandon Sproat,672580,Maikel Garcia,687075,Brandon Sproat,KC,MIL,3,Bot,0,0,---,0,0,Ball,Strike,0.6362258560632463,1.6223845741770597,1.646,3.262,0.09721790751039316,1.166614890124718,0.6354075663388434,0.4411912629148389,0.4501481221700932,0.008956859255254301,0.011300000000000001,0.0015713616410496112,-0.0015713616410496112,0,2,2,2026-04-05T00:00:03.614Z,Ball,Sinker
824363,b10c2ff3-bdb0-3f0e-96e6-3cdc5050d58d,2026-05-04,115,COL,Colorado Rockies,batting,hitter,681198,TJ Rumfield,681198,TJ Rumfield,623211,Huascar Brazobán,COL,NYM,1,Bot,1,1,1B--,0,0,Strike,Ball,-0.03743114786286697,1.5309528571417226,1.727,3.423,0.07521380952494416,0.90256571429933,0.5506805945724028,0.5441806004709328,0.5562512565736814,0.0120706561027486,0.011300000000000001,0.0015697667982087528,-0.0015697667982087528,0,2,2,2026-05-04T21:50:53.932Z,Called Strike,Sinker
823238,5bc1e065-7afc-3e03-b274-e8db8d586dcf,2026-04-05,137,SF,San Francisco Giants,batting,hitter,646240,Rafael Devers,646240,Rafael Devers,673540,Kodai Senga,SF,NYM,4,Bot,2,0,---,2,0,Strike,Ball,0.036403606115260605,3.415388988348457,1.624,3.217,0.07755565501512374,0.9306678601814848,0.5599330824419594,0.3750716072813146,0.3867391001136904,0.011667492832375781,0.011300000000000001,0.0015602590575957784,-0.0015602590575957784,0,2,2,2026-04-05T21:01:38.739Z,Called Strike,Sweeper
822748,d30c795c-000f-3f52-9d59-fd7b06cc4eb6,2026-04-22,120,WSH,Washington Nationals,fielding,pitcher,641793,Zack Littell,643289,Mauricio Dubón,641793,Zack Littell,ATL,WSH,3,Top,2,0,---,0,1,Ball,Strike,-0.19446319498466,1.6572667227326556,1.6,3.171,0.1781000560659889,2.1372006727918667,0.8640802369242346,0.42430405117147796,0.4278851129138666,0.003581061742388647,0.011300000000000001,0.0015584313560473458,-0.0015584313560473458,0,2,2,2026-04-22T23:34:09.769Z,Ball,Sinker
824777,5942a68f-823e-30d6-81c9-1c950207848a,2026-04-19,116,DET,Detroit Tigers,batting,hitter,693307,Dillon Dingler,693307,Dillon Dingler,676979,Garrett Crochet,DET,BOS,1,Top,2,2,-2B-,0,0,Strike,Ball,0.15239479786355578,3.542905404486329,1.651,3.272,0.15007207115299614,1.8008648538359537,0.8023668104537833,0.4786290866273249,0.4833504958313196,0.00472140920399472,0.011300000000000001,0.0015550470019841307,-0.0015550470019841307,0,2,2,2026-04-19T20:40:27.160Z,Called Strike,Four-Seam Fastball
823308,0059ea25-424f-3bee-b7a1-60e9c88e5e36,2026-05-02,135,SD,San Diego Padres,batting,hitter,657757,Gavin Sheets,657757,Gavin Sheets,663542,Bryan Hudson,SD,CWS,7,Bot,0,0,---,0,0,Strike,Ball,0.9412187208585793,3.3215220613390204,1.691,3.351,0.11205205419191255,1.3446246503029506,0.688439278179524,0.06438783419292919,0.0717593937878332,0.007371559594904015,0.011300000000000001,0.001554235010001685,-0.001554235010001685,0,2,2,2026-05-03T02:30:22.798Z,Called Strike,Four-Seam Fastball
823066,45fe2108-e909-3278-80be-f72d828f0e01,2026-05-01,119,LAD,Los Angeles Dodgers,batting,hitter,571970,Max Muncy,571970,Max Muncy,666277,George Soriano,LAD,STL,7,Top,0,0,---,2,1,Strike,Ball,0.5348399863723369,1.4279552792740926,1.579,3.128,0.030211387392574007,0.3625366487108881,0.373643444261462,0.1790394344340215,0.20214044060057224,0.023101006166550725,0.011300000000000001,0.0015537104301298066,-0.0015537104301298066,0,2,2,2026-05-02T02:19:44.380Z,Called Strike,Slider
823397,f18379f4-7bb5-3257-b42c-bdb95049a480,2026-04-17,139,TB,Tampa Bay Rays,fielding,pitcher,607259,Nick Martinez,680779,Henry Davis,607259,Nick Martinez,PIT,TB,4,Bot,2,2,-2B-,0,0,Ball,Strike,-0.39334735815355887,1.6698369397232165,1.609,3.188,0.1816702730565498,2.1800432766785978,0.8706507003070371,0.327772903445712,0.33291033316448715,0.005137429718775122,0.022600000000000002,0.0015496126093687813,-0.0015496126093687813,1,1,2,2026-04-17T23:46:34.193Z,Ball,Changeup
823891,36f18742-df60-36a1-94d0-e7b5fbb50fc8,2026-03-29,146,MIA,Miami Marlins,fielding,pitcher,676974,Max Meyer,664983,Jake McCarthy,676974,Max Meyer,COL,MIA,4,Top,2,2,-2B-,1,0,Ball,Strike,-0.49825191539493235,3.252819043882212,1.629,3.229,0.097014289451121,1.164171473413452,0.6346524957504783,0.38996072976289714,0.3988873681005074,0.00892663833761026,0.011300000000000001,0.0015368865016066576,-0.0015368865016066576,0,2,2,2026-03-29T18:51:47.274Z,Ball,Slider
822986,aa369b66-d2dc-330f-8d33-e64a04be020c,2026-05-05,141,TOR,Toronto Blue Jays,fielding,pitcher,592332,Kevin Gausman,691406,Junior Caminero,592332,Kevin Gausman,TB,TOR,3,Bot,2,1,1B--,1,0,Ball,Strike,0.1315050054610027,1.6049027154521043,1.637,3.244,0.08873604878543762,1.0648325854252514,0.6034298341812944,0.6967093300716991,0.7066619937789353,0.009952663707236242,0.011300000000000001,0.0015244913367683782,-0.0015244913367683782,0,2,2,2026-05-05T23:23:07.273Z,Ball,Slider
823871,d94ac695-2908-3153-8eaf-45f01d1c2649,2026-05-08,146,MIA,Miami Marlins,batting,hitter,677870,Leo Jiménez,677870,Leo Jiménez,656492,Foster Griffin,MIA,WSH,7,Bot,1,0,---,0,0,Strike,Ball,0.9099583191897834,2.539174956953964,1.574,3.118,0.08079165252311671,0.9694998302774005,0.5726487960012533,0.30774837328895377,0.3188392656720657,0.01109089238311195,0.011300000000000001,0.0015221175645826904,-0.0015221175645826904,0,2,2,2026-05-09T01:10:03.736Z,Called Strike,Changeup
824612,df1bf554-5745-3c81-8058-061c9c5331c9,2026-04-26,145,CWS,Chicago White Sox,batting,hitter,695020,Tanner Murray,695020,Tanner Murray,656492,Foster Griffin,CWS,WSH,2,Bot,1,0,---,0,0,Strike,Ball,-0.040720516957996285,3.5338028443371026,1.653,3.275,0.13796951100376953,1.6556341320452344,0.7698584612832882,0.5255719205222849,0.5309028614044639,0.005330940882179003,0.011300000000000001,0.0015034705572476575,-0.0015034705572476575,0,2,2,2026-04-26T18:35:33.134Z,Called Strike,Four-Seam Fastball
823649,87a0a206-58a2-30ef-b608-0f10175dcb2d,2026-03-26,121,NYM,New York Mets,fielding,pitcher,668964,Tobias Myers,687462,Spencer Horwitz,668964,Tobias Myers,PIT,NYM,6,Top,2,0,---,0,1,Ball,Strike,0.546937766371917,1.6812902506340357,1.581,3.133,0.2211235839673691,2.653483007608429,0.9267616582531156,0.9467404266759293,0.9492460463068759,0.0025056196309466428,0.011300000000000001,0.0014945189423878767,-0.0014945189423878767,0,2,2,2026-03-26T19:38:01.826Z,Ball,Splitter
822918,a045d3a7-004e-3e56-b5eb-2c555b0996b0,2026-04-06,136,SEA,Seattle Mariners,batting,hitter,677594,Julio Rodríguez,677594,Julio Rodríguez,594798,Jacob deGrom,SEA,TEX,1,Top,1,0,---,1,0,Strike,Ball,0.9007039897532395,1.6385731751985886,1.705,3.378,0.07153732308657279,0.8584478770388735,0.5360864386142882,0.5771049197761512,0.5896706810795925,0.012565761303441336,0.011300000000000001,0.0014941109819805575,-0.0014941109819805575,0,2,2,2026-04-07T00:14:11.848Z,Called Strike,Four-Seam Fastball
823162,d8d6af18-7eb0-3fe6-b1df-577b56a5ef2a,2026-03-27,136,SEA,Seattle Mariners,batting,hitter,660844,Leo Rivas,660844,Leo Rivas,668909,Gavin Williams,SEA,CLE,3,Bot,0,0,---,1,0,Strike,Ball,-0.06652239975990151,3.1837207268256345,1.517,3.007,0.05588739349230121,0.6706487219076145,0.47357422022095147,0.4325980062170179,0.44830746330856625,0.015709457091548362,0.011300000000000001,0.001490982580721262,-0.001490982580721262,0,2,2,2026-03-28T02:28:34.619Z,Called Strike,Cutter
824615,1ba170c5-4056-366c-88f6-0cf11726d0e5,2026-04-15,145,CWS,Chicago White Sox,batting,hitter,682668,Luisangel Acuña,682668,Luisangel Acuña,693855,Ian Seymour,CWS,TB,9,Bot,0,5,1B-3B,0,0,Strike,Ball,0.1845650278984582,3.30540011921973,1.518,3.008,0.17656678588639707,2.118801430636765,0.8611732049677812,0.010649559620596206,0.014199412827461608,0.003549853206865402,0.011300000000000001,0.001488295679457361,-0.001488295679457361,0,2,2,2026-04-16T02:29:17.249Z,Called Strike,Changeup
823081,23b769d3-bb14-3419-82c3-ac7824a050c8,2026-03-26,139,TB,Tampa Bay Rays,batting,hitter,810938,Ben Williamson,810938,Ben Williamson,669461,Matthew Liberatore,TB,STL,3,Top,2,1,1B--,1,1,Strike,Ball,-0.1542692745424847,3.4386744077755553,1.63,3.23,0.08784107444222222,1.0540928933066667,0.5999980999106697,0.46097225646202405,0.4709829598889353,0.010010703426911238,0.011300000000000001,0.0014863815639065388,-0.0014863815639065388,0,2,2,2026-03-26T20:58:35.636Z,Called Strike,Sinker
823474,628eb2ef-d21b-3738-a7f1-a538d6d148d9,2026-04-18,143,PHI,Philadelphia Phillies,batting,hitter,656941,Kyle Schwarber,656941,Kyle Schwarber,519242,Chris Sale,PHI,ATL,3,Bot,1,0,---,2,0,Strike,Ball,0.8517950976184525,2.227960861436301,1.605,3.181,0.022628430951785794,0.27154117142142953,0.3457111988671757,0.30443134972476665,0.3300897433379376,0.02565839361317096,0.011300000000000001,0.0014769305642143024,-0.0014769305642143024,0,2,2,2026-04-19T00:12:55.421Z,Called Strike,Slider
824458,20decf54-ac30-3b0b-a05a-2510844fa89e,2026-04-03,114,CLE,Cleveland Guardians,batting,hitter,700932,Kyle Manzardo,700932,Kyle Manzardo,607067,Colin Rea,CLE,CHC,4,Bot,0,3,1B2B-,0,1,Strike,Ball,-0.2564772331356422,3.3349145006450733,1.609,3.188,0.02608116731174004,0.31297400774088047,0.35831125642551714,0.5229229685955932,0.5472811632807129,0.024358194685119683,0.011300000000000001,0.0014767325394909308,-0.0014767325394909308,0,2,2,2026-04-03T21:11:28.450Z,Called Strike,Four-Seam Fastball
823234,ec75219a-3b90-3f34-9b20-ca7c487d1a6b,2026-04-08,143,PHI,Philadelphia Phillies,fielding,pitcher,605400,Aaron Nola,656305,Matt Chapman,605400,Aaron Nola,SF,PHI,6,Bot,1,3,1B2B-,1,0,Ball,Strike,-0.5865750506857245,1.5310233033575755,1.641,3.251,0.01085663669090886,0.13027964029090633,0.304429293743853,0.33462184279484497,0.3652626248193413,0.030640782024496327,0.011300000000000001,0.0014680026507823025,-0.0014680026507823025,0,2,2,2026-04-08T21:19:47.425Z,Ball,Sinker
824454,d3d4440e-0235-34f4-843e-ece78611a153,2026-04-17,114,CLE,Cleveland Guardians,batting,hitter,666310,Bo Naylor,666310,Bo Naylor,670329,Rico Garcia,CLE,BAL,8,Bot,0,0,---,0,1,Strike,Ball,-0.07036893846145441,1.3771096334445347,1.559,3.089,0.06105703322213185,0.7326843986655822,0.4942283892569662,0.14710349917446053,0.16163240080648297,0.014528901632022445,0.011300000000000001,0.0014653764498710788,-0.0014653764498710788,0,2,2,2026-04-18T00:57:59.526Z,Called Strike,Changeup
823234,421795b3-3221-3f3c-8241-b8d1a34441f8,2026-04-08,137,SF,San Francisco Giants,batting,hitter,642715,Willy Adames,642715,Willy Adames,605400,Aaron Nola,SF,PHI,1,Bot,0,0,---,0,0,Strike,Ball,0.9339468226351869,2.251258705290872,1.627,3.224,0.1047801559685202,1.2573618716222423,0.6629531752312648,0.543341109333461,0.5512891360093042,0.007948026675843156,0.011300000000000001,0.0014605404016863077,-0.0014605404016863077,0,2,2,2026-04-08T19:54:19.260Z,Called Strike,Four-Seam Fastball
824284,73865927-4913-3318-8900-3eb74c516bfa,2026-05-02,140,TEX,Texas Rangers,fielding,pitcher,677958,Kumar Rocker,805808,Kevin McGonigle,677958,Kumar Rocker,DET,TEX,2,Bot,2,2,-2B-,2,0,Ball,Strike,0.5172671397342509,1.5358188899528158,1.557,3.086,0.0996522232861492,1.1958266794337904,0.6443822235757273,0.1795715923664411,0.1880716668945221,0.008500074528080992,0.011300000000000001,0.0014588160513699482,-0.0014588160513699482,0,2,2,2026-05-02T23:45:02.590Z,Ball,Slider
823071,f05f2a57-ddf0-3338-a1aa-49ae00f3b1b2,2026-04-15,138,STL,St. Louis Cardinals,fielding,pitcher,677865,Justin Bruihl,666310,Bo Naylor,677865,Justin Bruihl,CLE,STL,7,Top,2,3,1B2B-,1,0,Ball,Strike,0.45658920460818714,1.4713324955677327,1.559,3.089,0.03316582890106612,0.3979899468127934,0.38477087371175683,0.874693258569102,0.8965526139596807,0.021859355390578705,0.011300000000000001,0.001458754145351621,-0.001458754145351621,0,2,2,2026-04-15T19:36:41.702Z,Ball,Sinker
823400,4a2ada48-2671-3675-b1e8-a2a6c5f55f59,2026-04-13,120,WSH,Washington Nationals,fielding,pitcher,687606,Paxton Schultz,663968,Jake Mangum,687606,Paxton Schultz,PIT,WSH,3,Bot,1,0,---,1,0,Ball,Strike,-0.07119421049546869,1.6344219428625453,1.605,3.18,0.15025527619587864,1.8030633143505437,0.8028312243189182,0.1068859253546888,0.11147401863685333,0.004588093282164529,0.011300000000000001,0.0014554573818133278,-0.0014554573818133278,0,2,2,2026-04-13T23:42:33.354Z,Ball,Four-Seam Fastball
824133,b38cba2d-cc5b-3c39-9d76-ce6314698c7f,2026-04-02,142,MIN,Minnesota Twins,fielding,pitcher,671737,Taj Bradley,664728,Kyle Isbel,671737,Taj Bradley,KC,MIN,3,Bot,2,0,---,2,1,Ball,Strike,0.6791639048406032,2.9737952042117164,1.571,3.114,0.15000276182606354,1.8000331419127624,0.8021909006263193,0.6082564262638834,0.6128547783903895,0.004598352126506056,0.011300000000000001,0.0014535134108362505,-0.0014535134108362505,0,2,2,2026-04-02T18:54:38.453Z,Ball,Splitter
822839,8540c89a-0c6f-360a-a58e-d2a4fd4204d7,2026-03-27,133,ATH,Athletics,batting,hitter,669127,Shea Langeliers,669127,Shea Langeliers,592332,Kevin Gausman,ATH,TOR,4,Top,1,0,---,2,0,Strike,Ball,0.8535514999763884,2.2272744486713942,1.606,3.182,0.024384833309721632,0.2926179997166596,0.3520950885288211,0.4791097483017387,0.5040133725940477,0.024903624292308968,0.011300000000000001,0.0014471183002647036,-0.0014471183002647036,0,2,2,2026-03-28T00:30:16.733Z,Called Strike,Four-Seam Fastball
824693,2a31c027-b73b-3777-aab8-6943bc31d748,2026-04-17,121,NYM,New York Mets,fielding,pitcher,673540,Kodai Senga,664023,Ian Happ,673540,Kodai Senga,CHC,NYM,1,Bot,1,7,1B2B3B,0,1,Ball,Strike,0.5072160306669993,1.5638653609737312,1.583,3.137,0.10169869430706457,1.220384331684775,0.6518495588691978,0.37948862986785215,0.38774028120370035,0.008251651335848209,0.011300000000000001,0.0014447352984370172,-0.0014447352984370172,0,2,2,2026-04-17T18:32:25.156Z,Ball,Four-Seam Fastball
823728,952e7046-af8a-3110-91ad-14ae1a2acacc,2026-04-06,116,DET,Detroit Tigers,batting,hitter,668670,Jake Rogers,668670,Jake Rogers,657746,Joe Ryan,DET,MIN,3,Top,2,0,---,0,1,Strike,Ball,1.0291188221639147,1.9175965295416388,1.607,3.184,0.19995215549724799,2.399425865966976,0.9001807465811408,0.4528114774864833,0.45691311235677734,0.004101634870294024,0.022600000000000002,0.0014362976124782964,-0.0014362976124782964,1,1,2,2026-04-07T00:17:02.186Z,Called Strike,Four-Seam Fastball
823720,14255bc5-80c2-3aa9-9eee-1b7a9eea02f4,2026-04-17,113,CIN,Cincinnati Reds,fielding,pitcher,682227,Brandon Williamson,621439,Byron Buxton,682227,Brandon Williamson,MIN,CIN,1,Bot,0,0,---,0,0,Ball,Strike,-0.7247960709698452,2.7414879912999925,1.644,3.258,0.1043705956968215,1.252447148361858,0.6614873798687553,0.4487108639906952,0.45665889066653836,0.007948026675843156,0.011300000000000001,0.0014323267334473964,-0.0014323267334473964,0,2,2,2026-04-18T00:18:24.263Z,Ball,Four-Seam Fastball
822906,9bfe1e9e-797b-321c-9e62-b3cc31c04da9,2026-04-27,147,NYY,New York Yankees,batting,hitter,641857,Ryan McMahon,641857,Ryan McMahon,683004,Jack Leiter,NYY,TEX,3,Top,0,0,---,1,2,Strike,Ball,0.49497135278510673,1.5177834211675185,1.674,3.317,0.035383245499148064,0.42459894598977677,0.39320305094736807,0.4755464642312268,0.4966215259140751,0.021075061682848284,0.011300000000000001,0.001429973028305177,-0.001429973028305177,0,2,2,2026-04-28T00:39:31.392Z,Called Strike,Slider
823404,6a4e5a2f-f563-3e33-89a8-5ebef730e2eb,2026-04-04,134,PIT,Pittsburgh Pirates,batting,hitter,665833,Oneil Cruz,665833,Oneil Cruz,669358,Shane Baz,PIT,BAL,3,Bot,1,0,---,1,1,Strike,Ball,0.2599004726698541,1.575222728062647,1.774,3.516,0.07794393860401971,0.9353272632482366,0.5614633268347508,0.5243085986329589,0.5356729492632962,0.011364350630337361,0.011300000000000001,0.0014252017054584946,-0.0014252017054584946,0,2,2,2026-04-04T20:53:51.056Z,Called Strike,Knuckle Curve
823238,f7bfd4b4-c6b4-3dcc-911f-0a06525204e5,2026-04-05,137,SF,San Francisco Giants,batting,hitter,808982,Jung Hoo Lee,808982,Jung Hoo Lee,673540,Kodai Senga,SF,NYM,2,Bot,1,0,---,2,2,Strike,Ball,-0.8374955038064883,2.3888324198456323,1.627,3.224,0.008328837139821577,0.09994604567785892,0.2959333831617768,0.3977247151784514,0.429412032845226,0.03168731766677457,0.011300000000000001,0.0014213823501786158,-0.0014213823501786158,0,2,2,2026-04-05T20:30:43.851Z,Called Strike,Four-Seam Fastball
824694,3cd7d728-f917-37ec-ad40-9f2d299c7adc,2026-04-18,112,CHC,Chicago Cubs,batting,hitter,673548,Seiya Suzuki,673548,Seiya Suzuki,518886,Craig Kimbrel,CHC,NYM,8,Bot,2,1,1B--,2,0,Strike,Ball,-0.5069393523518197,3.412585181848686,1.604,3.178,0.1137518485153528,1.3650221821842337,0.6942426182880007,0.931431100189561,0.9384535377097982,0.007022437520237235,0.011300000000000001,0.0014202169974678008,-0.0014202169974678008,0,2,2,2026-04-18T20:42:53.933Z,Called Strike,Sweeper
822821,3bceea3a-1c7e-3277-a142-925cb60d405a,2026-04-29,111,BOS,Boston Red Sox,batting,hitter,655316,Andruw Monasterio,655316,Andruw Monasterio,641778,Eric Lauer,BOS,TOR,2,Top,0,0,---,1,0,Strike,Ball,0.9049550639330093,2.638692440349741,1.589,3.148,0.07578839726634257,0.9094607671961108,0.5529542566969416,0.6029858683526864,0.6146880093870203,0.011702141034333868,0.011300000000000001,0.0014191317980783037,-0.0014191317980783037,0,2,2,2026-04-29T19:29:41.615Z,Called Strike,Four-Seam Fastball
824941,2520ae05-0095-3396-893d-0303485bd166,2026-04-10,114,CLE,Cleveland Guardians,batting,hitter,682657,Angel Martínez,682657,Angel Martínez,693821,Bryce Elder,CLE,ATL,3,Top,0,0,---,2,0,Strike,Ball,-0.16307604237366394,3.3278663951684053,1.604,3.178,0.02903306183507226,0.3483967420208671,0.36924176814035864,0.504810477640254,0.527939957709827,0.02312948006957305,0.011300000000000001,0.00141280209704239,-0.00141280209704239,0,2,2,2026-04-10T23:43:12.283Z,Called Strike,Sinker
823163,fc89ff70-a332-3e68-87b7-e39f4a2777a4,2026-03-26,136,SEA,Seattle Mariners,batting,hitter,670042,Luke Raley,670042,Luke Raley,676440,Tanner Bibee,SEA,CLE,2,Bot,1,0,---,0,0,Strike,Ball,-0.2206857249052581,3.5968284193652447,1.686,3.34,0.13599508603191168,1.6319410323829402,0.7642136640959946,0.5255719205222849,0.5309028614044639,0.005330940882179003,0.011300000000000001,0.0014095922689338876,-0.0014095922689338876,0,2,2,2026-03-27T02:44:29.357Z,Called Strike,Curveball
823723,16d3c644-2b1b-3c17-9ab5-08b03ce05974,2026-04-14,142,MIN,Minnesota Twins,fielding,pitcher,690953,Mick Abel,702332,Caleb Durbin,690953,Mick Abel,BOS,MIN,1,Top,1,0,---,0,2,Ball,Strike,0.7506921181350187,2.0498891370474523,1.487,2.947,0.07847454853164804,0.9416945823797764,0.5635525916934213,0.5268314739477195,0.5380754570678175,0.011243983120098,0.011300000000000001,0.0014047201144239702,-0.0014047201144239702,0,2,2,2026-04-14T23:42:37.823Z,Ball,Slider
824614,23574436-bcac-35ac-90b6-ddad9933bc29,2026-04-16,139,TB,Tampa Bay Rays,batting,hitter,650490,Yandy Díaz,650490,Yandy Díaz,673929,Jordan Leasure,TB,CWS,2,Top,0,0,---,1,0,Strike,Ball,0.49501445401908134,3.4147909473491755,1.629,3.228,0.06595761401584221,0.7914913681901066,0.5138269297951303,0.498229055328934,0.5116318328942335,0.013402777565299506,0.011300000000000001,0.00139295235378987,-0.00139295235378987,0,2,2,2026-04-16T18:22:17.506Z,Called Strike,Slider
823804,9b785d8f-b246-3405-a14c-fd27a832f3d2,2026-04-12,158,MIL,Milwaukee Brewers,fielding,pitcher,605540,Brandon Woodruff,678391,Jorbit Vivas,605540,Brandon Woodruff,WSH,MIL,5,Top,0,0,---,0,2,Ball,Strike,-0.595978694387932,3.141285577709995,1.544,3.06,0.03954775562333834,0.4745730674800601,0.40920909161684305,0.5094588292812818,0.5291740731508815,0.019715243869599663,0.011300000000000001,0.0013917197701537373,-0.0013917197701537373,0,2,2,2026-04-12T19:15:22.385Z,Ball,Four-Seam Fastball
824453,e77f2b2c-4c3a-375b-ab43-71bca3f34593,2026-04-16,110,BAL,Baltimore Orioles,fielding,pitcher,669358,Shane Baz,682657,Angel Martínez,669358,Shane Baz,CLE,BAL,1,Bot,2,2,-2B-,0,0,Ball,Strike,-0.14914995928976307,1.652937392277686,1.604,3.178,0.16977072561101925,2.037248707332231,0.8476557208506742,0.27676485851039223,0.2804372253926367,0.003672366882244482,0.011300000000000001,0.001391412442409708,-0.001391412442409708,0,2,2,2026-04-16T22:27:50.214Z,Ball,Cutter
823487,d283182d-b5d2-37b1-b8e3-de224ebd7fb0,2026-03-29,143,PHI,Philadelphia Phillies,fielding,pitcher,666200,Jesús Luzardo,607043,Brandon Nimmo,666200,Jesús Luzardo,TEX,PHI,1,Top,0,0,---,0,0,Ball,Strike,-0.11900004809864377,1.6320167637573133,1.65,3.27,0.10285009709064674,1.234201165087761,0.6560185994118927,0.4964220845889955,0.5044678333858177,0.008045748796822183,0.011300000000000001,0.001391171030265596,-0.001391171030265596,0,2,2,2026-03-29T17:36:08.131Z,Ball,Sinker
823389,9c7b2fec-228a-34b6-a5cb-1cbf17194413,2026-05-01,113,CIN,Cincinnati Reds,fielding,pitcher,663903,Brady Singer,680779,Henry Davis,663903,Brady Singer,PIT,CIN,3,Bot,0,0,---,0,0,Ball,Strike,-0.718664462233306,2.814593421722512,1.609,3.188,0.11050220443336067,1.326026453200328,0.6830957302205146,0.3270190245289614,0.3342773439734362,0.007258319444474803,0.011300000000000001,0.0013771087725890905,-0.0013771087725890905,0,2,2,2026-05-02T00:52:34.863Z,Ball,Sinker
824046,c0f167d1-cff5-336c-aaf0-29a3ca648213,2026-04-20,108,LAA,Los Angeles Angels,fielding,pitcher,672282,Reid Detmers,664702,Myles Straw,672282,Reid Detmers,TOR,LAA,7,Top,0,0,---,3,1,Ball,Strike,-0.36025855525094835,1.471844553738562,1.551,3.073,0.04167788707189546,0.5001346448627455,0.4174734518229925,0.26896956721735427,0.30379921127686477,0.0348296440595105,0.022600000000000002,0.0013753517424896656,-0.0013753517424896656,1,1,2,2026-04-21T03:31:55.569Z,Ball,Slider
824287,7d99b80b-ab9a-3bd2-8c85-c05457237c1c,2026-05-01,116,DET,Detroit Tigers,fielding,pitcher,656427,Jack Flaherty,696030,Alejandro Osuna,656427,Jack Flaherty,TEX,DET,3,Top,2,3,1B2B-,2,2,Ball,Strike,0.6924479085665294,1.4836655409133672,1.551,3.073,0.053498874246700634,0.6419864909604076,0.4640575995284748,0.14416960565293233,0.16017215873564816,0.016002553082715837,0.011300000000000001,0.0013699572445638707,-0.0013699572445638707,0,2,2,2026-05-01T23:35:58.225Z,Ball,Slider
823225,61355335-c925-3056-ab1c-df77da315ec0,2026-05-08,134,PIT,Pittsburgh Pirates,batting,hitter,665833,Oneil Cruz,665833,Oneil Cruz,668873,Caleb Kilian,PIT,SF,9,Top,1,0,---,0,0,Strike,Ball,-0.5801107063804581,3.9934901053837812,1.774,3.516,0.3566567720504481,4.279881264605377,0.9910446489620688,0.004466428340894458,0.005928500579810818,0.0014620722389163598,0.011300000000000001,0.001347783402045427,-0.001347783402045427,0,2,2,2026-05-09T04:28:28.381Z,Called Strike,Knuckle Curve
824456,961408f2-cbd9-30b3-908f-2fce93c051ca,2026-04-06,118,KC,Kansas City Royals,batting,hitter,664728,Kyle Isbel,664728,Kyle Isbel,676440,Tanner Bibee,KC,CLE,3,Top,1,0,---,0,0,Strike,Ball,0.024647485694821353,3.3629660873463267,1.571,3.114,0.12813275401299373,1.5375930481559248,0.7407987222037147,0.4726483720329142,0.4784212613923371,0.005772889359422884,0.011300000000000001,0.0013475746217858691,-0.0013475746217858691,0,2,2,2026-04-06T22:45:34.041Z,Called Strike,Four-Seam Fastball
824617,fb3fe2fa-d766-36ed-a268-b0f3e9e503a7,2026-04-08,145,CWS,Chicago White Sox,fielding,pitcher,680732,Sean Burke,683002,Gunnar Henderson,680732,Sean Burke,BAL,CWS,3,Top,0,0,---,2,1,Ball,Strike,0.12761233515193404,1.610396353418923,1.68,3.329,0.051229686752256365,0.6147562410270764,0.45504051042322535,0.7006053440854019,0.7170980406660601,0.016492696580658217,0.011300000000000001,0.001346802838100544,-0.001346802838100544,0,2,2,2026-04-08T18:56:14.837Z,Ball,Slider
823473,79a83016-9ef1-3fd2-84a7-de7ca4417719,2026-04-28,143,PHI,Philadelphia Phillies,batting,hitter,666969,Adolis García,666969,Adolis García,641816,Tyler Mahle,PHI,SF,2,Bot,0,0,---,0,0,Strike,Ball,0.9280022231223148,1.9761007642604271,1.623,3.216,0.09883555645564812,1.1860266774677775,0.6413823301005954,0.5462611252718056,0.5546696422173181,0.008408516945512479,0.011300000000000001,0.0013406945213398636,-0.0013406945213398636,0,2,2,2026-04-28T22:58:24.033Z,Called Strike,Four-Seam Fastball
824929,c113177c-6518-3e3f-88b7-45a667d9c474,2026-04-30,116,DET,Detroit Tigers,batting,hitter,693307,Dillon Dingler,693307,Dillon Dingler,660761,José Suarez,DET,ATL,9,Top,2,3,1B2B-,0,0,Strike,Ball,0.11793715972545712,3.569197603551819,1.651,3.272,0.17636427021848622,2.1163712426218346,0.8607853667648302,0.920797291544347,0.9241741455426654,0.003376853998318441,0.011300000000000001,0.0013336211518964036,-0.0013336211518964036,0,2,2,2026-04-30T18:56:44.266Z,Called Strike,Four-Seam Fastball
824774,8ca4eaf0-9f61-3094-8d40-7c36c744861c,2026-04-22,111,BOS,Boston Red Sox,fielding,pitcher,677161,Zack Kelly,663757,Trent Grisham,677161,Zack Kelly,NYY,BOS,6,Top,1,0,---,0,0,Ball,Strike,0.4662866140953325,2.5746854909236006,1.584,3.138,0.3628800525713342,4.35456063085601,0.9918865120451211,0.08549282992323597,0.08692933529234438,0.001436505369108415,0.011300000000000001,0.001333167886208904,-0.001333167886208904,0,2,2,2026-04-23T00:12:01.900Z,Ball,Four-Seam Fastball
822745,72e0683b-0bb1-3ead-979a-b8e8f0538ab7,2026-04-23,144,ATL,Atlanta Braves,batting,hitter,660670,Ronald Acuña Jr.,660670,Ronald Acuña Jr.,672335,Cionel Pérez,ATL,WSH,7,Top,0,0,---,0,0,Strike,Ball,-0.1841138920048721,3.386908227460122,1.615,3.201,0.06507489412678868,0.7808987295214642,0.5102981199647459,0.4926177402276212,0.5060710615565269,0.013453321328905699,0.011300000000000001,0.0013315733370238246,-0.0013315733370238246,0,2,2,2026-04-23T18:43:41.207Z,Called Strike,Curveball
822744,797d0a3b-9776-3f68-ad85-2f97fb0d8f73,2026-05-01,158,MIL,Milwaukee Brewers,fielding,pitcher,694819,Jacob Misiorowski,671277,Luis García Jr.,694819,Jacob Misiorowski,WSH,MIL,3,Bot,2,0,---,0,2,Ball,Strike,-0.3523799406892486,1.6142036752700477,1.639,3.248,0.09603700860338105,1.1524441032405726,0.6310193066030336,0.7228367829212932,0.7315509749312434,0.008714192009950272,0.011300000000000001,0.0013293415643387957,-0.0013293415643387957,0,2,2,2026-05-01T23:38:40.640Z,Ball,Curveball
824528,ae40628a-5c80-3042-83d6-d39fbe0b5c0e,2026-04-26,113,CIN,Cincinnati Reds,batting,hitter,682829,Elly De La Cruz,682829,Elly De La Cruz,672456,Keider Montero,CIN,DET,5,Bot,1,2,-2B-,2,2,Strike,Ball,-0.8325189843547672,1.9351770472895098,1.746,3.46,0.0033523176881005146,0.040227812257206175,0.27961685665665714,0.6910156832172328,0.7248624624132808,0.03384677919604795,0.011300000000000001,0.0013238004869710902,-0.0013238004869710902,0,2,2,2026-04-26T19:03:37.289Z,Called Strike,Changeup
823557,9e4155b2-d57e-31e6-840f-c9746749729b,2026-05-01,110,BAL,Baltimore Orioles,fielding,pitcher,544150,Albert Suárez,665862,Jazz Chisholm Jr.,544150,Albert Suárez,NYY,BAL,7,Bot,2,7,1B2B3B,1,1,Ball,Strike,0.6170672059265288,1.6555479537181612,1.593,3.156,0.1833812870514946,2.200575444617935,0.8737025992179134,0.026181394994550508,0.02932947339348183,0.0031480783989313206,0.011300000000000001,0.0013233236508504828,-0.0013233236508504828,0,2,2,2026-05-02T01:19:20.376Z,Ball,Changeup
824858,42d2aee0-b0b7-3986-b728-535ba54219dd,2026-04-10,110,BAL,Baltimore Orioles,batting,hitter,624413,Pete Alonso,624413,Pete Alonso,694738,Landen Roupp,BAL,SF,3,Bot,2,6,-2B3B,0,0,Strike,Ball,0.20008910274740122,1.4966137358751215,1.677,3.324,0.05955293079154522,0.7146351694985427,0.488213906867138,0.41506259260891304,0.429605464664616,0.014542872055702982,0.011300000000000001,0.0013168495309823398,-0.0013168495309823398,0,2,2,2026-04-11T00:09:48.018Z,Called Strike,Curveball
823646,2d9667a2-4ccb-366c-92fc-895302ed60d3,2026-04-08,121,NYM,New York Mets,batting,hitter,668901,Mark Vientos,668901,Mark Vientos,669194,Ryne Nelson,NYM,AZ,2,Bot,1,1,1B--,0,0,Strike,Ball,0.28155737837771166,3.564322466015528,1.686,3.34,0.10348913268219517,1.241869592186342,0.6583221625535975,0.119803112874988,0.12765901693984394,0.007855904064855937,0.011300000000000001,0.0013107561896452094,-0.0013107561896452094,0,2,2,2026-04-08T20:44:03.944Z,Called Strike,Slider
824362,70680014-8bbc-3863-8c21-8614237e8edc,2026-05-07,121,NYM,New York Mets,fielding,pitcher,623211,Huascar Brazobán,681198,TJ Rumfield,623211,Huascar Brazobán,COL,NYM,6,Bot,1,0,---,1,0,Ball,Strike,-0.8064574610093226,2.598474673204616,1.727,3.423,0.022709205657344134,0.2725104678881296,0.3460035904382152,0.6225428731930698,0.6476811131034198,0.025138239910350024,0.011300000000000001,0.0013077618382301773,-0.0013077618382301773,0,2,2,2026-05-07T20:49:46.555Z,Ball,Sinker
823069,6c9da115-7171-3065-a06f-c192bfa0f41a,2026-04-24,138,STL,St. Louis Cardinals,fielding,pitcher,669467,Andre Pallante,647304,Josh Naylor,669467,Andre Pallante,SEA,STL,4,Top,0,0,---,2,1,Ball,Strike,0.7759318013702251,1.9423424718996884,1.57,3.11,0.053234865296441614,0.6388183835572994,0.46300718175530725,0.36274988595619817,0.3786796567781548,0.015929770821956624,0.011300000000000001,0.001307579448117031,-0.001307579448117031,0,2,2,2026-04-25T01:04:02.610Z,Ball,Four-Seam Fastball
823727,32d1a8db-514b-3df6-b4cc-3a7749db651d,2026-04-07,116,DET,Detroit Tigers,batting,hitter,805808,Kevin McGonigle,805808,Kevin McGonigle,671737,Taj Bradley,DET,MIN,1,Top,1,0,---,2,2,Strike,Ball,-0.38187200635769364,1.420109261715067,1.557,3.086,0.016057404951599574,0.1926888594191949,0.32233066786974546,0.4619245429321819,0.4897359352912186,0.027811392359036735,0.011300000000000001,0.00130680122040397,-0.00130680122040397,0,2,2,2026-04-07T23:43:28.730Z,Called Strike,Four-Seam Fastball
824701,d5215093-9aba-3a23-b74b-facd5631ca26,2026-03-28,112,CHC,Chicago Cubs,fielding,pitcher,690990,Cade Horton,671277,Luis García Jr.,690990,Cade Horton,WSH,CHC,4,Top,1,0,---,0,0,Ball,Strike,-0.4496252312921971,1.6522141316290888,1.639,3.248,0.13404746496242215,1.6085695795490658,0.758552405788012,0.8352975859143309,0.8406095770356299,0.005311991121298987,0.011300000000000001,0.0013010658299904402,-0.0013010658299904402,0,2,2,2026-03-28T19:08:36.632Z,Ball,Changeup
823473,8b24f326-c267-3703-a24a-4459b78a53bc,2026-04-28,137,SF,San Francisco Giants,fielding,pitcher,641816,Tyler Mahle,607208,Trea Turner,641816,Tyler Mahle,PHI,SF,1,Bot,0,0,---,0,0,Ball,Strike,0.7267090125168288,1.7203674558675373,1.637,3.245,0.10245765414983787,1.2294918497980545,0.6546002871551709,0.4487108639906952,0.45665889066653836,0.007948026675843156,0.011300000000000001,0.00129976378917732,-0.00129976378917732,0,2,2,2026-04-28T22:46:11.358Z,Ball,Four-Seam Fastball
823551,64ba1fda-3c9a-313c-a6e0-187d96929fa3,2026-05-07,140,TEX,Texas Rangers,fielding,pitcher,682608,Peyton Gray,502671,Paul Goldschmidt,682608,Peyton Gray,NYY,TEX,7,Bot,2,7,1B2B3B,3,2,Ball,Strike,0.6921517616003838,1.8968126792299147,1.667,3.303,0.1370149050662829,1.6441788607953947,0.7671411757142828,0.003078509267900835,0.008179722086910339,0.005101212819009503,0.011300000000000001,0.0012820456851151164,-0.0012820456851151164,0,2,2,2026-05-07T19:09:49.644Z,Ball,Four-Seam Fastball
824539,0b2663e1-f154-300a-ab8e-fdf58d89ad32,2026-03-30,134,PIT,Pittsburgh Pirates,fielding,pitcher,677952,Braxton Ashcraft,682829,Elly De La Cruz,677952,Braxton Ashcraft,CIN,PIT,1,Bot,2,0,---,2,2,Ball,Strike,0.7549701000457181,3.4144972505431657,1.746,3.46,0.07419656662094865,0.8903587994513837,0.5466501923476125,0.4882895032817992,0.49999999999999967,0.011710496718200458,0.011300000000000001,0.0012786924570183864,-0.0012786924570183864,0,2,2,2026-03-30T22:51:52.011Z,Ball,Four-Seam Fastball
823150,1a3c9b14-a08f-3c14-bc70-397af0162cd9,2026-04-19,136,SEA,Seattle Mariners,fielding,pitcher,693433,Bryan Woo,669701,Josh Smith,693433,Bryan Woo,TEX,SEA,7,Top,2,6,-2B3B,0,0,Ball,Strike,0.399064015889277,1.5050406461120576,1.548,3.068,0.07787397944539087,0.9344877533446905,0.5611876998670211,0.9045833723250601,0.915683637750297,0.0111002654252369,0.011300000000000001,0.0012707534303994543,-0.0012707534303994543,0,2,2,2026-04-19T21:55:47.944Z,Ball,Sweeper
824528,25cccfb6-6a34-349e-8f81-a6b0d0c000ba,2026-04-26,113,CIN,Cincinnati Reds,batting,hitter,624431,Jose Trevino,624431,Jose Trevino,672456,Keider Montero,CIN,DET,4,Bot,2,0,---,0,0,Strike,Ball,-0.08204172240807635,3.3303548865047374,1.545,3.061,0.14852155317140436,1.7822586380568524,0.7984033256728542,0.510687084644763,0.5151306087557983,0.004443524111035324,0.011300000000000001,0.0012696820080613683,-0.0012696820080613683,0,2,2,2026-04-26T18:47:24.798Z,Called Strike,Four-Seam Fastball
823722,ad7d483b-aa1e-3dce-b17d-3f85f7f66303,2026-04-15,142,MIN,Minnesota Twins,fielding,pitcher,680573,Simeon Woods Richardson,701350,Roman Anthony,680573,Simeon Woods Richardson,BOS,MIN,3,Top,0,1,1B--,1,0,Ball,Strike,-0.4383646060924859,1.560468987650595,1.679,3.326,0.002302320983928352,0.027627851807140225,0.27624538386255426,0.5416041880869215,0.5757899010699875,0.03418571298306605,0.011300000000000001,0.0012652182432690475,-0.0012652182432690475,0,2,2,2026-04-15T18:16:38.200Z,Ball,Splitter
824284,a5005b6d-7c6a-31b3-97da-22828b39fa9f,2026-05-02,116,DET,Detroit Tigers,fielding,pitcher,672456,Keider Montero,669701,Josh Smith,672456,Keider Montero,TEX,DET,3,Top,0,1,1B--,0,0,Ball,Strike,0.04045006720383865,1.5690584674537367,1.548,3.068,0.14189180078706998,1.7027016094448397,0.7807887607224805,0.8828855193513216,0.887662055290872,0.004776535939550408,0.011300000000000001,0.0012523785729519812,-0.0012523785729519812,0,2,2,2026-05-02T23:54:16.342Z,Ball,Four-Seam Fastball
822751,e55f2db6-e612-38e7-8572-4474382d5e13,2026-04-18,137,SF,San Francisco Giants,batting,hitter,672275,Patrick Bailey,672275,Patrick Bailey,676917,Cade Cavalli,SF,WSH,2,Top,2,5,1B-3B,1,1,Strike,Ball,-0.8440957469487165,2.638882751512044,1.627,3.224,0.014929080282049756,0.17914896338459707,0.31839995791035863,0.47763202997614923,0.5057515054186852,0.028119475442535957,0.011300000000000001,0.0012511593217518638,-0.0012511593217518638,0,2,2,2026-04-18T20:36:23.013Z,Called Strike,Four-Seam Fastball
825098,03bf99a8-7c41-3c9c-9116-a6779f028030,2026-04-18,109,AZ,Arizona Diamondbacks,fielding,pitcher,657044,Ryan Thompson,623168,Tyler Heineman,657044,Ryan Thompson,TOR,AZ,7,Top,0,0,---,0,0,Ball,Strike,0.7649454919560408,2.0925396610978786,1.57,3.11,0.06422117471062594,0.7706540965275113,0.5068842637709943,0.4939289384434729,0.5073822597723786,0.013453321328905699,0.011300000000000001,0.0012470690576892145,-0.0012470690576892145,0,2,2,2026-04-19T01:50:47.780Z,Ball,Sinker
824769,454ced56-40b8-3ff7-8fd3-74057c9afa7e,2026-05-03,111,BOS,Boston Red Sox,batting,hitter,677800,Wilyer Abreu,677800,Wilyer Abreu,805123,AJ Blubaugh,BOS,HOU,5,Bot,2,1,1B--,0,0,Strike,Ball,-0.9715494691929356,1.8675700390683792,1.573,3.117,0.1423828025262689,1.7085936303152267,0.782130413723824,0.6804819078318131,0.6852184563052703,0.0047365484734572805,0.011300000000000001,0.0012426722922473004,-0.0012426722922473004,0,2,2,2026-05-03T19:15:54.174Z,Called Strike,Four-Seam Fastball
823478,e8680854-a97b-31d4-bb3b-53a0954c412f,2026-04-14,143,PHI,Philadelphia Phillies,batting,hitter,664761,Alec Bohm,664761,Alec Bohm,573204,Caleb Thielbar,PHI,CHC,8,Bot,2,7,1B2B3B,0,0,Strike,Ball,-1.062116366050335,2.101524453705463,1.719,3.407,0.23294969938366827,2.7953963926040193,0.9386124251254213,0.10122290174190575,0.1040233061404079,0.0028004043985021543,0.022600000000000002,0.0012411351716445252,-0.0012411351716445252,1,1,2,2026-04-15T01:27:44.226Z,Called Strike,Curveball
823144,a862a32a-4fce-3fd4-98d7-b405384d221b,2026-05-02,118,KC,Kansas City Royals,batting,hitter,686681,Michael Massey,686681,Michael Massey,676106,Emerson Hancock,KC,SEA,7,Top,1,0,---,1,1,Strike,Ball,-0.8670387791666389,1.8960097249148684,1.615,3.2,0.03787211249997213,0.4544653499996656,0.40274364107216465,0.252165858214773,0.27199624044827436,0.019830382233501365,0.011300000000000001,0.0012375634886885641,-0.0012375634886885641,0,2,2,2026-05-03T03:44:58.679Z,Called Strike,Sweeper
823142,bb9969d0-b987-342c-a423-ae0968e958f4,2026-05-05,136,SEA,Seattle Mariners,fielding,pitcher,669923,George Kirby,573262,Mike Yastrzemski,669923,George Kirby,ATL,SEA,5,Top,1,0,---,0,0,Ball,Strike,-0.7159756903925548,2.695657592453729,1.577,3.125,0.1131909762741119,1.3582917152893428,0.6923344049776544,0.5258001329644375,0.5326084217615762,0.006808288797138684,0.011300000000000001,0.0012369913495305362,-0.0012369913495305362,0,2,2,2026-05-06T02:47:16.852Z,Ball,Sweeper
824622,a2ade43e-a485-3fb7-93e6-462f07c53c2f,2026-04-04,145,CWS,Chicago White Sox,batting,hitter,805367,Chase Meidroth,805367,Chase Meidroth,667297,Tommy Nance,CWS,TOR,7,Bot,1,0,---,1,0,Strike,Ball,-0.9076861848102663,2.384168511189271,1.548,3.068,0.07851951814359959,0.942234217723195,0.5637295559743416,0.7709663258625089,0.7819055506705891,0.010939224808080183,0.011300000000000001,0.0012369083262726037,-0.0012369083262726037,0,2,2,2026-04-04T20:15:45.140Z,Called Strike,Sinker
823884,f90a4c1a-3910-3355-8d59-0064d9007ece,2026-04-09,113,CIN,Cincinnati Reds,fielding,pitcher,695076,Rhett Lowder,689414,Liam Hicks,695076,Rhett Lowder,MIA,CIN,1,Bot,1,1,1B--,0,0,Ball,Strike,0.33964004632712563,1.5175040146958982,1.557,3.086,0.08133734802923165,0.9760481763507798,0.5747841284433772,0.34634635668074604,0.3568553595539476,0.010509002873201556,0.011300000000000001,0.0012354687086922654,-0.0012354687086922654,0,2,2,2026-04-09T16:24:52.947Z,Ball,Sinker
823636,289972ec-30ed-342a-bdf5-85e681fcdfd3,2026-04-28,120,WSH,Washington Nationals,batting,hitter,683083,Nasim Nuñez,683083,Nasim Nuñez,605280,Clay Holmes,WSH,NYM,5,Top,1,1,1B--,2,1,Strike,Ball,0.03159458396665172,3.352253664398025,1.537,3.045,0.18642033106469214,2.2370439727763056,0.8789713806553843,0.012142251748851137,0.015089771316598395,0.002947519567747258,0.011300000000000001,0.0012231619453774113,-0.0012231619453774113,0,2,2,2026-04-29T00:35:09.245Z,Called Strike,Sinker
823803,c4140675-cafe-3906-8f74-0a930c7e3a5f,2026-04-15,158,MIL,Milwaukee Brewers,fielding,pitcher,694477,Chad Patrick,664770,Nathan Lukes,694477,Chad Patrick,TOR,MIL,1,Top,0,0,---,1,0,Ball,Strike,-0.761029862835856,2.1385456935479903,1.597,3.164,0.06813680383081067,0.817641645969728,0.522531944432706,0.48902717022277575,0.5016895819514857,0.012662411728709966,0.011300000000000001,0.001221125593899898,-0.001221125593899898,0,2,2,2026-04-15T23:41:54.439Z,Ball,Four-Seam Fastball
823319,ebd57451-baa8-343a-a4e0-69c2633e406d,2026-04-09,135,SD,San Diego Padres,fielding,pitcher,699134,Bradgley Rodriguez,678662,Ezequiel Tovar,699134,Bradgley Rodriguez,COL,SD,6,Top,2,1,1B--,0,0,Ball,Strike,-0.7228781342378234,3.044294329948088,1.625,3.219,0.10628853242884329,1.2754623891461194,0.6683244481599967,0.5378523886066949,0.5452842339982875,0.007431845391592584,0.011300000000000001,0.0012189502343544906,-0.0012189502343544906,0,2,2,2026-04-10T03:22:26.266Z,Ball,Changeup
824768,09a2778c-c907-375a-bbb0-48ac6e711e7c,2026-05-08,139,TB,Tampa Bay Rays,batting,hitter,663743,Nick Fortes,663743,Nick Fortes,813349,Connelly Early,TB,BOS,5,Top,1,0,---,0,0,Strike,Ball,0.940133838113535,1.8194991502570845,1.595,3.161,0.1109671714468683,1.3316060573624195,0.6847039989649241,0.21523888367664018,0.22222099389546504,0.006982110218824861,0.011300000000000001,0.001217833976346885,-0.001217833976346885,0,2,2,2026-05-09T00:23:02.089Z,Called Strike,Sinker
823228,c8eb5ccb-432b-3cad-b897-e7efe9f358e9,2026-05-04,137,SF,San Francisco Giants,fielding,pitcher,686790,Trevor McDonald,609280,Miguel Andujar,686790,Trevor McDonald,SD,SF,2,Top,2,0,---,0,1,Ball,Strike,0.6032586321764544,1.647264246127119,1.61,3.191,0.15809757946045222,1.8971709535254266,0.8219421139104005,0.645808404553599,0.6497235566922258,0.0039151521386268096,0.011300000000000001,0.0012059743122912708,-0.0012059743122912708,0,2,2,2026-05-05T02:05:23.898Z,Ball,Slider
823797,93caec57-40d6-31be-9239-d2e3588e8b21,2026-04-26,134,PIT,Pittsburgh Pirates,fielding,pitcher,681895,Evan Sisk,686217,Sal Frelick,681895,Evan Sisk,MIL,PIT,5,Bot,2,3,1B2B-,0,0,Ball,Strike,-0.5268918695085616,2.605083133280971,1.546,3.063,0.3022747971581051,3.6272975658972615,0.9788843029025728,0.03834055522636004,0.03980690314913196,0.0014663479227719212,0.011300000000000001,0.0011967775869943,-0.0011967775869943,0,2,2,2026-04-26T19:40:17.901Z,Ball,Sinker
824116,cc17de89-8bfc-3077-bb05-ce50574b15f0,2026-05-08,118,KC,Kansas City Royals,fielding,pitcher,663460,Kris Bubic,670097,Zack Short,663460,Kris Bubic,DET,KC,3,Top,0,0,---,1,2,Ball,Strike,0.795713626652796,2.928259546961181,1.575,3.121,0.03345304001387073,0.40143648016644873,0.3858592762952917,0.5033784740859245,0.5244535357687727,0.02107506168284823,0.011300000000000001,0.0011922178709592463,-0.0011922178709592463,0,2,2,2026-05-09T00:09:43.451Z,Ball,Four-Seam Fastball
823557,be3ca640-4f6a-38a8-9a9d-ebbde893e49a,2026-05-01,147,NYY,New York Yankees,fielding,pitcher,701542,Will Warren,683002,Gunnar Henderson,701542,Will Warren,BAL,NYY,1,Top,0,0,---,0,0,Ball,Strike,-0.729188175446058,3.2892711391657223,1.68,3.329,0.09997849122060876,1.199741894647305,0.6455775683636416,0.4964220845889955,0.5044678333858177,0.008045748796822183,0.011300000000000001,0.0011891814664263091,-0.0011891814664263091,0,2,2,2026-05-01T23:10:07.339Z,Ball,Four-Seam Fastball
824287,cfaf9618-6a56-3f26-b8e4-d5b7d133c412,2026-05-01,140,TEX,Texas Rangers,fielding,pitcher,669022,MacKenzie Gore,693307,Dillon Dingler,669022,MacKenzie Gore,DET,TEX,1,Bot,2,1,1B--,1,1,Ball,Strike,0.2937437311094404,3.3032251330237408,1.651,3.272,0.08960820030959216,1.0752984037151059,0.6067642928596525,0.5809328820725935,0.5902090639335986,0.009276181861005095,0.011300000000000001,0.0011848924366443647,-0.0011848924366443647,0,2,2,2026-05-01T22:59:13.833Z,Ball,Changeup
823878,27854d4b-a410-39ce-bdc2-5ca151541ad0,2026-04-22,146,MIA,Miami Marlins,fielding,pitcher,656848,Michael Petersen,687363,Victor Scott II,656848,Michael Petersen,STL,MIA,8,Top,1,0,---,0,1,Ball,Strike,-0.5745237359674847,1.6872876852195684,1.583,3.137,0.22512101855290179,2.7014522226348214,0.9309860925114101,0.9795929651954737,0.9816900769922913,0.0020971117968175967,0.011300000000000001,0.0011725247626577302,-0.0011725247626577302,0,2,2,2026-04-22T18:09:38.740Z,Ball,Four-Seam Fastball
824044,7ff9ba1a-9a04-3365-bf67-8de48fc83f22,2026-04-22,108,LAA,Los Angeles Angels,batting,hitter,672724,Oswald Peraza,672724,Oswald Peraza,641778,Eric Lauer,LAA,TOR,2,Bot,0,0,---,1,0,Strike,Ball,0.8486458410552227,3.3727174483898077,1.608,3.187,0.06488411505647473,0.7786093806776968,0.5095353040147514,0.5492019290607649,0.5623705928636458,0.013168663802880842,0.011300000000000001,0.0011676480496356336,-0.0011676480496356336,0,2,2,2026-04-22T19:33:45.984Z,Called Strike,Four-Seam Fastball
823962,260ce2f7-d6f0-348e-b002-c5d9d7605389,2026-04-24,119,LAD,Los Angeles Dodgers,fielding,pitcher,686218,Emmet Sheehan,608348,Carson Kelly,686218,Emmet Sheehan,CHC,LAD,3,Top,0,0,---,1,0,Ball,Strike,0.21279608988265547,1.5824920037142767,1.644,3.258,0.059325337047610116,0.7119040445713214,0.4873040777938069,0.4875820717880995,0.5018654533688585,0.01428338158075898,0.011300000000000001,0.001166886168058821,-0.001166886168058821,0,2,2,2026-04-25T02:46:09.844Z,Ball,Four-Seam Fastball
824456,8fbc4ceb-5a7f-37cc-9111-0406d5c9d1d9,2026-04-06,114,CLE,Cleveland Guardians,batting,hitter,672356,Gabriel Arias,672356,Gabriel Arias,608379,Michael Wacha,CLE,KC,3,Bot,0,0,---,0,0,Strike,Ball,0.09585079666267486,3.4950466065419104,1.636,3.242,0.13221327320857723,1.5865592785029268,0.7531367672360967,0.5498518778299064,0.5588087370851607,0.008956859255254246,0.022600000000000002,0.0011666309636266794,-0.0011666309636266794,1,1,2,2026-04-06T22:49:22.890Z,Called Strike,Sinker
823562,17e46d31-f5a6-3ac9-a3b8-0fea217ef0a0,2026-04-14,108,LAA,Los Angeles Angels,fielding,pitcher,672282,Reid Detmers,592450,Aaron Judge,672282,Reid Detmers,NYY,LAA,4,Bot,0,0,---,1,0,Ball,Strike,0.7605932474726023,1.7612416756762677,1.778,3.523,0.06857341919406446,0.8228810303287735,0.5242745778663256,0.8488092401796898,0.8612497120543027,0.012440471874612835,0.011300000000000001,0.001146525870410019,-0.001146525870410019,0,2,2,2026-04-15T00:09:43.693Z,Ball,Changeup
824130,47f41ea5-b87d-3d36-9932-373df0b88c57,2026-04-09,118,KC,Kansas City Royals,batting,hitter,672580,Maikel Garcia,672580,Maikel Garcia,641743,Anthony Kay,KC,CWS,3,Bot,0,0,---,0,0,Strike,Ball,0.9207589435222067,2.7382911869638837,1.646,3.262,0.09159227685553994,1.0991073222664793,0.614312530669291,0.5498518778299064,0.5588087370851607,0.008956859255254246,0.011300000000000001,0.0011440424725068857,-0.0011440424725068857,0,2,2,2026-04-10T00:24:43.889Z,Called Strike,Sweeper
823645,86dc6821-7e47-3566-ae00-7d03fcbd5eb6,2026-04-09,109,AZ,Arizona Diamondbacks,fielding,pitcher,593958,Eduardo Rodriguez,596019,Francisco Lindor,593958,Eduardo Rodriguez,NYM,AZ,1,Bot,0,0,---,0,1,Ball,Strike,-0.6761195099103942,1.562581848357293,1.568,3.108,0.11541518169062637,1.3849821802875164,0.6998624417852667,0.4538934246757912,0.4603720148930601,0.006478590217268931,0.011300000000000001,0.0011425675609574894,-0.0011425675609574894,0,2,2,2026-04-09T23:17:33.472Z,Ball,Cutter
824541,1157d816-e37f-33a0-831d-38e1fb5df165,2026-03-26,113,CIN,Cincinnati Reds,batting,hitter,667472,Dane Myers,667472,Dane Myers,547973,Aroldis Chapman,CIN,BOS,9,Bot,2,0,---,2,0,Strike,Ball,-1.0173076890611403,2.729883308635499,1.622,3.214,0.1881410223944736,2.2576922687336833,0.8818697310627284,0.007073343678162839,0.009875265962329415,0.0028019222841665758,0.011300000000000001,0.0011360584122054743,-0.0011360584122054743,0,2,2,2026-03-26T22:42:22.408Z,Called Strike,Four-Seam Fastball
823325,9a8742bc-88b3-31ea-aa0e-1ad0e19703fb,2026-03-26,135,SD,San Diego Padres,batting,hitter,592518,Manny Machado,592518,Manny Machado,669373,Tarik Skubal,SD,DET,6,Bot,1,6,-2B3B,0,1,Strike,Ball,-0.9482861975141826,2.2851260187457263,1.672,3.314,0.11911953084751592,1.429434370170191,0.7121630048081847,0.020613977485355744,0.026766688490522692,0.006152711005166948,0.011300000000000001,0.0011291751114885676,-0.0011291751114885676,0,2,2,2026-03-26T21:51:39.521Z,Called Strike,Four-Seam Fastball
824932,2427dc16-4eca-3620-8303-3aba2c60bc5f,2026-04-24,144,ATL,Atlanta Braves,fielding,pitcher,656550,Grant Holmes,547180,Bryce Harper,656550,Grant Holmes,PHI,ATL,3,Top,1,1,1B--,1,0,Ball,Strike,-0.7799858813969044,3.306784284673045,1.648,3.265,0.04918078526976233,0.5901694232371479,0.44692385930270884,0.26980090667837814,0.28630595066011627,0.016505043981738132,0.011300000000000001,0.0011267375643999634,-0.0011267375643999634,0,2,2,2026-04-24T23:49:44.730Z,Ball,Four-Seam Fastball
822986,79c79e7a-7ad3-39fc-854f-a58b83784fa3,2026-05-05,141,TOR,Toronto Blue Jays,fielding,pitcher,592332,Kevin Gausman,650490,Yandy Díaz,592332,Kevin Gausman,TB,TOR,3,Bot,2,7,1B2B3B,0,0,Ball,Strike,-0.6261169544177049,1.6369506180532647,1.629,3.228,0.12878395138659804,1.5454074166391765,0.7427943420815242,0.5515661428633402,0.5569948797557752,0.00542873689243506,0.011300000000000001,0.0011260111138712216,-0.0011260111138712216,0,2,2,2026-05-05T23:28:42.142Z,Ball,Four-Seam Fastball
823235,40800b96-a1eb-3283-8e3b-be49536e25ca,2026-04-07,137,SF,San Francisco Giants,batting,hitter,642715,Willy Adames,642715,Willy Adames,621383,Tanner Banks,SF,PHI,7,Bot,0,0,---,1,0,Strike,Ball,0.8699404779770018,3.6487135120791243,1.627,3.224,0.303880178745791,3.646562144949492,0.9794087503013422,0.971692558665377,0.9730785739074762,0.0013860152420992478,0.011300000000000001,0.0011247943345682036,-0.0011247943345682036,0,2,2,2026-04-08T03:52:41.769Z,Called Strike,Four-Seam Fastball
823314,f35fced5-3104-399a-8212-d56cf3f4feaa,2026-04-15,135,SD,San Diego Padres,fielding,pitcher,681190,Randy Vásquez,668227,Randy Arozarena,681190,Randy Vásquez,SEA,SD,2,Top,1,0,---,1,0,Ball,Strike,-0.2461691665125048,3.1929885686409367,1.579,3.128,0.05584476469239652,0.6701371763087582,0.47340418439059806,0.5091421038283106,0.5240869974695453,0.014944893641234747,0.011300000000000001,0.001124442468646728,-0.001124442468646728,0,2,2,2026-04-16T01:53:08.644Z,Ball,Cutter
824856,efdca2d8-c638-39a9-954e-339c71377688,2026-04-13,110,BAL,Baltimore Orioles,fielding,pitcher,665152,Dean Kremer,677950,Alek Thomas,665152,Dean Kremer,AZ,BAL,2,Top,2,1,1B--,0,0,Ball,Strike,-0.04461636931423573,1.5737857269107323,1.551,3.073,0.14361906024406568,1.7234287229287881,0.7854821807572899,0.4187178286660232,0.423231502916576,0.004513674250552824,0.011300000000000001,0.0011213593361096342,-0.0011213593361096342,0,2,2,2026-04-13T22:55:09.095Z,Ball,Four-Seam Fastball
824045,570f748d-4440-356e-84cd-027ab29f906e,2026-04-21,141,TOR,Toronto Blue Jays,fielding,pitcher,656546,Jeff Hoffman,545361,Mike Trout,656546,Jeff Hoffman,LAA,TOR,9,Bot,1,0,---,0,0,Ball,Strike,0.7291648036437497,1.6348648886718278,1.637,3.244,0.10000186302291703,1.2000223562750043,0.645663125880714,0.9769189113660628,0.9848397216072349,0.007920810241172083,0.011300000000000001,0.001110168422275206,-0.001110168422275206,0,2,2,2026-04-22T03:53:01.863Z,Ball,Slider
823144,458e67ab-9a8a-339e-9a89-10967314bf7b,2026-05-02,136,SEA,Seattle Mariners,batting,hitter,702284,Cole Young,702284,Cole Young,621381,Matt Strahm,SEA,KC,9,Bot,0,0,---,0,0,Strike,Ball,-0.40626073972120236,3.2980767708457037,1.581,3.133,0.04424343751237059,0.530921250148447,0.4274886065437279,0.6267562767438319,0.6444829975616765,0.017726720817844543,0.011300000000000001,0.0011085924349541806,-0.0011085924349541806,0,2,2,2026-05-03T04:16:37.439Z,Called Strike,Slider
822918,b7d1ba18-047f-3560-b455-8c4695d5eb0e,2026-04-06,140,TEX,Texas Rangers,fielding,pitcher,676395,Robert Garcia,660844,Leo Rivas,676395,Robert Garcia,SEA,TEX,8,Top,1,0,---,0,0,Ball,Strike,-0.6097598867661336,1.4628998859710183,1.517,3.007,0.06673321930435172,0.8007986316522206,0.51692640680703,0.7941769598570548,0.8068644804369254,0.012687520579870548,0.011300000000000001,0.001099782821562166,-0.001099782821562166,0,2,2,2026-04-07T02:13:16.001Z,Ball,Slider
823470,109afe20-5e5a-3933-a7a2-7ebe2513bfa0,2026-05-06,133,ATH,Athletics,batting,hitter,691016,Tyler Soderstrom,691016,Tyler Soderstrom,621237,José Alvarado,ATH,PHI,8,Top,1,1,1B--,0,0,Strike,Ball,0.14530504926718193,1.4692794210561704,1.658,3.286,0.0678872456104962,0.8146469473259543,0.5215356504055547,0.7428677793136647,0.7553297829300187,0.012462003616354078,0.011300000000000001,0.0010927320109943668,-0.0010927320109943668,0,2,2,2026-05-07T00:44:02.521Z,Called Strike,Sinker
823471,daf6dd06-9026-351c-b6b6-b8db6eb4dae5,2026-04-30,143,PHI,Philadelphia Phillies,batting,hitter,702222,Justin Crawford,702222,Justin Crawford,605288,Adrian Houser,PHI,SF,4,Bot,2,0,---,0,0,Strike,Ball,-0.3140923506043872,1.3282701605625882,1.655,3.279,0.2058965061040785,2.470758073248942,0.908407535094472,0.6482688361466244,0.6517499908024523,0.0034811546558278783,0.022600000000000002,0.0010923174133183155,-0.0010923174133183155,1,1,2,2026-04-30T22:46:11.471Z,Called Strike,Curveball
822829,86892691-d85f-344f-9165-273353ebd22c,2026-04-10,141,TOR,Toronto Blue Jays,batting,hitter,662139,Daulton Varsho,662139,Daulton Varsho,573124,Taylor Rogers,TOR,MIN,6,Bot,2,2,-2B-,0,0,Strike,Ball,0.08714087209808183,3.6245085246043613,1.532,3.037,0.4666751912710283,5.60010229525234,0.9984482253077485,0.9488766183209973,0.9500044580796391,0.0011278397586417244,0.022600000000000002,0.0010910194974024642,-0.0010910194974024642,1,1,2,2026-04-11T01:08:58.528Z,Called Strike,Sweeper
823155,92e94bb2-062f-38df-90b5-7565787bed9c,2026-04-11,136,SEA,Seattle Mariners,batting,hitter,670042,Luke Raley,670042,Luke Raley,621121,Lance McCullers Jr.,SEA,HOU,2,Bot,0,0,---,0,0,Strike,Ball,0.27460307887569146,3.549787434988199,1.686,3.34,0.08895410165486606,1.0674492198583927,0.604264420917548,0.435955695858142,0.4451598918748615,0.009204196016719512,0.011300000000000001,0.001089956132422909,-0.001089956132422909,0,2,2,2026-04-12T02:12:51.157Z,Called Strike,Sinker
822832,b339abcc-c23a-394c-b1ed-707919ce7467,2026-04-06,119,LAD,Los Angeles Dodgers,fielding,pitcher,680736,Justin Wrobleski,662139,Daulton Varsho,680736,Justin Wrobleski,TOR,LAD,4,Bot,1,0,---,0,2,Ball,Strike,-0.7399769642614398,1.6626824433205862,1.532,3.037,0.08918970240522694,1.0702764288627233,0.6051654889854308,0.8826372913424358,0.8918017092132305,0.009164417870794694,0.011300000000000001,0.0010843594475816584,-0.0010843594475816584,0,2,2,2026-04-07T00:21:40.818Z,Ball,Slider
824683,d0571bbb-4623-34b0-b6c8-93a52fa305b9,2026-05-06,112,CHC,Chicago Cubs,batting,hitter,673548,Seiya Suzuki,673548,Seiya Suzuki,663903,Brady Singer,CHC,CIN,1,Bot,2,0,---,2,1,Strike,Ball,0.998555591976877,2.4881407645377265,1.604,3.178,0.16938892531021033,2.032667103722524,0.8468651808286117,0.612921993635753,0.6162341348025504,0.0033121411667974554,0.011300000000000001,0.0010745135715131285,-0.0010745135715131285,0,2,2,2026-05-06T23:55:34.489Z,Called Strike,Sinker
823237,0ad2a82f-f082-3862-ba53-6b0d1fd8b97d,2026-04-06,143,PHI,Philadelphia Phillies,fielding,pitcher,691725,Andrew Painter,642715,Willy Adames,691725,Andrew Painter,SF,PHI,4,Bot,1,7,1B2B3B,0,1,Ball,Strike,0.05423032371966018,1.6673042535706428,1.627,3.224,0.16113758690397617,1.933651042847714,0.8289496401604715,0.1051093614845344,0.10873679786515555,0.0036274363806211574,0.011300000000000001,0.0010740930162342387,-0.0010740930162342387,0,2,2,2026-04-07T02:52:42.173Z,Ball,Splitter
822827,031934a0-c8be-384f-96cf-58d78c7a2701,2026-04-24,114,CLE,Cleveland Guardians,batting,hitter,800050,Chase DeLauter,800050,Chase DeLauter,453286,Max Scherzer,CLE,TOR,2,Top,0,3,1B2B-,0,0,Strike,Ball,0.8917631325244739,2.4281202652728164,1.685,3.339,0.0625964658578072,0.7511575902936865,0.500385863354627,0.8262790381085962,0.8396961105083321,0.013417072399735996,0.011300000000000001,0.0010680736123407182,-0.0010680736123407182,0,2,2,2026-04-24T23:42:02.239Z,Called Strike,Curveball
823714,a1412bff-7799-3396-b40d-3f90a3a6fe46,2026-04-30,141,TOR,Toronto Blue Jays,fielding,pitcher,592332,Kevin Gausman,621439,Byron Buxton,592332,Kevin Gausman,MIN,TOR,6,Bot,0,0,---,0,0,Ball,Strike,0.4187894161056605,1.6291301569112653,1.644,3.258,0.10596349024459872,1.2715618829351847,0.6671706233111084,0.25515741092005323,0.2623827824998349,0.007225371579781648,0.011300000000000001,0.0010595837039528155,-0.0010595837039528155,0,2,2,2026-05-01T01:01:08.994Z,Ball,Four-Seam Fastball
823555,d91614f1-516e-353d-86e8-c61cac28c162,2026-05-03,110,BAL,Baltimore Orioles,fielding,pitcher,694346,Trey Gibson,592450,Aaron Judge,694346,Trey Gibson,NYY,BAL,5,Bot,2,0,---,3,2,Ball,Strike,-0.42341951383508514,1.6651840001490494,1.778,3.523,0.00801733348238276,0.09620800178859312,0.2948959778701664,0.46942721112816244,0.4999999999999999,0.030572788871837453,0.011300000000000001,0.0010481170205115277,-0.0010481170205115277,0,2,2,2026-05-03T19:22:32.561Z,Ball,Cutter
824052,784d90fb-a048-3a00-b9f9-41df7cb6aaa1,2026-04-06,144,ATL,Atlanta Braves,fielding,pitcher,519242,Chris Sale,669326,Bryce Teodosio,519242,Chris Sale,LAA,ATL,4,Bot,1,7,1B2B3B,0,1,Ball,Strike,0.3675569631539762,1.7230695598449106,1.674,3.317,0.16990289317824403,2.0388347181389284,0.8479286005305647,0.16434209349055307,0.16962405290161298,0.005281959411059911,0.022600000000000002,0.0010419108234700392,-0.0010419108234700392,1,1,2,2026-04-07T02:37:02.791Z,Ball,Four-Seam Fastball
823401,1bbb879f-e72f-3824-b4a4-dd2aa62c39b2,2026-04-06,134,PIT,Pittsburgh Pirates,fielding,pitcher,670990,Yohan Ramírez,657757,Gavin Sheets,670990,Yohan Ramírez,SD,PIT,6,Top,0,0,---,1,1,Ball,Strike,0.4531675418975764,1.6970302485565647,1.691,3.351,0.126863581889898,1.522362982678776,0.7368804760795866,0.13288380451558957,0.13832797953668552,0.005444175021095954,0.011300000000000001,0.0010384556611051088,-0.0010384556611051088,0,2,2,2026-04-07T00:20:29.038Z,Ball,Sinker
823153,c4f9f793-9c38-3a68-a0bb-681b90336405,2026-04-13,136,SEA,Seattle Mariners,fielding,pitcher,669923,George Kirby,666211,Taylor Trammell,669923,George Kirby,HOU,SEA,2,Top,2,0,---,0,2,Ball,Strike,-0.6727660779798914,2.417147157901506,1.647,3.263,0.1564005886867753,1.8768070642413037,0.8179335575553246,0.8169798276596362,0.8232787362784384,0.006298908618802224,0.022600000000000002,0.001037387136043134,-0.001037387136043134,1,1,2,2026-04-13T20:31:44.443Z,Ball,Knuckle Curve
824528,1e993a68-06fa-3f01-a375-ea29448635e6,2026-04-26,116,DET,Detroit Tigers,batting,hitter,668670,Jake Rogers,668670,Jake Rogers,695076,Rhett Lowder,DET,CIN,2,Top,1,0,---,1,0,Strike,Ball,0.5256324804498388,1.408562812710147,1.607,3.184,0.07760385395651959,0.931246247478235,0.5601230993458671,0.6820621808485552,0.6927826029650883,0.010720422116533124,0.011300000000000001,0.0010341470848168124,-0.0010341470848168124,0,2,2,2026-04-26T18:02:54.548Z,Called Strike,Slider
825098,8d29cb9a-1b46-38c0-9bd3-8dc3388a199c,2026-04-18,141,TOR,Toronto Blue Jays,batting,hitter,676391,Ernie Clement,676391,Ernie Clement,668678,Zac Gallen,TOR,AZ,5,Top,2,0,---,0,0,Strike,Ball,-0.3397790526509832,3.4464197182687384,1.61,3.191,0.13458638493540542,1.615036619224865,0.76012813976776,0.44568249183437963,0.4506025349833613,0.004920043148981645,0.011300000000000001,0.0010293112257882173,-0.0010293112257882173,0,2,2,2026-04-19T01:17:13.573Z,Called Strike,Four-Seam Fastball
824448,a8cf8fe1-dc30-353a-a197-312e8cff7032,2026-04-21,114,CLE,Cleveland Guardians,batting,hitter,682177,Daniel Schneemann,682177,Daniel Schneemann,680802,Ryan Weiss,CLE,HOU,3,Bot,2,0,---,3,0,Strike,Ball,-0.3368034348502347,1.3753432464465503,1.614,3.197,0.11782342022011649,1.413881042641398,0.7078934021248918,0.7415019647955675,0.747599103971117,0.0060971391755494375,0.011300000000000001,0.001015320038219927,-0.001015320038219927,0,2,2,2026-04-21T23:00:15.307Z,Called Strike,Four-Seam Fastball
824363,91c6870e-e5d1-3717-b165-8adee892f5c1,2026-05-04,121,NYM,New York Mets,fielding,pitcher,623211,Huascar Brazobán,681198,TJ Rumfield,623211,Huascar Brazobán,COL,NYM,1,Bot,1,1,1B--,0,1,Ball,Strike,0.4910256764934396,1.7212894188208308,1.727,3.423,0.11512275215416401,1.3814730258499681,0.6988787030545146,0.45221837791345937,0.4585362331684542,0.006317855254994842,0.011300000000000001,0.0010127438312129591,-0.0010127438312129591,0,2,2,2026-05-04T21:51:10.704Z,Ball,Sinker
824116,2eb65997-4083-3618-845d-c68203dbdec3,2026-05-08,116,DET,Detroit Tigers,fielding,pitcher,676428,Brant Hurter,679845,Nick Loftin,676428,Brant Hurter,KC,DET,9,Bot,2,0,---,0,0,Ball,Strike,-0.7480613597228519,2.7506076476244607,1.606,3.182,0.08110530694381479,0.9732636833257775,0.5738764767888899,0.4617837622400712,0.47193560681088415,0.010151844570812918,0.011300000000000001,0.001010708982920992,-0.001010708982920992,0,2,2,2026-05-09T02:20:39.946Z,Ball,Sweeper
824126,6bcb0dd8-a6c6-354f-9ba3-c3f4045b0ba1,2026-04-12,145,CWS,Chicago White Sox,fielding,pitcher,663542,Bryan Hudson,664728,Kyle Isbel,663542,Bryan Hudson,KC,CWS,6,Bot,1,3,1B2B-,0,0,Ball,Strike,-0.799888571045807,1.5882797564691806,1.571,3.114,0.0292780956208597,0.3513371474503164,0.3701553381624266,0.352809845337218,0.3747654552118238,0.02195560987460582,0.011300000000000001,0.0010097415189324489,-0.0010097415189324489,0,2,2,2026-04-12T22:59:37.460Z,Ball,Four-Seam Fastball
823635,7ea859d3-7e4f-3614-946a-ce03e3871167,2026-04-26,121,NYM,New York Mets,batting,hitter,621438,Tyrone Taylor,621438,Tyrone Taylor,675848,Juan Mejia,NYM,COL,7,Bot,2,0,---,1,1,Strike,Ball,1.001919603285174,2.778012451818429,1.631,3.231,0.17275293661850732,2.073035239422088,0.8537157924203088,0.14825030928328234,0.15330101474755164,0.005050705464269306,0.022600000000000002,0.0010058439264092338,-0.0010058439264092338,1,1,2,2026-04-26T19:49:03.252Z,Called Strike,Sweeper
823883,a514f338-bc9c-3319-8d39-2d445e7f69ac,2026-04-17,146,MIA,Miami Marlins,fielding,pitcher,663969,Tyler Phillips,675659,Greg Jones,663969,Tyler Phillips,MIL,MIA,8,Top,1,1,1B--,0,1,Ball,Strike,-0.6558653554662781,2.3728282951806676,1.617,3.203,0.1733013112003886,2.0796157344046633,0.8548081366892571,0.254149000347216,0.25915872286625025,0.005009722519034254,0.022600000000000002,0.0010010154610030943,-0.0010010154610030943,1,1,2,2026-04-18T01:27:34.005Z,Ball,Splitter
823240,087b9531-05f9-3354-b39c-637383131b62,2026-04-03,121,NYM,New York Mets,batting,hitter,682626,Francisco Alvarez,682626,Francisco Alvarez,664141,JT Brubaker,NYM,SF,7,Top,0,0,---,0,0,Strike,Ball,1.0010354927520646,2.929592779117822,1.575,3.121,0.17186882608539789,2.0624259130247746,0.8519403421580906,0.8937564851983181,0.8968935370975075,0.003137051899189447,0.011300000000000001,0.0009995069347495684,-0.0009995069347495684,0,2,2,2026-04-04T03:56:23.825Z,Called Strike,Sinker
824291,6fd109ae-6436-3b46-becb-5f7966018558,2026-04-15,118,KC,Kansas City Royals,fielding,pitcher,607625,Seth Lugo,650402,Gleyber Torres,607625,Seth Lugo,DET,KC,3,Bot,2,3,1B2B-,0,0,Ball,Strike,0.7436923778711744,2.9403888789424317,1.579,3.13,0.08547428879549235,1.0256914655459082,0.5908761759366324,0.32939117385782624,0.33889250580473806,0.009501331946911828,0.011300000000000001,0.0009910114751797662,-0.0009910114751797662,0,2,2,2026-04-15T23:23:42.492Z,Ball,Cutter
823156,43a4dedc-ecf1-3259-b33b-977406daac3d,2026-04-10,117,HOU,Houston Astros,fielding,pitcher,837227,Tatsuya Imai,641487,J.P. Crawford,837227,Tatsuya Imai,SEA,HOU,1,Bot,0,0,---,2,0,Ball,Strike,0.43940287621468754,3.3053050497645815,1.625,3.219,0.03452828356875148,0.4143394028250178,0.3899440366971003,0.4278660664259194,0.4480625240392339,0.02019645761331451,0.011300000000000001,0.0009818558233949774,-0.0009818558233949774,0,2,2,2026-04-11T01:48:24.850Z,Ball,Four-Seam Fastball
822747,172b4455-97cf-38be-8b95-cc84a996e65b,2026-04-21,144,ATL,Atlanta Braves,batting,hitter,642201,Eli White,642201,Eli White,656492,Foster Griffin,ATL,WSH,5,Top,1,0,---,0,0,Strike,Ball,-0.19572226301252407,1.4041431736107661,1.673,3.316,0.14802349305590057,1.7762819166708068,0.7971176272493681,0.21523888367664018,0.22222099389546504,0.006982110218824861,0.022600000000000002,0.0009804215066589574,-0.0009804215066589574,1,1,2,2026-04-22T00:18:47.925Z,Called Strike,Sweeper
823233,2d7af97b-7135-3493-9471-5248eed1f1f5,2026-04-23,137,SF,San Francisco Giants,fielding,pitcher,657277,Logan Webb,808975,Hyeseong Kim,657277,Logan Webb,LAD,SF,2,Top,2,3,1B2B-,0,2,Ball,Strike,-0.5171892570730928,1.4573630006718383,1.577,3.124,0.0011963340051717175,0.01435600806206061,0.27272144078498356,0.40736735823997555,0.4410653596849089,0.033698001444933345,0.011300000000000001,0.0009719197865069931,-0.0009719197865069931,0,2,2,2026-04-23T20:11:26.462Z,Ball,Changeup
823470,f7d7e28c-0ec8-30ec-8d7c-ed290aeb0403,2026-05-06,143,PHI,Philadelphia Phillies,fielding,pitcher,554430,Zack Wheeler,701762,Nick Kurtz,554430,Zack Wheeler,ATH,PHI,3,Top,1,1,1B--,0,2,Ball,Strike,-0.8147825409505369,2.323108242469544,1.722,3.413,0.014384125716129792,0.1726095085935575,0.31651069232053325,0.5021808469476919,0.529649293502094,0.02746844655440206,0.011300000000000001,0.0009706278591253862,-0.0009706278591253862,0,2,2,2026-05-06T23:17:00.900Z,Ball,Four-Seam Fastball
823069,e6cd0e33-c822-3e48-a901-7dd1dd621fa5,2026-04-24,136,SEA,Seattle Mariners,batting,hitter,686527,Dominic Canzone,686527,Dominic Canzone,677865,Justin Bruihl,SEA,STL,6,Top,1,1,1B--,1,0,Strike,Ball,0.8547558273249309,2.565295812052613,1.619,3.209,0.02558916065826422,0.30706992789917065,0.3565032937776635,0.6607237497801332,0.6838289847224261,0.023105234942292996,0.011300000000000001,0.0009655795801218128,-0.0009655795801218128,0,2,2,2026-04-25T01:54:22.090Z,Called Strike,Sinker
822994,9c1bf0e4-60d0-30e8-b4a2-e2a8b8994e62,2026-04-20,113,CIN,Cincinnati Reds,batting,hitter,553993,Eugenio Suárez,553993,Eugenio Suárez,669947,Jesse Scholtens,CIN,TB,6,Top,1,0,---,0,0,Strike,Ball,0.133346537471153,1.3229752079031067,1.6,3.171,0.15619145876356,1.87429750516272,0.8174347351531591,0.7628745439307665,0.7665755492824098,0.003701005351643305,0.011300000000000001,0.0009623428366516678,-0.0009623428366516678,0,2,2,2026-04-21T00:06:17.747Z,Called Strike,Slider
824129,96d90bc6-a12c-3e35-b98e-5f60cac130ca,2026-04-11,145,CWS,Chicago White Sox,fielding,pitcher,656794,Sean Newcomb,695600,Carter Jensen,656794,Sean Newcomb,KC,CWS,6,Bot,1,0,---,1,1,Ball,Strike,0.704857599391103,3.012989043643573,1.61,3.191,0.12430906727556368,1.4917088073067641,0.7288795048388895,0.27438303658702107,0.28410946567824413,0.009726429091223066,0.022600000000000002,0.0009620716292201414,-0.0009620716292201414,1,1,2,2026-04-11T21:57:20.500Z,Ball,Four-Seam Fastball
823484,19aab320-259f-30fe-97e5-039b290e4e27,2026-03-30,120,WSH,Washington Nationals,batting,hitter,691781,Brady House,691781,Brady House,592836,Taijuan Walker,WSH,PHI,2,Top,1,0,---,0,0,Strike,Ball,-0.18995184504190593,1.3776439668151956,1.701,3.371,0.2025226998514711,2.430272398217653,0.9038160366372342,0.8341368081808256,0.8363924876300325,0.0022556794492069043,0.011300000000000001,0.0009518404737069899,-0.0009518404737069899,0,2,2,2026-03-30T23:08:32.699Z,Called Strike,Sinker
824688,4310b06b-bbc9-39bc-9249-1049f785bdd6,2026-04-22,112,CHC,Chicago Cubs,batting,hitter,694208,Moisés Ballesteros,694208,Moisés Ballesteros,660604,Alan Rangel,CHC,PHI,8,Bot,0,0,---,3,0,Strike,Ball,0.1620688717638692,3.61239217808043,1.534,3.04,0.4515588447470966,5.4187061369651595,0.9980244708629563,0.9894522705550385,0.9904492571911792,0.0009969866361406732,0.022600000000000002,0.0009503701014945469,-0.0009503701014945469,1,1,2,2026-04-23T01:57:43.864Z,Called Strike,Four-Seam Fastball
823721,03911b6f-8379-334f-8606-4fed36a29876,2026-04-18,113,CIN,Cincinnati Reds,batting,hitter,663993,Nathaniel Lowe,663993,Nathaniel Lowe,671737,Taj Bradley,CIN,MIN,2,Top,1,1,1B--,0,0,Strike,Ball,0.07269465981936218,3.5532007285070897,1.699,3.367,0.06536739517375656,0.7844087420850787,0.5114675693343317,0.2967186220738057,0.30935776703557705,0.01263914496177132,0.011300000000000001,0.00094409628553939,-0.00094409628553939,0,2,2,2026-04-18T18:34:46.428Z,Called Strike,Splitter
823396,d352aaee-22ff-3735-bebe-50bba29bd1b7,2026-04-16,134,PIT,Pittsburgh Pirates,fielding,pitcher,676755,Isaac Mattson,683083,Nasim Nuñez,676755,Isaac Mattson,WSH,PIT,8,Top,1,0,---,3,1,Ball,Strike,-0.7612363255577976,2.910293422601278,1.537,3.045,0.06793034110886909,0.815164093306429,0.5217077100450347,0.2512306220299751,0.26339144708886214,0.012160825058887048,0.011300000000000001,0.0009396933172391275,-0.0009396933172391275,0,2,2,2026-04-16T19:06:23.743Z,Ball,Four-Seam Fastball
824783,e09f0f57-7eab-33bc-8fd7-b748fc3651e7,2026-04-06,111,BOS,Boston Red Sox,fielding,pitcher,543056,Danny Coulombe,669003,Garrett Mitchell,543056,Danny Coulombe,MIL,BOS,4,Top,1,7,1B2B3B,0,0,Ball,Strike,-0.591717097323436,1.566388033575057,1.662,3.293,0.025221366908390497,0.30265640290068596,0.3551544353447803,0.501681072643505,0.5248334394797294,0.023152366836224347,0.011300000000000001,0.0009359108900104923,-0.0009359108900104923,0,2,2,2026-04-07T00:08:54.971Z,Ball,Cutter
824371,557fce3c-d910-324a-90e0-de545a7decf8,2026-04-19,119,LAD,Los Angeles Dodgers,batting,hitter,690976,Alex Freeland,690976,Alex Freeland,623474,Jimmy Herget,LAD,COL,8,Top,2,6,-2B3B,3,1,Strike,Ball,-0.8863659374699936,2.6860756327523543,1.607,3.185,0.057199270803326874,0.6863912496399225,0.47880978349312114,0.1450730486681589,0.159327330829345,0.0142542821611861,0.011300000000000001,0.0009356403089196431,-0.0009356403089196431,0,2,2,2026-04-19T21:45:51.790Z,Called Strike,Sweeper
824125,6c112443-ef5e-3b11-a120-9ab10a758a9b,2026-04-20,118,KC,Kansas City Royals,batting,hitter,686555,Isaac Collins,686555,Isaac Collins,664991,Grant Wolfram,KC,BAL,7,Bot,2,6,-2B3B,3,1,Strike,Ball,0.6242369039670455,3.2936193087688417,1.521,3.013,0.15978597543550865,1.9174317052261038,0.8258614255984444,0.7924677353449695,0.7959679487506989,0.003500213405729369,0.011300000000000001,0.0009229253424168646,-0.0009229253424168646,0,2,2,2026-04-21T01:48:56.283Z,Called Strike,Four-Seam Fastball
823640,5fce69f5-0e6e-36d8-ac63-97ac0a3136ed,2026-04-21,142,MIN,Minnesota Twins,fielding,pitcher,680573,Simeon Woods Richardson,669004,MJ Melendez,680573,Simeon Woods Richardson,NYM,MIN,4,Bot,0,0,---,0,0,Ball,Strike,0.6723334688778573,1.811354539868266,1.629,3.229,0.15683319778880944,1.8819983734657133,0.8189620643273487,0.13611648556123768,0.1397401756194143,0.003623690058176615,0.011300000000000001,0.0009219360174258519,-0.0009219360174258519,0,2,2,2026-04-22T00:04:56.768Z,Ball,Curveball
823796,dd88ab76-0143-3471-a887-756afefc1a3f,2026-04-29,109,AZ,Arizona Diamondbacks,fielding,pitcher,593958,Eduardo Rodriguez,596142,Gary Sánchez,593958,Eduardo Rodriguez,MIL,AZ,5,Bot,2,0,---,3,0,Ball,Strike,-0.3311584118646916,1.6133053522562677,1.671,3.311,0.063138685589601,0.7576642270752121,0.5025547201265579,0.7504902759732813,0.7634993898373927,0.01300911386411141,0.011300000000000001,0.0009166599145031375,-0.0009166599145031375,0,2,2,2026-04-30T01:15:57.729Z,Ball,Four-Seam Fastball
823156,85cb2a0a-8bf6-3981-9717-f6d461ce85f4,2026-04-10,136,SEA,Seattle Mariners,fielding,pitcher,676106,Emerson Hancock,665161,Jeremy Peña,676106,Emerson Hancock,HOU,SEA,1,Top,0,0,---,0,0,Ball,Strike,0.7330122314041023,2.32141839647836,1.614,3.197,0.0961544352625644,1.1538532231507728,0.631456653405913,0.4964220845889955,0.5044678333858177,0.008045748796822183,0.011300000000000001,0.0009160017928728018,-0.0009160017928728018,0,2,2,2026-04-11T01:40:28.420Z,Ball,Sinker
822913,0d773b6f-69ef-3c73-bf8b-2814be8208ee,2026-04-22,134,PIT,Pittsburgh Pirates,fielding,pitcher,677952,Braxton Ashcraft,677649,Ezequiel Duran,677952,Braxton Ashcraft,TEX,PIT,2,Bot,2,2,-2B-,2,1,Ball,Strike,-0.7285104375778353,3.113453092976066,1.578,3.126,0.10065622908883143,1.2078747490659771,0.6480547740909809,0.3600731425209819,0.3676184407053363,0.007545298184354399,0.011300000000000001,0.0009127854575389617,-0.0009127854575389617,0,2,2,2026-04-23T00:33:10.349Z,Ball,Curveball
822744,e470ae1c-7212-37dd-a82d-3409a4d1a13d,2026-05-01,158,MIL,Milwaukee Brewers,batting,hitter,661388,William Contreras,661388,William Contreras,663623,Jake Irvin,MIL,WSH,1,Top,1,0,---,3,0,Strike,Ball,0.9306468735390931,2.554797044424164,1.581,3.133,0.10148020687242643,1.2177624824691171,0.6510557957222456,0.5918998253922435,0.5993423395485232,0.007442514156279723,0.011300000000000001,0.0009024224678521467,-0.0009024224678521467,0,2,2,2026-05-01T22:50:24.720Z,Called Strike,Sinker
824702,6554be3e-4fa2-398a-a67c-9b7fa41e22bb,2026-03-30,108,LAA,Los Angeles Angels,fielding,pitcher,696270,Ryan Johnson,608324,Alex Bregman,696270,Ryan Johnson,CHC,LAA,4,Bot,0,1,1B--,1,0,Ball,Strike,0.3675931694042112,1.6332237178354942,1.578,3.126,0.17605705116882753,2.1126846140259303,0.8601952772593294,0.024550878477649182,0.027434771253059015,0.0028838927754098326,0.011300000000000001,0.0009009175785602605,-0.0009009175785602605,0,2,2,2026-03-31T00:44:07.776Z,Ball,Sweeper
823809,37d895d4-c56d-3b57-9c5a-cd52270415c3,2026-03-30,158,MIL,Milwaukee Brewers,batting,hitter,668930,Brice Turang,668930,Brice Turang,607259,Nick Martinez,MIL,TB,6,Bot,0,0,---,0,0,Strike,Ball,-0.3960704348517438,3.3876687157686556,1.62,3.21,0.05683538243532249,0.6820245892238699,0.47735702767836746,0.3853354594134724,0.3995842325998479,0.014248773186375463,0.011300000000000001,0.0008958864290769626,-0.0008958864290769626,0,2,2,2026-03-31T01:06:47.057Z,Called Strike,Slider
823151,30a94644-9a64-39bb-accc-09868960620a,2026-04-18,140,TEX,Texas Rangers,fielding,pitcher,615698,Cal Quantrill,660844,Leo Rivas,615698,Cal Quantrill,SEA,TEX,8,Bot,1,1,1B--,2,2,Ball,Strike,0.3974669083145475,1.7171903218417626,1.517,3.007,0.321023655175096,3.852283862101152,0.9842707423751622,0.004313735954726663,0.005395794925021828,0.0010820589702951649,0.011300000000000001,0.0008872983748254586,-0.0008872983748254586,0,2,2,2026-04-19T02:05:06.499Z,Ball,Sinker
824608,59852d85-5e2d-3920-9942-d2c044728361,2026-04-29,108,LAA,Los Angeles Angels,fielding,pitcher,579328,Yusei Kikuchi,678246,Miguel Vargas,579328,Yusei Kikuchi,CWS,LAA,1,Bot,0,1,1B--,1,2,Ball,Strike,0.8196377909781776,1.553333207707789,1.66,3.29,0.009528875688489147,0.11434650826186976,0.2999495754165555,0.42090606727413005,0.4502348241884794,0.02932875691434933,0.011300000000000001,0.0008865783861615236,-0.0008865783861615236,0,2,2,2026-04-29T17:21:35.823Z,Ball,Cutter
824289,7dbeb501-2bec-3d78-a9d6-c325368637c2,2026-04-16,118,KC,Kansas City Royals,batting,hitter,677951,Bobby Witt Jr.,677951,Bobby Witt Jr.,672456,Keider Montero,KC,DET,1,Top,1,0,---,1,1,Strike,Ball,0.09815564678299754,3.4400259383657983,1.634,3.238,0.08119260503246517,0.974311260389582,0.5742180106499334,0.47316852605227994,0.48308864049703526,0.009920114444755324,0.011300000000000001,0.0008849719022313175,-0.0008849719022313175,0,2,2,2026-04-16T18:17:50.905Z,Called Strike,Sinker
823073,7cbd7147-d1f2-3c87-9b8a-f046d2d44e3d,2026-04-13,138,STL,St. Louis Cardinals,batting,hitter,686780,Pedro Pagés,686780,Pedro Pagés,682120,Tim Herrin,STL,CLE,6,Bot,1,3,1B2B-,1,1,Strike,Ball,-0.8449679670583053,1.9719912165777382,1.602,3.174,0.01580130039163863,0.18961560469966354,0.32143625079380495,0.12261324414476533,0.1492099760228649,0.026596731878099564,0.011300000000000001,0.0008813834122343919,-0.0008813834122343919,0,2,2,2026-04-14T01:44:49.921Z,Called Strike,Four-Seam Fastball
823892,98cf0e29-468e-3529-9d95-27b84f29fa4f,2026-03-28,115,COL,Colorado Rockies,fielding,pitcher,688642,Zach Agnos,805300,Jakob Marsee,688642,Zach Agnos,MIA,COL,6,Bot,2,0,---,0,0,Ball,Strike,-0.7070828276275645,2.7332945690229127,1.621,3.212,0.12208383903910225,1.465006068469227,0.7217866687584797,0.48056003466215197,0.48613446656888143,0.00557443190672946,0.011300000000000001,0.0008797399931500583,-0.0008797399931500583,0,2,2,2026-03-28T21:57:28.029Z,Ball,Four-Seam Fastball
823399,b36e74e5-61df-351c-a04b-1c89f071136b,2026-04-15,120,WSH,Washington Nationals,fielding,pitcher,663623,Jake Irvin,693304,Nick Gonzales,663623,Jake Irvin,PIT,WSH,1,Bot,2,7,1B2B3B,0,0,Ball,Strike,0.6818035889665776,1.6284518666969936,1.54,3.051,0.14736307770008916,1.76835693240107,0.7954034116270227,0.3445326869755104,0.34853072136692814,0.003998034391417715,0.011300000000000001,0.0008681087461211738,-0.0008681087461211738,0,2,2,2026-04-15T22:58:18.270Z,Ball,Sinker
823466,08e4c799-641b-3702-b3b2-9c0973ef45d0,2026-05-08,143,PHI,Philadelphia Phillies,batting,hitter,702222,Justin Crawford,702222,Justin Crawford,801403,Chase Dollander,PHI,COL,5,Bot,1,2,-2B-,0,0,Strike,Ball,0.9257818502374635,3.0383124355086824,1.655,3.279,0.09661518357079679,1.1593822028495615,0.633170583944267,0.04215202658573285,0.050065686582847393,0.00791365999711454,0.011300000000000001,0.0008655243200796159,-0.0008655243200796159,0,2,2,2026-05-09T00:10:17.607Z,Called Strike,Four-Seam Fastball
825021,a2c37bc7-50d3-3c41-bb3f-b470a0a7f922,2026-04-15,140,TEX,Texas Rangers,batting,hitter,694497,Evan Carter,694497,Evan Carter,669372,J.T. Ginn,TEX,ATH,2,Top,0,0,---,1,1,Strike,Ball,0.41677328159507615,1.4862716914749583,1.673,3.316,0.0658949751917084,0.7907397023005007,0.5135765626586964,0.38780789845473246,0.4001863861002562,0.01237848764552374,0.011300000000000001,0.0008607162939444921,-0.0008607162939444921,0,2,2,2026-04-16T01:59:08.568Z,Called Strike,Slider
824774,0c68d006-e06c-323e-9697-c69c5db6fae4,2026-04-22,111,BOS,Boston Red Sox,fielding,pitcher,700842,Eduardo Rivera,592450,Aaron Judge,700842,Eduardo Rivera,NYY,BOS,8,Top,0,0,---,1,1,Ball,Strike,-0.3985839069453101,1.8912812203552167,1.778,3.523,0.23411455368855005,2.8093746442626006,0.9396775734728259,0.03375941248618629,0.03539117310268935,0.0016317606165030599,0.011300000000000001,0.0008516854368470501,-0.0008516854368470501,0,2,2,2026-04-23T00:43:06.338Z,Ball,Four-Seam Fastball
823874,162e9d6e-ed16-3992-a465-7ac1ce7c3a3f,2026-05-04,143,PHI,Philadelphia Phillies,batting,hitter,664761,Alec Bohm,664761,Alec Bohm,676534,Calvin Faucher,PHI,MIA,7,Top,0,0,---,0,0,Strike,Ball,0.9207350290127193,2.2378746076606078,1.719,3.407,0.09156836234605259,1.098820348152631,0.6142218686569579,0.6898440727663535,0.6983185750405102,0.008474502274156692,0.011300000000000001,0.0008459317385937871,-0.0008459317385937871,0,2,2,2026-05-05T00:34:21.680Z,Called Strike,Cutter
823064,3f3185f3-0d3f-342d-9267-2fdd7bc51a80,2026-05-04,138,STL,St. Louis Cardinals,fielding,pitcher,681517,Kyle Leahy,686217,Sal Frelick,681517,Kyle Leahy,MIL,STL,2,Top,2,0,---,0,0,Ball,Strike,-0.016852297225025847,1.575937235352675,1.546,3.063,0.15077056868600835,1.8092468242321003,0.8041330437954082,0.5382942445076003,0.5420730856853502,0.0037788411777498476,0.011300000000000001,0.0008253944531715221,-0.0008253944531715221,0,2,2,2026-05-05T00:04:32.931Z,Ball,Curveball
824608,7dc75c98-66a0-30f3-b8ef-3fc9e82708a7,2026-04-29,108,LAA,Los Angeles Angels,fielding,pitcher,666171,Ryan Zeferjahn,808959,Munetaka Murakami,666171,Ryan Zeferjahn,CWS,LAA,8,Bot,0,0,---,1,0,Ball,Strike,-0.8283993307595587,2.3311174963769745,1.664,3.296,0.0007673359071079799,0.00920803088529576,0.2713621363680017,0.6664564649385362,0.6997639072806556,0.033307442342119464,0.011300000000000001,0.0008047708518699945,-0.0008047708518699945,0,2,2,2026-04-29T19:27:27.965Z,Ball,Sinker
823802,f5caebaa-36ff-3c60-8d99-7eb7fe29af59,2026-04-14,158,MIL,Milwaukee Brewers,batting,hitter,668930,Brice Turang,668930,Brice Turang,592332,Kevin Gausman,MIL,TOR,1,Bot,1,1,1B--,0,1,Strike,Ball,-0.9820279297823157,2.2243032263483875,1.62,3.21,0.15286126311564896,1.8343351573877875,0.8093481544994705,0.5414637668315451,0.5477816220865399,0.006317855254994842,0.022600000000000002,0.0008046127827128898,-0.0008046127827128898,1,1,2,2026-04-14T23:52:34.681Z,Called Strike,Four-Seam Fastball
824683,1bad9236-5618-308a-98a6-3684f8012d83,2026-05-06,113,CIN,Cincinnati Reds,fielding,pitcher,656271,Brock Burke,683737,Michael Busch,656271,Brock Burke,CHC,CIN,10,Bot,2,7,1B2B3B,0,0,Ball,Strike,-0.7464767518458247,2.1025728923321796,1.598,3.166,0.08268991482084198,0.9922789778501038,0.5800646122790096,0.3494010120160698,0.3671483688668607,0.017747356850790874,0.022600000000000002,0.0008040739081368511,-0.0008040739081368511,0,1,1,2026-05-07T02:34:04.214Z,Ball,Four-Seam Fastball
823142,9868ff33-7004-3d2d-8660-c8c190790bcf,2026-05-05,136,SEA,Seattle Mariners,fielding,pitcher,662253,Andrés Muñoz,671739,Michael Harris II,662253,Andrés Muñoz,ATL,SEA,9,Top,0,0,---,1,1,Ball,Strike,-0.0829277424118863,1.5798283201668741,1.606,3.181,0.09466165350020739,1.1359398420024887,0.6258810298415151,0.15959386500826686,0.16762248009272046,0.0080286150844536,0.011300000000000001,0.0007974135144680613,-0.0007974135144680613,0,2,2,2026-05-06T03:46:26.271Z,Ball,Changeup
823081,e80a8072-2112-3b50-b063-e3838e9b0cf5,2026-03-26,138,STL,St. Louis Cardinals,batting,hitter,676475,Alec Burleson,676475,Alec Burleson,656876,Drew Rasmussen,STL,TB,3,Bot,1,0,---,3,0,Strike,Ball,-0.12535546147555499,3.4349719446771747,1.623,3.216,0.09813861134384139,1.1776633361260966,0.6388134255749821,0.6638469328391076,0.6714821283468572,0.007635195507749604,0.011300000000000001,0.0007960571062375363,-0.0007960571062375363,0,2,2,2026-03-26T21:06:02.488Z,Called Strike,Four-Seam Fastball
823962,7b261e4d-291f-3fa7-9941-d6b1689fd4f1,2026-04-24,119,LAD,Los Angeles Dodgers,fielding,pitcher,595014,Blake Treinen,664023,Ian Happ,595014,Blake Treinen,CHC,LAD,8,Top,0,0,---,0,0,Ball,Strike,0.7797191278789265,2.1733117340130685,1.583,3.137,0.04944753878774022,0.5933704654528826,0.44797908737366626,0.49289888464345155,0.5085993451418744,0.015700460498422886,0.011300000000000001,0.0007956416527522096,-0.0007956416527522096,0,2,2,2026-04-25T04:26:00.640Z,Ball,Cutter
823073,b007abcd-f5fb-31d5-adda-ddddfdeaea19,2026-04-13,138,STL,St. Louis Cardinals,batting,hitter,687363,Victor Scott II,687363,Victor Scott II,668909,Gavin Williams,STL,CLE,2,Bot,1,0,---,0,0,Strike,Ball,0.22874820730988515,3.3814687693607404,1.583,3.137,0.12363543602740723,1.4836252323288868,0.7267443530276809,0.5255719205222849,0.5309028614044639,0.005330940882179003,0.011300000000000001,0.0007864423716607881,-0.0007864423716607881,0,2,2,2026-04-14T00:17:44.112Z,Called Strike,Cutter
823880,c7832fbc-40ba-3741-91b9-468c64b815c7,2026-04-21,138,STL,St. Louis Cardinals,fielding,pitcher,669160,Dustin May,681393,Connor Norby,669160,Dustin May,MIA,STL,5,Bot,0,1,1B--,0,1,Ball,Strike,-0.7884546624502485,3.024114430520454,1.571,3.113,0.040712004216418185,0.4885440505970182,0.41372003447013045,0.8490716612548628,0.8669826756325573,0.01791101437769449,0.011300000000000001,0.0007851818752472395,-0.0007851818752472395,0,2,2,2026-04-22T00:17:16.647Z,Ball,Sweeper
823970,9eed04d3-74ec-3cff-8c22-c66131fa5687,2026-04-01,114,CLE,Cleveland Guardians,batting,hitter,666310,Bo Naylor,666310,Bo Naylor,595014,Blake Treinen,CLE,LAD,9,Top,1,0,---,2,0,Strike,Ball,0.15455988888347388,3.4954560832164923,1.559,3.089,0.28562274988315917,3.42747299859791,0.9726142301279749,0.9849899463541004,0.9861152327539779,0.001125286399877523,0.011300000000000001,0.0007850103659364738,-0.0007850103659364738,0,2,2,2026-04-02T02:34:31.010Z,Called Strike,Sinker
824611,d6419668-9eab-3ec5-beef-482b562347a5,2026-04-24,145,CWS,Chicago White Sox,batting,hitter,671976,Tristan Peters,671976,Tristan Peters,571945,Miles Mikolas,CWS,WSH,5,Bot,2,4,--3B,0,0,Strike,Ball,-0.6758623430447522,3.366193350400359,1.614,3.197,0.04836001706702575,0.580320204804309,0.44368008872592496,0.25963457554475117,0.27556609512754326,0.015931519582792097,0.011300000000000001,0.0007820830246349593,-0.0007820830246349593,0,2,2,2026-04-25T01:02:36.862Z,Called Strike,Curveball
823711,06b7e5da-17f4-3ea3-a268-27167cc453f1,2026-05-03,141,TOR,Toronto Blue Jays,batting,hitter,682818,Yohendrick Piñango,682818,Yohendrick Piñango,573124,Taylor Rogers,TOR,MIN,5,Top,2,0,---,2,0,Strike,Ball,-0.8941493475130968,2.091554521326888,1.583,3.138,0.06498268084643011,0.7797921701571613,0.5099294177775188,0.30634082775134447,0.3187327202108392,0.012391892459494736,0.011300000000000001,0.0007811929279177374,-0.0007811929279177374,0,2,2,2026-05-03T18:13:30.926Z,Called Strike,Sweeper
824611,dcb2d948-56f3-31f4-b6b9-97f60013de97,2026-04-24,145,CWS,Chicago White Sox,fielding,pitcher,663542,Bryan Hudson,682928,CJ Abrams,663542,Bryan Hudson,WSH,CWS,1,Top,2,1,1B--,0,0,Ball,Strike,-0.43803759662182296,1.6376359317099447,1.626,3.223,0.13246926504327816,1.589631180519338,0.7538974887542026,0.5244922579400548,0.5292092933216378,0.004717035381582968,0.011300000000000001,0.0007752027514626105,-0.0007752027514626105,0,2,2,2026-04-24T23:45:32.678Z,Ball,Sweeper
824864,1bac3fb2-e1c2-364f-961b-11e99137f12b,2026-03-29,142,MIN,Minnesota Twins,batting,hitter,621439,Byron Buxton,621439,Byron Buxton,669358,Shane Baz,MIN,BAL,3,Top,0,0,---,0,0,Strike,Ball,1.028922058393631,2.4585152405587936,1.644,3.258,0.19975539172696422,2.3970647007235706,0.8998975054694285,0.8594197316829746,0.8627843578589661,0.0033646261759915363,0.022600000000000002,0.0007655023262210093,-0.0007655023262210093,1,1,2,2026-03-29T18:13:14.178Z,Called Strike,Four-Seam Fastball
823159,af2da083-0a57-3df6-a532-a121e11abf00,2026-03-30,136,SEA,Seattle Mariners,batting,hitter,677594,Julio Rodríguez,677594,Julio Rodríguez,666808,Camilo Doval,SEA,NYY,7,Bot,2,5,1B-3B,0,0,Strike,Ball,0.8440939645983583,3.0060451536009953,1.705,3.378,0.014927297931691563,0.17912757518029876,0.318393769010985,0.5697008598615908,0.596294027252997,0.02659316739140616,0.011300000000000001,0.0007649483855139616,-0.0007649483855139616,0,2,2,2026-03-31T03:55:08.315Z,Called Strike,Sinker
824205,ecf7be13-256f-3855-856a-23283c0f786d,2026-04-19,117,HOU,Houston Astros,fielding,pitcher,678906,Kai-Wei Teng,686780,Pedro Pagés,678906,Kai-Wei Teng,STL,HOU,7,Top,0,0,---,2,1,Ball,Strike,0.5211930060461611,1.58963069125524,1.602,3.174,0.1084640245885733,1.3015682950628795,0.6759944878350527,0.09937364918173361,0.10591938194342052,0.0065457327616869065,0.011300000000000001,0.00076361697827776,-0.00076361697827776,0,2,2,2026-04-19T19:52:11.063Z,Ball,Four-Seam Fastball
824524,b313da69-7e08-3187-b94d-9fba80c998e7,2026-04-30,115,COL,Colorado Rockies,batting,hitter,671289,Tyler Freeman,671289,Tyler Freeman,671096,Andrew Abbott,COL,CIN,1,Top,2,2,-2B-,1,0,Strike,Ball,0.2052899353672273,1.380247375323751,1.59,3.151,0.08891929134291576,1.0670314961149892,0.6041312267434982,0.476404898436664,0.485067430976815,0.00866253254015098,0.011300000000000001,0.0007599892723884122,-0.0007599892723884122,0,2,2,2026-04-30T16:45:53.086Z,Called Strike,Curveball
823388,cc4b64bc-a83e-35c2-ac3e-bf324a787af0,2026-05-02,113,CIN,Cincinnati Reds,fielding,pitcher,594580,Sam Moll,693304,Nick Gonzales,594580,Sam Moll,PIT,CIN,3,Bot,1,3,1B2B-,0,0,Ball,Strike,-0.5721231373193317,1.6823605715813283,1.54,3.051,0.257043529347335,3.08452235216802,0.9574134345045019,0.020087461711054154,0.021369465519854514,0.0012820038088003603,0.011300000000000001,0.000746179479532277,-0.000746179479532277,0,2,2,2026-05-02T21:24:23.876Z,Ball,Sweeper
823808,5d6c4e79-8a18-3e6d-8427-3dd6c0cad337,2026-04-10,158,MIL,Milwaukee Brewers,fielding,pitcher,676879,Aaron Ashby,695578,James Wood,676879,Aaron Ashby,WSH,MIL,1,Top,0,0,---,2,1,Ball,Strike,-0.7775549606854776,2.6311253921565614,1.761,3.489,0.05161170598118914,0.6193404717742697,0.45655664411372593,0.4878322034205372,0.502912061664889,0.015079858244351818,0.011300000000000001,0.0007438995522370704,-0.0007438995522370704,0,2,2,2026-04-10T23:41:21.253Z,Ball,Sinker
824612,de9f924d-9dae-3696-9dc5-c2a705ab6b97,2026-04-26,120,WSH,Washington Nationals,fielding,pitcher,656492,Foster Griffin,805367,Chase Meidroth,656492,Foster Griffin,CWS,WSH,5,Bot,2,0,---,0,1,Ball,Strike,-0.3387834140362634,1.5554738735773295,1.548,3.068,0.12830720691066277,1.5396864829279533,0.7413343257544043,0.4854386895596244,0.4903820862078665,0.0049433966482421154,0.011300000000000001,0.0007417875021859185,-0.0007417875021859185,0,2,2,2026-04-26T19:17:02.301Z,Ball,Changeup
824455,05aadb10-71f5-3627-81a7-a0dc578263dd,2026-04-08,118,KC,Kansas City Royals,fielding,pitcher,679883,Luinder Avila,677587,Brayan Rocchio,679883,Luinder Avila,CLE,KC,2,Bot,1,0,---,0,0,Ball,Strike,0.650325856857303,1.7851103613917025,1.548,3.068,0.17884080980936368,2.146089717712364,0.8654662121386636,0.18685426531469057,0.18946724092537323,0.0026129756106826607,0.011300000000000001,0.0007412103013551322,-0.0007412103013551322,0,2,2,2026-04-08T17:42:41.525Z,Ball,Curveball
823406,da7c00dc-6020-3e65-b0f0-3b0a474836c3,2026-04-03,134,PIT,Pittsburgh Pirates,batting,hitter,665833,Oneil Cruz,665833,Oneil Cruz,680694,Kyle Bradish,PIT,BAL,4,Bot,2,2,-2B-,1,0,Strike,Ball,-0.0717835843383604,1.4323006525802513,1.774,3.516,0.22086601408641537,2.6503921690369845,0.9264814470556368,0.9075107922695623,0.9101029417434713,0.0025921494739089557,0.022600000000000002,0.0007400590990290696,-0.0007400590990290696,1,1,2,2026-04-03T21:30:03.914Z,Called Strike,Slider
825098,3516db64-6581-34db-bc5d-1d805ba2880e,2026-04-18,141,TOR,Toronto Blue Jays,batting,hitter,660821,Jesús Sánchez,660821,Jesús Sánchez,668678,Zac Gallen,TOR,AZ,3,Top,1,1,1B--,1,0,Strike,Ball,-0.8516617267557359,2.1518977221407556,1.683,3.335,0.022495060089069208,0.2699407210688305,0.34522867283436953,0.5000421793527168,0.523612507400138,0.023570328047421207,0.011300000000000001,0.0007382370731103148,-0.0007382370731103148,0,2,2,2026-04-19T00:51:11.612Z,Called Strike,Changeup
825017,e327fce2-ee0c-3500-9dd1-b7fca38a8b31,2026-04-28,118,KC,Kansas City Royals,fielding,pitcher,663738,Daniel Lynch IV,669127,Shea Langeliers,663738,Daniel Lynch IV,ATH,KC,7,Bot,2,0,---,0,0,Ball,Strike,0.13234443529653306,1.6350303435748723,1.606,3.182,0.14986367690820557,1.7983641228984668,0.801837541760213,0.4768801769784437,0.4833837703149809,0.006503593336537217,0.022600000000000002,0.0007363537373579181,-0.0007363537373579181,1,1,2,2026-04-29T03:52:42.898Z,Ball,Knuckle Curve
822987,99cb568a-bf6d-3707-be7a-22b2922d6890,2026-05-03,137,SF,San Francisco Giants,batting,hitter,642715,Willy Adames,642715,Willy Adames,641329,Bryan Baker,SF,TB,9,Top,2,0,---,1,0,Strike,Ball,-0.9107842853171417,2.4633753552092155,1.627,3.224,0.08161761865047501,0.9794114238057001,0.5758797623051687,0.3958149918641928,0.4054138297574514,0.009598837893258605,0.011300000000000001,0.0007352177984240168,-0.0007352177984240168,0,2,2,2026-05-03T19:55:30.872Z,Called Strike,Changeup
824205,17b59b68-3581-31fc-b576-4c9e9193a7e9,2026-04-19,117,HOU,Houston Astros,fielding,pitcher,681347,Mike Burrows,802139,JJ Wetherholt,681347,Mike Burrows,STL,HOU,4,Top,0,0,---,0,0,Ball,Strike,0.7541587083915037,1.8521152936969125,1.563,3.096,0.07500795827516304,0.9000954993019565,0.5498655139923356,0.6197957613535343,0.630364330967501,0.010568569613966683,0.011300000000000001,0.0007247722710609621,-0.0007247722710609621,0,2,2,2026-04-19T18:52:13.789Z,Ball,Curveball
824047,c9efc5a4-8265-3fb8-b1c2-e03a7412f20a,2026-04-19,135,SD,San Diego Padres,batting,hitter,701538,Jackson Merrill,701538,Jackson Merrill,696147,Sam Bachman,SD,LAA,8,Top,1,0,---,3,0,Strike,Ball,-0.09610059692866467,3.5313886588930727,1.676,3.32,0.09055532555973977,1.0866639067168773,0.6103741497221067,0.7403773022676168,0.7487693779700247,0.008392075702407964,0.011300000000000001,0.0007195339631206176,-0.0007195339631206176,0,2,2,2026-04-19T22:39:33.138Z,Called Strike,Slider
822829,705adb66-53e7-33d0-874a-2a8dc09d9aa5,2026-04-10,142,MIN,Minnesota Twins,batting,hitter,686797,Brooks Lee,686797,Brooks Lee,571578,Patrick Corbin,MIN,TOR,2,Top,0,0,---,0,0,Strike,Ball,-0.17660059284882174,3.459712369248913,1.619,3.209,0.1298790359155797,1.5585484309869564,0.746127547356695,0.7779585648522891,0.782761976389756,0.004803411537466884,0.011300000000000001,0.0007151989545256701,-0.0007151989545256701,0,2,2,2026-04-10T23:33:38.417Z,Called Strike,Sinker
822828,c9471341-dd88-3875-82e9-3f6e2b055fc2,2026-04-12,142,MIN,Minnesota Twins,fielding,pitcher,671737,Taj Bradley,660821,Jesús Sánchez,671737,Taj Bradley,TOR,MIN,1,Bot,0,3,1B2B-,1,0,Ball,Strike,-0.7756742441488061,3.1314583402133818,1.683,3.335,0.05349242251786057,0.6419090702143269,0.4640319260636818,0.26371950461020244,0.27830393897131683,0.014584434361114396,0.011300000000000001,0.0007112039316568598,-0.0007112039316568598,0,2,2,2026-04-12T17:51:41.820Z,Ball,Splitter
823076,456e7b8b-caf4-36b7-b83b-cba0aea21e0f,2026-04-10,138,STL,St. Louis Cardinals,batting,hitter,665877,José Fermín,665877,José Fermín,813349,Connelly Early,STL,BOS,2,Bot,0,3,1B2B-,0,0,Strike,Ball,-0.008497799068068001,3.27722673181146,1.583,3.138,0.018393398478127043,0.22072078173752452,0.33054843364918046,0.6315354996754959,0.6565518319761444,0.02501633230064848,0.011300000000000001,0.0007043067578624924,-0.0007043067578624924,0,2,2,2026-04-11T00:44:48.243Z,Called Strike,Slider
823146,63054ee0-11b9-3339-85c2-dd7177357a58,2026-05-01,118,KC,Kansas City Royals,fielding,pitcher,666142,Cole Ragans,677594,Julio Rodríguez,666142,Cole Ragans,SEA,KC,1,Bot,1,1,1B--,0,1,Ball,Strike,-0.5927131576217148,3.394922140545983,1.705,3.378,0.10391119278735017,1.246934313448202,0.6598395058397363,0.8064025869917091,0.813287879446669,0.006885292454959946,0.011300000000000001,0.0006993743870318549,-0.0006993743870318549,0,2,2,2026-05-02T02:03:57.405Z,Ball,Knuckle Curve
825090,262bb901-d9e5-388b-8574-c73a63cf40ec,2026-05-07,134,PIT,Pittsburgh Pirates,batting,hitter,664040,Brandon Lowe,664040,Brandon Lowe,623149,Paul Sewald,PIT,AZ,9,Top,2,2,-2B-,1,0,Strike,Ball,-0.9975612108374325,2.0257293288929517,1.559,3.088,0.16839454417076583,2.02073453004919,0.8447904811613538,0.9174280527899102,0.9203296892781937,0.0029016364882834544,0.011300000000000001,0.0006974073222156183,-0.0006974073222156183,0,2,2,2026-05-07T22:06:11.107Z,Called Strike,Sweeper
824216,016613b2-1386-3ef3-861d-52803926bb86,2026-03-27,108,LAA,Los Angeles Angels,fielding,pitcher,579328,Yusei Kikuchi,694728,Brice Matthews,579328,Yusei Kikuchi,HOU,LAA,4,Bot,1,2,-2B-,1,2,Ball,Strike,-0.5485358586654442,1.4795425159958384,1.58,3.13,0.02037584932917169,0.2445101919500603,0.3376047922411272,0.7884327267022976,0.8126690606754058,0.024236333973108204,0.011300000000000001,0.0006972366480025045,-0.0006972366480025045,0,2,2,2026-03-28T01:28:33.138Z,Ball,Slider
822911,666b2676-8eb8-3b6b-851a-0c5b0a603b80,2026-04-26,133,ATH,Athletics,batting,hitter,805779,Jacob Wilson,805779,Jacob Wilson,677958,Kumar Rocker,ATH,TEX,4,Top,0,1,1B--,2,0,Strike,Ball,-0.831739003917232,3.0653260133497433,1.661,3.291,0.002572337250565271,0.03086804700678325,0.277109984670517,0.7644585141832018,0.7964368434275256,0.031978329244323866,0.011300000000000001,0.0006928571534601732,-0.0006928571534601732,0,2,2,2026-04-26T19:31:49.764Z,Called Strike,Sinker
823553,73f792dd-e434-3340-81cf-b844ba0d9190,2026-05-05,140,TEX,Texas Rangers,fielding,pitcher,594798,Jacob deGrom,641355,Cody Bellinger,594798,Jacob deGrom,NYY,TEX,3,Bot,1,0,---,2,0,Ball,Strike,0.27260191633704806,1.5917349038161315,1.688,3.345,0.024568237149464878,0.29481884579357853,0.3527648002004466,0.44165299383738144,0.46432705073670333,0.022674056899321893,0.011300000000000001,0.000684851394087891,-0.000684851394087891,0,2,2,2026-05-06T00:05:08.511Z,Ball,Slider
824942,c50e91f3-5c0a-3cff-99df-2d6b283506df,2026-03-31,133,ATH,Athletics,fielding,pitcher,650644,Aaron Civale,621566,Matt Olson,650644,Aaron Civale,ATL,ATH,1,Bot,1,0,---,0,1,Ball,Strike,-0.7150611522198302,1.7127581644128838,1.702,3.372,0.11410551444683648,1.3692661733620377,0.6954424578547408,0.3732212545910599,0.379151633348563,0.005930378757503074,0.011300000000000001,0.0006827369528860528,-0.0006827369528860528,0,2,2,2026-03-31T23:25:28.374Z,Ball,Sinker
824621,420c41c4-939b-3934-b91e-3f6de0d052d8,2026-04-03,145,CWS,Chicago White Sox,fielding,pitcher,622554,Seranthony Domínguez,543807,George Springer,622554,Seranthony Domínguez,TOR,CWS,10,Top,2,4,--3B,0,0,Ball,Strike,0.7705905663179107,1.7635292606189283,1.649,3.267,0.058576100348756044,0.7029132041850725,0.48430955488267047,0.3635139968749411,0.38898641820953295,0.02547242133459182,0.022600000000000002,0.0006819329786883557,-0.0006819329786883557,0,1,1,2026-04-03T20:51:04.383Z,Ball,Sinker
824931,95d79ad5-dbda-3480-a335-bc788eeb15a8,2026-04-28,144,ATL,Atlanta Braves,fielding,pitcher,527048,Martín Pérez,650402,Gleyber Torres,527048,Martín Pérez,DET,ATL,3,Top,2,0,---,0,0,Ball,Strike,0.4225195941613238,1.6410553023220142,1.579,3.13,0.18288863565534763,2.1946636278641716,0.8728302373635266,0.5411497046225792,0.5452207641534084,0.004071059530829202,0.022600000000000002,0.0006793072210304002,-0.0006793072210304002,1,1,2,2026-04-28T23:51:00.832Z,Ball,Curveball
824371,57636333-767a-3134-9873-b096f0c437a1,2026-04-19,119,LAD,Los Angeles Dodgers,fielding,pitcher,808963,Roki Sasaki,671289,Tyler Freeman,808963,Roki Sasaki,COL,LAD,2,Bot,0,0,---,0,0,Ball,Strike,-0.6125156982895531,1.5590411496369567,1.59,3.151,0.08987448297028999,1.07849379564348,0.6077803957157959,0.4453303577826813,0.45373887472819385,0.008408516945512534,0.011300000000000001,0.0006784502281150769,-0.0006784502281150769,0,2,2,2026-04-19T19:33:53.172Z,Ball,Four-Seam Fastball
823406,79f77da7-1cde-3ca0-8a14-c41d8e5a763e,2026-04-03,134,PIT,Pittsburgh Pirates,batting,hitter,542303,Marcell Ozuna,542303,Marcell Ozuna,680694,Kyle Bradish,PIT,BAL,3,Bot,0,0,---,1,0,Strike,Ball,0.18349162704156374,3.558927087628439,1.643,3.256,0.182093754295106,2.185125051541272,0.8714118519824864,0.8958572171298474,0.8999592298958122,0.00410201276596478,0.022600000000000002,0.0006684503960493623,-0.0006684503960493623,1,1,2,2026-04-03T21:06:35.946Z,Called Strike,Sinker
824769,ad796645-5f49-368e-bea4-81a450810e37,2026-05-03,117,HOU,Houston Astros,fielding,pitcher,805123,AJ Blubaugh,702332,Caleb Durbin,805123,AJ Blubaugh,BOS,HOU,6,Bot,2,3,1B2B-,0,0,Ball,Strike,-0.661224957911184,3.0166817321650363,1.487,2.947,0.05115160116829687,0.6138192140195624,0.4547307109492812,0.42500842636508074,0.4400134564562048,0.015005030091124083,0.011300000000000001,0.0006617050348790886,-0.0006617050348790886,0,2,2,2026-05-03T19:40:18.915Z,Ball,Sweeper
823882,c472f5f3-f97c-3da6-b123-b0c5608956d2,2026-04-18,158,MIL,Milwaukee Brewers,fielding,pitcher,605540,Brandon Woodruff,691594,Javier Sanoja,605540,Brandon Woodruff,MIA,MIL,3,Bot,0,0,---,2,0,Ball,Strike,-0.7900308553758325,1.8128364322223818,1.512,2.995,0.03913581129083421,0.4696297354900105,0.4076166034592119,0.30836960964960763,0.32640241093539024,0.018032801285782607,0.011300000000000001,0.00065653683005471,-0.00065653683005471,0,2,2,2026-04-18T20:52:51.641Z,Ball,Sinker
824691,460455e1-b872-348f-b35b-86ef0909bfbc,2026-04-19,112,CHC,Chicago Cubs,fielding,pitcher,665871,Javier Assad,666182,Bo Bichette,665871,Javier Assad,NYM,CHC,1,Top,1,0,---,2,2,Ball,Strike,-0.26987508546811595,1.486386947591023,1.596,3.162,0.01122028092435623,0.13464337109227476,0.30566273265743965,0.5102640647087807,0.5380754570678175,0.027811392359036735,0.011300000000000001,0.0006548950665004726,-0.0006548950665004726,0,2,2,2026-04-19T18:22:49.193Z,Ball,Sinker
824296,928a75c1-5d60-3b06-bc75-346217a7cc5b,2026-04-05,138,STL,St. Louis Cardinals,batting,hitter,691023,Jordan Walker,691023,Jordan Walker,657756,Connor Seabold,STL,DET,8,Top,1,5,1B-3B,3,0,Strike,Ball,0.35946153079211035,3.6225342350477434,1.747,3.461,0.04070090171441043,0.4884108205729252,0.41367694751628864,0.7939775482972269,0.8275849653865068,0.033607417089279945,0.022600000000000002,0.0006517127292682053,-0.0006517127292682053,1,1,2,2026-04-06T01:42:52.226Z,Called Strike,Four-Seam Fastball
823067,70a8a35a-305a-37a7-bae4-978d406724ad,2026-05-02,138,STL,St. Louis Cardinals,fielding,pitcher,700241,Michael McGreevy,518692,Freddie Freeman,700241,Michael McGreevy,LAD,STL,6,Top,2,0,---,0,2,Ball,Strike,0.722069801855328,3.3854551887698645,1.707,3.382,0.10709686481133873,1.2851623777360648,0.6711850690095359,0.906406992245188,0.912906526223601,0.0064995339784130746,0.011300000000000001,0.0006467814416387576,-0.0006467814416387576,0,2,2,2026-05-03T00:52:07.044Z,Ball,Four-Seam Fastball
823643,090ae40a-585c-3853-9803-b3206e234f5a,2026-04-10,121,NYM,New York Mets,fielding,pitcher,605280,Clay Holmes,805779,Jacob Wilson,605280,Clay Holmes,ATH,NYM,2,Top,0,0,---,0,0,Ball,Strike,0.3873528114558778,1.6286292694658413,1.661,3.291,0.08846260279917462,1.0615512335900954,0.6023823819383594,0.4962011415556077,0.5047281694987413,0.008527027943133647,0.011300000000000001,0.0006434523191432562,-0.0006434523191432562,0,2,2,2026-04-10T23:23:29.196Z,Ball,Sinker
823879,67053030-9125-3d3b-a816-8f7a57e1a144,2026-04-20,138,STL,St. Louis Cardinals,batting,hitter,691023,Jordan Walker,691023,Jordan Walker,669622,Anthony Bender,STL,MIA,8,Top,1,0,---,0,0,Strike,Ball,0.9049187534210521,2.258411583965568,1.747,3.461,0.07575208675438538,0.9090250410526246,0.5528106393586747,0.09505074960942382,0.10534135729055469,0.010290607681130867,0.011300000000000001,0.000635517636348267,-0.000635517636348267,0,2,2,2026-04-21T00:47:59.338Z,Called Strike,Sweeper
823398,1cf423c3-0b26-3838-856e-a88d10a8277d,2026-04-14,134,PIT,Pittsburgh Pirates,fielding,pitcher,656605,Mitch Keller,671277,Luis García Jr.,656605,Mitch Keller,WSH,PIT,1,Top,0,1,1B--,0,0,Ball,Strike,-0.7349066700377486,2.7018101840674142,1.639,3.248,0.09425999662891815,1.1311199595470178,0.6243750239102671,0.46182179162525083,0.46963368945530254,0.007811897830051706,0.011300000000000001,0.0006329916646091154,-0.0006329916646091154,0,2,2,2026-04-14T22:59:14.041Z,Ball,Sinker
825022,06a4b0fc-948c-3eb9-8bf6-96e9f42ceb9d,2026-04-14,133,ATH,Athletics,fielding,pitcher,605488,Jeffrey Springs,669394,Jake Burger,605488,Jeffrey Springs,TEX,ATH,6,Top,2,0,---,0,0,Ball,Strike,0.6343698710733717,1.6221165025071762,1.63,3.23,0.11294983584050966,1.355398030086116,0.6915119602388254,0.7217206644402452,0.7276738666039254,0.005953202163680227,0.011300000000000001,0.0006307956486032583,-0.0006307956486032583,0,2,2,2026-04-15T03:17:01.788Z,Ball,Slider
824363,7bd52ce3-7d0c-3a9b-aef7-29e744f18c30,2026-05-04,115,COL,Colorado Rockies,batting,hitter,678662,Ezequiel Tovar,678662,Ezequiel Tovar,681810,Austin Warren,COL,NYM,3,Bot,0,0,---,0,0,Strike,Ball,-0.914059152606183,2.297278981708058,1.625,3.219,0.08489248593951626,1.0187098312741951,0.5886239524128082,0.5498518778299064,0.5588087370851607,0.008956859255254246,0.011300000000000001,0.000623672558297728,-0.000623672558297728,0,2,2,2026-05-04T22:15:01.487Z,Called Strike,Sinker
824203,6eb1dd90-e155-36bd-9b86-f4a47899fd4d,2026-04-25,147,NYY,New York Yankees,fielding,pitcher,677960,Ryan Weathers,543877,Christian Vázquez,677960,Ryan Weathers,HOU,NYY,5,Bot,2,0,---,0,0,Ball,Strike,0.711454345091344,1.5457590838409965,1.532,3.037,0.11771232157532274,1.412547858903873,0.707525698100979,0.6429377476282875,0.6484883362060001,0.005550588577712623,0.011300000000000001,0.0006222244468585061,-0.0006222244468585061,0,2,2,2026-04-26T00:36:33.371Z,Ball,Four-Seam Fastball
823064,16e769e3-037c-3641-823b-f7f0b6e626a7,2026-05-04,158,MIL,Milwaukee Brewers,batting,hitter,668930,Brice Turang,668930,Brice Turang,681517,Kyle Leahy,MIL,STL,3,Top,2,1,1B--,0,0,Strike,Ball,-0.9464044014977573,1.9458896820179012,1.62,3.21,0.11723773483109057,1.4068528179730868,0.7059519024569091,0.35217159859159547,0.35775827294816726,0.005586674356571786,0.011300000000000001,0.000621179888192153,-0.000621179888192153,0,2,2,2026-05-05T00:22:38.869Z,Called Strike,Four-Seam Fastball
823227,b03e3579-7779-3410-a3fe-da844cc6e9af,2026-05-05,135,SD,San Diego Padres,batting,hitter,609280,Miguel Andujar,609280,Miguel Andujar,664141,JT Brubaker,SD,SF,5,Top,0,0,---,0,0,Strike,Ball,0.21030917991353998,3.4223455879366855,1.61,3.191,0.11051225460335257,1.3261470552402308,0.6831305391177073,0.750017713189523,0.7561521601374016,0.006134446947878569,0.011300000000000001,0.0006100031427233523,-0.0006100031427233523,0,2,2,2026-05-06T02:49:27.097Z,Called Strike,Sinker
824860,9e827ca3-772d-39e7-ac21-bc808f2dc8fc,2026-04-01,140,TEX,Texas Rangers,batting,hitter,643376,Danny Jansen,643376,Danny Jansen,669432,Trevor Rogers,TEX,BAL,4,Top,2,1,1B--,0,0,Strike,Ball,-0.6615496595549082,3.5565721960361363,1.656,3.281,0.15473886270280302,1.8568663524336362,0.8139406591297857,0.09847544398673164,0.10180784773008171,0.0033324037433500736,0.011300000000000001,0.0006099083475155031,-0.0006099083475155031,0,2,2,2026-04-01T17:31:39.154Z,Called Strike,Four-Seam Fastball
823646,05bc29d6-ac67-3a30-8572-f069bd18814c,2026-04-08,109,AZ,Arizona Diamondbacks,batting,hitter,606466,Ketel Marte,606466,Ketel Marte,656849,David Peterson,AZ,NYM,4,Top,2,0,---,0,0,Strike,Ball,0.052783225160727004,3.617308305646773,1.624,3.218,0.2784749723134401,3.341699667761281,0.9693976933471647,0.9122595714619642,0.9132419709088376,0.0009823994468733943,0.011300000000000001,0.0006065296925675606,-0.0006065296925675606,0,2,2,2026-04-08T21:04:40.791Z,Called Strike,Four-Seam Fastball
823071,fedb2c7a-0c09-3a05-9ef7-09cffe1cf522,2026-04-15,114,CLE,Cleveland Guardians,fielding,pitcher,677944,Slade Cecconi,802139,JJ Wetherholt,677944,Slade Cecconi,STL,CLE,2,Bot,2,5,1B-3B,1,1,Ball,Strike,0.8190974771147718,2.5039654874839403,1.563,3.096,0.010069189551894953,0.12083027462273943,0.3017679891197531,0.4431525871943818,0.47127298475216595,0.02812039755778417,0.011300000000000001,0.0005958141013137561,-0.0005958141013137561,0,2,2,2026-04-15T17:58:40.426Z,Ball,Four-Seam Fastball
824526,f21c213b-8c9a-3bd3-a6aa-ec1056686995,2026-04-28,115,COL,Colorado Rockies,fielding,pitcher,685299,Tanner Gordon,663886,Tyler Stephenson,685299,Tanner Gordon,CIN,COL,7,Bot,0,1,1B--,0,0,Ball,Strike,0.6288305345741362,1.7308800634159762,1.695,3.36,0.1567133967493095,1.880560760991714,0.8186776971840931,0.09611679342053644,0.09934193317283602,0.0032251397522995717,0.011300000000000001,0.0005914079636897417,-0.0005914079636897417,0,2,2,2026-04-29T00:31:28.958Z,Ball,Slider
824044,966a5466-5012-36d0-95ec-9d81cdcc991a,2026-04-22,108,LAA,Los Angeles Angels,fielding,pitcher,666171,Ryan Zeferjahn,662139,Daulton Varsho,666171,Ryan Zeferjahn,TOR,LAA,7,Top,0,0,---,0,1,Ball,Strike,-0.2235251597883619,1.517601898582741,1.532,3.037,0.1064352319160744,1.2772227829928928,0.6688445371218639,0.8981361824842755,0.9046108273854435,0.006474644901168003,0.011300000000000001,0.0005884741414272105,-0.0005884741414272105,0,2,2,2026-04-22T20:53:14.371Z,Ball,Sweeper
823550,f820c62d-f7e9-34de-bb87-4b591741ed0a,2026-05-06,140,TEX,Texas Rangers,fielding,pitcher,543135,Nathan Eovaldi,691176,Jasson Domínguez,543135,Nathan Eovaldi,NYY,TEX,1,Bot,2,1,1B--,0,2,Ball,Strike,-0.7755502964474715,3.0681525818294557,1.556,3.083,0.053616370219195186,0.6433964426303422,0.46452518626897876,0.5902090639335986,0.6045006390804812,0.014291575146882618,0.011300000000000001,0.0005879312120222148,-0.0005879312120222148,0,2,2,2026-05-06T23:23:36.448Z,Ball,Curveball
823141,46dc6260-179d-32b2-bab5-d5ba4d0889ce,2026-05-06,144,ATL,Atlanta Braves,fielding,pitcher,800311,Didier Fuentes,686527,Dominic Canzone,800311,Didier Fuentes,SEA,ATL,7,Bot,0,0,---,1,2,Ball,Strike,0.7417787855617775,1.981652026212945,1.619,3.209,0.08738788110488926,1.0486545732586712,0.5982565796016611,0.11384155889729336,0.12240980009925781,0.00856824120196445,0.011300000000000001,0.0005863060241880474,-0.0005863060241880474,0,2,2,2026-05-06T21:59:03.738Z,Ball,Four-Seam Fastball
823152,2ee6b6d1-b641-3e17-b10c-7014ad1e2ddf,2026-04-17,140,TEX,Texas Rangers,fielding,pitcher,594798,Jacob deGrom,663728,Cal Raleigh,594798,Jacob deGrom,SEA,TEX,1,Bot,1,0,---,3,0,Ball,Strike,0.7432315693494244,2.1457116231016506,1.656,3.282,0.08593509731724236,1.0312211678069083,0.5926573193031648,0.5518337432509074,0.5605880616123126,0.008754318361405167,0.011300000000000001,0.0005853385605226217,-0.0005853385605226217,0,2,2,2026-04-18T01:52:01.621Z,Ball,Four-Seam Fastball
824286,75bd1341-9e3a-3d3c-aa15-79df1f2e1fbc,2026-04-22,116,DET,Detroit Tigers,fielding,pitcher,663554,Casey Mize,668930,Brice Turang,663554,Casey Mize,MIL,DET,3,Top,2,0,---,0,1,Ball,Strike,-0.6907126116975669,1.656228995894501,1.62,3.21,0.1384540549690998,1.6614486596291975,0.7712291828574435,0.5430868876432221,0.5471885225135162,0.004101634870294135,0.011300000000000001,0.0005781902756856528,-0.0005781902756856528,0,2,2,2026-04-22T23:11:53.440Z,Ball,Slider
824618,fb9b3c90-776c-3886-99c8-8cea4979280d,2026-04-07,145,CWS,Chicago White Sox,fielding,pitcher,681343,Shane Smith,681297,Colton Cowser,681343,Shane Smith,BAL,CWS,2,Top,1,0,---,0,1,Ball,Strike,-0.2663618538290212,1.6581883948427474,1.68,3.329,0.09902172817608079,1.1882607381129695,0.6420671859792888,0.5240869974695453,0.5312750087336066,0.0071880112640612115,0.011300000000000001,0.0005705453666691755,-0.0005705453666691755,0,2,2,2026-04-07T19:29:45.058Z,Ball,Changeup
824767,998e4fdd-1b20-3dcf-b92e-045ac9881b3d,2026-05-07,111,BOS,Boston Red Sox,batting,hitter,677800,Wilyer Abreu,677800,Wilyer Abreu,685801,Hunter Bigge,BOS,TB,6,Bot,0,0,---,0,0,Strike,Ball,0.6329051688012763,3.296114328880614,1.573,3.117,0.058280995547280945,0.6993719465673713,0.48313038765627925,0.2494136370401624,0.2626761850621405,0.013262548021978127,0.011300000000000001,0.0005669133476842673,-0.0005669133476842673,0,2,2,2026-05-08T00:57:04.041Z,Called Strike,Four-Seam Fastball
824215,27af7d6c-2b48-37b1-82cf-5db04a9e02d4,2026-03-29,117,HOU,Houston Astros,fielding,pitcher,837227,Tatsuya Imai,687263,Zach Neto,837227,Tatsuya Imai,LAA,HOU,1,Top,0,0,---,1,1,Ball,Strike,0.013037352711362802,3.2214866344421957,1.6,3.17,0.06934669889113732,0.8321603866936478,0.5273594402610532,0.4957754300813744,0.5069570093735983,0.011181579292223909,0.011300000000000001,0.0005558730717316841,-0.0005558730717316841,0,2,2,2026-03-29T18:11:22.982Z,Ball,Slider
823886,2276a1a4-1f10-33f5-baab-e3b62d5b000e,2026-04-06,146,MIA,Miami Marlins,fielding,pitcher,676083,Janson Junk,701398,Sal Stewart,676083,Janson Junk,CIN,MIA,4,Top,1,2,-2B-,0,1,Ball,Strike,-0.5823614869285615,3.2166186948225306,1.635,3.239,0.1432146385108024,1.7185756621296289,0.7843898462133112,0.48509983441178217,0.4889066908544137,0.003806856442631512,0.011300000000000001,0.0005496648018023013,-0.0005496648018023013,0,2,2,2026-04-06T23:24:34.143Z,Ball,Sweeper
823487,aa31e5d9-f7b9-3bac-bc28-6cf4fb501057,2026-03-29,143,PHI,Philadelphia Phillies,batting,hitter,702222,Justin Crawford,702222,Justin Crawford,669022,MacKenzie Gore,PHI,TEX,6,Bot,0,0,---,0,0,Strike,Ball,0.9792713100521783,2.7284610672105054,1.655,3.279,0.15010464338551155,1.8012557206261386,0.8024494393409868,0.02868772242561614,0.03214709350671922,0.0034593710811030784,0.011300000000000001,0.0005436490490567389,-0.0005436490490567389,0,2,2,2026-03-29T19:00:28.283Z,Called Strike,Sinker
822995,bef5c1aa-f391-3544-98f0-bdc7ab003d6e,2026-04-21,113,CIN,Cincinnati Reds,batting,hitter,680574,Matt McLain,680574,Matt McLain,571927,Steven Matz,CIN,TB,1,Top,0,1,1B--,0,1,Strike,Ball,0.8868687800093098,2.3396029487601795,1.538,3.047,0.05770211334264308,0.692425360111717,0.48081787254433267,0.5175495721873089,0.5308707503601325,0.013321178172823633,0.011300000000000001,0.0005383025085920184,-0.0005383025085920184,0,2,2,2026-04-21T22:42:49.612Z,Called Strike,Changeup
823226,d26de782-027f-3a9e-b2df-4935e2e2f8ca,2026-05-06,137,SF,San Francisco Giants,batting,hitter,672275,Patrick Bailey,672275,Patrick Bailey,670970,Adrian Morejon,SF,SD,8,Bot,2,1,1B--,0,0,Strike,Ball,1.0063906780316143,2.2341371040856792,1.627,3.224,0.1772240113649476,2.126688136379371,0.862425618889032,0.022121925948924998,0.024547369849671537,0.002425443900746539,0.011300000000000001,0.0005371744506280237,-0.0005371744506280237,0,2,2,2026-05-06T21:48:11.571Z,Called Strike,Slider
823550,759f1838-3c81-3f29-a47a-9c69e6e05e09,2026-05-06,147,NYY,New York Yankees,fielding,pitcher,701542,Will Warren,673962,Josh Jung,701542,Will Warren,TEX,NYY,3,Top,1,6,-2B3B,0,1,Ball,Strike,0.7891451436247792,3.030015538733929,1.647,3.263,0.04002152304188755,0.4802582765026506,0.41104293044093354,0.23268860486592957,0.2501829294362383,0.01749432457030875,0.011300000000000001,0.0005357035514470827,-0.0005357035514470827,0,2,2,2026-05-06T23:48:05.384Z,Ball,Four-Seam Fastball
822823,21d074df-19d3-3b6d-99eb-fa35e126a8b7,2026-04-28,111,BOS,Boston Red Sox,batting,hitter,575929,Willson Contreras,575929,Willson Contreras,702056,Trey Yesavage,BOS,TOR,6,Top,0,0,---,0,0,Strike,Ball,0.9100293798286684,2.2380945857114156,1.63,3.23,0.08086271316200166,0.97035255794402,0.572927014790571,0.12960371701829576,0.13894864516034383,0.00934492814204807,0.011300000000000001,0.0005280370509894491,-0.0005280370509894491,0,2,2,2026-04-29T00:31:58.288Z,Called Strike,Four-Seam Fastball
824771,b1690a12-2ae0-3899-81f6-b6ba9d11ddf1,2026-05-02,117,HOU,Houston Astros,fielding,pitcher,681293,Spencer Arrighetti,677800,Wilyer Abreu,681293,Spencer Arrighetti,BOS,HOU,4,Bot,0,1,1B--,0,1,Ball,Strike,-0.6780034857892283,1.506271580562634,1.573,3.117,0.0541049138959675,0.64925896675161,0.46647005335543384,0.8856449690589396,0.8996893804919561,0.01404441143301649,0.011300000000000001,0.0005224089534212684,-0.0005224089534212684,0,2,2,2026-05-02T21:20:14.278Z,Ball,Curveball
824861,14fe0022-e458-326d-9fa8-dee090bd5ff6,2026-03-31,140,TEX,Texas Rangers,batting,hitter,669394,Jake Burger,669394,Jake Burger,621107,Zach Eflin,TEX,BAL,2,Top,0,0,---,1,0,Strike,Ball,0.8862724023419484,2.4987918552496557,1.63,3.23,0.057105735675281655,0.6852688281033799,0.4784363268880619,0.498229055328934,0.5116318328942335,0.013402777565299506,0.011300000000000001,0.000518706162274717,-0.000518706162274717,0,2,2,2026-03-31T22:50:33.911Z,Called Strike,Cutter
824532,1b6bec9b-2fe7-3119-bbee-1b3647c4e815,2026-04-15,113,CIN,Cincinnati Reds,fielding,pitcher,695076,Rhett Lowder,650333,Luis Arraez,695076,Rhett Lowder,SF,CIN,6,Top,1,0,---,1,1,Ball,Strike,0.6279655553113686,1.6278196264871927,1.577,3.124,0.17165295982052609,2.059835517846313,0.8515041493689969,0.9796159794577629,0.9821824655005392,0.002566486042776317,0.011300000000000001,0.0005073704025913154,-0.0005073704025913154,0,2,2,2026-04-16T00:07:52.707Z,Ball,Changeup
823228,7c07df4c-0d91-3881-9112-799b3e7a63eb,2026-05-04,135,SD,San Diego Padres,fielding,pitcher,699134,Bradgley Rodriguez,669477,Casey Schmitt,699134,Bradgley Rodriguez,SF,SD,8,Bot,0,0,---,0,1,Ball,Strike,-0.15780764686986268,1.6899737417985279,1.613,3.196,0.19780707513186124,2.373684901582335,0.897054158847942,0.06134269529531647,0.06320169495099746,0.0018589996556809957,0.011300000000000001,0.0005043353674072744,-0.0005043353674072744,0,2,2,2026-05-05T03:35:56.986Z,Ball,Changeup
824363,fd4e2b30-dde6-3189-b5c0-66465dab0fb3,2026-05-04,115,COL,Colorado Rockies,fielding,pitcher,608372,Tomoyuki Sugano,701807,Carson Benge,608372,Tomoyuki Sugano,NYM,COL,6,Top,0,0,---,0,0,Ball,Strike,0.7643121184159062,1.9113741172887018,1.645,3.259,0.06485454825076054,0.7782545790091264,0.5094170792731852,0.49465767037110303,0.5065295542592619,0.011871883888158907,0.011300000000000001,0.0005041534115632889,-0.0005041534115632889,0,2,2,2026-05-04T22:45:02.103Z,Ball,Cutter
823873,8fdb416d-3447-343c-83e4-c00f28e5a6fa,2026-05-05,146,MIA,Miami Marlins,batting,hitter,681393,Connor Norby,681393,Connor Norby,669211,Keegan Akin,MIA,BAL,5,Bot,2,0,---,0,1,Strike,Ball,0.9663095767688472,3.1760063070631106,1.571,3.113,0.1371429101021805,1.645714921226166,0.7675068356105424,0.1413392741203798,0.14541819207096676,0.004078917950586958,0.011300000000000001,0.0005034246513691645,-0.0005034246513691645,0,2,2,2026-05-06T00:28:09.292Z,Called Strike,Changeup
