role,player_id,player_name,challenge_team_abbr,missed_opportunities,missed_xwpa,missed_xwpa_per_opportunity,missed_wpa_if_overturned,avg_missed_overturn_probability,avg_zone_distance_inches,missed_batting_xwpa,missed_fielding_xwpa
hitter,680757,Steven Kwan,CLE,34,0.39860428351094496,0.011723655397380734,0.7960445697956036,0.7345229526047063,1.7867978752875842,0.39860428351094496,0
pitcher,650633,Michael King,SD,24,0.39552926275556943,0.016480385948148726,0.8795745731262203,0.612484571228813,1.170098998096893,0,0.39552926275556943
hitter,545361,Mike Trout,LAA,35,0.32338605298947054,0.009239601513984872,0.6705182860754803,0.7204878740724653,1.6750222463810265,0.32338605298947054,0
hitter,592663,J.T. Realmuto,PHI,17,0.3146689502000871,0.01850993824706395,0.4875061420850394,0.7321449528256666,1.6772822099875133,0.3146689502000871,0
pitcher,671096,Andrew Abbott,CIN,34,0.31434217674876946,0.00924535813966969,0.7769676306685968,0.6411809388268379,1.2592099901989968,0,0.31434217674876946
hitter,596019,Francisco Lindor,NYM,26,0.29749279214850516,0.0114420304672502,0.4769117460017986,0.7849603545269278,2.0137485376556383,0.29749279214850516,0
pitcher,682120,Tim Herrin,CLE,10,0.27532870637109613,0.027532870637109613,0.5610047324399182,0.5404934024983329,0.9275963251038846,0,0.27532870637109613
pitcher,681035,Christian Scott,NYM,15,0.26203840261485795,0.017469226840990528,0.5287382022448648,0.642524328253296,1.404681744933584,0,0.26203840261485795
pitcher,663687,Hogan Harris,ATH,14,0.2515093949359831,0.017964956781141652,0.6163958404216465,0.5814010944525722,1.071837053223091,0,0.2515093949359831
pitcher,669358,Shane Baz,BAL,36,0.24684376284015605,0.0068567711900043345,0.6359464348176469,0.6495268431995016,1.3251826343597015,0,0.24684376284015605
hitter,677588,José Tena,WSH,8,0.2414582224981535,0.030182277812269186,0.3289478551782621,0.7758755348469732,1.7841631740614958,0.2414582224981535,0
pitcher,607625,Seth Lugo,KC,26,0.24085129042002568,0.009263511170000988,0.5598239790563654,0.6400292279732748,1.2468269119197837,0,0.24085129042002568
hitter,665877,José Fermín,STL,18,0.2406208965287396,0.013367827584929978,0.4733632811713052,0.703133200580798,1.6677994865158234,0.2406208965287396,0
pitcher,656302,Dylan Cease,TOR,18,0.23806923299910426,0.013226068499950236,0.5729866491361078,0.6126958879848201,1.3098429410510772,0,0.23806923299910426
hitter,553993,Eugenio Suárez,CIN,22,0.2368031624513521,0.010763780111425095,0.4824896894446681,0.683829779067405,1.447817110231419,0.2368031624513521,0
pitcher,672282,Reid Detmers,LAA,35,0.2321106091452868,0.006631731689865338,0.5835566569540943,0.6998011415520528,1.573243464574422,0,0.2321106091452868
hitter,691026,Masyn Winn,STL,28,0.23084751686117197,0.008244554173613285,0.4881045713391503,0.6940664545781602,1.5554457418204184,0.23084751686117197,0
hitter,668227,Randy Arozarena,SEA,21,0.22865421548914916,0.01088829597567377,0.5177991686788639,0.6952557688404277,1.6205039100928424,0.22865421548914916,0
hitter,606466,Ketel Marte,AZ,16,0.22620665712742777,0.014137916070464236,0.45160323028270744,0.7555128652510262,1.9824853547487975,0.22620665712742777,0
hitter,672960,Kazuma Okamoto,TOR,21,0.22379418047036453,0.010656865736684026,0.4512148114329758,0.6813234942556092,1.4622363257871864,0.22379418047036453,0
hitter,680574,Matt McLain,CIN,19,0.2220929001139972,0.011689100005999853,0.4080424698943282,0.7449237900070268,1.7568394814234896,0.2220929001139972,0
hitter,608701,Rob Refsnyder,SEA,12,0.21782760437059664,0.018152300364216386,0.43710151856204976,0.6828921365226807,1.5787074741295726,0.21782760437059664,0
pitcher,690997,Nolan McLean,NYM,23,0.21558194093623298,0.009373127866792738,0.5109905257520769,0.665600014393192,1.4112080564573295,0,0.21558194093623298
pitcher,678022,Jack Perkins,ATH,18,0.21500489202836895,0.011944716223798274,0.48134841720534055,0.6660696535509072,1.477412226426029,0,0.21500489202836895
pitcher,663855,Jordan Hicks,CWS,4,0.21414323967856735,0.05353580991964184,0.29713421052406686,0.7847782063191566,1.8524605858759893,0,0.21414323967856735
pitcher,700712,Walbert Ureña,LAA,23,0.2140857379695584,0.009308075563893844,0.5229680346634102,0.6635751678240659,1.373270011793677,0,0.2140857379695584
pitcher,668909,Gavin Williams,CLE,20,0.21381654658619104,0.010690827329309552,0.45682275563013625,0.6843428917652068,1.469985165350088,0,0.21381654658619104
pitcher,656550,Grant Holmes,ATL,15,0.21373314670645235,0.014248876447096824,0.40319085704511665,0.6661579643536943,1.3552060923305496,0,0.21373314670645235
hitter,687462,Spencer Horwitz,PIT,18,0.21280477864196928,0.011822487702331626,0.3480491125013582,0.7793632781258777,2.17732517330192,0.21280477864196928,0
hitter,624413,Pete Alonso,BAL,23,0.21277872240235027,0.009251248800102186,0.570938137739706,0.6463761227397729,1.3415591993065024,0.21277872240235027,0
hitter,666018,Jonathan Aranda,TB,20,0.2121013609528401,0.010605068047642005,0.4819741289746536,0.6884969266475933,1.5546434586028868,0.2121013609528401,0
pitcher,690986,Kyle Harrison,MIL,17,0.21194432170799565,0.012467313041646803,0.3714319903466757,0.7165560580866153,1.552776441948126,0,0.21194432170799565
hitter,694497,Evan Carter,TEX,12,0.21157427100393544,0.017631189250327955,0.4454614146092551,0.5970960945151784,1.100655652588262,0.21157427100393544,0
pitcher,694973,Paul Skenes,PIT,20,0.20974853640329658,0.01048742682016483,0.5883441536313154,0.5896821093022294,1.1021787282211435,0,0.20974853640329658
hitter,608070,José Ramírez,CLE,22,0.20962357590473335,0.009528344359306062,0.41511848317024613,0.7463594506287325,1.958616400336801,0.20962357590473335,0
hitter,690976,Alex Freeland,LAD,11,0.20924285751019325,0.019022077955472113,0.29751964273531584,0.7966543541374214,2.0070532930733904,0.20924285751019325,0
hitter,677800,Wilyer Abreu,BOS,27,0.20812971697277072,0.007708508036028545,0.395925144014556,0.7678622634303681,1.8716178153196779,0.20812971697277072,0
pitcher,663574,Tony Santillan,CIN,9,0.2069407645890078,0.02299341828766753,0.3745614777155778,0.6510292778964198,1.3091694706303922,0,0.2069407645890078
pitcher,642397,Gregory Soto,PIT,5,0.20540340358309597,0.041080680716619196,0.4892920579152995,0.46854978036151856,0.6677448045245387,0,0.20540340358309597
pitcher,693821,Bryce Elder,ATL,17,0.20429985607839285,0.012017638592846639,0.3891305784326048,0.7103900571412366,1.6232392453082274,0,0.20429985607839285
pitcher,593958,Eduardo Rodriguez,AZ,27,0.20167630560843125,0.007469492800312268,0.6437763522809383,0.5771760748247989,1.0178222415067824,0,0.20167630560843125
hitter,660670,Ronald Acuña Jr.,ATL,20,0.20109383236356815,0.010054691618178407,0.38973680167171026,0.7443269986506098,1.8206616411958596,0.20109383236356815,0
pitcher,640455,Sean Manaea,NYM,21,0.19813936117479905,0.009435207674990431,0.4260349605230038,0.6888668964857265,1.4518063176380998,0,0.19813936117479905
pitcher,656641,Jacob Latz,TEX,9,0.19732256860416364,0.021924729844907072,0.5813095308802961,0.5031547658644956,0.7574537989045926,0,0.19732256860416364
pitcher,605280,Clay Holmes,NYM,8,0.1970021620817482,0.024625270260218525,0.33988071138522014,0.6862291127279109,1.5560913159928245,0,0.1970021620817482
hitter,681624,Andy Pages,LAD,14,0.19675071064463148,0.014053622188902248,0.34099534973428747,0.7525472421005442,1.986394284465859,0.19675071064463148,0
pitcher,643511,Tyler Rogers,TOR,6,0.19629856010165872,0.03271642668360979,0.4582438600611039,0.6169313321218949,1.429766705946524,0,0.19629856010165872
hitter,650402,Gleyber Torres,DET,20,0.1955431318769688,0.009777156593848441,0.3905973306784875,0.7392990645682592,1.709332848035735,0.1955431318769688,0
pitcher,605488,Jeffrey Springs,ATH,24,0.19332728088149168,0.008055303370062153,0.41818225517087565,0.6997890865098731,1.503044193499276,0,0.19332728088149168
hitter,805999,A.J. Ewing,NYM,23,0.19271905245476767,0.008379089237163812,0.43762537692253706,0.6876194484727964,1.5650626774436158,0.19271905245476767,0
pitcher,671922,Cade Smith,CLE,11,0.19261844063393238,0.017510767330357488,0.5161803713598743,0.642051098374041,1.3808609358013133,0,0.19261844063393238
pitcher,669432,Trevor Rogers,BAL,25,0.18895705693179304,0.007558282277271722,0.4973825171089359,0.6791116487988437,1.4452748336122982,0,0.18895705693179304
hitter,702284,Cole Young,SEA,21,0.1883370223485857,0.008968429635646938,0.49972504447138677,0.6115453922927576,1.1872428076955328,0.1883370223485857,0
hitter,802139,JJ Wetherholt,STL,18,0.1837796221748458,0.010209979009713656,0.40970403081639734,0.6820701550796443,1.448474758754698,0.1837796221748458,0
hitter,593428,Xander Bogaerts,SD,16,0.1831589364923099,0.01144743353076937,0.39934176177531405,0.6547728131659801,1.499230045830247,0.1831589364923099,0
pitcher,650911,Cristopher Sánchez,PHI,18,0.18313563070358005,0.010174201705754447,0.4236133891152628,0.6318983660930277,1.261668986322942,0,0.18313563070358005
pitcher,660825,Eduard Bazardo,SEA,11,0.18261882386257555,0.01660171126023414,0.4351368917685691,0.509370754644145,0.8201285051969142,0,0.18261882386257555
pitcher,687570,Connor Prielipp,MIN,20,0.18030449075903784,0.009015224537951892,0.539308166265266,0.5866965442218625,1.048951821824013,0,0.18030449075903784
pitcher,608379,Michael Wacha,KC,20,0.17937587695716004,0.008968793847858002,0.42084266296911643,0.6671270058343459,1.4116629376614163,0,0.17937587695716004
hitter,643289,Mauricio Dubón,ATL,14,0.17905131171502145,0.012789379408215817,0.3060300739607936,0.7389489368065749,1.7320714835819866,0.17905131171502145,0
pitcher,680694,Kyle Bradish,BAL,19,0.17886930384147695,0.009414173886393524,0.4054741246119544,0.6647610369862826,1.4168295983883097,0,0.17886930384147695
pitcher,669022,MacKenzie Gore,TEX,20,0.1786801890486101,0.008934009452430506,0.6555068850859149,0.5017735707822959,0.7856832003589106,0,0.1786801890486101
pitcher,702070,Noah Cameron,KC,22,0.1772328420713108,0.008056038275968673,0.3779237418889777,0.6824633920278269,1.4499382572862534,0,0.1772328420713108
pitcher,669276,Dylan Lee,ATL,10,0.17583143266785406,0.017583143266785405,0.37974013138089524,0.6055521500940813,1.1135540686426677,0,0.17583143266785406
pitcher,680736,Justin Wrobleski,LAD,27,0.17439632853534437,0.006459123279086828,0.42213342804881787,0.68971454344793,1.4778176978299493,0,0.17439632853534437
hitter,686217,Sal Frelick,MIL,13,0.1732884351321551,0.013329879625550394,0.3280590038822657,0.6895221914809556,1.459721190428381,0.1732884351321551,0
pitcher,669923,George Kirby,SEA,20,0.16983946814897236,0.008491973407448618,0.458938563164588,0.636663801794449,1.2869912067320184,0,0.16983946814897236
pitcher,669387,Carmen Mlodzinski,PIT,16,0.16923567479430698,0.010577229674644186,0.4263812432390557,0.5830887411262122,1.0517227233513913,0,0.16923567479430698
hitter,663757,Trent Grisham,NYY,16,0.1687319938664418,0.010545749616652613,0.3955921741954309,0.6500591291399067,1.322310562074942,0.1687319938664418,0
hitter,671218,Heliot Ramos,SF,4,0.1676987245143393,0.04192468112858482,0.2366954848958907,0.6643956201416852,1.3165233152392446,0.1676987245143393,0
pitcher,801139,Payton Tolle,BOS,23,0.16668393937517464,0.007247127798920637,0.4340033081341086,0.6473476817164193,1.255874638633425,0,0.16668393937517464
hitter,805367,Chase Meidroth,CWS,26,0.16644408359699547,0.006401695522961364,0.37067029264926504,0.7312479068769009,1.7652315985896743,0.16644408359699547,0
pitcher,667755,José Soriano,LAA,18,0.16414546033082505,0.009119192240601391,0.44623869385500325,0.6740851964310721,1.3738106135111847,0,0.16414546033082505
pitcher,677952,Braxton Ashcraft,PIT,17,0.1637443198193206,0.009632018812901212,0.3311150842598825,0.6911876035952035,1.546415057419019,0,0.1637443198193206
hitter,693304,Nick Gonzales,PIT,21,0.16352477897523357,0.007786894236915884,0.37537193734823043,0.7261599099017029,1.6972646181887239,0.16352477897523357,0
pitcher,657097,Jacob Webb,CHC,16,0.16318304004272843,0.010198940002670527,0.5121292949975522,0.5720661509494044,1.0826480725809202,0,0.16318304004272843
pitcher,687064,Brandon Young,BAL,22,0.16273211937293638,0.0073969145169516535,0.4026550516517015,0.6846677641354441,1.467975417220912,0,0.16273211937293638
pitcher,808967,Yoshinobu Yamamoto,LAD,22,0.16258514918745218,0.0073902340539750986,0.425261115949532,0.6521711228257037,1.3093218326942142,0,0.16258514918745218
pitcher,685299,Tanner Gordon,COL,14,0.16202899783413882,0.01157349984529563,0.2828266950745514,0.7328585276412961,1.5780718581242346,0,0.16202899783413882
hitter,664040,Brandon Lowe,PIT,18,0.1614636047953521,0.00897020026640845,0.3721300707498074,0.6555992162598203,1.4388795393166551,0.1614636047953521,0
hitter,693307,Dillon Dingler,DET,18,0.16092006100692816,0.008940003389273787,0.40299652107632367,0.6608131657972541,1.3535789064017154,0.16092006100692816,0
hitter,663586,Austin Riley,ATL,11,0.16055288166209694,0.014595716514736085,0.2577419548886885,0.749357670354994,1.804246007154844,0.16055288166209694,0
hitter,650490,Yandy Díaz,TB,16,0.16031068596632778,0.010019417872895486,0.26876469772198386,0.7849212707275206,1.9853371196450136,0.16031068596632778,0
hitter,702616,Jackson Holliday,BAL,11,0.1600725570537392,0.01455205064124902,0.29746179795670546,0.6654832301340501,1.5360231972202505,0.1600725570537392,0
hitter,686527,Dominic Canzone,SEA,12,0.15843219841680636,0.01320268320140053,0.3363720527186332,0.6270635630362371,1.381196521081139,0.15843219841680636,0
hitter,695734,Daylen Lile,WSH,16,0.1563060172049723,0.00976912607531077,0.2763138702544206,0.7704549201041748,1.8903645278806678,0.1563060172049723,0
pitcher,664285,Framber Valdez,DET,22,0.15613079028283688,0.007096854103765313,0.3635787148735646,0.6841302478268716,1.430969176760277,0,0.15613079028283688
pitcher,669461,Matthew Liberatore,STL,14,0.15580669439047348,0.011129049599319535,0.3419712581770082,0.6573689502327162,1.2740948968358201,0,0.15580669439047348
pitcher,800048,Parker Messick,CLE,25,0.1553304615253199,0.006213218461012796,0.4668352338586975,0.6305777581793887,1.2630921311973706,0,0.1553304615253199
pitcher,689147,Orion Kerkering,PHI,6,0.1551518820926542,0.025858647015442368,0.3371569178810072,0.6251969763087691,1.211650738349456,0,0.1551518820926542
pitcher,691725,Andrew Painter,PHI,21,0.15480199947061601,0.007371523784315048,0.36916124030994907,0.7087541890873477,1.6562073059483418,0,0.15480199947061601
hitter,670623,Isaac Paredes,HOU,17,0.15418753736677265,0.00906985513922192,0.3643613907239131,0.6788234221801167,1.5134318962783355,0.15418753736677265,0
hitter,682998,Corbin Carroll,AZ,17,0.15352240334477996,0.009030729608516468,0.3409693933062117,0.6971009458981916,1.5528045543660618,0.15352240334477996,0
pitcher,670990,Yohan Ramírez,PIT,15,0.15323219001076935,0.01021547933405129,0.45745490158349067,0.6008279503545542,1.2079543431075324,0,0.15323219001076935
hitter,686611,Dylan Crews,WSH,13,0.15193790497796134,0.011687531152150873,0.2945211113304109,0.6927974449913705,1.4086762983732635,0.15193790497796134,0
pitcher,693645,Cam Schlittler,NYY,16,0.15077583640325457,0.00942348977520341,0.29505857169935673,0.7099415726944786,1.594231330220669,0,0.15077583640325457
hitter,608324,Alex Bregman,CHC,17,0.14957197158375746,0.008798351269632791,0.3360186326155429,0.7124344806007592,1.573805638230729,0.14957197158375746,0
pitcher,621112,Paul Blackburn,NYY,8,0.14942847828348105,0.01867855978543513,0.2893304012266111,0.6476870926116784,1.2390047648773161,0,0.14942847828348105
pitcher,641778,Eric Lauer,LAD,17,0.1492280512395743,0.008778120661151429,0.3405754044970529,0.6728514212991965,1.3763697998500266,0,0.1492280512395743
hitter,682985,Riley Greene,DET,13,0.14887109655769984,0.011451622812130757,0.2811884475931007,0.7393708382509273,1.7543305069270072,0.14887109655769984,0
hitter,650333,Luis Arraez,PHI,14,0.14817219127839495,0.010583727948456783,0.2410738903410999,0.7806699712122375,2.025928718030691,0.14817219127839495,0
hitter,661388,William Contreras,MIL,19,0.14805003585626808,0.007792107150329899,0.3522141947069477,0.672308798511901,1.4622662192246103,0.14805003585626808,0
hitter,668715,Spencer Steer,CIN,10,0.14761132333712235,0.014761132333712235,0.22827225923890668,0.7435591333410423,1.9897042308923638,0.14761132333712235,0
hitter,672640,Otto Lopez,MIA,19,0.14747345665226486,0.007761760876434993,0.3975183317839802,0.6803351176096838,1.4268657698930114,0.14747345665226486,0
hitter,694192,Jackson Chourio,MIL,15,0.14713365642294965,0.009808910428196644,0.33695671577627134,0.6882135306556169,1.5810400957577007,0.14713365642294965,0
pitcher,656945,Tanner Scott,LAD,10,0.14653948553359997,0.014653948553359997,0.3133340744724993,0.6454169124204634,1.2868607476912828,0,0.14653948553359997
pitcher,687562,Jake Bennett,BOS,15,0.1455650435755813,0.009704336238372087,0.3785808634444665,0.6285871567964991,1.1996609538931045,0,0.1455650435755813
pitcher,702273,Noah Schultz,CWS,15,0.14508223046838312,0.009672148697892208,0.2920165089885245,0.7023546514972954,1.519991305098531,0,0.14508223046838312
pitcher,682052,Jacob Lopez,ATH,22,0.1449404724663091,0.00658820329392314,0.35057584743140263,0.6819461933733731,1.4844630198742437,0,0.1449404724663091
pitcher,666277,George Soriano,STL,7,0.14476892955465667,0.02068127565066524,0.346838059467633,0.6293816712815946,1.402946195786861,0,0.14476892955465667
pitcher,607067,Colin Rea,CHC,14,0.14405532970906082,0.010289666407790058,0.3445696092180497,0.6182779621626847,1.1550189853888921,0,0.14405532970906082
hitter,543807,George Springer,TOR,18,0.1423992879464298,0.007911071552579434,0.2869867574046573,0.7282142310514202,1.7570698527821178,0.1423992879464298,0
pitcher,694738,Landen Roupp,SF,21,0.14236921635202898,0.006779486492953761,0.3884823915504542,0.648126532173673,1.3027049388917498,0,0.14236921635202898
pitcher,686580,Justin Slaten,BOS,9,0.14155574752532604,0.015728416391702894,0.32150523527988756,0.5915861714327822,1.0569051743644824,0,0.14155574752532604
pitcher,808963,Roki Sasaki,LAD,16,0.14129773687073838,0.008831108554421149,0.31862948320339846,0.6434811682623591,1.2546930110954426,0,0.14129773687073838
hitter,621493,Taylor Ward,BAL,17,0.1405434849221609,0.00826726381895064,0.3253004894138172,0.7122437858456965,1.7052269059685863,0.1405434849221609,0
pitcher,676282,Joey Cantillo,CLE,15,0.1403596506108386,0.009357310040722574,0.26982174661406466,0.745176396274578,1.7520064767383479,0,0.1403596506108386
pitcher,607536,Kyle Freeland,COL,15,0.14022688720337295,0.00934845914689153,0.3565715832461357,0.6594812021229227,1.4068785900253113,0,0.14022688720337295
hitter,808982,Jung Hoo Lee,SF,20,0.14013766820213844,0.007006883410106922,0.32527040077675723,0.699169133705488,1.5742730912880774,0.14013766820213844,0
pitcher,696270,Ryan Johnson,LAA,19,0.1400111937258874,0.007369010196099338,0.34389532373479703,0.694721606839774,1.4964124160186538,0,0.1400111937258874
pitcher,592332,Kevin Gausman,TOR,18,0.1397195342963856,0.007762196349799199,0.33205058606297444,0.6698744255845573,1.543741523558371,0,0.1397195342963856
hitter,679529,Spencer Torkelson,DET,18,0.1391379392817886,0.007729885515654923,0.31344055168776946,0.7256050341521049,1.689748766632316,0.1391379392817886,0
hitter,695578,James Wood,WSH,14,0.1390635191152415,0.009933108508231536,0.32889229802288433,0.631796976207555,1.2496687104443769,0.1390635191152415,0
pitcher,676879,Aaron Ashby,MIL,13,0.13878835179829294,0.01067602706140715,0.3666357600877679,0.5826889505198944,1.0856742876271643,0,0.13878835179829294
hitter,666969,Adolis García,PHI,5,0.13878518523954425,0.02775703704790885,0.1977824046066527,0.7466759681319767,1.7444530536568716,0.13878518523954425,0
pitcher,682254,Mason Montgomery,PIT,6,0.13852051282454772,0.02308675213742462,0.22983637546710922,0.689556442724157,1.4557241246986772,0,0.13852051282454772
hitter,670541,Yordan Alvarez,HOU,15,0.13805754898805994,0.009203836599203995,0.2902552162423351,0.7276482186548204,1.6997680015318692,0.13805754898805994,0
hitter,678246,Miguel Vargas,CWS,11,0.13795147439078498,0.012541043126434998,0.2555561712500823,0.7414453004808788,1.7515966640403882,0.13795147439078498,0
pitcher,682243,Bryce Miller,SEA,18,0.13765155886738964,0.007647308825966091,0.3529380467806136,0.6370454230178023,1.3671544085086014,0,0.13765155886738964
hitter,690924,Braxton Fulford,COL,8,0.13740037386066364,0.017175046732582955,0.21070105719568774,0.7586222316683839,1.7034364269687885,0.13740037386066364,0
pitcher,666157,Nick Lodolo,CIN,19,0.13681981743867214,0.007201043023088007,0.3423649108695467,0.6660538181198843,1.3823128647402663,0,0.13681981743867214
pitcher,701542,Will Warren,NYY,17,0.13532665320351575,0.007960391364912691,0.34755885161960287,0.619720886517239,1.1717391691728545,0,0.13532665320351575
hitter,668930,Brice Turang,MIL,21,0.13497482837772876,0.006427372779891845,0.3591724145433836,0.6483601204410695,1.390140264204266,0.13497482837772876,0
pitcher,679883,Luinder Avila,KC,13,0.1345827785144094,0.010352521424185338,0.3023055147765634,0.6842401712847239,1.410718950548057,0,0.1345827785144094
pitcher,676974,Max Meyer,MIA,16,0.13423005564478252,0.008389378477798907,0.2763002169046557,0.6952012124842754,1.4415334558718031,0,0.13423005564478252
pitcher,641743,Anthony Kay,CWS,20,0.13418855433924323,0.006709427716962162,0.36472059388471645,0.649915680664825,1.311006714232277,0,0.13418855433924323
hitter,664034,Ty France,SD,18,0.13387551091302916,0.0074375283840571755,0.30214503221991235,0.6958991412409304,1.5244130210453326,0.13387551091302916,0
hitter,669003,Garrett Mitchell,MIL,13,0.13365983419480273,0.010281525707292518,0.28797095274046147,0.7269552205724756,1.7163538718910956,0.13365983419480273,0
pitcher,669467,Andre Pallante,STL,17,0.13339822736168738,0.007846954550687494,0.3466982882373043,0.6440383221287717,1.276268215524957,0,0.13339822736168738
pitcher,696147,Sam Bachman,LAA,5,0.13275263627760325,0.02655052725552065,0.4957906929738805,0.4377345620807608,0.5474266868944345,0,0.13275263627760325
pitcher,663542,Bryan Hudson,CWS,18,0.1320096484124883,0.00733386935624935,0.3862377757198608,0.6230167531214202,1.2328177473868955,0,0.1320096484124883
hitter,687551,Drew Gilbert,SF,13,0.13200652634250307,0.010154348180192544,0.2553285010443265,0.7142998533841521,1.533703343373523,0.13200652634250307,0
pitcher,671737,Taj Bradley,MIN,19,0.13173792002544885,0.006933574738181518,0.4170296283242998,0.5707077659279082,0.9868199011448091,0,0.13173792002544885
pitcher,696149,Bubba Chandler,PIT,20,0.13102478082483035,0.0065512390412415175,0.4594355280628231,0.6156601627815526,1.2844066155722684,0,0.13102478082483035
hitter,660844,Leo Rivas,SEA,9,0.1308864889569615,0.014542943217440167,0.2536798277610714,0.6811143085288176,1.4090317720579886,0.1308864889569615,0
hitter,683953,Travis Bazzana,CLE,10,0.13004146070573866,0.013004146070573866,0.35326212156518827,0.5664171998001156,1.0166716334542958,0.13004146070573866,0
pitcher,676477,Garrett Whitlock,BOS,8,0.12984949680841457,0.01623118710105182,0.2562554487132082,0.6490102626587774,1.2803858431018442,0,0.12984949680841457
hitter,669257,Will Smith,LAD,9,0.12983975301791317,0.014426639224212575,0.2526279145000693,0.6704197503269369,1.3604829181834512,0.12983975301791317,0
hitter,683734,Andrew Vaughn,MIL,14,0.12957639247377717,0.009255456605269798,0.29706158669463667,0.6427705205181384,1.2898714814091703,0.12957639247377717,0
hitter,681082,Bryson Stott,PHI,17,0.12941688682593155,0.007612758048584209,0.34224431042481657,0.6420733394794448,1.275378176718705,0.12941688682593155,0
hitter,805300,Jakob Marsee,MIA,16,0.12935576668862545,0.00808473541803909,0.30008856290479685,0.7042326564314827,1.5499228298217869,0.12935576668862545,0
pitcher,642547,Freddy Peralta,NYM,10,0.12920392923105323,0.012920392923105322,0.2523769841200138,0.7311880554711155,1.7308009782410214,0,0.12920392923105323
hitter,701807,Carson Benge,NYM,11,0.12899552866701194,0.011726866242455631,0.3203611156630433,0.5969883190822519,1.1029954494195555,0.12899552866701194,0
hitter,678554,Curtis Mead,WSH,15,0.12875151073013447,0.00858343404867563,0.3319376074627085,0.6733719307474135,1.5390942095188622,0.12875151073013447,0
pitcher,663556,Shane McClanahan,TB,14,0.12844414793672068,0.009174581995480048,0.3124764333385992,0.6642703479102947,1.4189285980867532,0,0.12844414793672068
pitcher,628452,Raisel Iglesias,ATL,7,0.1275683168787223,0.0182240452683889,0.2503733995452706,0.6089517844136549,1.34544958749225,0,0.1275683168787223
pitcher,686218,Emmet Sheehan,LAD,13,0.12745952322556897,0.009804578709659152,0.32934502482655237,0.6209850341217777,1.1671771854348663,0,0.12745952322556897
pitcher,663567,Peter Lambert,HOU,23,0.12679143827943726,0.00551267122954075,0.4889724719590641,0.5845853121806953,1.0783306815796676,0,0.12679143827943726
hitter,669364,Xavier Edwards,MIA,18,0.12659032225684222,0.007032795680935679,0.3706877243959756,0.6102182273785259,1.157507518217245,0.12659032225684222,0
pitcher,571945,Miles Mikolas,WSH,17,0.12646023212850704,0.007438837184029826,0.31318118760885727,0.6878155322524218,1.5316593713824578,0,0.12646023212850704
hitter,814439,Ryan Waldschmidt,AZ,8,0.12622066024756207,0.01577758253094526,0.34573411664905035,0.6141630864422251,1.3956936348648645,0.12622066024756207,0
hitter,680777,Ryan Jeffers,MIN,11,0.1259585742406633,0.011450779476423938,0.3154976437449382,0.655907757525494,1.4309161439142917,0.1259585742406633,0
pitcher,622088,Tejay Antone,CIN,7,0.1258937871330896,0.017984826733298515,0.2501196633318883,0.6599451928034069,1.352832853977452,0,0.1258937871330896
pitcher,621111,Walker Buehler,SD,14,0.12561488206081872,0.008972491575772765,0.30031325797349745,0.6476304714997313,1.328581046575518,0,0.12561488206081872
hitter,641355,Cody Bellinger,NYY,5,0.12530416958847604,0.02506083391769521,0.17369937153526105,0.8461356986068846,2.1140194109382953,0.12530416958847604,0
pitcher,656730,Trevor Megill,MIL,10,0.12402178045891885,0.012402178045891884,0.38642241538338085,0.5824528290427926,1.0491659355302794,0,0.12402178045891885
pitcher,669302,Logan Gilbert,SEA,17,0.12320685047464569,0.0072474617926262174,0.41055674517331686,0.5741817365898253,1.0329182816971385,0,0.12320685047464569
pitcher,702275,JR Ritchie,ATL,7,0.1230020345318841,0.017571719218840588,0.24711660514706862,0.6406448885917567,1.241506115930824,0,0.1230020345318841
hitter,645277,Ozzie Albies,ATL,16,0.12270084236706795,0.007668802647941747,0.18588535317862753,0.8425179260923215,2.2671362144392426,0.12270084236706795,0
pitcher,813349,Connelly Early,BOS,13,0.12251188520549815,0.009423991169653704,0.2705917711940755,0.6604289449579087,1.2984855803349609,0,0.12251188520549815
pitcher,668674,Lucas Erceg,KC,4,0.12227660511904184,0.03056915127976046,0.2206674620233802,0.6780658049157068,1.3539635499750664,0,0.12227660511904184
hitter,670770,TJ Friedl,CIN,8,0.1222294792504865,0.015278684906310812,0.17932117707319448,0.8023111868494702,2.0960758010710765,0.1222294792504865,0
pitcher,641793,Zack Littell,WSH,12,0.12094173482294365,0.010078477901911971,0.2601739331390883,0.7101771908584817,1.5906472921745731,0,0.12094173482294365
pitcher,663992,Richard Lovelady,WSH,3,0.12091895950384082,0.04030631983461361,0.49769939490932225,0.31466108053814756,0.1610047075998473,0,0.12091895950384082
pitcher,656271,Brock Burke,CIN,11,0.1207387205127736,0.010976247319343053,0.2615231153660261,0.6588933175650781,1.4139718078687098,0,0.1207387205127736
hitter,805808,Kevin McGonigle,DET,17,0.12020696951334044,0.007070998206667085,0.26944146197377705,0.7042496262206054,1.5719442559790056,0.12020696951334044,0
pitcher,663436,Davis Martin,CWS,17,0.11919859555075833,0.007011682091221078,0.3340267165986077,0.6634927458205984,1.3648947314716733,0,0.11919859555075833
pitcher,622491,Luis Castillo,SEA,7,0.11796874071430702,0.016852677244901002,0.24210182883677464,0.7033951917747246,1.5357321635438257,0,0.11796874071430702
pitcher,695243,Mason Miller,SD,15,0.11777872597846091,0.007851915065230728,0.3965309615030983,0.5302078884054705,0.8832654111288213,0,0.11777872597846091
hitter,687637,Dylan Beavers,BAL,16,0.11737447524055702,0.007335904702534814,0.3365556592947499,0.6550902501428765,1.3791962884577267,0.11737447524055702,0
pitcher,694819,Jacob Misiorowski,MIL,17,0.1173225975871079,0.006901329269829877,0.29675553933209403,0.6743512320282935,1.4164033758048096,0,0.1173225975871079
hitter,682928,CJ Abrams,WSH,15,0.11722308735542694,0.007814872490361797,0.25962722952552647,0.6835554257958537,1.5298090142970198,0.11722308735542694,0
pitcher,663776,Patrick Sandoval,BOS,13,0.11658623994594589,0.008968172303534298,0.2699434186012224,0.6589459295189981,1.3301019584251892,0,0.11658623994594589
pitcher,681190,Randy Vásquez,SD,16,0.11604329548178789,0.007252705967611743,0.37206155307557753,0.6075712787660823,1.3146812938720216,0,0.11604329548178789
pitcher,621237,José Alvarado,PHI,11,0.11588853927184385,0.010535321751985805,0.26331315731965843,0.6639583876551931,1.4673197250961465,0,0.11588853927184385
hitter,500743,Miguel Rojas,LAD,10,0.11514688764612015,0.011514688764612015,0.20709103745739543,0.7479852288540936,1.975662654794813,0.11514688764612015,0
pitcher,571510,Matthew Boyd,CHC,13,0.11457785629686475,0.008813681253604981,0.34422501564124475,0.5978330424235672,1.1700033175002509,0,0.11457785629686475
pitcher,672456,Keider Montero,DET,17,0.11324209218137614,0.0066612995400809494,0.2700406024785269,0.6779523719218672,1.518901621582087,0,0.11324209218137614
pitcher,547179,Michael Lorenzen,COL,15,0.11317540045360608,0.007545026696907072,0.34666694926141345,0.5539776412962444,0.9330543372285504,0,0.11317540045360608
pitcher,676440,Tanner Bibee,CLE,18,0.11286488553398533,0.00627027141855474,0.29019740087817447,0.6694104655098624,1.4022142366104642,0,0.11286488553398533
hitter,686555,Isaac Collins,KC,17,0.11249606026038626,0.0066174153094344865,0.308647045803987,0.6669491594910202,1.4685388230221725,0.11249606026038626,0
pitcher,687075,Brandon Sproat,MIL,17,0.11243395662732458,0.006613762154548505,0.27878497786302053,0.6573498997151528,1.3326488492744313,0,0.11243395662732458
pitcher,668678,Zac Gallen,AZ,10,0.11236623673487998,0.011236623673488,0.18938581972880697,0.7701929441146126,1.7535201553178656,0,0.11236623673487998
hitter,665750,Leody Taveras,BAL,10,0.11152059616029637,0.011152059616029638,0.24469214017276503,0.6657963647016005,1.4075605152225932,0.11152059616029637,0
pitcher,695076,Rhett Lowder,CIN,17,0.11121599499726771,0.006542117352780453,0.33230640560187824,0.6336428294848147,1.2889858232180795,0,0.11121599499726771
pitcher,657746,Joe Ryan,MIN,14,0.11118381373503908,0.00794170098107422,0.31834138199500567,0.6490662011030356,1.3255094058199801,0,0.11118381373503908
hitter,702332,Caleb Durbin,BOS,8,0.11032526125248769,0.013790657656560961,0.20619681386559388,0.7063491603194592,1.5555545350888054,0.11032526125248769,0
pitcher,696136,Jordan Wicks,CHC,2,0.10977202448119587,0.054886012240597935,0.133575327302963,0.7812563619814301,1.7974625013765069,0,0.10977202448119587
hitter,701762,Nick Kurtz,ATH,13,0.1094855508865351,0.008421965452810392,0.23647247401728255,0.6776213695235327,1.5176997310986802,0.1094855508865351,0
pitcher,681517,Kyle Leahy,STL,14,0.10942377670772871,0.00781598405055205,0.25800204270514243,0.671111786273405,1.3962385642992756,0,0.10942377670772871
pitcher,605135,Chris Bassitt,BAL,15,0.10937123561727051,0.007291415707818034,0.2927468263364434,0.6620189704199057,1.344183036007991,0,0.10937123561727051
hitter,691406,Junior Caminero,TB,18,0.10924106234716573,0.006068947908175874,0.306938796178833,0.6502471713813898,1.3993989675952736,0.10924106234716573,0
hitter,666126,Carlos Cortes,ATH,13,0.10890464965198866,0.008377280742460667,0.24485541202295805,0.6963336729449037,1.5881987961775246,0.10890464965198866,0
pitcher,691799,Grant Taylor,CWS,9,0.10856333537572659,0.012062592819525176,0.2758099531484998,0.5833470175626461,1.1522983405531244,0,0.10856333537572659
hitter,663538,Nico Hoerner,CHC,8,0.1084565062632727,0.013557063282909088,0.2970781533043241,0.5264943650241432,1.0363438455905456,0.1084565062632727,0
pitcher,678606,José A. Ferrer,SEA,10,0.10816072496063452,0.010816072496063452,0.24323406063283598,0.6477594068854536,1.4623150625939785,0,0.10816072496063452
hitter,656775,Cedric Mullins,TB,13,0.10795554903537607,0.008304273002721237,0.19636891331031464,0.761900078163656,2.0097635733269588,0.10795554903537607,0
hitter,689414,Liam Hicks,MIA,13,0.10731748080536727,0.008255190831182098,0.2607038959464508,0.689263503585214,1.6605311987832787,0.10731748080536727,0
pitcher,677960,Ryan Weathers,NYY,17,0.10721465230234037,0.006306744253078846,0.3036823069394502,0.6339890023306255,1.250474942390589,0,0.10721465230234037
hitter,666139,Josh Lowe,LAA,5,0.10654241853150799,0.021308483706301597,0.16350587617928133,0.7676599385190668,1.8097355289654076,0.10654241853150799,0
hitter,657757,Gavin Sheets,SD,11,0.10633875621403069,0.009667159655820972,0.25038965395720736,0.6187904732038028,1.3491128299451538,0.10633875621403069,0
pitcher,625643,Reynaldo López,ATL,11,0.10601882429721532,0.009638074936110484,0.3562802781939435,0.5151755484568499,0.8483194373756369,0,0.10601882429721532
hitter,680700,Richie Palacios,TB,13,0.10562358141960292,0.008124890878430994,0.24062798495839405,0.7363190013978631,1.9490659574819718,0.10562358141960292,0
pitcher,645261,Sandy Alcantara,MIA,15,0.10540182231456283,0.007026788154304188,0.3116622345078691,0.59631967889161,1.0812579178777182,0,0.10540182231456283
pitcher,607259,Nick Martinez,TB,13,0.10535843233656035,0.008104494795120027,0.2554549423561066,0.6571517262156663,1.3967990030437383,0,0.10535843233656035
hitter,646240,Rafael Devers,SF,9,0.10527946996931965,0.011697718885479961,0.238099897409822,0.6561643506661679,1.4878289153114117,0.10527946996931965,0
pitcher,664353,José Urquidy,PIT,2,0.1052317288070105,0.05261586440350525,0.1273241521920767,0.8721565953436128,2.3951619656514467,0,0.1052317288070105
pitcher,543135,Nathan Eovaldi,TEX,15,0.10519381207955462,0.007012920805303641,0.2559120925829796,0.6822871898719952,1.4706767103923482,0,0.10519381207955462
hitter,691019,Kyle Teel,CWS,6,0.10514951717142584,0.017524919528570975,0.17560629804792166,0.70971189345621,1.494313565148915,0.10514951717142584,0
hitter,701675,Nathan Church,STL,12,0.10470604297838533,0.008725503581532111,0.22873637931519553,0.6961318591291875,1.491532716366046,0.10470604297838533,0
hitter,691594,Javier Sanoja,MIA,12,0.10466877154330101,0.008722397628608417,0.24679043395368083,0.6878708244628314,1.7934058970176794,0.10466877154330101,0
hitter,641343,Jake Bauers,MIL,13,0.10456358791597314,0.008043352916613318,0.24403211808192693,0.7195607032987394,1.7564014649511006,0.10456358791597314,0
pitcher,527048,Martín Pérez,ATL,15,0.1042571109628996,0.006950474064193306,0.36281907197504987,0.5900470975611325,1.087438669124372,0,0.1042571109628996
pitcher,674841,Andrew Alvarez,WSH,13,0.10354103984083185,0.007964695372371681,0.3508803017410408,0.564039493407215,0.9808310770264493,0,0.10354103984083185
hitter,666182,Bo Bichette,NYM,19,0.10322076108235659,0.005432671635913505,0.3023794732051575,0.7005824288158611,1.653526943968857,0.10322076108235659,0
pitcher,543243,Sonny Gray,BOS,19,0.10307243735563922,0.005424865123981011,0.28763339725977927,0.6745399718457383,1.4240617226780408,0,0.10307243735563922
hitter,671056,Iván Herrera,STL,18,0.10302504588732235,0.005723613660406798,0.2041205509832328,0.7587426097435778,1.6980513561492332,0.10302504588732235,0
pitcher,656876,Drew Rasmussen,TB,14,0.10296346680670658,0.007354533343336184,0.3283679515339492,0.6134450844329477,1.326078014716565,0,0.10296346680670658
pitcher,691587,Eury Pérez,MIA,14,0.10272763807083207,0.007337688433630862,0.2450232347021441,0.7015930266241632,1.6077077296828748,0,0.10272763807083207
hitter,676391,Ernie Clement,TOR,12,0.10255609954012286,0.008546341628343572,0.2604268098735652,0.6471376427651129,1.2993513516793238,0.10255609954012286,0
pitcher,695505,Chase Burns,CIN,17,0.10244870963282192,0.006026394684283642,0.2859794616468938,0.658247584731547,1.3912249368267486,0,0.10244870963282192
hitter,687401,Joey Ortiz,MIL,12,0.10229751384066943,0.008524792820055785,0.18562058492460343,0.7778268655372265,1.9733000568650738,0.10229751384066943,0
hitter,621439,Byron Buxton,MIN,9,0.10217289451780438,0.011352543835311597,0.15297174850588155,0.8180661369815942,2.0780251236532856,0.10217289451780438,0
hitter,643217,Andrew Benintendi,CWS,6,0.10213798904118147,0.017022998173530247,0.15271552678764577,0.764712397534611,2.2307984093277833,0.10213798904118147,0
pitcher,666200,Jesús Luzardo,PHI,17,0.10194958557236249,0.005997034445433087,0.2718103852586065,0.6797054051589769,1.4088348382426867,0,0.10194958557236249
hitter,592626,Joc Pederson,TEX,6,0.10184124470505208,0.01697354078417535,0.16955344611866222,0.7300463544280857,2.4635592899681438,0.10184124470505208,0
pitcher,687396,Brent Headrick,NYY,8,0.10092140480650282,0.012615175600812852,0.3010436472865519,0.5239245893057368,0.8746267327086459,0,0.10092140480650282
pitcher,670970,Adrian Morejon,SD,12,0.10069147119860417,0.008390955933217014,0.26875197724022454,0.6227365683740106,1.3681956571315783,0,0.10069147119860417
hitter,669004,MJ Melendez,NYM,5,0.10055192323009444,0.02011038464601889,0.1585052683883723,0.7089798118821816,1.9371920911907399,0.10055192323009444,0
hitter,665487,Fernando Tatis Jr.,SD,11,0.10028101460375852,0.009116455873068956,0.22361012369071187,0.6706955243458205,1.4116766672920547,0.10028101460375852,0
hitter,663728,Cal Raleigh,SEA,5,0.09995597717700955,0.01999119543540191,0.15184444144398992,0.79885967886724,1.9882312017853487,0.09995597717700955,0
pitcher,678906,Kai-Wei Teng,HOU,13,0.09911833139427424,0.007624487030328788,0.2236880552382201,0.7129537151846304,1.6090114017918973,0,0.09911833139427424
hitter,678391,Jorbit Vivas,WSH,12,0.09896697968907212,0.008247248307422676,0.17956832606798825,0.7600813916223993,1.9184274958933587,0.09896697968907212,0
pitcher,682842,Abner Uribe,MIL,9,0.098789938597547,0.01097665984417189,0.3005337433432803,0.5308967269960729,0.8496494700706245,0,0.098789938597547
hitter,691458,Blaze Jordan,STL,4,0.0984295544036151,0.024607388600903776,0.21482502946862542,0.7194406276045457,1.6333953485675803,0.0984295544036151,0
pitcher,693686,Spencer Miles,TOR,9,0.09820648001428008,0.010911831112697785,0.2333971243843248,0.6469362435953157,1.332785256527285,0,0.09820648001428008
pitcher,678394,Brayan Bello,BOS,13,0.09761335539919098,0.007508719646091614,0.3183421185556657,0.5942234963069859,1.0684444764990713,0,0.09761335539919098
hitter,664702,Myles Straw,TOR,12,0.09698657319646754,0.008082214433038961,0.25087327775924667,0.6597553685395802,1.6137779939440857,0.09698657319646754,0
hitter,686948,Drake Baldwin,ATL,15,0.09696053051786226,0.006464035367857484,0.2172458693231164,0.7144954928332804,1.5785627523804615,0.09696053051786226,0
hitter,671289,Tyler Freeman,COL,8,0.09686824252663644,0.012108530315829555,0.18885656573325638,0.7325298379235168,1.9262536422604524,0.09686824252663644,0
pitcher,681916,Dylan Smith,SF,12,0.09643326763061127,0.008036105635884272,0.34803624352946494,0.5879718893491178,1.2628142527187693,0,0.09643326763061127
hitter,691720,Kyle Karros,COL,9,0.09633233479926352,0.010703592755473725,0.19104526246296433,0.725512208630057,1.6827477529221948,0.09633233479926352,0
pitcher,656794,Sean Newcomb,CWS,8,0.09618537526422077,0.012023171908027597,0.21544476605667,0.6205557970944856,1.1855164460468748,0,0.09618537526422077
pitcher,666974,Yennier Cano,BAL,11,0.09611862807802551,0.00873805709800232,0.3467700910469254,0.5237759055103735,0.8344784469450552,0,0.09611862807802551
pitcher,662253,Andrés Muñoz,SEA,9,0.09604668384994108,0.010671853761104565,0.33447931702746286,0.48121718645271866,0.6939831799558659,0,0.09604668384994108
pitcher,683352,Mitch Bratt,AZ,9,0.096001973362117,0.01066688592912411,0.19915332442915273,0.6673098397402654,1.34472837729483,0,0.096001973362117
pitcher,656427,Jack Flaherty,DET,10,0.09563099454854314,0.009563099454854314,0.25186359733911945,0.5838869049089004,1.0513754746644104,0,0.09563099454854314
hitter,665862,Jazz Chisholm Jr.,NYY,10,0.09537053706912879,0.009537053706912879,0.21480343873053653,0.6807056368420518,1.4582231158469359,0.09537053706912879,0
pitcher,656492,Foster Griffin,WSH,16,0.09528822001566022,0.0059555137509787635,0.26037951659101183,0.668958057542831,1.3967523845384526,0,0.09528822001566022
pitcher,641302,Tyler Alexander,TEX,5,0.09507618949735207,0.019015237899470412,0.13916739217433763,0.7456127796724156,1.7501911145582034,0,0.09507618949735207
hitter,678489,Jorge Barrosa,AZ,10,0.09491644843452844,0.009491644843452844,0.19238084689000617,0.7151272854515407,1.7424520924012872,0.09491644843452844,0
pitcher,805299,Brandyn Garcia,AZ,8,0.09474388444190358,0.011842985555237948,0.19887295221805404,0.6809804878939993,1.5141288253691527,0,0.09474388444190358
hitter,807799,Masataka Yoshida,BOS,11,0.09458988371473556,0.008599080337703234,0.14267134381511806,0.8215959896178837,2.111072503743377,0.09458988371473556,0
pitcher,663554,Casey Mize,DET,10,0.0945052833877634,0.00945052833877634,0.24908963343575546,0.6445135299213538,1.3312370395905038,0,0.0945052833877634
pitcher,641927,Bailey Ober,MIN,9,0.09442064111598747,0.01049118234622083,0.1768691812950169,0.7111938741666097,1.5969468518625682,0,0.09442064111598747
pitcher,669160,Dustin May,STL,12,0.09307536984611423,0.007756280820509519,0.24987904376566963,0.6277641992971412,1.1931954670557723,0,0.09307536984611423
pitcher,676962,Ben Brown,CHC,11,0.09303711766563608,0.008457919787785097,0.3080495067569652,0.5621955213662718,0.9551187229703555,0,0.09303711766563608
hitter,606192,Teoscar Hernández,LAD,11,0.09291041714312442,0.008446401558465856,0.2388528748887394,0.6706340730487641,1.6540632239164332,0.09291041714312442,0
pitcher,571578,Patrick Corbin,TOR,7,0.0927587830520603,0.013251254721722899,0.16842395195543242,0.6789333633775657,1.4683495470436132,0,0.0927587830520603
hitter,605137,Josh Bell,MIN,12,0.09265064299297296,0.00772088691608108,0.25044540025947765,0.6488885739287437,1.426531660505785,0.09265064299297296,0
pitcher,519141,Drew Pomeranz,LAA,5,0.09260879277327837,0.018521758554655675,0.20097153971692594,0.5366290098893364,0.8730837872080054,0,0.09260879277327837
hitter,802415,Chandler Simpson,TB,11,0.09251017324681474,0.00841001574971043,0.2930202843540533,0.6260224636612451,1.3783766642820428,0.09251017324681474,0
hitter,676475,Alec Burleson,STL,18,0.09236648425478769,0.005131471347488205,0.24440320736094207,0.7128261916351684,1.6911577266934614,0.09236648425478769,0
pitcher,656529,Sam Hentges,SF,9,0.09213704327412013,0.010237449252680015,0.2208024394768422,0.6982815748768378,1.7886440824266896,0,0.09213704327412013
pitcher,675660,Shane Drohan,MIL,17,0.09200592178634338,0.005412113046255493,0.23827215302849,0.6917714045552439,1.558944179152055,0,0.09200592178634338
hitter,665489,Vladimir Guerrero Jr.,TOR,12,0.0919681690650451,0.007664014088753758,0.13376208901190562,0.8451993399570049,2.297196866043129,0.0919681690650451,0
pitcher,601713,Nick Pivetta,SD,9,0.09171710718944459,0.010190789687716065,0.15603079212969867,0.8040470298687559,1.895419852869765,0,0.09171710718944459
hitter,571448,Nolan Arenado,AZ,15,0.09147279765020129,0.00609818651001342,0.2085270014068877,0.7395221384838958,1.709687804660411,0.09147279765020129,0
hitter,680728,Adrian Del Castillo,AZ,6,0.09146493560724982,0.015244155934541636,0.1708177364135666,0.7373788489173584,2.2271433742956153,0.09146493560724982,0
pitcher,700241,Michael McGreevy,STL,19,0.09094338136443214,0.004786493756022745,0.3175897443699882,0.6063451990939661,1.143308530586002,0,0.09094338136443214
hitter,668804,Bryan Reynolds,PIT,11,0.09084352411898962,0.00825850219263542,0.17086570794107012,0.7453788470740538,1.7605475513612505,0.09084352411898962,0
pitcher,681217,Chase Silseth,TEX,6,0.0908131423019661,0.01513552371699435,0.21148717265008007,0.6874310944744737,1.4174752383081108,0,0.0908131423019661
hitter,694671,Wyatt Langford,TEX,14,0.09079643052294399,0.006485459323067428,0.25897928932434006,0.7224586661996175,1.6282970003031563,0.09079643052294399,0
pitcher,657612,Tim Hill,NYY,8,0.0906813992400498,0.011335174905006224,0.20543734873696234,0.7544901883919183,1.8863372847128348,0,0.0906813992400498
hitter,696285,Jacob Young,WSH,15,0.09065570517843764,0.006043713678562509,0.24167601189027388,0.7186142605709285,1.749870588767661,0.09065570517843764,0
hitter,670764,Taylor Walls,TB,7,0.09064650616542196,0.012949500880774565,0.2350740914439822,0.6628835750716204,1.4796729484923914,0.09064650616542196,0
pitcher,656492,Foster Griffin,CLE,8,0.09050082005819501,0.011312602507274377,0.14888014465977545,0.7673969601305174,1.8352694870240451,0,0.09050082005819501
pitcher,660271,Shohei Ohtani,LAD,13,0.09049699749582167,0.00696130749967859,0.21037782228039764,0.7077380183465963,1.5623328637590235,0,0.09049699749582167
pitcher,663903,Brady Singer,CIN,17,0.0904757002330408,0.0053221000137082825,0.3566875982881711,0.569911148784099,1.019152375688737,0,0.0904757002330408
pitcher,622663,Luis Severino,ATH,16,0.09005486576082385,0.00562842911005149,0.2341504700748934,0.7076093980685794,1.6397458519046035,0,0.09005486576082385
pitcher,605130,Scott Barlow,ATH,4,0.09004559076875294,0.022511397692188236,0.27414956749022845,0.5862023563873167,1.1261753861001242,0,0.09004559076875294
hitter,650333,Luis Arraez,SF,12,0.08972982014166073,0.00747748501180506,0.1614259243089952,0.7781008717687699,2.134570809481563,0.08972982014166073,0
pitcher,696519,Samy Natera Jr.,LAA,5,0.08956065447923611,0.01791213089584722,0.17090887013473466,0.6301378618323465,1.4138834203555648,0,0.08956065447923611
pitcher,680732,Sean Burke,CWS,12,0.08955563928427539,0.007462969940356282,0.24846673480581075,0.6085376985367829,1.1637958414854803,0,0.08955563928427539
hitter,683083,Nasim Nuñez,WSH,18,0.08937133109420015,0.004965073949677786,0.23009188448133935,0.7128262675546302,1.5578870831146103,0.08937133109420015,0
hitter,672515,Gabriel Moreno,AZ,15,0.08905176321637744,0.005936784214425162,0.2650018202492892,0.6920592000406839,1.4998378145246776,0.08905176321637744,0
hitter,672386,Alejandro Kirk,TOR,6,0.08850481830218199,0.014750803050363664,0.1856732729225901,0.7458038381742845,1.9198801792316715,0.08850481830218199,0
hitter,683002,Gunnar Henderson,BAL,11,0.08847034401468676,0.008042758546789706,0.22324483947043952,0.6623121626770669,1.3696264139207708,0.08847034401468676,0
pitcher,672442,Yovanny Cruz,WSH,5,0.08835171004108297,0.017670342008216593,0.1527034268370931,0.6627888033654574,1.327114492125031,0,0.08835171004108297
hitter,701678,Hao-Yu Lee,DET,8,0.08819865784891626,0.011024832231114532,0.17304523496732716,0.707712333314281,1.515026624462951,0.08819865784891626,0
pitcher,607200,Erick Fedde,CWS,11,0.08750877506268658,0.007955343187516962,0.25880572513052846,0.671380211523032,1.3439467303761359,0,0.08750877506268658
pitcher,687911,Bryan King,HOU,8,0.08742602616954535,0.01092825327119317,0.22134514327211452,0.5998456601508011,1.2107356348562042,0,0.08742602616954535
pitcher,804267,Zac Thornton,NYM,6,0.08738460261856988,0.014564100436428314,0.12982580522058812,0.7543833233223948,1.7983223387333354,0,0.08738460261856988
pitcher,676684,Will Vest,DET,4,0.08732717822877788,0.02183179455719447,0.1349066243586341,0.7483886286792522,1.6085488519334086,0,0.08732717822877788
hitter,630105,Jake Cronenworth,SD,8,0.08731384199395045,0.010914230249243807,0.18864071156313403,0.6927804928063221,1.4285349977560406,0.08731384199395045,0
pitcher,579328,Yusei Kikuchi,LAA,12,0.08711460955724193,0.007259550796436827,0.3128249835828133,0.5159218011920009,0.8038739393698774,0,0.08711460955724193
hitter,655316,Andruw Monasterio,BOS,9,0.0870772208568708,0.009675246761874532,0.23778197920253175,0.5855858102055472,1.2089720499476828,0.0870772208568708,0
hitter,664983,Jake McCarthy,COL,12,0.08703356310574387,0.007252796925478655,0.23926326146092042,0.672912922808567,1.4048516993401374,0.08703356310574387,0
hitter,810938,Ben Williamson,TB,6,0.08697249457455081,0.014495415762425135,0.24427341693001983,0.621118376176243,1.2157245952028881,0.08697249457455081,0
pitcher,681892,Kody Funderburk,MIN,8,0.0866836747485675,0.010835459343570938,0.1719633498577241,0.7121643250777929,1.588824411408136,0,0.0866836747485675
hitter,683737,Michael Busch,CHC,15,0.08626978243240428,0.0057513188288269524,0.3125043304181795,0.6196485394514751,1.220079355877913,0.08626978243240428,0
pitcher,594798,Jacob deGrom,TEX,17,0.08593176725495442,0.005054809838526731,0.2599762780094317,0.6693899755713378,1.4320893332251243,0,0.08593176725495442
hitter,663886,Tyler Stephenson,CIN,10,0.08575849794437425,0.008575849794437426,0.17007957981202657,0.7503196626326476,1.7431010790172898,0.08575849794437425,0
hitter,663993,Nathaniel Lowe,CIN,11,0.0853046756363077,0.007754970512391609,0.19698134026028746,0.6606597324058355,1.3795522238536386,0.0853046756363077,0
pitcher,622608,Antonio Senzatela,COL,6,0.08505263948124303,0.014175439913540505,0.1569143781288529,0.6721971475906696,1.5077325748126278,0,0.08505263948124303
hitter,806198,Cooper Pratt,MIL,3,0.08479789851950922,0.028265966173169742,0.1348963904906127,0.6619697580074629,1.279634077280333,0.08479789851950922,0
hitter,681715,Heriberto Hernández,MIA,17,0.08407379951105645,0.004945517618297438,0.2866084940295969,0.6101549706640647,1.1625042183472065,0.08407379951105645,0
hitter,656305,Matt Chapman,SF,10,0.08406902687401857,0.008406902687401857,0.21652853597804464,0.6602309276193956,1.4304323830403802,0.08406902687401857,0
pitcher,656848,Michael Petersen,MIA,13,0.08405726511655003,0.006465943470503848,0.2685607744100378,0.661721702107015,1.5198516151945483,0,0.08405726511655003
hitter,682657,Angel Martínez,CLE,10,0.08303305738856429,0.008303305738856428,0.19295294068450203,0.6520386856314515,1.4141947918088864,0.08303305738856429,0
pitcher,665871,Javier Assad,CHC,5,0.0826142123841255,0.0165228424768251,0.1853039521621676,0.6530739269287726,1.2582854837182968,0,0.0826142123841255
hitter,800325,Luis Lara,MIL,12,0.08254824269781293,0.006879020224817744,0.16443951076576208,0.7419974597913807,1.6394128896492886,0.08254824269781293,0
pitcher,805673,Zebby Matthews,MIN,11,0.08239948905228661,0.007490862641116965,0.18342884994801179,0.6844930659390022,1.401291335512221,0,0.08239948905228661
hitter,677942,Blaze Alexander,BAL,8,0.08174830228534145,0.010218537785667682,0.11373572684944573,0.8435838176024073,2.1640230238487037,0.08174830228534145,0
hitter,669357,Nolan Gorman,STL,4,0.08162990324831551,0.020407475812078878,0.13090259256260536,0.7636066549489775,2.1475897679930243,0.08162990324831551,0
pitcher,686799,Jack Kochanowicz,LAA,13,0.08152930094030825,0.006271484687716019,0.20622079092694062,0.6786513034611564,1.3814573913605774,0,0.08152930094030825
hitter,575929,Willson Contreras,BOS,9,0.08133429295846988,0.00903714366205221,0.22470205361619233,0.6786238902418289,1.5310950977560869,0.08133429295846988,0
pitcher,681293,Spencer Arrighetti,HOU,11,0.08131332971286878,0.007392120882988071,0.2704435255099598,0.5958592546843693,1.125073469708667,0,0.08131332971286878
hitter,605170,Victor Caratini,MIN,14,0.08119482110554492,0.005799630078967494,0.1974404412957077,0.7548268409660726,1.8368576392841531,0.08119482110554492,0
hitter,502671,Paul Goldschmidt,NYY,10,0.08109115816135774,0.008109115816135774,0.19541694094600615,0.6529021466351588,1.2684874016406875,0.08109115816135774,0
hitter,669477,Casey Schmitt,SF,11,0.08101908614397309,0.007365371467633917,0.21151318922822251,0.6553452505539723,1.3400365031802492,0.08101908614397309,0
hitter,660688,Keibert Ruiz,WSH,9,0.08098239274206852,0.008998043638007613,0.2093722374636493,0.6296269024731247,1.2881295743085226,0.08098239274206852,0
pitcher,663969,Tyler Phillips,MIA,15,0.08086841227335774,0.005391227484890516,0.21994022360587184,0.681596952016154,1.4488691657545707,0,0.08086841227335774
pitcher,664991,Grant Wolfram,BAL,6,0.08069455110807361,0.013449091851345601,0.13046245865209868,0.8123793446120505,2.021260348805725,0,0.08069455110807361
hitter,673548,Seiya Suzuki,CHC,12,0.08062849485551078,0.0067190412379592316,0.3175962324744866,0.5808611469675498,1.1007890497978514,0.08062849485551078,0
hitter,516782,Starling Marte,KC,7,0.08058505448024862,0.011512150640035518,0.12424566976785067,0.8115626260038106,2.2468224465291415,0.08058505448024862,0
hitter,686765,Nick Sogard,BOS,8,0.07978912406225762,0.009973640507782202,0.1794921697204822,0.6542554296652473,1.3035337860205383,0.07978912406225762,0
pitcher,666661,Juan Morillo,AZ,6,0.0795604856345589,0.013260080939093151,0.17241603835742988,0.6570238788392123,1.3411023384429164,0,0.0795604856345589
hitter,703197,Michael Arroyo,SEA,2,0.07924572651231807,0.03962286325615903,0.08657751528325452,0.9259260327600508,2.6510395888836173,0.07924572651231807,0
hitter,691718,Pete Crow-Armstrong,CHC,11,0.07908678929045458,0.007189708117314053,0.24073209823742658,0.6270364658351227,1.3258609042519092,0.07908678929045458,0
pitcher,676083,Janson Junk,MIA,11,0.07904581127191629,0.007185982842901481,0.2519807563843967,0.5797396608630551,1.0383876002789063,0,0.07904581127191629
pitcher,807739,Kade Anderson,SEA,8,0.07856558375210798,0.009820697969013498,0.2140097542364534,0.6084576815786672,1.0990463152898633,0,0.07856558375210798
hitter,681393,Connor Norby,COL,9,0.07838108218344879,0.00870900913149431,0.21289220133830963,0.5882095464482844,1.1559557880562952,0.07838108218344879,0
pitcher,519242,Chris Sale,ATL,14,0.07824669818823804,0.005589049870588432,0.27280029166862263,0.6508710543846112,1.3476339127532884,0,0.07824669818823804
hitter,676724,Jared Young,NYM,8,0.07817577889657497,0.009771972362071871,0.2133440547983865,0.5783318307269217,1.0293664609590296,0.07817577889657497,0
hitter,624431,Jose Trevino,CIN,7,0.07815256606860942,0.011164652295515632,0.15969133097468224,0.7095450518624763,1.5615743860312101,0.07815256606860942,0
pitcher,677865,Justin Bruihl,STL,11,0.07796287972404231,0.007087534520367483,0.22907316543810666,0.5987686850363141,1.2113418266691227,0,0.07796287972404231
pitcher,684007,Shota Imanaga,CHC,14,0.0779570766798737,0.005568362619990978,0.19872472247900796,0.6959018569926104,1.4596298871453317,0,0.0779570766798737
hitter,690984,Petey Halpin,CLE,6,0.07774512843808432,0.012957521406347386,0.15403477620170644,0.6502464548820734,1.2336781201528353,0.07774512843808432,0
pitcher,686613,Hunter Brown,HOU,14,0.07753631218289946,0.005538308013064247,0.265227770254046,0.6140553991792455,1.200452009173187,0,0.07753631218289946
pitcher,702193,Andrew Morris,MIN,9,0.07729782993363987,0.00858864777040443,0.2760330323491649,0.5276189176291205,0.8614966985921718,0,0.07729782993363987
hitter,701398,Sal Stewart,CIN,7,0.07660650383597983,0.010943786262282833,0.1406068248925732,0.738682957954839,1.7330679108298928,0.07660650383597983,0
pitcher,669372,J.T. Ginn,ATH,7,0.07657449576797032,0.010939213681138617,0.17984826711657498,0.5899740349718072,1.0281762672059047,0,0.07657449576797032
hitter,672695,Geraldo Perdomo,AZ,10,0.07657181583541259,0.007657181583541259,0.2197436142274862,0.6001228832185417,1.0687888510134758,0.07657181583541259,0
hitter,668885,Austin Martin,MIN,12,0.0765517531376325,0.006379312761469375,0.2606800280322783,0.579881630838997,1.176717973527716,0.0765517531376325,0
pitcher,661395,Jhoan Duran,PHI,4,0.07642128897910909,0.019105322244777272,0.17036813218922137,0.5923683189394766,1.0763424629761447,0,0.07642128897910909
hitter,694728,Brice Matthews,HOU,6,0.0763924465437579,0.01273207442395965,0.18540022861887484,0.5849993863907414,1.0427303988064052,0.0763924465437579,0
hitter,662139,Daulton Varsho,HOU,8,0.07633718974178115,0.009542148717722644,0.1717727771314257,0.7080735606484998,1.563782271880599,0.07633718974178115,0
hitter,691777,Max Muncy,ATH,9,0.07632614260405354,0.008480682511561505,0.16524246338253337,0.68801198411956,1.5290890930090564,0.07632614260405354,0
pitcher,656605,Mitch Keller,PIT,10,0.0761923288904489,0.00761923288904489,0.26319894093702506,0.613389610204961,1.1978739810831935,0,0.0761923288904489
hitter,670231,John Rave,KC,4,0.07616576609298259,0.019041441523245647,0.209976705146813,0.5133293656717455,0.7931190188027829,0.07616576609298259,0
hitter,677587,Brayan Rocchio,CLE,13,0.07606927312541437,0.005851482548108798,0.25248654826949984,0.6200779465266836,1.2107657032206616,0.07606927312541437,0
pitcher,554430,Zack Wheeler,PHI,11,0.07576437514691822,0.006887670467901657,0.2742550402552429,0.5400283253774902,0.9207950308718363,0,0.07576437514691822
hitter,683357,Owen Caissie,MIA,5,0.07569115209972428,0.015138230419944856,0.2922458510509316,0.5277622283960346,0.8384596308899152,0.07569115209972428,0
hitter,662139,Daulton Varsho,TOR,12,0.07549689303619372,0.006291407753016144,0.20219206140149096,0.7026618172413954,1.8167337931164296,0.07549689303619372,0
hitter,666160,Mickey Moniak,COL,5,0.07536785268744567,0.015073570537489134,0.1551595190137132,0.6527123279636627,1.3015839572584489,0.07536785268744567,0
pitcher,663947,Tyler Holton,DET,11,0.07531424271324236,0.006846749337567487,0.15781637532001297,0.7429972605319537,1.6977193266468311,0,0.07531424271324236
pitcher,518585,Fernando Cruz,NYY,4,0.0751707337406559,0.018792683435163975,0.13747614816859977,0.6689807620117303,1.2824953121398495,0,0.0751707337406559
pitcher,666171,Ryan Zeferjahn,LAA,7,0.07504370042273686,0.010720528631819552,0.20768300215617624,0.5783007628445693,1.0186040749038443,0,0.07504370042273686
hitter,694203,Denzer Guzman,LAA,6,0.07460888202960336,0.012434813671600561,0.17746676993417926,0.7074915484520504,1.6221998759478076,0.07460888202960336,0
pitcher,687473,Ryan Gusto,MIA,8,0.07458723723434159,0.009323404654292699,0.1933246488029795,0.592465324424554,1.0541375825691766,0,0.07458723723434159
pitcher,663623,Jake Irvin,WSH,12,0.07449611943248363,0.006208009952706969,0.2658694506844095,0.575487282891618,1.0165494296601185,0,0.07449611943248363
hitter,571970,Max Muncy,LAD,10,0.07437546287369337,0.007437546287369337,0.19642029484378826,0.6553355334328921,1.3762126606830667,0.07437546287369337,0
hitter,572233,Christian Walker,HOU,9,0.07418993031743137,0.008243325590825709,0.19678696578201677,0.6712081266290415,1.5441082983958294,0.07418993031743137,0
pitcher,677958,Kumar Rocker,TEX,13,0.07418433247542087,0.005706487113493914,0.14683889511349016,0.7603672795116532,1.7966940492754917,0,0.07418433247542087
pitcher,683769,Hunter Gaddis,CLE,8,0.07364488446348956,0.009205610557936195,0.15677433960923226,0.7129823729131954,1.6517721583337153,0,0.07364488446348956
pitcher,596133,Luke Weaver,NYM,5,0.07332714775697285,0.014665429551394571,0.188385647997644,0.5882199121945957,1.050597759983107,0,0.07332714775697285
hitter,686469,Vinnie Pasquantino,KC,9,0.07325341403286542,0.008139268225873936,0.1356527446508219,0.7595039078399726,1.84667709158908,0.07325341403286542,0
hitter,695600,Carter Jensen,KC,14,0.07288599479410439,0.005206142485293171,0.31294119549277,0.5373853007021816,0.9037037129469423,0.07288599479410439,0
hitter,665019,Kody Clemens,MIN,9,0.07283947075854194,0.008093274528726883,0.12397806249943544,0.8003418535801945,1.9560020445712298,0.07283947075854194,0
hitter,669743,Alex Call,LAD,6,0.07262155265425682,0.012103592109042804,0.1504643025357846,0.6621337791076126,1.3477221030722175,0.07262155265425682,0
hitter,696030,Alejandro Osuna,TEX,8,0.07228850086415839,0.009036062608019799,0.14445163426677576,0.7399508668265377,1.7935101372474975,0.07228850086415839,0
pitcher,676917,Cade Cavalli,WSH,11,0.07222716281674485,0.006566105710613168,0.20750885403029334,0.6491426818050695,1.3615701911200246,0,0.07222716281674485
hitter,656811,Ryan O'Hearn,PIT,8,0.07202441760555725,0.009003052200694656,0.2577335612916659,0.5708577110428932,1.0098260656571592,0.07202441760555725,0
pitcher,677944,Slade Cecconi,CLE,10,0.07187306605734295,0.007187306605734295,0.22731677342727888,0.6179332917978226,1.2261799205904296,0,0.07187306605734295
hitter,666152,David Hamilton,MIL,5,0.07180868848113212,0.014361737696226423,0.1060731902438996,0.7360130485863113,1.8570715298198486,0.07180868848113212,0
pitcher,621074,Michael Rucker,SEA,1,0.0717308272131801,0.0717308272131801,0.1416580477332381,0.5428339890816829,0.8788177175431544,0,0.0717308272131801
hitter,665923,Esteury Ruiz,MIA,7,0.0710044912268635,0.010143498746694787,0.14092328084821557,0.7057430061340544,1.4777320826148934,0.0710044912268635,0
hitter,605141,Mookie Betts,LAD,13,0.07088903620580135,0.005453002785061643,0.15541567253702857,0.7629501869313398,1.9331891238256824,0.07088903620580135,0
hitter,669242,Tommy Edman,LAD,7,0.07071944922957359,0.010102778461367656,0.1438467645385379,0.7038499479630163,1.607577197218409,0.07071944922957359,0
hitter,682668,Luisangel Acuña,CWS,7,0.07069137693380072,0.010098768133400103,0.12752616692350818,0.7510462896449779,1.693601636114565,0.07069137693380072,0
pitcher,689296,Anthony Nunez,BAL,8,0.07057040735753486,0.008821300919691858,0.1663162642522451,0.6845966241703193,1.4526485048360964,0,0.07057040735753486
pitcher,677161,Zack Kelly,BOS,7,0.07017254681645775,0.01002464954520825,0.13880006895834357,0.7258315555498577,1.9068476463824438,0,0.07017254681645775
hitter,689414,Liam Hicks,TB,6,0.07011376423138052,0.011685627371896753,0.13641261448382364,0.7342004941000742,1.9029154114684401,0.07011376423138052,0
pitcher,518876,Merrill Kelly,AZ,15,0.07007316516185362,0.004671544344123575,0.2584905781295027,0.61622553950837,1.1563608942763266,0,0.07007316516185362
hitter,691016,Tyler Soderstrom,ATH,6,0.06995014349955746,0.011658357249926242,0.18415775240699067,0.6950368554314775,1.533398402322195,0.06995014349955746,0
pitcher,663460,Kris Bubic,KC,5,0.06981340820261102,0.013962681640522204,0.17531508096315407,0.513361066834668,0.8474323722456607,0,0.06981340820261102
hitter,700932,Kyle Manzardo,CLE,7,0.06973049454534887,0.009961499220764124,0.14389539716372243,0.6956955719653622,1.493043826264294,0.06973049454534887,0
hitter,666176,Jo Adell,LAA,8,0.06955435474894552,0.00869429434361819,0.22099469717863465,0.6267386880455479,1.3000520113728062,0.06955435474894552,0
pitcher,621381,Matt Strahm,KC,3,0.06954875087908204,0.023182916959694013,0.2634039244247091,0.6597660026139679,1.6764094686980036,0,0.06954875087908204
hitter,592885,Christian Yelich,MIL,10,0.06953791492142736,0.006953791492142735,0.2456252906782065,0.5795166386708598,1.0369726859423456,0.06953791492142736,0
hitter,668952,Ryan Kreidler,MIN,8,0.06944742081163469,0.008680927601454336,0.2013314382070941,0.6100435062853932,1.1145129678562926,0.06944742081163469,0
pitcher,643377,Griffin Jax,TB,7,0.06856044250458418,0.009794348929226312,0.1469904973694368,0.651903100443106,1.248305576544515,0,0.06856044250458418
pitcher,701656,Logan Henderson,MIL,9,0.06847617351504669,0.007608463723894076,0.1636070600860947,0.6579757798101462,1.3048800197324475,0,0.06847617351504669
pitcher,669020,Ryan Rolison,CHC,8,0.06845457499452125,0.008556821874315156,0.177357524098453,0.6067528258442074,1.1289752050360007,0,0.06845457499452125
pitcher,641329,Bryan Baker,TB,7,0.06819206282784873,0.009741723261121247,0.21926233176462517,0.5280033015913486,0.8770236767140079,0,0.06819206282784873
pitcher,686973,Louis Varland,TOR,6,0.0679453405881937,0.011324223431365616,0.23575942863777505,0.5021368613414859,0.7573765992449948,0,0.0679453405881937
hitter,691723,Coby Mayo,BAL,9,0.06786464389024516,0.007540515987805018,0.11153731811475642,0.8192277325997064,2.0425890989167486,0.06786464389024516,0
pitcher,702752,Jonathan Pintaro,NYM,3,0.06769849194145318,0.022566163980484392,0.13875430696687868,0.5363586908667016,0.8684757018657843,0,0.06769849194145318
hitter,657136,Connor Wong,BOS,7,0.06716660798169447,0.009595229711670638,0.15657776811438934,0.6583303615108039,1.4345853537558813,0.06716660798169447,0
hitter,804668,Rafael Flores Jr.,PIT,2,0.06708454670699533,0.033542273353497666,0.1197825370917035,0.5441415621246779,0.9389942337088852,0.06708454670699533,0
hitter,669224,Austin Wells,NYY,4,0.06700091644762558,0.016750229111906396,0.24669978712660512,0.498801505458892,0.7446829277285101,0.06700091644762558,0
pitcher,693433,Bryan Woo,SEA,14,0.06697437013863138,0.0047838835813308125,0.2461731642774359,0.5814906680334823,1.0130385695316517,0,0.06697437013863138
pitcher,814490,Ethan Pecko,HOU,9,0.06695475350914898,0.007439417056572108,0.13729726562535483,0.7348157091222047,1.67189791946912,0,0.06695475350914898
hitter,691783,Jordan Lawlar,AZ,7,0.06690548979486112,0.009557927113551589,0.15037775529266262,0.6745234794737615,1.3558948419367343,0.06690548979486112,0
pitcher,656849,David Peterson,CHC,8,0.06666559499772627,0.008333199374715784,0.2517492912872154,0.5270159730198392,0.8394082817325434,0,0.06666559499772627
hitter,665161,Jeremy Peña,HOU,9,0.06660509921653339,0.007400566579614821,0.11593792485109305,0.801747824939335,2.0874759944018866,0.06660509921653339,0
pitcher,663158,Robert Suarez,ATL,3,0.06650142796198073,0.02216714265399358,0.14518573495639997,0.5396133867731933,0.8711677495282464,0,0.06650142796198073
pitcher,676604,Tyler Zuber,MIA,10,0.06648354176980326,0.006648354176980326,0.16855082704036184,0.6942878023625272,1.538569153719059,0,0.06648354176980326
pitcher,621366,Ryan Borucki,SF,2,0.06648077724925221,0.033240388624626103,0.10312988697603034,0.768195105075461,1.6556476886961762,0,0.06648077724925221
hitter,607043,Brandon Nimmo,TEX,6,0.06624087515367123,0.011040145858945206,0.15938920517049562,0.6080156544854545,1.1040560305873262,0.06624087515367123,0
pitcher,815081,Mark Manfredi,COL,3,0.06622635078423143,0.022075450261410477,0.07793251242367799,0.8637813514184526,2.503836327908451,0,0.06622635078423143
pitcher,500779,Jose Quintana,COL,11,0.06621744482327789,0.006019767711207081,0.21344572210079837,0.5941695855490586,1.1145780918355126,0,0.06621744482327789
pitcher,681347,Mike Burrows,HOU,12,0.06600785768374905,0.0055006548069790875,0.21547464884731848,0.6493782966662063,1.313502241852241,0,0.06600785768374905
hitter,664023,Ian Happ,CHC,13,0.06592754888032107,0.0050713499138708516,0.1756648402336897,0.6836989303181198,1.6528941074975232,0.06592754888032107,0
pitcher,682227,Brandon Williamson,CIN,10,0.0658464886750014,0.00658464886750014,0.14899323113267496,0.7644248667804887,1.7718269499768646,0,0.0658464886750014
pitcher,688107,Robert Gasser,MIL,8,0.06584424688884696,0.00823053086110587,0.15636706734056738,0.6792218904156955,1.4631417658900496,0,0.06584424688884696
hitter,647304,Josh Naylor,SEA,7,0.06582064893630667,0.00940294984804381,0.14184654844213201,0.7707075349820264,2.077315526127527,0.06582064893630667,0
hitter,808959,Munetaka Murakami,CWS,9,0.06560862891144648,0.007289847656827386,0.21540305345762434,0.5861377301606038,1.0580851167691885,0.06560862891144648,0
pitcher,663362,Matt Waldron,SD,2,0.06545946149843009,0.03272973074921504,0.0987015937575274,0.710457386398748,1.430289954868549,0,0.06545946149843009
hitter,663656,Kyle Tucker,LAD,13,0.06543559304800992,0.005033507157539224,0.28179715023364793,0.5980613334644013,1.1764469899089502,0.06543559304800992,0
hitter,696100,Hunter Goodman,COL,8,0.065326413330369,0.008165801666296124,0.10487092280821,0.7985908085962743,1.9449516173889352,0.065326413330369,0
pitcher,668941,JoJo Romero,STL,5,0.06525755236863101,0.013051510473726203,0.15238312856848657,0.5999100212460006,1.2358732151235678,0,0.06525755236863101
hitter,670042,Luke Raley,SEA,11,0.06523528328379442,0.005930480298526766,0.19415049701946646,0.6350960159992397,1.2650564112657279,0.06523528328379442,0
hitter,573262,Mike Yastrzemski,ATL,9,0.0649480905883647,0.0072164545098183,0.12019456762897787,0.7864892619472563,1.8311352776048588,0.0649480905883647,0
pitcher,622554,Seranthony Domínguez,CWS,6,0.06472235468469839,0.010787059114116399,0.22705809303932642,0.5362275630302918,1.0311028488585283,0,0.06472235468469839
pitcher,676395,Robert Garcia,TEX,5,0.06456573024077805,0.01291314604815561,0.1569332699875784,0.5537935513750911,0.9173833273428631,0,0.06456573024077805
hitter,805779,Jacob Wilson,ATH,11,0.06452497887596172,0.005865907170541974,0.15814003469159305,0.6997904628922221,1.4920064563151898,0.06452497887596172,0
pitcher,687312,Gabriel Hughes,COL,10,0.06424289528093208,0.006424289528093208,0.1708134766864673,0.6689336023277281,1.380420665462434,0,0.06424289528093208
hitter,660271,Shohei Ohtani,LAD,6,0.06415662572023546,0.010692770953372578,0.20583375556389022,0.6075066779929683,1.1747400557075673,0.06415662572023546,0
hitter,677649,Ezequiel Duran,TEX,13,0.06406607606320612,0.004928159697169702,0.19045343713698465,0.6683840285361037,1.382009448411734,0.06406607606320612,0
hitter,694371,Tommy Troy,AZ,5,0.06386607281241082,0.012773214562482163,0.09919117549738618,0.7891391546278499,2.0270103826730788,0.06386607281241082,0
hitter,800050,Chase DeLauter,CLE,9,0.06374408100084653,0.007082675666760725,0.18745982188433144,0.5850301694586217,1.023365658485667,0.06374408100084653,0
hitter,518692,Freddie Freeman,LAD,6,0.06373353069423462,0.01062225511570577,0.14337535707591978,0.6522642561077866,1.253428115629104,0.06373353069423462,0
pitcher,608372,Tomoyuki Sugano,COL,12,0.06365359275231719,0.005304466062693099,0.15085921848580386,0.7296939127874236,1.755074009395357,0,0.06365359275231719
hitter,641857,Ryan McMahon,NYY,8,0.06356976667992524,0.007946220834990655,0.16432287844908247,0.6281839142360851,1.2080534088215644,0.06356976667992524,0
pitcher,686796,Blake Walston,AZ,1,0.06301060016555553,0.06301060016555553,0.2815554699336149,0.2814698686308056,0.04711332158074466,0,0.06301060016555553
hitter,683146,Brett Baty,NYM,8,0.06299169972598832,0.00787396246574854,0.19111762471695473,0.6114450726499844,1.1497860197197378,0.06299169972598832,0
hitter,665926,Andrés Giménez,TOR,10,0.06292963707325656,0.006292963707325657,0.17566052337173527,0.6342513945485827,1.2420599171982891,0.06292963707325656,0
hitter,656941,Kyle Schwarber,PHI,9,0.06286191570998857,0.006984657301109841,0.2171639884191921,0.5823629492048026,1.0307943640928174,0.06286191570998857,0
hitter,682622,Noelvi Marte,CIN,2,0.0625399540903891,0.03126997704519455,0.07621266900765691,0.8168251195310168,2.377428532931387,0.0625399540903891,0
pitcher,689254,Mason Fluharty,TOR,7,0.06250862484638522,0.008929803549483603,0.09582052372231258,0.8362765605093274,2.2071057956610125,0,0.06250862484638522
hitter,650489,Willi Castro,COL,11,0.06243139284070033,0.005675581167336394,0.22058999190850073,0.6054225416121432,1.330286017900332,0.06243139284070033,0
hitter,621493,Taylor Ward,SEA,7,0.06223780605506267,0.00889111515072324,0.09129749961307562,0.816442419531989,2.064048188242931,0.06223780605506267,0
pitcher,694346,Trey Gibson,BAL,8,0.06201382656718356,0.007751728320897945,0.15230294369192973,0.6966871249126072,1.771571463840942,0,0.06201382656718356
pitcher,681870,Erik Sabrowski,CLE,4,0.06194958930200585,0.015487397325501463,0.1807052460607012,0.5691514153905672,0.978571913133311,0,0.06194958930200585
pitcher,694477,Chad Patrick,MIL,11,0.061421867981946654,0.005583806180176968,0.21647775010695117,0.6035495682876788,1.2807074999560824,0,0.061421867981946654
pitcher,680570,Grayson Rodriguez,LAA,9,0.06141286240576243,0.006823651378418048,0.17423643558817314,0.5951702328885723,1.1202789123345158,0,0.06141286240576243
pitcher,664141,JT Brubaker,SF,3,0.06091591488439645,0.020305304961465483,0.08111713132257257,0.9142890622137658,3.4078817429246526,0,0.06091591488439645
hitter,682626,Francisco Alvarez,NYM,8,0.06087238870162463,0.007609048587703079,0.21041628580279192,0.577149786793834,1.0634201815906872,0.06087238870162463,0
pitcher,605400,Aaron Nola,PHI,13,0.06070805486703887,0.004669850374387606,0.2331085499047712,0.6125358784824211,1.1744874339518008,0,0.06070805486703887
pitcher,666142,Cole Ragans,KC,9,0.060706740302748904,0.0067451933669721,0.1452054915030292,0.6789629515176031,1.427682834909801,0,0.060706740302748904
hitter,669707,Jared Triolo,PIT,10,0.06055116413719942,0.006055116413719942,0.14954653759024417,0.7040559406078499,1.8410602896000607,0.06055116413719942,0
pitcher,608566,Germán Márquez,SD,7,0.06040219120883011,0.0086288844584043,0.1842408707208363,0.5430849244907799,0.8873253783719689,0,0.06040219120883011
hitter,678662,Ezequiel Tovar,COL,11,0.060379536608180524,0.005489048782561866,0.12697172141440924,0.7760699311076746,1.9454013748961962,0.060379536608180524,0
pitcher,690829,Ben Joyce,LAA,5,0.060176645216437966,0.012035329043287593,0.14460157250811856,0.6193153644669666,1.223333720952652,0,0.060176645216437966
hitter,666624,Christopher Morel,MIA,3,0.06014464472107092,0.020048214907023642,0.11455522925494899,0.6763310071257372,1.485423197147372,0.06014464472107092,0
hitter,641933,Tyler O'Neill,BAL,9,0.060108997705771265,0.006678777522863474,0.12369555415575108,0.7719466507038883,2.171005245144545,0.060108997705771265,0
pitcher,702885,Cesar Perdomo,SF,5,0.05963269380611831,0.011926538761223663,0.08332438906484874,0.8327797766909214,2.2798303838897533,0,0.05963269380611831
hitter,650859,Luis Rengifo,MIL,7,0.059435236690478135,0.008490748098639733,0.14291863324039167,0.649250000328046,1.3697132822770042,0.059435236690478135,0
hitter,680869,Zack Gelof,ATH,4,0.05932205788358805,0.014830514470897012,0.12095780729827824,0.6923249780272963,1.3846212204076815,0.05932205788358805,0
pitcher,668970,Gavin Hollowell,CHC,5,0.05885190531292482,0.011770381062584965,0.12588750741425864,0.7393483927551425,1.7032081838550468,0,0.05885190531292482
pitcher,608718,Brent Suter,LAA,5,0.05883083179771924,0.011766166359543848,0.1041056954500626,0.6868857416649677,1.4034097166736892,0,0.05883083179771924
pitcher,808825,Andrew Sears,DET,3,0.058694827340786994,0.019564942446929,0.11834535590184048,0.5520158870901312,0.9324963681917846,0,0.058694827340786994
hitter,691785,Marcelo Mayer,BOS,2,0.05859254099895756,0.02929627049947878,0.07956300883233822,0.7558124567688012,1.6562251902769158,0.05859254099895756,0
hitter,673962,Josh Jung,TEX,8,0.05822842199269589,0.007278552749086987,0.1373517916909174,0.7132403719909153,1.7089964654264533,0.05822842199269589,0
pitcher,667652,Jack Ralston,MIA,3,0.05805118636009127,0.019350395453363756,0.13637567273514212,0.5366200353571328,0.8614640205657027,0,0.05805118636009127
pitcher,605447,Jordan Romano,COL,4,0.057989235138855164,0.014497308784713791,0.09172544419213047,0.7782452059939838,1.7620515510214911,0,0.057989235138855164
pitcher,592662,Robbie Ray,SF,8,0.05783055459104641,0.0072288193238808016,0.1564761387821202,0.6017324025787985,1.1181386182309696,0,0.05783055459104641
hitter,668939,Adley Rutschman,BAL,9,0.05764492727937963,0.00640499191993107,0.17608018580455634,0.6085792001690301,1.1261016768226833,0.05764492727937963,0
pitcher,694361,Will Klein,LAD,4,0.05756434442709362,0.014391086106773405,0.17353282961940752,0.5885607172112315,1.0933681929683943,0,0.05756434442709362
hitter,700250,Ben Rice,NYY,10,0.05732606782891999,0.005732606782891999,0.17951835384508025,0.6451056529173427,1.2966685161416316,0.05732606782891999,0
hitter,542303,Marcell Ozuna,PIT,9,0.0570937272373127,0.006343747470812522,0.13414995089286266,0.734620141012529,1.7453327734490967,0.0570937272373127,0
hitter,642350,Jose Siri,LAA,9,0.05707445950466291,0.006341606611629212,0.15602429256050415,0.6698544841798557,1.4554882910167701,0.05707445950466291,0
hitter,686780,Pedro Pagés,STL,5,0.05685818506389805,0.011371637012779611,0.1191694645260457,0.6620951883199895,1.304465660194591,0.05685818506389805,0
pitcher,675512,Troy Melton,DET,12,0.05681843599989049,0.004734869666657541,0.1925488670156455,0.63601205474936,1.2290386633398167,0,0.05681843599989049
pitcher,592662,Robbie Ray,SD,7,0.0567918033818856,0.0081131147688408,0.15047726530382544,0.6743474072013702,1.9229230994190054,0,0.0567918033818856
hitter,664761,Alec Bohm,PHI,9,0.05673270324829268,0.0063036336942547426,0.13784663884323028,0.6819455707189752,1.4709949815405372,0.05673270324829268,0
pitcher,676263,Jack Dreyer,LAD,7,0.05616456169990641,0.008023508814272344,0.15805368434599792,0.6675281108634612,1.3483952814012952,0,0.05616456169990641
pitcher,694918,Blade Tidwell,SF,9,0.05613617316256263,0.0062373525736180695,0.13396716428648703,0.6844373967864255,1.5156951589251422,0,0.05613617316256263
hitter,694197,Angel Genao,CLE,9,0.056033621767380054,0.0062259579741533394,0.12270674457415962,0.7392549158938293,1.648619302435045,0.056033621767380054,0
hitter,666211,Taylor Trammell,HOU,6,0.05601970730514823,0.009336617884191371,0.13822989964355575,0.6277089917889432,1.2738699476188717,0.05601970730514823,0
hitter,645302,Victor Robles,SEA,3,0.05560530696202055,0.018535102320673517,0.10318721593841951,0.6569249921582209,1.244795523048087,0.05560530696202055,0
hitter,677594,Julio Rodríguez,SEA,8,0.0555944209142668,0.00694930261428335,0.12381730211336998,0.724077637965193,1.5384858927154317,0.0555944209142668,0
hitter,665833,Oneil Cruz,PIT,9,0.055577998881833464,0.006175333209092607,0.15245992043308576,0.6579781001055208,1.559844641660811,0.055577998881833464,0
hitter,642715,Willy Adames,SF,12,0.055469310321615936,0.004622442526801328,0.19724871724669774,0.6524986072914563,1.400558686078269,0.055469310321615936,0
hitter,669134,Luis Campusano,SD,8,0.05518030404507015,0.0068975380056337686,0.1361661864569847,0.6689281572997327,1.4980096063933293,0.05518030404507015,0
hitter,687093,Vaughn Grissom,LAA,9,0.05491212408530963,0.006101347120589958,0.2086430277535991,0.5198146915235461,0.8144640355853356,0.05491212408530963,0
hitter,700337,Edgar Quero,CWS,9,0.05484330110673934,0.0060937001229710375,0.14643106647011933,0.6860951332707524,1.4754065537683219,0.05484330110673934,0
pitcher,641816,Tyler Mahle,SF,9,0.05484080879236911,0.006093423199152123,0.1677481924746761,0.6523916663327448,1.33064023959717,0,0.05484080879236911
pitcher,592773,Ryne Stanek,STL,9,0.05434915751431983,0.0060387952793688705,0.163561050160724,0.6138213629820972,1.1448242056233662,0,0.05434915751431983
pitcher,669084,DL Hall,MIL,7,0.05427675044161794,0.007753821491659706,0.16862908539034432,0.6389968309252075,1.3119466519710532,0,0.05427675044161794
pitcher,680730,Mitchell Parker,WSH,7,0.05415145564477283,0.007735922234967547,0.13022795491711053,0.6563636001058664,1.2905370213481666,0,0.05415145564477283
hitter,807712,Luke Keaschall,MIN,8,0.0537088260813137,0.0067136032601642125,0.17265511375196552,0.5900054997728321,1.0361610469186124,0.0537088260813137,0
hitter,641487,J.P. Crawford,SEA,6,0.053497489321725905,0.00891624822028765,0.152538363075351,0.6086655282123815,1.2363059259766465,0.053497489321725905,0
pitcher,657277,Logan Webb,SF,9,0.05349258484865639,0.005943620538739599,0.20057184470420886,0.588673586236093,1.0622318119365108,0,0.05349258484865639
pitcher,669373,Tarik Skubal,DET,5,0.05345243853849965,0.01069048770769993,0.1404721322958769,0.6460790984049412,1.4818349202766903,0,0.05345243853849965
hitter,679845,Nick Loftin,KC,7,0.05340921337225458,0.007629887624607797,0.10869746076169134,0.7010385333988826,1.4576817176310715,0.05340921337225458,0
hitter,806367,Turner Hill,SF,5,0.05288148427591721,0.010576296855183442,0.09978975576108862,0.7073694854882249,1.4923842575177257,0.05288148427591721,0
pitcher,608331,Max Fried,NYY,11,0.052820495303664956,0.0048018632094240865,0.16102025131178954,0.7217509928088159,1.7483501813828228,0,0.052820495303664956
hitter,676914,Davis Schneider,TOR,7,0.052812380676414375,0.007544625810916339,0.1460796342093101,0.6986244230709631,1.5463949596193451,0.052812380676414375,0
pitcher,688297,Chris Roycroft,ATH,2,0.052796853316531375,0.026398426658265688,0.061795307097842866,0.91051780666547,2.6282745564029937,0,0.052796853316531375
hitter,664728,Kyle Isbel,KC,9,0.052762178075524586,0.005862464230613843,0.1448947657453989,0.6750903431694829,1.4316592182131131,0.052762178075524586,0
hitter,663837,Matt Vierling,DET,6,0.05273715498430926,0.00878952583071821,0.13152708002033794,0.641926730263135,1.2259146137796908,0.05273715498430926,0
pitcher,673513,Yuki Matsui,SD,7,0.052695722936191326,0.007527960419455903,0.1546092800541188,0.6216628400020515,1.2642587919298873,0,0.052695722936191326
hitter,657041,Lane Thomas,KC,8,0.05265342617804396,0.006581678272255495,0.1640192818634255,0.6469819082501027,1.2664895498956799,0.05265342617804396,0
hitter,667472,Dane Myers,CIN,10,0.05261560936664429,0.005261560936664429,0.09318471076459,0.8125279552562337,2.026372824466965,0.05261560936664429,0
pitcher,623454,Drew Anderson,DET,8,0.05257129045618973,0.0065714113070237164,0.21209895560211917,0.5217892191512372,0.8431619500053256,0,0.05257129045618973
pitcher,837227,Tatsuya Imai,HOU,10,0.052495718047888815,0.005249571804788881,0.1463411638180544,0.6823762200141101,1.5085593895649825,0,0.052495718047888815
hitter,683748,Victor Mesa Jr.,TB,5,0.052339603829524746,0.01046792076590495,0.08234769222623206,0.8011283780854285,2.1874003392547747,0.052339603829524746,0
pitcher,605288,Adrian Houser,SF,11,0.0523328751284922,0.0047575341025902,0.15043364895548206,0.674806694937549,1.376164268837215,0,0.0523328751284922
pitcher,687377,Orlando Ribalta,WSH,4,0.05227840427733155,0.013069601069332887,0.15686975931469838,0.5544831030655394,1.0044622450209433,0,0.05227840427733155
pitcher,552640,Andrew Kittredge,BAL,3,0.05208378530352006,0.01736126176784002,0.08565074712375265,0.7181868145253674,1.9628600166221277,0,0.05208378530352006
pitcher,650644,Aaron Civale,CHC,4,0.05192168770963327,0.012980421927408317,0.06897207279644957,0.886530306618464,2.449940358343564,0,0.05192168770963327
hitter,679822,Justin Foscue,TEX,9,0.051885793661178424,0.005765088184575381,0.16903156791487978,0.6269824222574216,1.2170507751711186,0.051885793661178424,0
hitter,681198,TJ Rumfield,COL,4,0.05187071423834884,0.01296767855958721,0.07425320193697699,0.7698829487109862,1.8687837010843549,0.05187071423834884,0
pitcher,656212,Charlie Barnes,LAD,1,0.05179605481370152,0.05179605481370152,0.06908976638141295,0.7848767032651816,1.7207364769515623,0,0.05179605481370152
hitter,682987,Spencer Jones,NYY,6,0.05149076271483278,0.008581793785805463,0.11701640168466759,0.6876618698990459,1.4689974663096572,0.05149076271483278,0
hitter,678882,Ceddanne Rafaela,BOS,7,0.05144331870646715,0.007349045529495307,0.09621540186145788,0.7709963466031258,1.7951929278753327,0.05144331870646715,0
hitter,543309,Kyle Higashioka,TEX,8,0.05130097011422834,0.006412621264278543,0.12675026475138473,0.6798598504995665,1.3924016179284306,0.05130097011422834,0
hitter,687749,Jase Bowen,SD,4,0.05126523641934743,0.012816309104836858,0.08188044725839627,0.7667448728915927,1.8546223866965414,0.05126523641934743,0
hitter,593871,Jorge Polanco,NYM,4,0.05116953385809745,0.012792383464524363,0.15307027758138772,0.635332598740671,1.3734188598902348,0.05116953385809745,0
pitcher,680573,Simeon Woods Richardson,MIN,7,0.05107700265673524,0.007296714665247892,0.09896592182411376,0.7360122901679906,1.5642598552307276,0,0.05107700265673524
pitcher,606996,Kyle Hart,SD,8,0.05102495617229741,0.006378119521537176,0.1201199843959655,0.7252860408116061,1.6359361861684323,0,0.05102495617229741
pitcher,547973,Aroldis Chapman,BOS,9,0.050999141422629846,0.005666571269181094,0.2384832638674756,0.5050991495983937,0.7865899538842577,0,0.050999141422629846
pitcher,676106,Emerson Hancock,SEA,13,0.05093977103558227,0.003918443925814021,0.20056765393357512,0.6218293388686843,1.1732883807732843,0,0.05093977103558227
hitter,669392,Samad Taylor,SD,10,0.05093551221212667,0.005093551221212667,0.15285435332460753,0.737150906530557,1.6699335463400815,0.05093551221212667,0
pitcher,664126,Pete Fairbanks,MIA,4,0.050847273958728796,0.012711818489682199,0.15850310373023968,0.5066448815287407,0.7701217292778305,0,0.050847273958728796
pitcher,663372,Ryan Feltner,COL,11,0.05051715394741742,0.004592468540674311,0.21665056428779592,0.5883678957892736,1.0738707773165617,0,0.05051715394741742
pitcher,453286,Max Scherzer,TOR,6,0.05047272843398317,0.008412121405663862,0.09349666578779375,0.7558544224845455,1.8724162681378995,0,0.05047272843398317
pitcher,472610,Luis García,MIN,2,0.05044366398788833,0.025221831993944167,0.10043749530125867,0.589044959433473,1.1804127306574874,0,0.05044366398788833
pitcher,656546,Jeff Hoffman,TOR,7,0.05040790078017647,0.007201128682882353,0.18309657708712468,0.6222651867691393,1.2295642642140827,0,0.05040790078017647
pitcher,800600,Jackson Kent,WSH,9,0.05013892160108367,0.0055709912890092965,0.10338240353220957,0.752578847775526,1.6938424996356618,0,0.05013892160108367
pitcher,519141,Drew Pomeranz,CHC,4,0.05009183365339956,0.01252295841334989,0.1591716000565161,0.53775378192554,0.9630725435706491,0,0.05009183365339956
pitcher,650644,Aaron Civale,ATH,9,0.04995440154664536,0.005550489060738374,0.14257312640071262,0.6770680172573885,1.5135631804025829,0,0.04995440154664536
pitcher,670280,David Bednar,NYY,4,0.04970289119740418,0.012425722799351046,0.12799920917870755,0.5804700865337313,1.0014177484795623,0,0.04970289119740418
pitcher,623149,Paul Sewald,AZ,5,0.04966431365229512,0.009932862730459024,0.20336239247005966,0.44061710668928294,0.5704607878939367,0,0.04966431365229512
hitter,681393,Connor Norby,MIA,9,0.04903925986361669,0.005448806651512966,0.16857659807165093,0.6266406729133683,1.236873905697169,0.04903925986361669,0
hitter,673357,Luis Robert Jr.,NYM,6,0.04902169738834457,0.008170282898057428,0.11027022247943957,0.6733340819486613,1.4049017373319443,0.04902169738834457,0
hitter,691023,Jordan Walker,STL,9,0.04882651207226523,0.0054251680080294705,0.14118461041156566,0.6601531164588557,1.300116113222564,0.04882651207226523,0
hitter,686452,Drew Millas,WSH,4,0.04879693118455707,0.012199232796139268,0.05956076902272023,0.8734486745823901,2.4507893459219763,0.04879693118455707,0
hitter,694384,Nolan Schanuel,LAA,9,0.04879520336880982,0.005421689263201091,0.17588337352412048,0.6270441803831207,1.2903694486798218,0.04879520336880982,0
hitter,663494,Bryan Torres,STL,5,0.04864261592863724,0.009728523185727447,0.0927096858998229,0.724348278707789,1.827307247437015,0.04864261592863724,0
hitter,671732,Lawrence Butler,ATH,6,0.04862860130551027,0.008104766884251711,0.1142573459166499,0.6930069848601654,1.5034315574848491,0.04862860130551027,0
pitcher,665795,Edward Cabrera,CHC,6,0.04856688277431265,0.008094480462385442,0.09081778010089836,0.7548653286140677,1.7407160005538553,0,0.04856688277431265
pitcher,669620,Brady Basso,ATH,5,0.04849119780742585,0.00969823956148517,0.1350675311064502,0.6333813880147792,1.28424314637954,0,0.04849119780742585
pitcher,669330,Tyler Wells,BAL,5,0.04847465169452196,0.009694930338904392,0.1128237514241186,0.7043737725716473,1.4579648226138464,0,0.04847465169452196
hitter,620443,Luis Torrens,NYM,9,0.04844329843907178,0.00538258871545242,0.13297520735058488,0.6728245551175642,1.6396219570312578,0.04844329843907178,0
pitcher,700669,Gordon Graceffo,STL,5,0.04828150767260918,0.009656301534521836,0.09950391877436078,0.7267776639882337,1.5728082787652873,0,0.04828150767260918
hitter,677951,Bobby Witt Jr.,KC,7,0.048147073572624134,0.006878153367517734,0.127137424381017,0.6601560642074525,1.3945854497863297,0.048147073572624134,0
hitter,543760,Marcus Semien,NYM,8,0.04776350736497986,0.005970438420622483,0.10568990940560294,0.7469157866102087,1.6356219318944756,0.04776350736497986,0
hitter,686681,Michael Massey,KC,5,0.04752149388835166,0.009504298777670332,0.09616276520458372,0.7103577282870072,1.6657916011165725,0.04752149388835166,0
hitter,681297,Colton Cowser,BAL,7,0.04747871395939591,0.006782673422770844,0.11809335527205764,0.6755947056678709,1.5519483828109615,0.04747871395939591,0
pitcher,663878,Nate Pearson,KC,3,0.047396011958704784,0.015798670652901595,0.11556306263822044,0.6152432330293739,1.1716999184954284,0,0.047396011958704784
pitcher,681895,Evan Sisk,PIT,10,0.04730801460081962,0.004730801460081962,0.10129854779164187,0.776487036827952,1.9628213625568407,0,0.04730801460081962
pitcher,680742,Jonathan Bowlan,PHI,8,0.04714915460756249,0.0058936443259453115,0.12153947929699765,0.7134504254637171,1.567251383110802,0,0.04714915460756249
pitcher,640448,Kyle Finnegan,DET,6,0.04704871028558773,0.00784145171426462,0.12387631036653501,0.6685592311670545,1.4359092592087588,0,0.04704871028558773
pitcher,668873,Caleb Kilian,SF,4,0.047026611929030036,0.011756652982257509,0.11990595522406317,0.5766182967912661,1.0124187611264865,0,0.047026611929030036
hitter,695506,Jac Caglianone,KC,6,0.046940143346878224,0.007823357224479703,0.11829180216069626,0.6253323309984733,1.1659592682277635,0.046940143346878224,0
pitcher,800311,Didier Fuentes,ATL,5,0.04683900781656214,0.009367801563312428,0.10523201507839547,0.6969551901455364,1.4740326611838255,0,0.04683900781656214
pitcher,663738,Daniel Lynch IV,KC,8,0.046448219754108705,0.005806027469263588,0.16527711595508254,0.5810885532671387,1.024014702835201,0,0.046448219754108705
hitter,671277,Luis García Jr.,NYY,3,0.04614267766069257,0.01538089255356419,0.05746433305448624,0.8466691069598404,2.173052195409324,0.04614267766069257,0
hitter,641680,Jonah Heim,ATH,7,0.04611771713783353,0.00658824530540479,0.1396069352894667,0.6136472094193953,1.2338481018094238,0.04611771713783353,0
hitter,666397,Edouard Julien,COL,4,0.046069026394035616,0.011517256598508904,0.15580791463123334,0.5474702325159039,0.9154668050584776,0.046069026394035616,0
pitcher,681810,Austin Warren,NYM,3,0.04598800774385002,0.015329335914616674,0.06705246510867291,0.7712957873450215,1.688679392521255,0,0.04598800774385002
pitcher,543037,Gerrit Cole,NYY,7,0.04591026383861058,0.006558609119801511,0.15059934199832797,0.617094596416535,1.1526145797820342,0,0.04591026383861058
pitcher,694297,Brandon Pfaadt,AZ,8,0.04583520123571663,0.005729400154464579,0.15299923619857347,0.6377075120322625,1.2873081985891988,0,0.04583520123571663
hitter,669127,Shea Langeliers,ATH,8,0.04559240476822277,0.005699050596027847,0.16067262919434677,0.5552584183018187,0.9463729967193938,0.04559240476822277,0
hitter,694208,Moisés Ballesteros,CHC,6,0.045398052360900346,0.007566342060150058,0.0748574691033952,0.8108134410703888,2.322718729863233,0.045398052360900346,0
pitcher,543056,Danny Coulombe,BOS,3,0.04529414717977811,0.015098049059926037,0.11872854250676962,0.5699650838071717,1.0170343582706511,0,0.04529414717977811
pitcher,624133,Ranger Suarez,BOS,8,0.0452689467302223,0.005658618341277787,0.15442743107387313,0.6000657969971583,1.1606116512803355,0,0.0452689467302223
hitter,691002,Yohandy Morales,WSH,4,0.04522205995285974,0.011305514988214934,0.10374614034458347,0.6081712198157043,1.0981770372374586,0.04522205995285974,0
pitcher,657514,Brennan Bernardino,COL,7,0.04511471588107406,0.006444959411582009,0.1277576056493021,0.6620468093652153,1.6208641408107387,0,0.04511471588107406
pitcher,696062,Wilber Dotel,PIT,3,0.04501409173405385,0.015004697244684617,0.08544754194530724,0.6611942314979157,1.252348810988475,0,0.04501409173405385
hitter,665561,Rafael Marchán,PHI,6,0.04483325339971153,0.007472208899951922,0.08247196260822,0.756417751922411,1.7985943831854438,0.04483325339971153,0
pitcher,687330,Kevin Kelly,TB,5,0.044816091189105456,0.008963218237821091,0.11997448173405156,0.5773142291907194,0.9906599038446625,0,0.044816091189105456
hitter,687231,Darell Hernaiz,ATH,8,0.04474913853596585,0.005593642316995731,0.1240755070361849,0.6609427599837902,1.443699018223501,0.04474913853596585,0
pitcher,690953,Mick Abel,MIN,5,0.04422653942478575,0.00884530788495715,0.1032390336042836,0.6882354293412523,1.4221209225502909,0,0.04422653942478575
pitcher,668933,Graham Ashcraft,CIN,5,0.04419833384275587,0.008839666768551174,0.13874111511577802,0.5859314823769772,1.0172013541302345,0,0.04419833384275587
hitter,805811,Bryce Eldridge,SF,6,0.044100813821303875,0.007350135636883979,0.10679429166365839,0.6380279354707913,1.1953258293475006,0.044100813821303875,0
pitcher,615698,Cal Quantrill,TEX,11,0.04400280047819181,0.004000254588926528,0.19405784633716716,0.6015332943572701,1.2213560696982277,0,0.04400280047819181
pitcher,675848,Juan Mejia,COL,7,0.043990015600161865,0.006284287942880266,0.14952362626596727,0.6213840369895998,1.1828581615283287,0,0.043990015600161865
pitcher,695418,Brad Lord,WSH,7,0.043896862282123965,0.006270980326017709,0.14675460636706672,0.6170833097661348,1.2915428081019087,0,0.043896862282123965
hitter,673237,Yainer Diaz,HOU,2,0.043520584451630345,0.021760292225815173,0.08175884632498842,0.6815972847252647,1.3241757294035787,0.043520584451630345,0
pitcher,660604,Alan Rangel,PHI,6,0.04350592144494525,0.007250986907490875,0.09333213374093219,0.6961231939635405,1.5253759318527529,0,0.04350592144494525
pitcher,605242,Michael Fulmer,NYY,2,0.04346936733374261,0.021734683666871306,0.20262055152549796,0.2909302148994853,0.08143933524099611,0,0.04346936733374261
hitter,650859,Luis Rengifo,SD,4,0.04342281666773171,0.010855704166932928,0.07784123402303413,0.7077593369220753,1.4395870496206937,0.04342281666773171,0
hitter,673490,Ha-Seong Kim,ATL,7,0.043373400154360094,0.006196200022051442,0.11765007464007451,0.6967763073659846,1.6898034505725212,0.043373400154360094,0
hitter,656716,Zach McKinstry,DET,8,0.04300887089775698,0.005376108862219622,0.13032613171414853,0.7013112611183093,1.6038722835532389,0.04300887089775698,0
pitcher,696146,Hagen Smith,CWS,7,0.0429690840057863,0.006138440572255185,0.14340110393756172,0.6231685812446142,1.2556047740867466,0,0.0429690840057863
hitter,663968,Jake Mangum,PIT,7,0.042959742527358076,0.006137106075336868,0.09142576002874503,0.7543318960560826,1.923992870496347,0.042959742527358076,0
pitcher,693313,Carson Seymour,SF,3,0.04266411626241006,0.01422137208747002,0.07874065812724051,0.7091618315831667,1.465854576745877,0,0.04266411626241006
hitter,663743,Nick Fortes,TB,5,0.042622049205038044,0.00852440984100761,0.10830308357366733,0.6722474190227083,1.4235749187318525,0.042622049205038044,0
pitcher,666374,Matt Brash,SEA,2,0.04251753586638879,0.021258767933194395,0.07463017699981789,0.6134438801769205,1.2671869190210763,0,0.04251753586638879
hitter,702222,Justin Crawford,PHI,8,0.042256919746614385,0.005282114968326798,0.09914915806300074,0.7378402459389349,1.593895020032486,0.042256919746614385,0
pitcher,687223,Carson Palmquist,WSH,3,0.04207128380429151,0.01402376126809717,0.09400129803500956,0.6537569777572022,1.8407991006137,0,0.04207128380429151
pitcher,641755,Tyler Kinley,ATL,2,0.042060918955512894,0.021030459477756447,0.15523863146099526,0.38765654336249405,0.4058213189109998,0,0.042060918955512894
hitter,687957,Dustin Harris,SD,2,0.041847100746185764,0.020923550373092882,0.06352649345216183,0.7709680118174854,1.760978166880345,0.041847100746185764,0
pitcher,686993,Justin Sterner,ATH,4,0.041676317726392666,0.010419079431598166,0.06738751378155305,0.8277010434193501,2.0213032927004853,0,0.041676317726392666
pitcher,667755,José Soriano,TOR,4,0.04167475712386931,0.010418689280967328,0.09462783579443956,0.6339998910879387,1.1693374871681437,0,0.04167475712386931
pitcher,642528,Jonathan Loáisiga,AZ,5,0.04120201460059718,0.008240402920119436,0.11981411791345398,0.6098097639305743,1.0994331426360713,0,0.04120201460059718
pitcher,693855,Ian Seymour,TB,6,0.04119684862300718,0.006866141437167864,0.13859285468721322,0.6594706736614849,1.42795281488016,0,0.04119684862300718
hitter,664774,LaMonte Wade Jr.,HOU,6,0.04095708633755392,0.006826181056258987,0.12061741982273727,0.5776725639707853,0.9903073204851993,0.04095708633755392,0
hitter,592518,Manny Machado,SD,6,0.04060777866670894,0.006767963111118157,0.12157399415491899,0.6602051924902625,1.4535149519984423,0.04060777866670894,0
pitcher,596001,Jakob Junis,TEX,6,0.04058845455312248,0.006764742425520414,0.17389648585053263,0.4711034213525105,0.6684312232443647,0,0.04058845455312248
pitcher,695380,Alex Hoppe,BAL,3,0.04028769981319227,0.013429233271064088,0.10888690337875595,0.5591214850584251,0.9283578745214647,0,0.04028769981319227
hitter,506702,Sandy León,ATL,4,0.0402200822708986,0.01005502056772465,0.04758952772957087,0.9086325871880025,2.6574460806947564,0.0402200822708986,0
pitcher,592332,Kevin Gausman,CHC,6,0.04016505983021709,0.006694176638369516,0.08969477280633797,0.699541620046627,1.4516442158487923,0,0.04016505983021709
pitcher,687273,Quinn Mathews,STL,6,0.04014354744803255,0.006690591241338758,0.15318876518318686,0.510177376401315,0.8007095627553916,0,0.04014354744803255
hitter,687263,Zach Neto,LAA,8,0.04009748816309369,0.0050121860203867115,0.09973917178261141,0.7058712358560145,1.4575021897572369,0.04009748816309369,0
pitcher,702021,Will Dion,WSH,6,0.039783373055204296,0.006630562175867383,0.1424871705323037,0.5773414854211358,1.0134915902631307,0,0.039783373055204296
pitcher,690928,Hunter Dobbins,STL,5,0.039774370684346964,0.007954874136869393,0.08250850840637208,0.753106235532705,1.844063391055613,0,0.039774370684346964
pitcher,656288,Griffin Canning,SD,6,0.0396769272682912,0.006612821211381867,0.09390368576549613,0.6896953110442606,1.684877723222012,0,0.0396769272682912
hitter,695731,Braden Montgomery,CWS,4,0.03955038611005599,0.009887596527513998,0.08200844553554804,0.7191401884145989,1.6366224997181502,0.03955038611005599,0
hitter,803011,Sam Antonacci,CWS,11,0.039529650829071325,0.003593604620824666,0.17384252737347697,0.6203085071901769,1.2075177951093752,0.039529650829071325,0
hitter,621020,Dansby Swanson,CHC,4,0.03949317165833831,0.009873292914584577,0.07275250961136248,0.7641960520475077,1.6728809853378315,0.03949317165833831,0
pitcher,656986,Bennett Sousa,HOU,5,0.039412179852692394,0.00788243597053848,0.08535178078919725,0.7020182102500443,1.4736848995115874,0,0.039412179852692394
hitter,672580,Maikel Garcia,KC,7,0.03939690605297627,0.005628129436139467,0.09200040919615804,0.6979133152789433,1.6739983958772555,0.03939690605297627,0
hitter,691781,Brady House,WSH,5,0.03939324153389326,0.007878648306778651,0.07589302709932261,0.748647980575275,1.6397141871799281,0.03939324153389326,0
hitter,695657,Colson Montgomery,CWS,5,0.03923240697639043,0.007846481395278087,0.06991480027343261,0.7695869661891702,2.0515754735067837,0.03923240697639043,0
hitter,680779,Henry Davis,PIT,3,0.0391925309221052,0.013064176974035066,0.1330563896456279,0.4399530426677709,0.5560786769119441,0.0391925309221052,0
pitcher,621345,A.J. Minter,MIN,6,0.039098699771416105,0.006516449961902684,0.11667497961059274,0.6379570657704975,1.3937359472603557,0,0.039098699771416105
pitcher,656849,David Peterson,NYM,6,0.03898807796285273,0.006498012993808789,0.09765823520566311,0.671182331753848,1.4024108130175976,0,0.03898807796285273
hitter,807713,Matt Shaw,CHC,6,0.03895350989037431,0.006492251648395719,0.09871688010317325,0.692636087705876,1.459132170492398,0.03895350989037431,0
hitter,676356,Jonny DeLuca,TB,9,0.0388688542350223,0.004318761581669144,0.12895612698983633,0.6896410550523415,1.556370237770584,0.0388688542350223,0
hitter,699393,Pedro Ramírez,CHC,7,0.0388666150533342,0.005552373579047742,0.14756349156362164,0.5823206810441991,1.133408192270785,0.0388666150533342,0
hitter,688363,Graham Pauley,MIA,4,0.0388072156834978,0.00970180392087445,0.08057686982162066,0.7102767160273269,1.4424424969311933,0.0388072156834978,0
pitcher,592155,Cam Booser,TB,3,0.03869024902948141,0.012896749676493804,0.0971464954691762,0.5093940370525104,0.7970524816480831,0,0.03869024902948141
hitter,571771,Enrique Hernández,LAD,4,0.03863811634393449,0.009659529085983623,0.056256235281409675,0.8211174907459364,2.08750511801871,0.03863811634393449,0
pitcher,445276,Kenley Jansen,DET,5,0.03838925385947646,0.007677850771895292,0.1343255286763203,0.5557471425112415,0.9702561079015084,0,0.03838925385947646
pitcher,681402,Gus Varland,WSH,4,0.03836244552543188,0.00959061138135797,0.09544472539034626,0.6014774181943383,1.1437261724659686,0,0.03836244552543188
hitter,595978,Austin Hedges,CLE,5,0.03816152505654985,0.00763230501130997,0.09023777663093846,0.6921101105819819,1.6644515852798576,0.03816152505654985,0
pitcher,683000,Riley Cornelio,WSH,3,0.03804062142125693,0.012680207140418976,0.09554679258360853,0.659303596406523,1.6397231402606947,0,0.03804062142125693
hitter,661531,Brian Serven,ATH,4,0.03789110607282422,0.009472776518206055,0.09672344361474716,0.6792908774183979,1.3646352040477698,0.03789110607282422,0
pitcher,700249,Cade Povich,BAL,7,0.03779408065016796,0.005399154378595423,0.08336786492944842,0.7496201098876208,1.8039626756434557,0,0.03779408065016796
pitcher,669711,Greg Weissert,BOS,5,0.037766265135785855,0.007553253027157171,0.07190483597106125,0.7606879654513546,1.6864033030893821,0,0.037766265135785855
pitcher,677020,Josh Walker,BAL,3,0.03761564877609855,0.01253854959203285,0.07465774464247799,0.6545448499429538,1.2625137735373038,0,0.03761564877609855
pitcher,605483,Blake Snell,LAD,6,0.03757210708846094,0.006262017848076823,0.10155017138945616,0.6621657100565567,1.391638215705514,0,0.03757210708846094
hitter,663698,Joey Bart,PIT,2,0.037334593520476404,0.018667296760238202,0.04857576993914403,0.8267034120180923,2.094453163667364,0.037334593520476404,0
hitter,669289,Santiago Espinal,LAD,3,0.0372726780795362,0.012424226026512067,0.0756133787853073,0.7322529292056102,2.397174342664073,0.0372726780795362,0
pitcher,663554,Casey Mize,SD,8,0.03715606391966991,0.004644507989958739,0.07991414731468949,0.7636584060572885,1.7088210802705253,0,0.03715606391966991
pitcher,670059,Colin Holderman,CLE,6,0.037148905113542456,0.006191484185590409,0.09741866954568457,0.6540994375135635,1.3062625532177765,0,0.037148905113542456
pitcher,656546,Jeff Hoffman,MIN,2,0.037055010555429334,0.018527505277714667,0.0904066442256477,0.5172621742580757,0.8018915669769231,0,0.037055010555429334
pitcher,685801,Hunter Bigge,TB,5,0.036977535801211825,0.007395507160242365,0.2556037459540227,0.40180594592901364,0.43548301089824404,0,0.036977535801211825
pitcher,605156,Aaron Brooks,TB,1,0.036861150461620085,0.036861150461620085,0.14718554402276418,0.35021326935612235,0.2864235806841897,0,0.036861150461620085
pitcher,668984,Casey Legumina,TB,2,0.036826931311329004,0.018413465655664502,0.0656997719280436,0.6152270804520346,1.1415035928818236,0,0.036826931311329004
pitcher,682608,Peyton Gray,TEX,5,0.03676950159462004,0.007353900318924007,0.09594100119550597,0.6480697167723904,1.2631036028156515,0,0.03676950159462004
hitter,608348,Carson Kelly,CHC,8,0.03673707053253127,0.004592133816566409,0.11402791124801079,0.6532826628289897,1.3283445114126249,0.03673707053253127,0
hitter,519317,Giancarlo Stanton,NYY,1,0.03672600896769146,0.03672600896769146,0.06974897813142827,0.6424111037077257,1.1893833412712338,0.03672600896769146,0
pitcher,683363,Matt Wilkinson,SF,4,0.036469802428484806,0.009117450607121201,0.07622178219778042,0.660345159047675,1.3070040129726532,0,0.036469802428484806
pitcher,686934,Alex McFarlane,PHI,3,0.036465005325964216,0.012155001775321405,0.052945888247974304,0.8312353796754289,1.9785925386537544,0,0.036465005325964216
pitcher,673540,Kodai Senga,NYM,5,0.03644705922051161,0.007289411844102323,0.07373111283454287,0.739085031040905,1.6186738674128989,0,0.03644705922051161
hitter,686475,Tyler Tolbert,KC,4,0.036444800987753476,0.009111200246938369,0.08672131382797782,0.594056041673488,1.0402243253591177,0.036444800987753476,0
pitcher,807743,Sean Sullivan,COL,3,0.03621159930233686,0.012070533100778954,0.09894942576567689,0.6612259688940286,1.3019247722916303,0,0.03621159930233686
hitter,545121,Ildemaro Vargas,AZ,7,0.036119929672810636,0.005159989953258662,0.10142114321710616,0.6423070407424669,1.4111355607001062,0.036119929672810636,0
pitcher,656464,Kevin Ginkel,AZ,5,0.036005129991153836,0.007201025998230767,0.11535634290504579,0.6146064898284871,1.3261259881982828,0,0.036005129991153836
pitcher,642547,Freddy Peralta,TB,4,0.035915951742954075,0.008978987935738519,0.11234550124439796,0.5227370403716007,0.8287280815829849,0,0.035915951742954075
pitcher,669270,Joel Kuhnel,SF,5,0.03590349135888431,0.0071806982717768615,0.1634116327054087,0.45612320764865866,0.6139964038591592,0,0.03590349135888431
pitcher,666711,Joel Peguero,SF,2,0.03584522212958195,0.017922611064790976,0.07664959879714528,0.5642546739734613,0.9550709745275052,0,0.03584522212958195
pitcher,674444,Steven Cruz,KC,2,0.03571598838256533,0.017857994191282665,0.04166422847539669,0.8943899161421333,2.378487039867637,0,0.03571598838256533
hitter,686797,Brooks Lee,MIN,7,0.03570382788344177,0.0051005468404916815,0.08927266575123521,0.7045160154172727,1.477456885604599,0.03570382788344177,0
hitter,656537,Derek Hill,CWS,2,0.035655601551422354,0.017827800775711177,0.04206683633954156,0.8901980912683685,2.509010040646262,0.035655601551422354,0
pitcher,664299,Cristian Javier,HOU,4,0.03564528232509412,0.00891132058127353,0.09270294296317777,0.6468728694599248,1.3292568394001814,0,0.03564528232509412
pitcher,670036,Matt Festa,CLE,4,0.03541520969157395,0.008853802422893487,0.08482966725117133,0.6859795346265491,1.5570779889657733,0,0.03541520969157395
pitcher,571927,Steven Matz,TB,5,0.035334042114879394,0.007066808422975879,0.07975839554676921,0.6977354122835345,1.6005553828377317,0,0.035334042114879394
hitter,672275,Patrick Bailey,SF,4,0.03522043479922326,0.008805108699805815,0.08116537164329701,0.6652774593230939,1.265946464818327,0.03522043479922326,0
hitter,592450,Aaron Judge,NYY,6,0.03502156633776358,0.005836927722960596,0.09155699940018691,0.7030667919766787,1.6148651778497953,0.03502156633776358,0
hitter,668904,Royce Lewis,MIN,9,0.034987194189661265,0.0038874660210734737,0.07819355085472349,0.7843528725380554,1.9003999133749372,0.034987194189661265,0
pitcher,670329,Rico Garcia,BAL,5,0.034900621979088116,0.006980124395817623,0.12183781857982698,0.5737850402975283,0.9986770775954199,0,0.034900621979088116
hitter,687952,Christian Encarnacion-Strand,BAL,6,0.03489097487827164,0.00581516247971194,0.15353171511976446,0.5324795702259956,0.9103162513422675,0.03489097487827164,0
pitcher,669713,Hayden Wesneski,HOU,6,0.034863746908162054,0.005810624484693675,0.11741968983040713,0.5705735414509502,0.9832254019995772,0,0.034863746908162054
pitcher,683003,Jared Jones,PIT,8,0.03484700556123951,0.004355875695154938,0.14830388257725108,0.6289405061109554,1.2490993876174497,0,0.03484700556123951
pitcher,677955,Jaden Hill,COL,4,0.03483452368763315,0.008708630921908288,0.15596905442046882,0.5049740280900182,0.9365362204743712,0,0.03483452368763315
hitter,681508,Mickey Gasper,BOS,4,0.034738724851443865,0.008684681212860966,0.08504981598282904,0.6446245973751646,1.38164082863105,0.034738724851443865,0
pitcher,594027,Tyron Guerrero,BOS,6,0.03450114514769992,0.005750190857949987,0.12048757248113307,0.5742292172985936,1.0245449859899558,0,0.03450114514769992
pitcher,592791,Jameson Taillon,CHC,5,0.03437029461980729,0.006874058923961458,0.11609812207251613,0.5879664317815526,1.116999609991222,0,0.03437029461980729
hitter,608841,Joey Meneses,ATH,1,0.034288826800137534,0.034288826800137534,0.054565749917301065,0.6921476921978026,1.357634409774267,0.034288826800137534,0
hitter,670032,Nicky Lopez,TEX,6,0.03416709856505461,0.005694516427509101,0.1487165624226454,0.5411012810140926,1.142803716356828,0.03416709856505461,0
pitcher,666808,Camilo Doval,NYY,4,0.03415351066717736,0.00853837766679434,0.07893419271942731,0.7070534671814188,1.5683544850407989,0,0.03415351066717736
pitcher,650556,Bryan Abreu,HOU,4,0.034137364315138446,0.008534341078784612,0.1624066035252062,0.4791050857322093,0.7946616890385275,0,0.034137364315138446
pitcher,542888,Shawn Armstrong,CLE,5,0.03410333857020621,0.006820667714041243,0.09432889519841971,0.7418011003739238,1.7713918640987916,0,0.03410333857020621
hitter,521692,Salvador Perez,KC,7,0.034024021055397584,0.004860574436485369,0.09805423130595345,0.6668194579638467,1.400133826126463,0.034024021055397584,0
hitter,703607,Henry Bolte,ATH,7,0.03388113850742928,0.004840162643918468,0.11864493459688284,0.629628713191004,1.2132264372999668,0.03388113850742928,0
pitcher,676254,Ryan Walker,SF,5,0.03378034519971895,0.00675606903994379,0.14420450510750196,0.5511603895824183,0.951084187223573,0,0.03378034519971895
pitcher,683175,Connor Phillips,CIN,4,0.03369448933196256,0.00842362233299064,0.10513497983618414,0.635523830078535,1.7760154400608614,0,0.03369448933196256
pitcher,664854,Ryan Helsley,BAL,3,0.03352981288530652,0.011176604295102173,0.19354958692087265,0.37184777220453075,0.3427796603168858,0,0.03352981288530652
pitcher,699134,Bradgley Rodriguez,SD,8,0.033426843374052204,0.0041783554217565255,0.10453453459826029,0.6822424104316545,1.399950407812534,0,0.033426843374052204
hitter,701162,Ben Malgeri,DET,3,0.03337416245368795,0.011124720817895983,0.0992035152901814,0.49214884313816337,0.7261127829113692,0.03337416245368795,0
pitcher,674003,Cody Bradford,TEX,6,0.03337297519202843,0.005562162532004738,0.07061744401197137,0.7241063567531995,1.5760161712654928,0,0.03337297519202843
hitter,547180,Bryce Harper,PHI,2,0.03335872395059497,0.016679361975297485,0.05654948611228855,0.683547849030675,1.3499839393894104,0.03335872395059497,0
pitcher,676775,Keaton Winn,SF,5,0.03323428357726163,0.006646856715452326,0.12474133993243101,0.5629704809788147,1.0043286687565989,0,0.03323428357726163
hitter,643396,Isiah Kiner-Falefa,BOS,5,0.033125547249912644,0.006625109449982529,0.05847666092774495,0.8071527592078385,1.9970591895508392,0.033125547249912644,0
pitcher,669854,Ronel Blanco,HOU,4,0.03310015625742364,0.00827503906435591,0.07604499317576341,0.6774470172342543,1.5352790630731437,0,0.03310015625742364
hitter,695490,Edwin Arroyo,CIN,2,0.032819908293205954,0.016409954146602977,0.04643270386898715,0.8111534028683598,1.8531002704395751,0.032819908293205954,0
pitcher,695611,Gage Jump,ATH,7,0.032580660210986,0.0046543800301408565,0.11594018220291573,0.6433607303364999,1.290444535341127,0,0.032580660210986
pitcher,665622,Luis Medina,ATH,5,0.032470965424991616,0.006494193084998323,0.14574240425225204,0.6059334190499299,1.3948721446938135,0,0.032470965424991616
hitter,624641,Edmundo Sosa,PHI,4,0.03245744746008419,0.008114361865021048,0.05715351413401629,0.7534298855557147,1.6554363469945996,0.03245744746008419,0
pitcher,595014,Blake Treinen,LAD,6,0.0324355334453237,0.005405922240887283,0.08748988730408652,0.6581837419764202,1.4128464126900873,0,0.0324355334453237
pitcher,672782,Yoendrys Gómez,MIN,4,0.032418971152674426,0.008104742788168607,0.10115416959087617,0.6456905361117097,1.7554035281384808,0,0.032418971152674426
pitcher,820862,José Fermin,LAA,9,0.03208336899816413,0.0035648187775737922,0.19478686825190586,0.5250291897325566,0.8323230444547391,0,0.03208336899816413
hitter,823550,Sung-Mun Song,SD,4,0.03205252322906459,0.008013130807266148,0.09137281936475705,0.5744104981087407,1.0608438084864615,0.03205252322906459,0
pitcher,680755,Braydon Fisher,TOR,3,0.03196808753572542,0.01065602917857514,0.06850458748618987,0.7521050034459368,1.773888875565512,0,0.03196808753572542
pitcher,641941,Emilio Pagán,CIN,3,0.03184235381360848,0.010614117937869495,0.09692818975244444,0.533897904892885,0.8612647287677757,0,0.03184235381360848
pitcher,667463,John King,MIA,4,0.031830206928215345,0.007957551732053836,0.07488036601114184,0.6278894075373596,1.1651629920468016,0,0.031830206928215345
pitcher,664208,Phil Maton,CHC,2,0.03182298899213199,0.015911494496065996,0.09171648875143074,0.49722907132559147,0.7414483902860498,0,0.03182298899213199
pitcher,665665,Reiver Sanmartin,SF,2,0.03179646784808442,0.01589823392404221,0.04209657305633635,0.8539781666178071,2.088155452095174,0,0.03179646784808442
hitter,691788,Joe Mack,MIA,6,0.03179074989216278,0.005298458315360463,0.131834036423249,0.5278422201391622,0.8457668836734179,0.03179074989216278,0
pitcher,683004,Jack Leiter,TEX,6,0.03175095620374649,0.005291826033957748,0.0744471648178393,0.7215667765584878,1.540342911589632,0,0.03175095620374649
pitcher,678061,Ray Kerr,ATL,3,0.0317434915426432,0.010581163847547733,0.14688142263221043,0.47890896913094005,0.7065972212702136,0,0.0317434915426432
pitcher,663767,Chase Shugart,PHI,5,0.03170456048583344,0.0063409120971666885,0.058400556440525844,0.8099393912581094,1.9918128769003587,0,0.03170456048583344
hitter,665742,Juan Soto,NYM,6,0.03161072828663153,0.005268454714438588,0.12167056915407867,0.570884621679221,1.0040397646978747,0.03161072828663153,0
hitter,678545,Osleivis Basabe,SF,7,0.03158421094655762,0.0045120301352225166,0.12399425406189518,0.6316098752181317,1.3847319039459076,0.03158421094655762,0
hitter,671976,Tristan Peters,CWS,5,0.031565136660682246,0.006313027332136449,0.07122139011308903,0.6955876854136094,1.404417197504522,0.031565136660682246,0
hitter,678011,Anthony Seigler,BOS,6,0.03156282932573287,0.005260471554288812,0.07981740372909045,0.7161725248226417,1.6431534928801588,0.03156282932573287,0
pitcher,687209,Zach Maxwell,CIN,4,0.03154722255206551,0.007886805638016378,0.06631824591812709,0.681846647369632,1.5738525459638646,0,0.03154722255206551
hitter,694673,Abimelec Ortiz,WSH,5,0.031544179552653616,0.006308835910530723,0.11591761246744833,0.5777733105397571,1.0160803481736216,0.031544179552653616,0
hitter,668709,JJ Bleday,CIN,6,0.031393653378886395,0.005232275563147732,0.184337938350799,0.42983476697000117,0.5233736556844677,0.031393653378886395,0
pitcher,694795,Josh Ekness,MIA,2,0.031216805396602845,0.015608402698301422,0.07221051943793366,0.6004600258433301,1.0707901402405124,0,0.031216805396602845
pitcher,621121,Lance McCullers Jr.,HOU,6,0.031045328099648606,0.005174221349941434,0.08347886238290292,0.6524302860629978,1.27676864770784,0,0.031045328099648606
pitcher,681911,Alex Vesia,LAD,5,0.031039055875218803,0.0062078111750437604,0.10226943437904162,0.5790385487442171,1.0267897264129722,0,0.031039055875218803
hitter,671083,Buddy Kennedy,SF,3,0.03092664100477329,0.01030888033492443,0.0469423418877893,0.8042966668058145,2.5794329530520153,0.03092664100477329,0
hitter,681351,Logan O'Hoppe,LAA,6,0.030897915022378774,0.005149652503729796,0.06414550487467424,0.7578321153997866,1.805829652770175,0.030897915022378774,0
pitcher,811315,Brody Hopkins,TB,1,0.030809624436785355,0.030809624436785355,0.13155494445843163,0.29477190724076435,0.09576043137091617,0,0.030809624436785355
pitcher,608337,Lucas Giolito,SD,5,0.03076520436487436,0.006153040872974872,0.07944630273242315,0.6684340769615073,1.3139162006080114,0,0.03076520436487436
hitter,677870,Leo Jiménez,MIA,9,0.03068799828845912,0.0034097775876065686,0.11267543622578866,0.6827106267004422,1.6664130553549208,0.03068799828845912,0
pitcher,672841,Carlos Vargas,SEA,2,0.030344698265399473,0.015172349132699737,0.03896448036787009,0.8630890518990046,2.1728494851570037,0,0.030344698265399473
hitter,681047,Christian Franklin,BAL,7,0.030279465672988788,0.0043256379532841125,0.13557756603785848,0.5464573285626884,0.9615676251983531,0.030279465672988788,0
hitter,701678,Hao-Yu  Lee,DET,8,0.030160966665298505,0.003770120833162313,0.06768910396925601,0.7825097555203965,1.9788768951929157,0.030160966665298505,0
hitter,682663,Agustín Ramírez,MIA,3,0.030096502930006378,0.01003216764333546,0.0437714953338446,0.8226771985463698,1.9332667965101518,0.030096502930006378,0
pitcher,571948,Hoby Milner,CHC,5,0.03004564152411814,0.006009128304823628,0.1015623959376501,0.6833389998591295,1.432397308840679,0,0.03004564152411814
hitter,694377,Nick Yorke,PIT,4,0.02998665344018681,0.007496663360046702,0.06056135125142093,0.7567125309837575,1.9627631180392093,0.02998665344018681,0
hitter,669065,Kyle Stowers,MIA,8,0.029914223201826247,0.003739277900228281,0.07669639448967991,0.7278474319041911,1.5514881388364958,0.029914223201826247,0
pitcher,680767,Victor Vodnik,MIA,4,0.029873009753033638,0.0074682524382584095,0.1014105198481497,0.6031597837060703,1.1455575246157164,0,0.029873009753033638
pitcher,676428,Brant Hurter,DET,5,0.029793226388102518,0.005958645277620503,0.07427794354957248,0.6905603087537433,1.4423101630685626,0,0.029793226388102518
hitter,694378,Jacob Gonzalez,PIT,3,0.02973062359893916,0.009910207866313053,0.05851863765446835,0.728967820557064,1.9761026088197895,0.02973062359893916,0
pitcher,670062,Julian Garcia,CIN,5,0.029707280608506505,0.005941456121701301,0.06064309604380114,0.767689746937998,1.8131073234636492,0,0.029707280608506505
pitcher,678606,Jose A. Ferrer,SEA,2,0.02957331873275974,0.01478665936637987,0.04645842441133319,0.8137939383003812,2.0026702530396445,0,0.02957331873275974
hitter,701538,Jackson Merrill,SD,6,0.029311668850826242,0.004885278141804374,0.08996783892650094,0.6578002856796195,1.2904489531900578,0.029311668850826242,0
hitter,669394,Jake Burger,TEX,11,0.029019415853798008,0.0026381287139816373,0.15930975442809275,0.5718506297730339,1.0046640606476298,0.029019415853798008,0
hitter,699912,Jose Fernandez,AZ,3,0.02887098710214312,0.00962366236738104,0.1304220060224199,0.4022034166621717,0.44326687191320735,0.02887098710214312,0
pitcher,670950,Trevor Richards,CWS,3,0.028823438253221513,0.009607812751073837,0.08296076203915204,0.6487105962284324,1.7429554864285732,0,0.028823438253221513
pitcher,669194,Ryne Nelson,AZ,8,0.02873727058928679,0.0035921588236608485,0.1166057830053179,0.6404154797837127,1.3363062509840486,0,0.02873727058928679
hitter,687859,Troy Johnston,COL,5,0.028541121123149674,0.005708224224629935,0.054378377219748475,0.7796924249005077,2.116855588379475,0.028541121123149674,0
hitter,680776,Jarren Duran,BOS,7,0.028425535924996456,0.0040607908464280655,0.060614933359677325,0.777046654337181,1.868880419151843,0.028425535924996456,0
hitter,701350,Roman Anthony,BOS,6,0.02840392585399162,0.004733987642331937,0.1346180404484462,0.5215776676651508,0.8172587549122788,0.02840392585399162,0
hitter,663647,Ke'Bryan Hayes,CIN,5,0.028222332704390354,0.0056444665408780705,0.06906673568574495,0.6885054165600244,1.376933280589564,0.028222332704390354,0
pitcher,607192,Tyler Glasnow,LAD,6,0.02821006703607057,0.004701677839345095,0.1043761697826408,0.5763017149782569,1.0014304489179975,0,0.02821006703607057
hitter,694374,Tim Tawa,AZ,6,0.027844342213802154,0.004640723702300359,0.04014194686976917,0.8888175131851782,2.433906214160913,0.027844342213802154,0
pitcher,677976,Randy Dobnak,KC,6,0.02771767993265897,0.004619613322109828,0.13682688133221826,0.5018008380368507,0.7614976355011699,0,0.02771767993265897
hitter,682674,Victor Bericoto,SF,5,0.027711839627218647,0.00554236792544373,0.052477020457924524,0.789626310547153,1.861268482914748,0.027711839627218647,0
pitcher,805427,Drew Sommers,DET,4,0.027609681396792235,0.006902420349198059,0.10666785011960245,0.5229419020834569,0.826575876483695,0,0.027609681396792235
hitter,656976,Pavin Smith,AZ,3,0.027578080547759704,0.0091926935159199,0.08432624087428475,0.6028875903809583,1.1725348274087768,0.027578080547759704,0
pitcher,805123,AJ Blubaugh,HOU,4,0.027573373802631643,0.006893343450657911,0.15879390482744804,0.4154986011622176,0.4853783474986503,0,0.027573373802631643
hitter,681807,David Fry,CLE,4,0.02747205920853744,0.00686801480213436,0.051211047624942496,0.7468853118597617,1.577882531487258,0.02747205920853744,0
pitcher,664129,Geoff Hartlieb,ATH,2,0.027439518395179198,0.013719759197589599,0.04452182834766427,0.7379518010276818,1.5392760633883142,0,0.027439518395179198
pitcher,682995,Hunter Barco,PIT,2,0.027404525180142025,0.013702262590071013,0.05821821581211675,0.6956166366802767,1.4280291143371644,0,0.027404525180142025
pitcher,665660,Elvis Alvarado,ATH,5,0.027351472703961516,0.005470294540792303,0.10702615163427726,0.569403701418843,0.981859723018354,0,0.027351472703961516
pitcher,699823,Tyler Davis,CWS,2,0.02735115461702917,0.013675577308514585,0.05950623040196079,0.6078779050469607,1.0925170282473184,0,0.02735115461702917
pitcher,641816,Tyler Mahle,ATL,5,0.02728647570502502,0.005457295141005004,0.09610576854961084,0.5709595405462358,0.9841699971882146,0,0.02728647570502502
hitter,695508,Cam Cauley,TEX,1,0.02724215454403896,0.02724215454403896,0.06572216276345035,0.5004034314436121,0.7512102945934815,0.02724215454403896,0
pitcher,669373,Tarik Skubal,LAD,6,0.02719446823493652,0.0045324113724894205,0.07262629768437864,0.6972487900592687,1.5032800730425206,0,0.02719446823493652
pitcher,702566,Owen Murphy,ATL,2,0.026935169150117007,0.013467584575058504,0.07401031519965429,0.5174821621226999,0.8133927096628737,0,0.026935169150117007
hitter,666176,Jo Adell,CLE,5,0.02687618050839617,0.005375236101679234,0.06995996537536064,0.6701430719438652,1.488144658750151,0.02687618050839617,0
hitter,664770,Nathan Lukes,TOR,4,0.02687380371590623,0.006718450928976557,0.054161278648892586,0.732295656088338,1.6705278187523895,0.02687380371590623,0
hitter,687605,Andrew Pinckney,WSH,2,0.0267486774860794,0.0133743387430397,0.03955486880035913,0.8063041637266355,1.8640277930614115,0.0267486774860794,0
pitcher,621242,Edwin Díaz,LAD,1,0.026726251137707234,0.026726251137707234,0.07374518784036077,0.4471299564778046,0.5907947336269093,0,0.026726251137707234
hitter,660710,Rodolfo Durán,SD,4,0.02671046614654951,0.006677616536637378,0.0703424700358132,0.6285220373330924,1.1909968896232357,0.02671046614654951,0
hitter,691740,Daniel Susac,SF,3,0.026422435531888423,0.008807478510629475,0.051958785807675545,0.7013427046554476,1.5142173510870183,0.026422435531888423,0
hitter,683766,Christian Koss,SF,2,0.02628225409170375,0.013141127045851875,0.03965415410285747,0.7825625756394298,1.7108529124134348,0.02628225409170375,0
pitcher,622608,Antonio Senzatela,MIL,4,0.02611232542975252,0.00652808135743813,0.08226325306232632,0.5947950657409189,1.1615938724659471,0,0.02611232542975252
pitcher,593974,Wandy Peralta,SD,2,0.026072206576340445,0.013036103288170222,0.05288628010923685,0.7207169289496942,1.4713725277272072,0,0.026072206576340445
hitter,801501,Nate Furman,SF,2,0.02583339003174923,0.012916695015874615,0.03243296938199852,0.8803409825458768,2.24676088363199,0.02583339003174923,0
pitcher,695549,Jackson Jobe,DET,4,0.025785197534183183,0.006446299383545796,0.04963036601634896,0.7596681214033238,1.6931485426250397,0,0.025785197534183183
pitcher,689149,Chad Dallas,TOR,3,0.025585758259977776,0.008528586086659259,0.04541985700872492,0.7213421757775592,1.7824589712253591,0,0.025585758259977776
hitter,665953,Andrés Chaparro,WSH,6,0.02555964524122376,0.004259940873537293,0.06369131726540744,0.715214088581292,1.478849857666553,0.02555964524122376,0
hitter,672356,Gabriel Arias,CLE,6,0.025510783962979483,0.004251797327163247,0.05175985870030153,0.8552996345269711,2.6578925422124366,0.025510783962979483,0
pitcher,676760,Ron Marinaccio,SD,3,0.02550317843597596,0.008501059478658654,0.08531287385458464,0.5406372401778967,0.8744080634614626,0,0.02550317843597596
hitter,543877,Christian Vázquez,HOU,9,0.025451426317486182,0.002827936257498465,0.08116953628129531,0.7132531529795914,1.5516222949604983,0.025451426317486182,0
pitcher,594580,Sam Moll,CIN,5,0.025344972632838067,0.005068994526567614,0.06544389879509502,0.741243091734397,1.7294514916611903,0,0.025344972632838067
pitcher,669199,Lake Bachar,PIT,4,0.02516209143016036,0.00629052285754009,0.054385742369044365,0.7425724069597395,2.7508766608375597,0,0.02516209143016036
pitcher,683232,Nick Mears,KC,3,0.02510130609150656,0.008367102030502187,0.07171510563064137,0.6461755481024514,1.266693268524934,0,0.02510130609150656
pitcher,702474,Mike Paredes,MIN,4,0.024916654322102418,0.006229163580525604,0.08673102992995535,0.6077165541032231,1.3750288998643079,0,0.024916654322102418
pitcher,641745,Brad Keller,PHI,3,0.024886433815174323,0.008295477938391442,0.06305732691742527,0.6652669573956549,1.561277658787987,0,0.024886433815174323
hitter,671277,Luis García Jr.,WSH,3,0.024882340358211824,0.008294113452737275,0.0678213488423792,0.686910149226562,1.534649327485769,0.024882340358211824,0
pitcher,680573,Simeon Woods Richardson,TOR,3,0.02484990791501354,0.008283302638337847,0.048571826034947134,0.7119731015463197,1.6128897891532101,0,0.02484990791501354
pitcher,703615,Jose Cabrera,AZ,2,0.02483201309316793,0.012416006546583966,0.05920343376950482,0.712429138414667,1.828140498921686,0,0.02483201309316793
pitcher,605280,Clay Holmes,CHC,7,0.024720744304765157,0.003531534900680737,0.07565650049355485,0.6783420225681409,1.3645535402529405,0,0.024720744304765157
pitcher,680899,Erik Tolman,WSH,2,0.024475663827624703,0.012237831913812352,0.06441502370549107,0.586697305149106,1.033390670616254,0,0.024475663827624703
hitter,609280,Miguel Andujar,SD,3,0.024458078960054842,0.008152692986684947,0.03598061398591851,0.8357598094753284,2.384801978788576,0.024458078960054842,0
hitter,640902,Jhonny Pereda,SEA,5,0.024438216802203205,0.004887643360440641,0.05820258607838053,0.769226667674388,1.9780408323242527,0.024438216802203205,0
pitcher,668390,Cole Winn,TEX,3,0.024370923157935945,0.008123641052645314,0.08835718112578456,0.5124606282909352,0.7967755115132458,0,0.024370923157935945
hitter,669701,Josh Smith,TOR,3,0.024300938807367563,0.008100312935789188,0.05027561406206926,0.7059476569683617,1.6926449010834723,0.024300938807367563,0
hitter,642708,Amed Rosario,NYY,3,0.024294866621109443,0.008098288873703148,0.035128822653720346,0.8266306254379034,2.2283690143619785,0.024294866621109443,0
pitcher,669199,Lake Bachar,MIA,3,0.024285443900753875,0.008095147966917958,0.06996515572641293,0.6417882806196018,1.5999025310227548,0,0.024285443900753875
pitcher,694335,Matt Svanson,STL,3,0.024230961672355132,0.008076987224118377,0.046131150051229086,0.7590687622169598,1.6125200852842976,0,0.024230961672355132
pitcher,695239,Robby Ahlstrom,TEX,4,0.024170702308286805,0.006042675577071701,0.0662413471757324,0.6561772433711828,1.502777358271331,0,0.024170702308286805
pitcher,667297,Tommy Nance,MIN,1,0.024148486442327127,0.024148486442327127,0.029751291855876882,0.8635169525670442,2.1336098381251247,0,0.024148486442327127
hitter,596103,Austin Slater,MIA,3,0.024099110484743308,0.00803303682824777,0.04673809634533016,0.717999505648006,1.4566736133874187,0.024099110484743308,0
hitter,694249,Cole Carrigg,COL,5,0.024058845025748284,0.004811769005149657,0.07746875725902261,0.6162507442906783,1.1476898493971928,0.024058845025748284,0
hitter,683011,Anthony Volpe,NYY,5,0.02391180935299858,0.004782361870599716,0.05309766593332127,0.7674359682048794,1.9569826882166281,0.02391180935299858,0
pitcher,696131,Mason Black,KC,6,0.0238518291298198,0.003975304854969966,0.12807072463364594,0.5824667537016887,1.1883354913187276,0,0.0238518291298198
pitcher,668834,Easton McGee,KC,2,0.023834168366685674,0.011917084183342837,0.06542839996645176,0.6302180666842118,1.2231707776433287,0,0.023834168366685674
hitter,676369,Nelson Velázquez,HOU,2,0.023754803124697604,0.011877401562348802,0.07368577769529572,0.6696636550570311,2.0069286988151713,0.023754803124697604,0
pitcher,647336,Michael Soroka,AZ,5,0.023676833502408855,0.004735366700481771,0.0764857133311227,0.6110342215638992,1.1097956078628886,0,0.023676833502408855
hitter,678218,Brandon Valenzuela,TOR,6,0.02365952067331224,0.00394325344555204,0.1135659243868815,0.5509928280718396,0.9512091430735943,0.02365952067331224,0
pitcher,686790,Trevor McDonald,SF,4,0.023656845300213405,0.005914211325053351,0.11388599768436602,0.5216770163667872,0.8528871521442873,0,0.023656845300213405
pitcher,687924,Julian Aguiar,CIN,2,0.023646478941538342,0.011823239470769171,0.06746533277116473,0.5101127677334957,0.7803516805962558,0,0.023646478941538342
pitcher,679775,Kyle Backhus,PHI,1,0.023619658092290604,0.023619658092290604,0.025906675405948792,0.9385320701539346,2.794351090704669,0,0.023619658092290604
hitter,596115,Trevor Story,BOS,3,0.0235474370786021,0.007849145692867368,0.06909310564251198,0.6396509360889101,1.2152893831151625,0.0235474370786021,0
pitcher,573204,Caleb Thielbar,CHC,6,0.02351920534045941,0.0039198675567432345,0.08011512323183079,0.699991570181373,1.5308702625214259,0,0.02351920534045941
pitcher,642207,Devin Williams,NYM,2,0.023343823451363724,0.011671911725681862,0.06503317863724589,0.5501622513283349,0.9458495240633433,0,0.023343823451363724
pitcher,476594,Robert Stock,NYM,3,0.02316645219166127,0.007722150730553757,0.07488935958060577,0.5983924924805097,1.0656689004628777,0,0.02316645219166127
pitcher,592791,Jameson Taillon,TOR,1,0.02294587816967184,0.02294587816967184,0.03043877830109387,0.8204810865001848,1.8897077167588856,0,0.02294587816967184
pitcher,695380,Alex Hoppe,SEA,1,0.02289489156810424,0.02289489156810424,0.03860438342145661,0.7433273407040802,1.5475012050804295,0,0.02289489156810424
hitter,624424,Michael Conforto,CHC,4,0.02286878133052993,0.005717195332632483,0.07456589400099178,0.6225474721514307,1.2874649276448906,0.02286878133052993,0
hitter,687529,Grant McCray,SF,1,0.02282350037476935,0.02282350037476935,0.03614450664218363,0.7192297441750533,1.455483074712987,0.02282350037476935,0
pitcher,572955,Pierce Johnson,CIN,6,0.022798857778578905,0.003799809629763151,0.08589906579752973,0.6347641872314682,1.3197036298261533,0,0.022798857778578905
pitcher,801403,Chase Dollander,COL,5,0.022774929054780343,0.004554985810956069,0.05750570879140221,0.7469041090266437,1.6906572243773987,0,0.022774929054780343
pitcher,676664,JP Sears,SD,4,0.02276583297965113,0.005691458244912783,0.07496002721364953,0.6370801377629629,1.21008564447527,0,0.02276583297965113
pitcher,685126,Brandon Eisert,PIT,2,0.02273455917276969,0.011367279586384844,0.029284330777099632,0.8745839180743649,2.207389612830182,0,0.02273455917276969
hitter,699024,Leo Bernal,STL,2,0.02272706326413151,0.011363531632065755,0.0382356168386149,0.7323305657404062,1.5637046184261432,0.02272706326413151,0
pitcher,695684,Elmer Rodríguez,NYY,3,0.022717805378782426,0.007572601792927475,0.060946887114494475,0.6420921890020092,1.2692463862720684,0,0.022717805378782426
pitcher,664076,Garrett Cleavinger,TB,3,0.02270298172940062,0.007567660576466874,0.05885595350643513,0.606699882741777,1.0761852103840805,0,0.02270298172940062
hitter,663698,Joey Bart,ATL,1,0.022695939548958904,0.022695939548958904,0.027078920673251794,0.8857971759652008,2.2863839831991517,0.022695939548958904,0
pitcher,669062,Erik Miller,SF,5,0.022625576811305254,0.004525115362261051,0.07681440804781893,0.681113631429055,1.5700716218848936,0,0.022625576811305254
pitcher,657265,Peter Strzelecki,STL,3,0.022621651644595144,0.007540550548198382,0.05553415125995731,0.6361037656061609,1.1796759701053432,0,0.022621651644595144
pitcher,669456,Shane Bieber,TOR,4,0.022591732725838424,0.005647933181459606,0.1063225644827851,0.4754057941451066,0.6798499634630829,0,0.022591732725838424
hitter,694208,Moisés Ballesteros,LAA,3,0.02256499221198703,0.007521664070662344,0.048294918126709885,0.7229462425674513,2.2661217353204233,0.02256499221198703,0
hitter,690993,Colt Keith,DET,5,0.0223900314516138,0.00447800629032276,0.0889412963376135,0.6220964080216475,1.260655433779998,0.0223900314516138,0
pitcher,702352,Spencer Bivens,SF,2,0.022380453396212144,0.011190226698106072,0.03621702921504803,0.7327945008595288,1.609357131999757,0,0.022380453396212144
pitcher,594835,Marco Gonzales,TEX,3,0.022350536102136644,0.007450178700712215,0.06172297209272298,0.6174423451448665,1.561868453971199,0,0.022350536102136644
hitter,680977,Brendan Donovan,SEA,2,0.0222688172950985,0.01113440864754925,0.05664040913002677,0.6138210502945114,1.1091347494909565,0.0222688172950985,0
pitcher,683618,Edgardo Henriquez,LAD,4,0.022126651482997167,0.005531662870749292,0.04441997807227176,0.7923179711712344,2.0128539702602923,0,0.022126651482997167
hitter,682818,Yohendrick Piñango,TOR,3,0.02212485732832734,0.007374952442775779,0.051833537930866744,0.6512978171600396,1.5400063377907731,0.02212485732832734,0
pitcher,690978,Dax Fulton,MIA,1,0.02210800322743083,0.02210800322743083,0.029649616931432338,0.8158318863732111,1.866269482985481,0,0.02210800322743083
hitter,663368,Blake Perkins,MIL,3,0.022105684692009905,0.0073685615640033016,0.048913583146014517,0.6908856320349112,1.4304156329674642,0.022105684692009905,0
hitter,701852,Drew Cavanaugh,SF,2,0.02185974466804142,0.01092987233402071,0.029553404395709665,0.8468442606222379,2.0351604348731946,0.02185974466804142,0
pitcher,669704,Kade Strowd,AZ,1,0.021811405855806962,0.021811405855806962,0.027401202176571382,0.8555653053034016,2.0842012205016114,0,0.021811405855806962
hitter,553869,Elias Díaz,TEX,3,0.02173993409718748,0.007246644699062493,0.042868107348790735,0.7627046920612487,1.6917261124765277,0.02173993409718748,0
hitter,682177,Daniel Schneemann,CLE,3,0.02159789890062748,0.007199299633542493,0.06855816268853615,0.5386645742349251,0.867266086109026,0.02159789890062748,0
hitter,668723,Ryan Vilade,TB,5,0.021397673875464894,0.004279534775092979,0.05626403520358987,0.6984018983149928,1.3930063341780883,0.021397673875464894,0
pitcher,605452,Joe Ross,TEX,1,0.021386338615855146,0.021386338615855146,0.02243482186848289,0.9767183879245781,3.5524008758763066,0,0.021386338615855146
hitter,691182,Adael Amador,COL,2,0.021303973662073483,0.010651986831036742,0.027261318128689926,0.890758218086152,2.3920260517964165,0.021303973662073483,0
hitter,660162,Yoán Moncada,LAA,5,0.02125618338542442,0.004251236677084884,0.042480842366065225,0.8151834182132431,1.9849996328645871,0.02125618338542442,0
hitter,691011,Drew Romo,CWS,2,0.02120287883104342,0.01060143941552171,0.07236629246502269,0.6101566618818103,1.2193646210083193,0.02120287883104342,0
pitcher,804267,Zach Thornton,NYM,4,0.021155912398332304,0.005288978099583076,0.03228901434555631,0.8699342459276109,2.521227392669722,0,0.021155912398332304
pitcher,687309,Cooper Hjerpe,STL,1,0.02115300585671198,0.02115300585671198,0.02485020686819117,0.8977266983572262,2.379162764459311,0,0.02115300585671198
pitcher,695534,Chase Petty,CIN,3,0.021149528262936,0.007049842754312,0.06305264001003635,0.5908000552456135,1.0301059918485613,0,0.021149528262936
pitcher,663558,Jovani Morán,BOS,4,0.0210354390210774,0.00525885975526935,0.07805754114201359,0.5457639609795805,0.8895210344079724,0,0.0210354390210774
hitter,682829,Elly De La Cruz,CIN,5,0.02090076649079513,0.004180153298159026,0.1221426792194329,0.4996046637808719,0.7498422771674027,0.02090076649079513,0
hitter,801126,Brock Rodden,SEA,3,0.0208860458068432,0.006962015268947733,0.02521794292965185,0.9278068252277093,3.020006903662121,0.0208860458068432,0
pitcher,642100,Gabe Speier,SEA,2,0.020833064859294207,0.010416532429647104,0.028755904895969936,0.8221337085385017,2.1889232357117407,0,0.020833064859294207
hitter,672761,Wenceel Pérez,DET,2,0.020761874266814265,0.010380937133407132,0.06007034522378524,0.5403353006883208,0.8739830145292471,0.020761874266814265,0
hitter,676609,José Caballero,NYY,6,0.020643022409885636,0.0034405037349809395,0.06544157386206934,0.6782075191364886,1.3837331541129456,0.020643022409885636,0
hitter,804606,Konnor Griffin,PIT,3,0.020559859251798394,0.0068532864172661315,0.06175005331959138,0.6308372285296411,1.2014220210532103,0.020559859251798394,0
pitcher,573009,Joe Mantiply,TOR,1,0.020546938373179214,0.020546938373179214,0.022318021780629027,0.9473174412519917,2.917012347772712,0,0.020546938373179214
pitcher,682274,Yaramil Hiraldo,BAL,2,0.02051039716082565,0.010255198580412826,0.05016103991025864,0.6262074719589952,1.1462629099535788,0,0.02051039716082565
hitter,607208,Trea Turner,PHI,4,0.02039924344340432,0.00509981086085108,0.06522936100879435,0.6010264049751523,1.1103922696964115,0.02039924344340432,0
hitter,665052,Griffin Conine,MIA,2,0.02027198185338898,0.01013599092669449,0.03643853351660992,0.713054242898723,1.4377257097058285,0.02027198185338898,0
hitter,699302,Héctor Rodríguez,CIN,3,0.020182045660310358,0.006727348553436786,0.03507736942084863,0.7920402865276513,1.8660683853055609,0.020182045660310358,0
pitcher,455119,Chris Martin,TEX,2,0.020168945195281243,0.010084472597640622,0.02421016732075776,0.9165250999733645,2.6035459920691713,0,0.020168945195281243
hitter,665966,Carlos Narváez,BOS,5,0.020097369568068377,0.004019473913613675,0.03569169289672785,0.8532629974034949,2.414716812784044,0.020097369568068377,0
hitter,663457,Lars Nootbaar,AZ,3,0.01994277249405093,0.00664759083135031,0.042562266597787,0.7545237504096233,1.6541003031067507,0.01994277249405093,0
hitter,668670,Jake Rogers,DET,2,0.019841622647157817,0.009920811323578908,0.03487438291085354,0.8045449815726294,1.9084975398234552,0.019841622647157817,0
pitcher,683627,Anthony Molina,SF,5,0.019823188673512182,0.003964637734702436,0.06912648256140597,0.6365183904307558,1.2354535433577791,0,0.019823188673512182
hitter,687221,Dalton Rushing,LAD,4,0.019372400565080758,0.0048431001412701895,0.0568566973110641,0.7183196660693343,1.6708046278336934,0.019372400565080758,0
hitter,545341,Randal Grichuk,CWS,5,0.019238845673279353,0.0038477691346558707,0.0803493635258546,0.5483862053008196,0.9006587098951361,0.019238845673279353,0
pitcher,657044,Ryan Thompson,AZ,3,0.019238368460446457,0.006412789486815486,0.055908515923078106,0.6008309837725614,1.0659342469166577,0,0.019238368460446457
pitcher,676979,Garrett Crochet,BOS,2,0.019220774796357424,0.009610387398178712,0.02416774352042389,0.8954644351487342,2.384337302080813,0,0.019220774796357424
pitcher,663893,Brendon Little,TOR,1,0.019171657667827982,0.019171657667827982,0.037172984804126785,0.6286317583074388,1.1447636323660868,0,0.019171657667827982
pitcher,679358,Eric Orze,MIN,2,0.019119273168076604,0.009559636584038302,0.047568839451541445,0.5981651963128769,1.0505104087173462,0,0.019119273168076604
hitter,595879,Javier Báez,DET,3,0.019083845141044532,0.0063612817136815105,0.05460404920079426,0.6184808660418887,1.1350664945574556,0.019083845141044532,0
pitcher,669947,Jesse Scholtens,TB,3,0.01904942624562733,0.006349808748542443,0.04562000451867532,0.6978739912489497,1.397916473414994,0,0.01904942624562733
pitcher,804636,Jonah Tong,NYM,4,0.018949458635395995,0.004737364658848999,0.11969526784722256,0.42531359796336127,0.5142598159381513,0,0.018949458635395995
pitcher,657424,Matt Gage,SF,2,0.01887133379231493,0.009435666896157465,0.04771946918596637,0.6548495423535734,1.4726588755806158,0,0.01887133379231493
hitter,641598,Mitch Garver,SEA,2,0.018752835948345425,0.009376417974172713,0.08055324276933012,0.47199926721576474,0.6608948031249309,0.018752835948345425,0
pitcher,660761,José Suarez,ATH,4,0.018745410022593997,0.004686352505648499,0.05901786189702346,0.6669257909840162,1.3571482043741572,0,0.018745410022593997
hitter,687363,Victor Scott II,STL,5,0.01870127325377375,0.0037402546507547497,0.045971745330471485,0.7328497484829029,1.6243191619843018,0.01870127325377375,0
pitcher,607074,Carlos Rodón,NYY,5,0.018651108847744156,0.003730221769548831,0.060270903114644475,0.6846806730827987,1.395583433214646,0,0.018651108847744156
hitter,703492,Nick Morabito,NYM,1,0.01840896807376905,0.01840896807376905,0.03404285155912705,0.6552073160866069,1.2315062838368025,0.01840896807376905,0
pitcher,623211,Huascar Brazobán,NYM,4,0.01835135301760048,0.00458783825440012,0.08208379788535397,0.5869068644403191,1.0323910457723848,0,0.01835135301760048
pitcher,700363,AJ Smith-Shawver,ATL,2,0.018143610267262526,0.009071805133631263,0.058920501269970615,0.5053624232626048,0.7661000751686009,0,0.018143610267262526
hitter,663330,Jahmai Jones,BOS,4,0.018117756720155087,0.004529439180038772,0.035510485883182896,0.7850689550169516,1.8192113755822203,0.018117756720155087,0
hitter,663616,Trevor Larnach,MIN,5,0.018110520402567852,0.0036221040805135703,0.084341121625046,0.5917872016061931,1.108749588389579,0.018110520402567852,0
hitter,643446,Jeff McNeil,ATH,5,0.01806293648918932,0.0036125872978378637,0.04188540390603325,0.8004023294721438,3.050925925068743,0.01806293648918932,0
pitcher,663568,Stephen Kolek,KC,4,0.018043478847973877,0.004510869711993469,0.09672296651214446,0.4607039733759657,0.628861376230409,0,0.018043478847973877
pitcher,668964,Tobias Myers,NYM,4,0.018027586830620803,0.004506896707655201,0.07108041990578934,0.6020610379042628,1.2118722367095784,0,0.018027586830620803
pitcher,669270,Joel Kuhnel,MIL,1,0.01791170540103256,0.01791170540103256,0.030342705895574085,0.765198996079633,1.6360481715066193,0,0.01791170540103256
hitter,660821,Jesús Sánchez,TOR,4,0.017820800058545354,0.0044552000146363385,0.05681721132698381,0.662764754083949,1.311362264562204,0.017820800058545354,0
hitter,813841,Jonah Cox,SF,2,0.017605977605847437,0.008802988802923718,0.04423472854988836,0.6006254191276683,1.0583536096996982,0.017605977605847437,0
pitcher,701519,Travis Adams,MIN,2,0.01759021289039463,0.008795106445197315,0.021540436426827347,0.895620669375838,2.476402903172656,0,0.01759021289039463
pitcher,665152,Dean Kremer,BAL,4,0.017580641299566692,0.004395160324891673,0.042589963646054496,0.7630296205550315,1.6675706864878643,0,0.017580641299566692
pitcher,684320,Yariel Rodríguez,TOR,2,0.017410712033666745,0.008705356016833372,0.054143157408778037,0.5331036325081878,0.8500805243515523,0,0.017410712033666745
hitter,668901,Mark Vientos,NYM,3,0.017408350278239438,0.005802783426079813,0.04092119492002905,0.6731023860399814,1.4083070032251939,0.017408350278239438,0
hitter,693409,César Prieto,STL,1,0.017389460720606296,0.017389460720606296,0.02743134225219146,0.7407298340914849,1.537323999595774,0.017389460720606296,0
pitcher,548384,Brooks Raley,PHI,2,0.017279404227308136,0.008639702113654068,0.02964144057780055,0.7758983012732892,1.7527590689492427,0,0.017279404227308136
hitter,608369,Corey Seager,TEX,3,0.01723243246405596,0.00574414415468532,0.040067176659696266,0.7151047536164682,1.4813593577541677,0.01723243246405596,0
pitcher,702056,Trey Yesavage,TOR,6,0.017171255013770953,0.002861875835628492,0.06581596019912872,0.6432491551750402,1.2024549903359945,0,0.017171255013770953
pitcher,676571,PJ Poulin,WSH,4,0.017099733500384497,0.004274933375096124,0.04142813257348876,0.7290995936308124,1.624506794312964,0,0.017099733500384497
hitter,675961,Alika Williams,ATH,2,0.01704721936579737,0.008523609682898685,0.02791304407873385,0.7882655303089134,1.738105427856235,0.01704721936579737,0
pitcher,671212,Joe Boyle,TB,3,0.016946361910239315,0.005648787303413105,0.05523648136667986,0.6324146281448176,1.1583605695196337,0,0.016946361910239315
pitcher,701474,Duncan Davitt,SF,1,0.016905162231264353,0.016905162231264353,0.031780469286388835,0.6547087972455236,1.2298518190929943,0,0.016905162231264353
hitter,622761,Jorge Mateo,ATL,1,0.016793886087044803,0.016793886087044803,0.020603895603242203,0.8805785486644392,2.2484402166508537,0.016793886087044803,0
pitcher,665152,Dean Kremer,MIN,2,0.016698551766709747,0.008349275883354873,0.07062544290950529,0.4400951771097167,0.5560171780464107,0,0.016698551766709747
pitcher,688692,Jared Simpson,WSH,2,0.016535994450202006,0.008267997225101003,0.04748284763525229,0.5772858786437426,1.0052840697952652,0,0.016535994450202006
pitcher,660787,Yerry De los Santos,NYY,3,0.016515725649225606,0.005505241883075202,0.12026011056007857,0.3279250665092227,0.2091428997529996,0,0.016515725649225606
pitcher,676742,Cam Sanders,BAL,3,0.0164960915375356,0.005498697179178533,0.1169186172747802,0.40798510238047553,0.454127298116235,0,0.0164960915375356
pitcher,642701,Dennis Santana,PIT,4,0.01645935476868423,0.0041148386921710575,0.07268826714023882,0.6058249217201874,1.1368871867572792,0,0.01645935476868423
hitter,694212,Samuel Basallo,BAL,3,0.016441094029106963,0.0054803646763689874,0.05810937996545129,0.6048618996032359,1.3852794486412503,0.016441094029106963,0
pitcher,673929,Jordan Leasure,CWS,4,0.016348307582913373,0.004087076895728343,0.14573596891643464,0.4704893475338409,0.6519233162540843,0,0.016348307582913373
pitcher,656638,Alex Lange,KC,3,0.016323715802141134,0.0054412386007137116,0.02696093123737961,0.8245293956526064,1.973702291013477,0,0.016323715802141134
hitter,699013,Esmerlyn Valdez,PIT,5,0.01629983417991968,0.0032599668359839357,0.06992638416188346,0.5773877442611399,0.9890746911701509,0.01629983417991968,0
pitcher,685126,Brandon Eisert,CWS,2,0.016298050451509616,0.008149025225754808,0.0323206173084849,0.742192814989673,2.480721699198082,0,0.016298050451509616
hitter,624585,Jorge Soler,LAA,1,0.01621773583296261,0.01621773583296261,0.023434231171023057,0.7922367907748368,1.7538459835161362,0.01621773583296261,0
hitter,681481,Kerry Carpenter,DET,3,0.01611927901540035,0.005373093005133451,0.03560704336896686,0.7193184123281089,1.4650926831626851,0.01611927901540035,0
pitcher,669160,Dustin May,MIL,3,0.015907035408002132,0.005302345136000711,0.04636809125185426,0.6234701969147574,1.155851867918173,0,0.015907035408002132
pitcher,682989,Victor Mederos,ATL,3,0.01589033308205456,0.005296777694018187,0.042673597015773446,0.6618228259479427,1.3125869721707684,0,0.01589033308205456
hitter,664059,Sam Haggerty,TEX,1,0.0157800914482045,0.0157800914482045,0.044296146018079574,0.487085767409097,0.7112486835685594,0.0157800914482045,0
hitter,701358,Cam Smith,HOU,3,0.01577562942260969,0.0052585431408698965,0.04188167278937982,0.6743432961320326,1.3888557227059917,0.01577562942260969,0
hitter,676369,Nelson Velázquez,STL,2,0.01573238117417924,0.00786619058708962,0.047299538081984616,0.5801182302152197,1.0487327371840227,0.01573238117417924,0
hitter,666310,Bo Naylor,CLE,3,0.015710825981843028,0.005236941993947676,0.04659300737447167,0.684263962126647,1.7235303076530402,0.015710825981843028,0
hitter,596142,Gary Sánchez,MIL,7,0.015625787109658413,0.0022322553013797734,0.14701803763266608,0.5088052738100949,0.8126032230154996,0.015625787109658413,0
pitcher,671162,Connor Thomas,KC,3,0.0155623829745378,0.0051874609915126,0.08278142029065749,0.43011484054490695,0.5335327551969131,0,0.0155623829745378
hitter,656537,Derek Hill,PHI,3,0.015393810695112742,0.005131270231704247,0.04059279120182732,0.6521855840271557,1.2286837802495874,0.015393810695112742,0
hitter,642201,Eli White,ATL,4,0.01509313823908811,0.0037732845597720274,0.0339208106962721,0.802247039270721,1.9043729920872172,0.01509313823908811,0
hitter,676572,Eric Wagaman,NYM,3,0.0150900749539618,0.005030024984653933,0.0656363093865388,0.5017877571045294,0.7557638670832736,0.0150900749539618,0
pitcher,676680,Tom Cosgrove,WSH,1,0.015086120263255452,0.015086120263255452,0.027500869126089622,0.68003941297061,1.3154647005497249,0,0.015086120263255452
hitter,663604,Brandon Lockridge,MIL,3,0.01496246198606738,0.004987487328689127,0.056399401808452376,0.5426002887630442,0.8782809421338507,0.01496246198606738,0
hitter,677008,Heston Kjerstad,BAL,2,0.014942927263956735,0.0074714636319783674,0.02034891218068613,0.8568209989959017,2.2324377354328258,0.014942927263956735,0
pitcher,666129,Braxton Garrett,MIA,1,0.014892796596427317,0.014892796596427317,0.05741387263427472,0.38118644157689724,0.3866134305859448,0,0.014892796596427317
hitter,606115,Orlando Arcia,MIN,1,0.014706961563153995,0.014706961563153995,0.01977727460567564,0.8368482079958307,1.9762212711203127,0.014706961563153995,0
pitcher,656240,Scott Blewett,ATH,4,0.014680468165226794,0.0036701170413066986,0.028088838381783304,0.8259576878698425,2.05836145482898,0,0.014680468165226794
pitcher,675989,Cody Bolton,HOU,3,0.014667051619328537,0.004889017206442845,0.04643550050799991,0.6173636947450831,1.1266535768762211,0,0.014667051619328537
hitter,677595,Ronny Mauricio,NYM,2,0.014505783997766784,0.007252891998883392,0.041442438600039766,0.5755003007957331,0.9844875666645883,0.014505783997766784,0
pitcher,689818,David Sandlin,CWS,3,0.014500084569512076,0.004833361523170692,0.037942398593289406,0.6640325507662723,1.2876466639820485,0,0.014500084569512076
pitcher,681217,Chase Silseth,LAA,3,0.014469881378816628,0.004823293792938876,0.04475927397471191,0.6287475623725716,1.1899045029169484,0,0.014469881378816628
pitcher,676534,Calvin Faucher,MIA,2,0.014437828955888892,0.007218914477944446,0.024051369547728685,0.789188659731116,1.7776241958849577,0,0.014437828955888892
hitter,642851,Austin Wynns,ATL,1,0.014397822999292091,0.014397822999292091,0.017168990886685664,0.9026601294572197,2.4203530715807173,0.014397822999292091,0
pitcher,694360,Beck Way,KC,3,0.01433883499220457,0.00477961166406819,0.05829900903110158,0.583301651722231,1.1699792144864656,0,0.01433883499220457
hitter,624428,Adam Frazier,LAA,2,0.014306376503479799,0.007153188251739899,0.03402113349518278,0.6687519144991239,1.3425597419723225,0.014306376503479799,0
pitcher,592836,Taijuan Walker,PHI,2,0.014272787789282277,0.0071363938946411385,0.034777258835682,0.6520557525489807,1.2589851610151956,0,0.014272787789282277
pitcher,669165,Kyle Hurt,LAD,4,0.014247202476796235,0.0035618006191990587,0.0823047150289401,0.5077269803969651,0.7902205114922612,0,0.014247202476796235
hitter,694376,Shay Whitcomb,SF,2,0.014189973025383606,0.007094986512691803,0.03120165879630407,0.7236767206810268,1.7441347958172546,0.014189973025383606,0
hitter,663993,Nathaniel Lowe,CLE,3,0.014138420306843157,0.004712806768947719,0.03370365485167748,0.7332357939040878,1.634836330564121,0.014138420306843157,0
pitcher,690925,Clayton Beeter,WSH,3,0.014093078203928132,0.00469769273464271,0.12779379443141237,0.3676350945234757,0.3342909972524799,0,0.014093078203928132
pitcher,664849,Danny Young,ATL,3,0.014044284095103065,0.004681428031701022,0.07595173450488407,0.45501491523328735,0.6052342227614864,0,0.014044284095103065
hitter,703601,Max Clark,DET,4,0.013920072166278514,0.0034800180415696285,0.0681134023957421,0.5969608983120078,1.1095410030043955,0.013920072166278514,0
pitcher,681320,Nate Lavender,NYM,2,0.013917266544444765,0.006958633272222382,0.025114890994330563,0.7565143240639567,1.6521881364265663,0,0.013917266544444765
hitter,671739,Michael Harris II,ATL,4,0.013878707673897478,0.0034696769184743696,0.06128705618458466,0.6468764349560482,1.2703409295415349,0.013878707673897478,0
hitter,691176,Jasson Domínguez,NYY,3,0.013773199907213023,0.004591066635737675,0.06621310897963367,0.5397108231526818,0.9622432586798757,0.013773199907213023,0
hitter,642215,Weston Wilson,SEA,3,0.013760352365033198,0.004586784121677733,0.05239903844971589,0.6185517928669916,1.3014821046249558,0.013760352365033198,0
hitter,694388,Joey Loperfido,HOU,2,0.01375809702056287,0.006879048510281435,0.07425960471732002,0.42380107073295525,0.5101909539582141,0.01375809702056287,0
hitter,667452,Corey Julks,DET,1,0.013728751492974775,0.013728751492974775,0.0152370413310422,0.9431628485160825,2.8567865792606226,0.013728751492974775,0
hitter,805904,Zach Cole,HOU,2,0.013666479270442487,0.006833239635221243,0.03542444481934709,0.6891335218594354,1.4449826459263193,0.013666479270442487,0
pitcher,650960,Daniel Duarte,NYM,2,0.013589131600387334,0.006794565800193667,0.02473414937149554,0.7641141521286511,1.6316951775246151,0,0.013589131600387334
pitcher,676617,Riley O'Brien,STL,2,0.013554008401173462,0.006777004200586731,0.06293780030731355,0.4226862745428615,0.5161564405047876,0,0.013554008401173462
pitcher,703725,Luis Gastelum,STL,3,0.013533231798894315,0.004511077266298105,0.07135463536747794,0.45078372130265376,0.6002100727188653,0,0.013533231798894315
hitter,641555,J.C. Escarra,NYY,1,0.013528902599504566,0.013528902599504566,0.045240993588920586,0.43913099193166427,0.5664827809508131,0.013528902599504566,0
pitcher,656457,Tyler Gilbert,CWS,1,0.013507930546754022,0.013507930546754022,0.06127073971255964,0.34184480749423274,0.25868707232182153,0,0.013507930546754022
hitter,668939,Adley Rutschman,BOS,3,0.013507863909213868,0.0045026213030712895,0.03586770199520399,0.6918627823167521,1.3895782710291336,0.013507863909213868,0
pitcher,622491,Luis Castillo,CWS,2,0.013376944643987417,0.006688472321993709,0.04337268393336097,0.5508616883472923,0.9120366665722133,0,0.013376944643987417
hitter,642086,Dominic Smith,ATL,4,0.013299995364293772,0.003324998841073443,0.023261375628861134,0.8697510814538882,2.6450467104070476,0.013299995364293772,0
hitter,642215,Weston Wilson,BAL,2,0.013248145284011116,0.006624072642005558,0.048974823786877536,0.6560910600158163,1.284193733514921,0.013248145284011116,0
pitcher,595345,Steven Okert,HOU,5,0.013238557698581895,0.002647711539716379,0.055928747349431415,0.7368018858396599,2.1676856617898705,0,0.013238557698581895
hitter,694876,Cooper Ingle,CLE,2,0.013200986879913768,0.006600493439956884,0.018384519453860826,0.8905959328846523,2.4336532416345875,0.013200986879913768,0
hitter,666971,Lourdes Gurriel Jr.,AZ,1,0.013179270092335172,0.013179270092335172,0.019075322827696084,0.8058933309513696,1.817657656201742,0.013179270092335172,0
pitcher,690279,Mason Adams,COL,4,0.01313931726748104,0.00328482931687026,0.07267520922525023,0.5124443382823978,0.7903748835832728,0,0.01313931726748104
hitter,672820,Lenyn Sosa,CWS,1,0.013078652004064325,0.013078652004064325,0.016875370745605633,0.9038205678672706,2.430311491650107,0.013078652004064325,0
pitcher,689017,Landon Knack,LAD,1,0.013059984380685865,0.013059984380685865,0.017694947339224276,0.8401458397453874,1.9944851957655025,0,0.013059984380685865
pitcher,518886,Craig Kimbrel,TB,1,0.013025226203395957,0.013025226203395957,0.035863294705017756,0.5157660497541103,0.7973138343828801,0,0.013025226203395957
pitcher,656756,Jordan Montgomery,TEX,3,0.013025213020477718,0.0043417376734925725,0.030570860157660043,0.7595109017710421,2.225295757247216,0,0.013025213020477718
pitcher,606303,Joel Payamps,ATL,1,0.012939181246962752,0.012939181246962752,0.034619549242883796,0.6211020834174544,1.1206714759080514,0,0.012939181246962752
pitcher,544150,Albert Suárez,BAL,4,0.012753395568705396,0.003188348892176349,0.02059711813203945,0.88193029857306,2.320303121918181,0,0.012753395568705396
pitcher,608723,Austin Voth,TOR,1,0.012742647830931876,0.012742647830931876,0.015991045610160348,0.8809720292278173,2.2512505219082795,0,0.012742647830931876
pitcher,687931,Carson Whisenhunt,SF,2,0.012697645899716612,0.006348822949858306,0.06238075977132723,0.4124413117675406,0.4838474928744425,0,0.012697645899716612
hitter,663967,César Salazar,HOU,2,0.012600622160969965,0.006300311080484983,0.017356632447130454,0.8811452895958779,2.327061475936633,0.012600622160969965,0
hitter,686894,Joey Wiemer,WSH,1,0.012495139666687466,0.012495139666687466,0.017481467727357425,0.8267521271706952,1.9220861736273567,0.012495139666687466,0
hitter,702176,Alan Roden,MIN,3,0.012479955609757488,0.004159985203252496,0.0382719103049764,0.6588034857613058,1.2815611136698122,0.012479955609757488,0
hitter,676439,Hunter Feduccia,TB,3,0.012467406480057768,0.004155802160019256,0.047185490647741996,0.6174635614285818,1.2330858384004149,0.012467406480057768,0
hitter,682641,Luis Matos,MIL,1,0.012380653755801092,0.012380653755801092,0.027964240182221933,0.6031099454847778,1.0638301570223674,0.012380653755801092,0
pitcher,623437,Justin Topa,MIN,3,0.012321325704443827,0.004107108568147943,0.041830686963164276,0.6844518587882563,1.445885959137519,0,0.012321325704443827
pitcher,696522,Hayden Juenger,ATH,1,0.01229682513026088,0.01229682513026088,0.022008706261463284,0.7084281492362066,1.4158216348008867,0,0.01229682513026088
pitcher,596133,Luke Weaver,PIT,1,0.012292130700728168,0.012292130700728168,0.020356354123622744,0.7452573536610505,1.555106845788548,0,0.012292130700728168
hitter,670224,Kameron Misner,KC,2,0.012259486502807233,0.006129743251403617,0.021909953177145947,0.8184661536776412,2.034156154096796,0.012259486502807233,0
pitcher,548384,Brooks Raley,NYM,1,0.012242054638282924,0.012242054638282924,0.03138323846887603,0.5515526816328483,0.9052096092245057,0,0.012242054638282924
pitcher,680767,Victor Vodnik,COL,3,0.011944746666639933,0.003981582222213311,0.1044956430272157,0.37459702646370846,0.361576391297183,0,0.011944746666639933
hitter,672820,Lenyn Sosa,TOR,2,0.011909996854624485,0.005954998427312242,0.041061768542750454,0.6125857687348452,1.093710607477789,0.011909996854624485,0
pitcher,621097,Jacob Waguespack,DET,4,0.011847358794979748,0.002961839698744937,0.06660067403415154,0.6031438783880498,1.1426310215461863,0,0.011847358794979748
hitter,672724,Oswald Peraza,LAA,3,0.011803138487196782,0.003934379495732261,0.06978839772578689,0.45421986564730626,0.6109738184334224,0.011803138487196782,0
pitcher,676742,Cam Sanders,PIT,2,0.011671390857267046,0.005835695428633523,0.025674415618276714,0.747289060113295,1.7633900707035206,0,0.011671390857267046
hitter,686668,Brenton Doyle,COL,3,0.011629223562250077,0.0038764078540833593,0.04926227446581283,0.7163040246189089,1.8464590506355922,0.011629223562250077,0
hitter,669016,Brandon Marsh,PHI,5,0.011626927263180847,0.0023253854526361696,0.06544624888918996,0.635133506153233,1.5555720972043652,0.011626927263180847,0
pitcher,608718,Brent Suter,ATL,3,0.011617797270446692,0.0038725990901488975,0.02013989785935688,0.845879191219114,2.2780298011157747,0,0.011617797270446692
hitter,695720,Tommy White,ATH,3,0.011601327488026399,0.003867109162675466,0.04107286085159498,0.6661260635751427,1.5059135623249178,0.011601327488026399,0
hitter,664954,Brett Sullivan,COL,2,0.011503631131345535,0.005751815565672768,0.02079181338971213,0.8093827769096942,1.9886042231714167,0.011503631131345535,0
hitter,621566,Matt Olson,ATL,2,0.011153008369470646,0.005576504184735323,0.030581167320763908,0.6255424456980665,1.170766676766525,0.011153008369470646,0
pitcher,687941,Alec Gamboa,BOS,2,0.011142461333065172,0.005571230666532586,0.025522527797960215,0.7172439091199672,1.7607374815503913,0,0.011142461333065172
hitter,703520,Brett Bateman,TOR,3,0.011128878885074911,0.0037096262950249703,0.04205207322487908,0.6435062504089326,1.2862832297312128,0.011128878885074911,0
pitcher,687765,Mitch Spence,KC,1,0.011128673935592167,0.011128673935592167,0.03968312563085963,0.4399234777794065,0.5688955323250653,0,0.011128673935592167
pitcher,689266,Dylan Dodd,ATL,2,0.011101824218804178,0.005550912109402089,0.043922715825505,0.5149423268536442,0.7958460819328599,0,0.011101824218804178
hitter,514888,Jose Altuve,HOU,3,0.01110142471739517,0.00370047490579839,0.0251265958289182,0.7687443564554194,1.6961504075565603,0.01110142471739517,0
pitcher,688883,Peyton Pallette,CLE,1,0.010888957390234539,0.010888957390234539,0.02243482186848289,0.7436236228053431,1.5486663264966736,0,0.010888957390234539
hitter,695491,Joshua Báez,STL,2,0.010840134153270516,0.005420067076635258,0.017685637002423676,0.8488721480692719,2.114007545678353,0.010840134153270516,0
hitter,518595,Travis d'Arnaud,LAA,3,0.010783999991982679,0.003594666663994226,0.026523782972745713,0.7784287348075222,2.006117577536253,0.010783999991982679,0
pitcher,672335,Cionel Pérez,WSH,3,0.010687165359082502,0.0035623884530275006,0.059677211113027095,0.6217616635114611,1.1419310571640588,0,0.010687165359082502
pitcher,640454,Matt Krook,WSH,2,0.010621995318120178,0.005310997659060089,0.041691021709865494,0.657099272758846,1.7993081865673317,0,0.010621995318120178
pitcher,670167,John Schreiber,KC,3,0.010606264848129834,0.003535421616043278,0.0884156613411638,0.42077247104288934,0.5100053815004877,0,0.010606264848129834
pitcher,699151,Jedixson Paez,BOS,2,0.010585434425158129,0.005292717212579064,0.023751982791709148,0.7236573130096979,1.4779700517239713,0,0.010585434425158129
pitcher,700712,Walbert Urena,LAA,2,0.010545682818654742,0.005272841409327371,0.015923166012543108,0.8555198319467116,2.1010339451377105,0,0.010545682818654742
hitter,687957,Dustin Harris,HOU,1,0.010488134449275831,0.010488134449275831,0.024981933483475813,0.6953928103986492,1.3690903778394787,0.010488134449275831,0
pitcher,667297,Tommy Nance,TOR,1,0.010468548788342592,0.010468548788342592,0.017498163269278,0.755900596326064,1.597750760066548,0,0.010468548788342592
hitter,691181,Emmanuel Rodriguez,MIN,2,0.010467279732645787,0.005233639866322894,0.030151878709498953,0.6519153863132539,1.2801337003458062,0.010467279732645787,0
pitcher,641778,Eric Lauer,TOR,2,0.010456795599901486,0.005228397799950743,0.01571481772623448,0.8622164171806969,2.1266536219131127,0,0.010456795599901486
hitter,669701,Josh Smith,TEX,2,0.010436768432846806,0.005218384216423403,0.02745553078370387,0.6602376856337868,1.2483248932133477,0.010436768432846806,0
pitcher,696070,Kendry Rojas,MIN,2,0.010383220210864474,0.005191610105432237,0.014408299984406514,0.8929664512198385,2.38882976193754,0,0.010383220210864474
hitter,669398,Gage Workman,DET,1,0.010356243672916968,0.010356243672916968,0.013375288415259312,0.8776490595961848,2.227765000022293,0.010356243672916968,0
pitcher,678020,Seth Halvorsen,COL,2,0.010288980480840464,0.005144490240420232,0.05959418892021623,0.45128066302169795,0.5916779628416613,0,0.010288980480840464
hitter,669208,Ryan Bliss,SEA,1,0.01027433992536612,0.01027433992536612,0.011556751926422582,0.9438935153522848,2.8670714711493215,0.01027433992536612,0
hitter,660821,Jesús Sánchez,AZ,2,0.010194337627243363,0.005097168813621681,0.06109195072420809,0.3864405721034185,0.4007440986130897,0.010194337627243363,0
pitcher,592779,Brock Stewart,LAD,3,0.010189320043757695,0.0033964400145858986,0.05509009982822366,0.5886990086143143,1.0498806012564983,0,0.010189320043757695
hitter,665828,Oswaldo Cabrera,CIN,1,0.010147757757600127,0.010147757757600127,0.01382893004309993,0.8535085943099833,2.0717916368773293,0.010147757757600127,0
pitcher,664199,Taylor Clarke,AZ,4,0.009970050170389294,0.0024925125425973235,0.09281153116403734,0.5090957065465089,0.8114879678507863,0,0.009970050170389294
pitcher,663978,Chris Paddack,CIN,3,0.009966486612462992,0.0033221622041543306,0.04409834317914582,0.6370389654676336,1.6575208412128113,0,0.009966486612462992
pitcher,663795,Justin Hagenman,NYM,1,0.00995124478800354,0.00995124478800354,0.012436947360303208,0.8952812872451887,2.35939509528971,0,0.00995124478800354
hitter,663457,Lars Nootbaar,STL,3,0.009906963633042144,0.0033023212110140482,0.055816330422971364,0.5568781105148357,0.9281989890092315,0.009906963633042144,0
hitter,657041,Lane Thomas,ATL,2,0.009853652552834805,0.0049268262764174025,0.034073732751693425,0.6635112074443864,1.4442544295767892,0.009853652552834805,0
pitcher,689225,Beau Brieske,DET,2,0.009757718297552183,0.004878859148776091,0.018592531669286746,0.8106751992385348,1.9301340327372443,0,0.009757718297552183
hitter,669397,Nick Allen,HOU,2,0.009698634286541264,0.004849317143270632,0.041612004440351034,0.5007973219225892,0.7523977257220797,0.009698634286541264,0
hitter,815873,Sean Keys,TOR,2,0.009692498647356117,0.004846249323678059,0.0262435529916194,0.6550064789531579,1.2439245597700666,0.009692498647356117,0
pitcher,660853,Enyel De Los Santos,HOU,1,0.009680467228319126,0.009680467228319126,0.02909579526982059,0.5193725507365734,0.808146760173714,0,0.009680467228319126
hitter,805805,Walker Jenkins,MIN,1,0.009652510464378804,0.009652510464378804,0.018880057691161523,0.6942501793333191,1.3650488973509005,0.009652510464378804,0
hitter,666023,Freddy Fermin,SD,3,0.009525023615244196,0.0031750078717480653,0.0338149935097905,0.6579657466911812,1.2613082566688738,0.009525023615244196,0
pitcher,675911,Spencer Strider,ATL,2,0.009415775663039541,0.004707887831519771,0.03298381106857723,0.5729904905569705,0.9706942142808739,0,0.009415775663039541
pitcher,694037,Daniel Palencia,CHC,1,0.009361075733463108,0.009361075733463108,0.025771935664359924,0.5573238991490314,0.9227311681234411,0,0.009361075733463108
hitter,699625,Jimmy Crooks,STL,2,0.009271701857845205,0.004635850928922602,0.032467757462040336,0.692225222698033,1.9014108501690103,0.009271701857845205,0
hitter,680718,Addison Barger,TOR,2,0.009036193442765177,0.004518096721382588,0.029274162033555706,0.615369045806456,1.107350593762197,0.009036193442765177,0
hitter,666624,Christopher Morel,NYM,1,0.008937844299681008,0.008937844299681008,0.01338724424872001,0.8197692741963415,1.8860888157305995,0.008937844299681008,0
hitter,669221,Sean Murphy,ATL,1,0.00893136901989846,0.00893136901989846,0.011808775710585917,0.8754842434439595,2.2127586658316347,0.00893136901989846,0
pitcher,693308,Nick Frasso,COL,2,0.008874314873421975,0.004437157436710987,0.012395902590656704,0.9063766355013042,2.816781107581051,0,0.008874314873421975
hitter,663584,Hayden Senger,NYM,1,0.0088620598526681,0.0088620598526681,0.05249014968683882,0.31606854587500577,0.17107605604230391,0.0088620598526681,0
hitter,683227,Cody Freeman,TEX,1,0.00869603081343262,0.00869603081343262,0.02177734164889928,0.7052254517865848,1.4042300404844852,0.00869603081343262,0
hitter,602104,Ramón Urías,STL,2,0.008652899220728621,0.004326449610364311,0.05040961041141234,0.42762868933851506,0.5313408118901988,0.008652899220728621,0
hitter,681987,Nate Eaton,BOS,1,0.00859843354032032,0.00859843354032032,0.009789437224867414,0.9435260565823571,2.8618834710289414,0.00859843354032032,0
hitter,681546,James Outman,DET,3,0.008411993357375698,0.0028039977857918993,0.04158273242050148,0.5969135567228231,1.1387808756557418,0.008411993357375698,0
pitcher,689546,Nick Davila,SEA,2,0.008383682568123805,0.0041918412840619024,0.015008476957004652,0.8493266415821876,2.290824209304021,0,0.008383682568123805
hitter,657656,Ramón Laureano,SD,2,0.008374910717134624,0.004187455358567312,0.032253015508517224,0.5713682886818229,0.9675572352650921,0.008374910717134624,0
pitcher,680689,Lyon Richardson,CIN,1,0.008370233940625835,0.008370233940625835,0.03368667904569522,0.4372457438044225,0.5607392526564601,0,0.008370233940625835
hitter,687597,Jordan Beck,COL,2,0.008154828269184285,0.004077414134592143,0.016938123632010027,0.7778026029520012,1.6897768525097312,0.008154828269184285,0
hitter,669720,Austin Hays,SD,1,0.008061215808545446,0.008061215808545446,0.0121391039655811,0.826022011633901,1.9182694755479606,0.008061215808545446,0
hitter,669899,Ryan Ward,LAD,1,0.008042119166653,0.008042119166653,0.01948418027584342,0.6283136011203426,1.1437416912716443,0.008042119166653,0
pitcher,628708,Yunior Marte,CIN,1,0.007976084862216029,0.007976084862216029,0.0149410905964254,0.7345763618849686,1.5134750780462638,0,0.007976084862216029
pitcher,641835,Tim Mayza,PHI,2,0.00794207541735511,0.003971037708677555,0.04620288404877554,0.5591347733858535,1.003280589982536,0,0.00794207541735511
pitcher,661563,Luis Gil,NYY,2,0.007914965202357585,0.0039574826011787925,0.027015247725036662,0.6495425147122261,1.2735451872246304,0,0.007914965202357585
pitcher,642048,Tayler Saucedo,LAA,2,0.00790522850868279,0.003952614254341395,0.02352763054197493,0.6595541413572962,1.2797234979347536,0,0.00790522850868279
pitcher,670245,Ryan Watson,LAA,2,0.007884501756509961,0.0039422508782549805,0.026146782772401456,0.6282292570461018,1.1440647976306557,0,0.007884501756509961
hitter,828599,Lucas Spence,HOU,3,0.007879261671612172,0.0026264205572040576,0.028855845290511273,0.7165597387048388,1.5629120467854989,0.007879261671612172,0
pitcher,680802,Ryan Weiss,HOU,1,0.007852910997326355,0.007852910997326355,0.03998063329436041,0.3734920917880454,0.36205157549228506,0,0.007852910997326355
pitcher,676051,Codi Heuer,CLE,1,0.00772618079305426,0.00772618079305426,0.01600288065748412,0.6968561680995703,1.374278733982024,0,0.00772618079305426
pitcher,686930,Mason Barnett,ATH,1,0.00765864682961563,0.00765864682961563,0.017694947339224276,0.6538603642838292,1.2270386649844243,0,0.00765864682961563
pitcher,801725,Luis De León,BAL,1,0.007615424267361925,0.007615424267361925,0.009109470177432244,0.926796438267057,2.653867404127275,0,0.007615424267361925
hitter,622268,Donovan Walton,ATH,1,0.007594744452475333,0.007594744452475333,0.0344369158758141,0.41311802710481765,0.4866822005692937,0.007594744452475333,0
pitcher,695001,Alimber Santa,HOU,1,0.00756674064338147,0.00756674064338147,0.013402249680042722,0.7637660896377452,1.6300793378436058,0,0.00756674064338147
hitter,677956,Rece Hinds,BAL,1,0.007527381203807937,0.007527381203807937,0.0158691750424389,0.6929684531973871,1.3605254815870698,0.007527381203807937,0
pitcher,656786,Parker Mushinski,COL,1,0.00747234368461263,0.00747234368461263,0.02030049963262967,0.5940521163541638,1.0355567006445168,0,0.00747234368461263
hitter,656555,Rhys Hoskins,CLE,2,0.007459867496590013,0.0037299337482950066,0.009721154177776636,0.9305064012308896,2.7473832247655654,0.007459867496590013,0
hitter,682927,Ronny Simon,PIT,2,0.007450627689157304,0.003725313844578652,0.008496167774115104,0.9690797368044022,3.728192492083502,0.007450627689157304,0
hitter,805347,Jim Jarvis,ATL,1,0.00739981368743421,0.00739981368743421,0.032438843796445904,0.4275333334017783,0.5310583115670244,0.00739981368743421,0
pitcher,472610,Luis García,NYM,1,0.0073401543304951675,0.0073401543304951675,0.009322571743021757,0.9378991946988123,2.7861626386684324,0,0.0073401543304951675
hitter,681146,Jonah Bride,TEX,1,0.007266788156570044,0.007266788156570044,0.01837659981256906,0.625637312691947,1.1351593131248006,0.007266788156570044,0
hitter,681230,BJ Murray Jr.,CHC,1,0.007244955618338436,0.007244955618338436,0.025358646463621293,0.5058821698924911,0.767647323835575,0.007244955618338436,0
hitter,672016,Denzel Clarke,ATH,1,0.007242678514076506,0.007242678514076506,0.009071541172502418,0.9102246294014065,2.4872855597697203,0.007242678514076506,0
pitcher,669211,Keegan Akin,BAL,2,0.007177869824312786,0.003588934912156393,0.01633028196677494,0.7662806435863875,1.6680595256081494,0,0.007177869824312786
pitcher,668984,Casey Legumina,SEA,1,0.007152119647844559,0.007152119647844559,0.0195979136497611,0.5971962980091774,1.0453473864660938,0,0.007152119647844559
pitcher,805345,Trent Harris,SF,1,0.007128097543571357,0.007128097543571357,0.036315144993282616,0.38702176683849504,0.40511363243387777,0,0.007128097543571357
hitter,672284,Jarred Kelenic,TEX,1,0.007077080338936532,0.007077080338936532,0.007428736615278764,0.9812237053910324,3.717153991903311,0.007077080338936532,0
pitcher,656234,Jake Bird,WSH,2,0.007068835389011544,0.003534417694505772,0.040782751174117435,0.5559810139563016,0.9470487002000303,0,0.007068835389011544
hitter,668800,Andrew Knizner,SF,1,0.006994188264150038,0.006994188264150038,0.03730677655759784,0.37637114739488786,0.3712652600601043,0.006994188264150038,0
pitcher,663941,Tristan Beck,SF,1,0.006982240427057666,0.006982240427057666,0.008440100968634234,0.9261472601435516,2.646720106241766,0,0.006982240427057666
hitter,543510,James McCann,AZ,2,0.006969201266367835,0.0034846006331839176,0.030351349717316956,0.6388527730795281,1.4535755572533544,0.006969201266367835,0
hitter,669326,Bryce Teodosio,LAA,1,0.006965234836766145,0.006965234836766145,0.010439040729214422,0.8402042695573068,1.994811544105782,0.006965234836766145,0
hitter,642851,Austin Wynns,ATH,1,0.006909775963026919,0.006909775963026919,0.010751097518423958,0.8257990763413219,1.9171065961925455,0.006909775963026919,0
hitter,701785,Kaelen Culpepper,MIN,3,0.006712233619681159,0.0022374112065603863,0.05613015995285001,0.4809633373843151,0.6894735613008702,0.006712233619681159,0
hitter,680664,Eduardo Valencia,DET,1,0.006665228126501173,0.006665228126501173,0.01593005473449005,0.6597573270297584,1.2466597305319045,0.006665228126501173,0
pitcher,691951,Sam Aldegheri,LAA,2,0.00664371167501294,0.00332185583750647,0.008806992525981772,0.9310576622620408,2.707612905667828,0,0.00664371167501294
pitcher,689441,Coleman Crow,MIL,2,0.0066254901124833815,0.0033127450562416907,0.045660466382565934,0.4950716778246008,0.7331805992526153,0,0.0066254901124833815
hitter,668670,Jake Rogers,BOS,1,0.00661912278140264,0.00661912278140264,0.012119895310437667,0.7651239488426121,1.635734934163894,0.00661912278140264,0
pitcher,641793,Zack Littell,AZ,1,0.006608171276417915,0.006608171276417915,0.02720013808651748,0.46514563756043387,0.6452670491303314,0,0.006608171276417915
hitter,665966,Carlos Narváez,BAL,1,0.0065978046380291665,0.0065978046380291665,0.009547840249043094,0.8584968238544838,2.102145613196934,0.0065978046380291665,0
hitter,670242,Matt Wallner,MIN,1,0.006597101213576415,0.006597101213576415,0.00979089457659632,0.9013984206127007,2.4096450588740503,0.006597101213576415,0
hitter,656484,Tristan Gray,MIN,1,0.006548545268115212,0.006548545268115212,0.016344809013507544,0.6456382194354906,1.1999407086060292,0.006548545268115212,0
hitter,621438,Tyrone Taylor,NYM,2,0.00654591711933863,0.003272958559669315,0.018196333883285593,0.760988159771009,1.674140682541252,0.00654591711933863,0
pitcher,684665,Luke Murphy,LAA,1,0.006509207334854492,0.006509207334854492,0.015327280743659077,0.6688331229277144,1.2771841333369638,0,0.006509207334854492
pitcher,642376,Jefry Yan,NYM,2,0.006336448936526478,0.003168224468263239,0.03148434315631227,0.5739107325665046,1.0171931610805132,0,0.006336448936526478
hitter,682988,Tyler Locklear,AZ,1,0.006329498417840619,0.006329498417840619,0.008917302378974992,0.8720005313950508,2.1890729406897176,0.006329498417840619,0
hitter,669236,Jeremiah Jackson,BAL,3,0.0062768636994106775,0.0020922878998035593,0.04179512199079427,0.5458505370456814,0.8916433465313798,0.0062768636994106775,0
pitcher,681867,Cooper Criswell,SEA,2,0.006260420272566915,0.0031302101362834576,0.05724200558087578,0.4352503209168408,0.5540329813694511,0,0.006260420272566915
pitcher,680604,Blas Castaño,COL,1,0.006252600317704901,0.006252600317704901,0.02619177948403212,0.46817197154327167,0.654386630010094,0,0.006252600317704901
pitcher,681343,Shane Smith,CWS,1,0.006202297303896269,0.006202297303896269,0.02132366684730652,0.5364908054577346,0.859667401428589,0,0.006202297303896269
hitter,671218,Heliot Ramos,NYY,1,0.006184348642013513,0.006184348642013513,0.01304176052669237,0.7182861166857982,1.4519820173768654,0.006184348642013513,0
pitcher,623474,Jimmy Herget,COL,1,0.0061181386091392585,0.0061181386091392585,0.023415173409760626,0.5017442489353062,0.7552327680329158,0,0.0061181386091392585
pitcher,663423,Trent Thornton,CHC,4,0.006109391070390154,0.0015273477675975386,0.04635836077639298,0.5960784783276796,1.0659709794423091,0,0.006109391070390154
pitcher,691946,George Klassen,LAA,2,0.006072743652315304,0.003036371826157652,0.03816189732973796,0.5428138596463412,0.895666242734529,0,0.006072743652315304
hitter,807727,Charles McAdoo,TOR,2,0.0060175216300537475,0.0030087608150268738,0.020473443366212554,0.7155839703348198,1.6514043485925507,0.0060175216300537475,0
hitter,700246,Carson Williams,TB,1,0.006011446790299467,0.006011446790299467,0.013280195571216569,0.7042843389973343,1.4008378329828415,0.006011446790299467,0
pitcher,671106,Logan Allen,CLE,1,0.005918231009885699,0.005918231009885699,0.028799096821146508,0.42939199071450307,0.5367508182865324,0,0.005918231009885699
pitcher,623381,Thomas Pannone,MIL,1,0.005907250436383196,0.005907250436383196,0.01270489381902501,0.7168226015124316,1.4465661309428137,0,0.005907250436383196
pitcher,489446,Kirby Yates,LAA,2,0.005839520383693924,0.002919760191846962,0.04845536060931921,0.42272711035761273,0.5043640808765122,0,0.005839520383693924
pitcher,622554,Seranthony Domínguez,SEA,1,0.005663609426247306,0.005663609426247306,0.015025296746436934,0.7511863525414941,1.5787121607720453,0,0.005663609426247306
pitcher,695378,Jack Sinclair,WSH,1,0.005590835983510181,0.005590835983510181,0.015263105565166968,0.6358757993139049,1.1681311800437735,0,0.005590835983510181
hitter,606992,Eric Haase,SF,2,0.005590115618435558,0.002795057809217779,0.04105245584584433,0.6390076163313824,1.9753527642061586,0.005590115618435558,0
pitcher,685464,Cade Winquest,STL,1,0.0054891089542907666,0.0054891089542907666,0.01748146772735726,0.5833305345415878,1.0023455412025246,0,0.0054891089542907666
hitter,682997,Tyler Callihan,PIT,2,0.005440379529060832,0.002720189764530416,0.011855001802246988,0.8148362795850814,1.9098117685082514,0.005440379529060832,0
pitcher,623465,Evan Phillips,LAD,1,0.005433151295463372,0.005433151295463372,0.007732916985100091,0.879169036914463,2.238438461653975,0,0.005433151295463372
hitter,672275,Patrick Bailey,CLE,2,0.005418995699162089,0.0027094978495810444,0.023977221381031817,0.6948486996145875,2.003370926451499,0.005418995699162089,0
pitcher,668881,Hunter Greene,CIN,1,0.005402470747532591,0.005402470747532591,0.015230762235316109,0.6295511074800292,1.1477186582269816,0,0.005402470747532591
pitcher,681751,Lazaro Estrada,TOR,1,0.005399650718350722,0.005399650718350722,0.011749725661006405,0.7245054003658618,1.4751908919803922,0,0.005399650718350722
hitter,694224,Gabriel Gonzalez,MIN,1,0.005394304648952719,0.005394304648952719,0.0057673178857581275,0.9781445896008845,3.600906746118629,0.005394304648952719,0
hitter,682877,Juan Brito,CIN,1,0.005367757545446956,0.005367757545446956,0.010230339790114118,0.7741520899312575,1.6739299083547703,0.005367757545446956,0
pitcher,681293,Spencer Arrighetti,TOR,1,0.005315611660935389,0.005315611660935389,0.005645087016984629,0.9805562901082187,3.6904473260281803,0,0.005315611660935389
hitter,686668,Brenton Doyle,CWS,2,0.005262351526904125,0.0026311757634520623,0.027155745218694793,0.6694331045234447,1.796952129487907,0.005262351526904125,0
pitcher,676620,Blake Weiman,LAA,2,0.005161333429629493,0.0025806667148147466,0.03274525438654288,0.5035992815326138,0.760824716560996,0,0.005161333429629493
hitter,666181,Will Benson,CIN,1,0.005128548590760485,0.005128548590760485,0.014888610154447979,0.6273165507399099,1.140541410764531,0.005128548590760485,0
hitter,808975,Hyeseong Kim,LAD,1,0.0050997372392881275,0.0050997372392881275,0.011751826546216843,0.7114289709931717,1.42675074441828,0.0050997372392881275,0
pitcher,671345,Jason Foley,SF,1,0.005090775964428081,0.005090775964428081,0.01247888226501992,0.689299681194008,1.3476354636725207,0,0.005090775964428081
pitcher,664353,José Urquidy,CWS,2,0.0050684200324469025,0.0025342100162234512,0.009734873678235473,0.8575587069089873,2.09966169831022,0,0.0050684200324469025
hitter,694410,LuJames Groover,AZ,1,0.005062529365933331,0.005062529365933331,0.005791186737448384,0.9573664846854375,3.083659185992037,0.005062529365933331,0
hitter,703155,Lazaro Montes,SEA,1,0.004924002067473578,0.004924002067473578,0.00916363198238257,0.7928212392326568,1.7565118302202505,0.004924002067473578,0
pitcher,672582,Angel Zerpa,MIL,2,0.004917515199801871,0.0024587575999009356,0.07226949677179217,0.5089010964212781,0.7832279943917257,0,0.004917515199801871
pitcher,676755,Isaac Mattson,PIT,1,0.004819679775386083,0.004819679775386083,0.0195979136497611,0.5217077100450347,0.815164093306429,0,0.004819679775386083
hitter,670097,Zack Short,NYM,1,0.004750705859395538,0.004750705859395538,0.009806709910560568,0.7604551314444654,1.6163822769632876,0.004750705859395538,0
pitcher,682825,Luis Mey,CIN,3,0.004658692276478644,0.0015528974254928813,0.05040913382977816,0.4715200878176562,0.6606385718127097,0,0.004658692276478644
hitter,672012,Tyler Black,MIL,1,0.004564531353033648,0.004564531353033648,0.009184413282501636,0.7744684279820491,1.675287552410678,0.004564531353033648,0
pitcher,621016,Jose Cuas,KC,1,0.004512182519896159,0.004512182519896159,0.007953594344359993,0.8212587341920426,1.893674165412183,0,0.004512182519896159
pitcher,669330,Tyler Wells,TB,1,0.004441138677305109,0.004441138677305109,0.00484071662723895,0.9752441010419874,3.5052179980142713,0,0.004441138677305109
hitter,806956,Ethan Salas,SD,2,0.004418126144232565,0.0022090630721162824,0.017287871916543907,0.6806873197784302,1.35173805971005,0.004418126144232565,0
hitter,676694,Jake Meyers,HOU,2,0.004390942749037332,0.002195471374518666,0.019805407563981137,0.6348757322432734,1.1716411478839264,0.004390942749037332,0
hitter,666185,Dylan Carlson,CHC,1,0.004374026471830958,0.004374026471830958,0.011883054968375661,0.6760984043393816,1.3019241610756334,0.004374026471830958,0
pitcher,672782,Yoendrys Gómez,TB,1,0.004362955493188614,0.004362955493188614,0.007553086794461997,0.830789974286308,1.9434272440077516,0,0.004362955493188614
pitcher,678576,Wilkin Ramos,SF,1,0.004324431066308646,0.004324431066308646,0.011146788734723412,0.6960653147743527,1.3714730039303005,0,0.004324431066308646
pitcher,806188,Cade Gibson,MIA,1,0.004309723776941852,0.004309723776941852,0.015716907509518707,0.5777761119196255,0.9852380476418379,0,0.004309723776941852
pitcher,669684,Chris Murphy,CWS,2,0.004305293115656676,0.002152646557828338,0.05075578289957064,0.43955157993033445,0.5461778703834319,0,0.004305293115656676
pitcher,663559,Bailey Falter,KC,1,0.004213336203915845,0.004213336203915845,0.014462101634477934,0.6021766556170262,1.0609071012857232,0,0.004213336203915845
hitter,806068,Colt Emerson,SEA,1,0.0041480825103478326,0.0041480825103478326,0.004585744343931136,0.972449397138227,3.4228452168961994,0.0041480825103478326,0
pitcher,642232,Ryan Yarbrough,NYY,3,0.00410912600889082,0.0013697086696302732,0.01600124845745321,0.7834614080973102,1.9821747233372502,0,0.00410912600889082
pitcher,682982,Daniel Espino,CLE,1,0.00409315226368685,0.00409315226368685,0.01451291136313046,0.5963353783360316,1.0426641264937508,0,0.00409315226368685
pitcher,680916,Franco Aleman,CLE,1,0.004070663010832096,0.004070663010832096,0.009442913199553399,0.7410079222219872,1.538410382245976,0,0.004070663010832096
hitter,650559,Bryan De La Cruz,PHI,2,0.00405756959648919,0.002028784798244595,0.03600909206004871,0.5381735574446881,0.8974947368638861,0.00405756959648919,0
pitcher,684974,Craig Yoho,MIL,2,0.004055814337782521,0.0020279071688912606,0.03280138380852875,0.6025738955690624,1.0695692897582258,0,0.004055814337782521
pitcher,684442,Kohl Drake,AZ,1,0.004051371033723499,0.004051371033723499,0.006333396478170106,0.870585031801915,2.179606040070369,0,0.004051371033723499
hitter,806146,George Lombard Jr.,NYY,1,0.00400194812554685,0.00400194812554685,0.03247569940998629,0.34955348131013775,0.28424812007768185,0.00400194812554685,0
hitter,685133,Wade Meckler,LAA,2,0.0039325831012252885,0.0019662915506126442,0.030885548243762634,0.5338853908529715,0.8597630572806609,0.0039325831012252885,0
pitcher,605218,Carl Edwards Jr.,NYM,1,0.0038870131909059273,0.0038870131909059273,0.00821118454707892,0.8596557899432351,2.1093255123921297,0,0.0038870131909059273
pitcher,669093,Jeremiah Estrada,SD,1,0.003863931596435639,0.003863931596435639,0.025542474321364472,0.4115883060449681,0.4819475474236845,0,0.003863931596435639
hitter,663330,Jahmai Jones,DET,2,0.0038481132230776638,0.0019240566115388319,0.003978923547521718,0.9952922670454429,4.924670938685615,0.0038481132230776638,0
hitter,623168,Tyler Heineman,LAA,2,0.003807694414688074,0.001903847207344037,0.025500761782366863,0.669226269805668,1.9212490614363498,0.003807694414688074,0
pitcher,669062,Erik Miller,BOS,2,0.0036818554201861757,0.0018409277100930879,0.02876197060303165,0.5397310812817306,0.8806826257492861,0,0.0036818554201861757
pitcher,693312,Kyle Nicolas,CIN,1,0.0036046995810296704,0.0036046995810296704,0.006367182199942978,0.8436376221374893,2.014160097236651,0,0.0036046995810296704
hitter,622268,Donovan Walton,LAA,1,0.0035955153160034683,0.0035955153160034683,0.0102713268515644,0.6905238337215781,1.3519270551642086,0.0035955153160034683,0
hitter,672642,Steward Berroa,PHI,1,0.0035727970707179744,0.0035727970707179744,0.00970621709929298,0.7080188213049821,1.414336000078138,0.0035727970707179744,0
pitcher,699044,Miguel Ullola,HOU,1,0.003503803203355068,0.003503803203355068,0.015230762235316109,0.5579863507897697,0.9247453042236513,0,0.003503803203355068
pitcher,668820,Max Kranick,WSH,1,0.0034794860713614306,0.0034794860713614306,0.00461227777867948,0.9288102103876132,2.6764162647038794,0,0.0034794860713614306
pitcher,669622,Anthony Bender,MIA,1,0.003467808628280592,0.003467808628280592,0.004956535444822441,0.9084228726597465,2.470896337501781,0,0.003467808628280592
pitcher,675916,James Karinchak,ATL,2,0.003414484480326007,0.0017072422401630035,0.034153919515083384,0.459826113013667,0.6290873033326885,0,0.003414484480326007
hitter,663697,Jonathan India,KC,1,0.003404842645349019,0.003404842645349019,0.010482233572680244,0.6750842422235411,1.2984536583684068,0.003404842645349019,0
pitcher,671111,Sammy Peralta,LAA,1,0.0033789337042496393,0.0033789337042496393,0.007064278477976166,0.7993199254658292,1.7865369764565457,0,0.0033789337042496393
pitcher,694462,Hurston Waldrep,ATL,1,0.0033719834535511943,0.0033719834535511943,0.013480468400798418,0.5920785360569887,1.0294234671028581,0,0.0033719834535511943
pitcher,670245,Ryan Watson,BOS,2,0.0033594283937922473,0.0016797141968961237,0.007995737173985992,0.850040595552968,2.0961571813448785,0,0.0033594283937922473
pitcher,702281,Robby Snelling,MIA,1,0.003341125055094008,0.003341125055094008,0.026727997282556093,0.38500910122369425,0.39874462844335223,0,0.003341125055094008
pitcher,678020,Seth Halvorsen,LAD,1,0.003245251536008919,0.003245251536008919,0.05177796956119682,0.34748530631431024,0.277416541591073,0,0.003245251536008919
pitcher,673380,Dedniel Núñez,NYM,1,0.0032099415147655887,0.0032099415147655887,0.03797702942914177,0.2944564979435348,0.0946221348848173,0,0.0032099415147655887
pitcher,663978,Chris Paddack,TEX,1,0.0031502431518253835,0.0031502431518253835,0.017023543069320968,0.5101848704612582,0.7805588384072437,0,0.0031502431518253835
hitter,643376,Danny Jansen,TEX,2,0.0030097956489119567,0.0015048978244559784,0.018743147601606558,0.6639894579324201,1.3244960970508681,0.0030097956489119567,0
pitcher,640454,Matt Krook,ATH,1,0.002882093142711461,0.002882093142711461,0.013547493709900799,0.5707655391038665,0.9637314092030556,0,0.002882093142711461
pitcher,547184,Michael Kelly,ATH,1,0.0028779201132432854,0.0028779201132432854,0.006538214725337641,0.794806001135572,1.7656066451834649,0,0.0028779201132432854
pitcher,663362,Matt Waldron,WSH,1,0.0028114594087233474,0.0028114594087233474,0.007014350137303338,0.7705137939882787,1.6584109755563676,0,0.0028114594087233474
hitter,649966,Luis Urías,TOR,1,0.0027244385195322263,0.0027244385195322263,0.014975609911558274,0.5337435959331651,0.8513848950686151,0.0027244385195322263,0
pitcher,646241,Enmanuel De Jesus,DET,2,0.0026743220326942716,0.0013371610163471358,0.005433123581809423,0.9016076679357992,2.411432901610268,0,0.0026743220326942716
pitcher,681006,Josh Simpson,SEA,1,0.0026298769573798947,0.0026298769573798947,0.0319867929885132,0.3218043194162339,0.1908808473088479,0,0.0026298769573798947
pitcher,518886,Craig Kimbrel,KC,1,0.0025887829321627636,0.0025887829321627636,0.0028056335085611533,0.9846266687514051,3.869721211279387,0,0.0025887829321627636
pitcher,676568,Ricky Vanasco,DET,1,0.0025882529435350523,0.0025882529435350523,0.016231362297865648,0.5044520788065664,0.763356589415209,0,0.0025882529435350523
hitter,668670,Jake Rogers,CWS,1,0.0025850055790038276,0.0025850055790038276,0.0050775327592264,0.847808139549079,2.0381342962212177,0.0025850055790038276,0
hitter,645305,Ali Sánchez,NYY,1,0.0025474792152522584,0.0025474792152522584,0.008120156219091831,0.7130467468453673,1.4326707452732457,0.0025474792152522584,0
pitcher,663978,Chris Paddack,MIA,1,0.0024457522418376673,0.0024457522418376673,0.006776278405814212,0.7604304344757361,1.6162805984672488,0,0.0024457522418376673
pitcher,605242,Michael Fulmer,LAA,1,0.0024116153760601394,0.0024116153760601394,0.01896501031937367,0.45305173305303204,0.6087390734839486,0,0.0024116153760601394
pitcher,605452,Joe Ross,AZ,1,0.0024057228582713835,0.0024057228582713835,0.002653045022350975,0.9822746817140335,3.7611577175265163,0,0.0024057228582713835
pitcher,605540,Brandon Woodruff,MIL,2,0.002363351262407014,0.001181675631203507,0.038522354761902966,0.4084128475380275,0.4721014014850353,0,0.002363351262407014
pitcher,688642,Zach Agnos,COL,1,0.0022881577390530157,0.0022881577390530157,0.010271326851564289,0.6299175675448839,1.1488973958107618,0,0.0022881577390530157
hitter,695020,Tanner Murray,CWS,1,0.0022539588038151467,0.0022539588038151467,0.006305780134210459,0.7698584612832882,1.6556341320452344,0.0022539588038151467,0
hitter,677060,Chad Stevens,COL,1,0.002246395349005434,0.002246395349005434,0.022450631568521506,0.4013671661670435,0.45017114232987687,0.002246395349005434,0
pitcher,677961,Cole Wilcox,SEA,1,0.0022375382089270058,0.0022375382089270058,0.004863464805509726,0.8375393748692046,1.980024458881454,0,0.0022375382089270058
pitcher,676454,Brendan Cellucci,TOR,1,0.0022315565631726006,0.0022315565631726006,0.0071011511248314785,0.7353646775343532,1.5165103496116785,0,0.0022315565631726006
hitter,605244,Aramis Garcia,AZ,1,0.002224551787831564,0.002224551787831564,0.0028669835200512625,0.9546528919645857,3.03525105439812,0.002224551787831564,0
hitter,678577,Junior Perez,CWS,1,0.002176563489488328,0.002176563489488328,0.0026419283367858926,0.9666211993021299,3.2744142766282227,0.002176563489488328,0
hitter,672284,Jarred Kelenic,CWS,1,0.0021581023475159564,0.0021581023475159564,0.01074234657082912,0.6105566984109774,1.0872396553343484,0.0021581023475159564,0
pitcher,621345,A.J. Minter,NYM,1,0.002156110634338725,0.002156110634338725,0.019310725002035678,0.43958810624197453,0.567874596275626,0,0.002156110634338725
hitter,805672,Collin Price,HOU,1,0.0021512127713649524,0.0021512127713649524,0.009400784144069599,0.6497924270766565,1.2135951935587386,0.0021512127713649524,0
hitter,678009,Parker Meadows,DET,1,0.002139121062339224,0.002139121062339224,0.013136085051608737,0.692272839249512,1.3580749542139152,0.002139121062339224,0
pitcher,814305,Yunior Tur,ATH,1,0.002114747816619177,0.002114747816619177,0.012557072909339703,0.5622964672823503,0.9378655630498738,0,0.002114747816619177
pitcher,679885,Justin Martinez,AZ,1,0.00208747789577712,0.00208747789577712,0.002115207142418203,0.9979329989953413,5.384690529027157,0,0.00208747789577712
hitter,696135,Kahlil Watson,CLE,1,0.002087244201281933,0.002087244201281933,0.016638112774212677,0.4791749646611268,0.6874887305557045,0.002087244201281933,0
pitcher,669060,Bryse Wilson,MIL,1,0.0020527875798537457,0.0020527875798537457,0.005275963011067253,0.8055512413329172,1.816018603609141,0,0.0020527875798537457
pitcher,434378,Justin Verlander,DET,2,0.002046095363795875,0.0010230476818979374,0.03955096122113072,0.4741756210113688,0.657524370776569,0,0.002046095363795875
hitter,622761,Jorge Mateo,TB,1,0.0020295780085435736,0.0020295780085435736,0.007849677133335113,0.6960732505165789,1.3715011372998998,0.0020295780085435736,0
pitcher,669438,Mason Englert,TB,1,0.002013886422670262,0.002013886422670262,0.011684793579647357,0.579247595873973,0.9897640994484833,0,0.002013886422670262
pitcher,623352,Josh Hader,HOU,1,0.00199935737313284,0.00199935737313284,0.030340013831743562,0.31938887981334674,0.1825637389345376,0,0.00199935737313284
pitcher,607455,Anthony Banda,MIN,1,0.0019297763523247833,0.0019297763523247833,0.035903907945082913,0.2802686669018235,0.04265300540323125,0,0.0019297763523247833
pitcher,607481,Aaron Bummer,ATL,1,0.001898836940118779,0.001898836940118779,0.01329609033386736,0.6824931827465494,1.3239399364446287,0,0.001898836940118779
hitter,623205,Andrew Velazquez,KC,1,0.001847518878439122,0.001847518878439122,0.004418551840581486,0.8364332167353623,1.973943985070088,0.001847518878439122,0
pitcher,690990,Cade Horton,CHC,1,0.0018340825732966015,0.0018340825732966015,0.006014667349386937,0.758552405788012,1.6085695795490658,0,0.0018340825732966015
pitcher,805326,Tyler Schweitzer,CWS,2,0.0017727053836294766,0.0008863526918147383,0.020444882054935776,0.574514793263799,0.9805976493224526,0,0.0017727053836294766
pitcher,694363,Jared Shuster,STL,1,0.0017475567320708015,0.0017475567320708015,0.015763981001581828,0.48210042459415714,0.6962783164033564,0,0.0017475567320708015
hitter,676439,Hunter Feduccia,LAD,1,0.0016614648223301992,0.0016614648223301992,0.01697160429141431,0.45846230333191296,0.6250990437382606,0.0016614648223301992,0
pitcher,642585,Félix Bautista,BAL,1,0.001645507318318727,0.001645507318318727,0.002377410210846684,0.9464881961390957,2.90464217777149,0,0.001645507318318727
pitcher,694753,Khristian Curtis,PIT,1,0.0015929255920870758,0.0015929255920870758,0.006747479212514507,0.7143892751042399,1.4375986763108566,0,0.0015929255920870758
hitter,682634,Kevin Alcántara,CHC,1,0.0015671985852824693,0.0015671985852824693,0.006564169103662865,0.7202797124577254,1.459387121469304,0.0015671985852824693,0
pitcher,684049,Brandan Bidois,PIT,1,0.0015296220855795604,0.0015296220855795604,0.008474582040995216,0.6487935906297351,1.2103053843264027,0,0.0015296220855795604
pitcher,815083,Mitch Farris,LAA,1,0.0015267107511034127,0.0015267107511034127,0.009568331758605164,0.6146495512663226,1.1001743200069667,0,0.0015267107511034127
pitcher,573124,Taylor Rogers,MIN,1,0.0015256720891394793,0.0015256720891394793,0.009825007143080933,0.6071322012944392,1.0764550475135448,0,0.0015256720891394793
hitter,814430,Brett Callahan,DET,1,0.0015253999414325202,0.0015253999414325202,0.005190816006203192,0.7777298550058477,1.6893642917854286,0.0015253999414325202,0
pitcher,666808,Camilo Doval,PIT,1,0.0014948820436267943,0.0014948820436267943,0.027943080472874415,0.3260417349874169,0.20539290521825393,0,0.0014948820436267943
pitcher,694646,Chayce McDermott,NYM,1,0.001439149705592231,0.001439149705592231,0.0028386127535186267,0.9010183621035864,2.4064434599668973,0,0.001439149705592231
pitcher,592866,Trevor Williams,TEX,1,0.0013903195619751794,0.0013903195619751794,0.0027873104342331784,0.9008333862748413,2.4048891878709355,0,0.0013903195619751794
pitcher,489446,Kirby Yates,PIT,1,0.0013884082428696092,0.0013884082428696092,0.006085822372295768,0.7298135211072059,1.4952575008534992,0,0.0013884082428696092
pitcher,680704,Nick Sandlin,LAA,1,0.0013482314449505426,0.0013482314449505426,0.004375989527126506,0.8068537825356045,1.8222712199204336,0,0.0013482314449505426
pitcher,700327,Welinton Herrera,COL,1,0.0013349070527390412,0.0013349070527390412,0.015320404452693115,0.47463242247849474,0.6738318688379024,0,0.0013349070527390412
hitter,682515,Logan Porter,LAA,1,0.0013148140897558487,0.0013148140897558487,0.0032155459686442484,0.8690554331890605,2.169474624997786,0.0013148140897558487,0
pitcher,681151,Jayden Murray,HOU,1,0.001285077105318284,0.001285077105318284,0.007090386368803492,0.6843291300647693,1.3303041496782697,0,0.001285077105318284
pitcher,657571,Caleb Ferguson,CIN,1,0.0012413410500424701,0.0012413410500424701,0.03528343979096238,0.26922316398961177,0.0010743857500115084,0,0.0012413410500424701
hitter,681546,James Outman,MIN,1,0.0012403588958738616,0.0012403588958738616,0.011115123770622515,0.5594597212222125,0.9292272408968838,0.0012403588958738616,0
pitcher,606965,Chris Devenski,NYM,1,0.0012382850052202457,0.0012382850052202457,0.015780536022842573,0.4629998828178341,0.6387963662008547,0,0.0012382850052202457
pitcher,813349,Connelly Early,WSH,1,0.0011840584745663003,0.0011840584745663003,0.016185662950335855,0.4542025599718618,0.6122215109438827,0,0.0011840584745663003
pitcher,681982,Grant Anderson,MIL,1,0.0011640772366206262,0.0011640772366206262,0.012908515652450325,0.5148633404691644,0.7946031627465118,0,0.0011640772366206262
hitter,691373,Jhostynxon Garcia,PIT,1,0.0011576338914721634,0.0011576338914721634,0.007849677133335113,0.6505401529609256,1.2160607656106812,0.0011576338914721634,0
hitter,669720,Austin Hays,CWS,1,0.0011188669229033944,0.0011188669229033944,0.004696110004587251,0.7763679369135371,1.683468320607703,0.0011188669229033944,0
hitter,690022,Ryan Ritter,COL,1,0.001116175480504497,0.001116175480504497,0.01979610114325288,0.3992839945852349,0.44366298260654125,0.001116175480504497,0
hitter,665804,Miguel Amaya,CHC,1,0.0011048830849903354,0.0011048830849903354,0.0018257106680335897,0.9450827767521373,2.8840841238202053,0.0011048830849903354,0
hitter,695681,Christian Moore,LAA,1,0.0010998781168478095,0.0010998781168478095,0.02016055296285829,0.3941405013283416,0.42754450445667214,0.0010998781168478095,0
pitcher,656234,Jake Bird,NYY,1,0.0010870911463987916,0.0010870911463987916,0.012295510604331872,0.524976609072603,0.8249922454288239,0,0.0010870911463987916
hitter,683679,Jesus Rodriguez,SF,1,0.0010845971394160816,0.0010845971394160816,0.017431625736576584,0.4310440784995317,0.5418055429924933,0.0010845971394160816,0
pitcher,471911,Carlos Carrasco,ATL,1,0.0010465597748488716,0.0010465597748488716,0.01748146772735726,0.4289760304028298,0.5354773928448537,0,0.0010465597748488716
pitcher,700842,Eduardo Rivera,BOS,1,0.0010003313322659185,0.0010003313322659185,0.00178994880744765,0.9396775734728259,2.8093746442626006,0,0.0010003313322659185
hitter,664056,Harrison Bader,SF,1,0.0009942420092368,0.0009942420092368,0.011115123770622515,0.5484797735245949,0.8958976746044285,0.0009942420092368,0
pitcher,676105,Jeff Criswell,COL,1,0.0009857209166057547,0.0009857209166057547,0.008808492595510031,0.6109717502817192,1.0885490703893872,0,0.0009857209166057547
pitcher,683155,Joey Estes,ATH,1,0.000963052521500805,0.000963052521500805,0.019546496600365892,0.39755090117285297,0.43823985047989034,0,0.000963052521500805
pitcher,672629,Gerardo Carrillo,AZ,1,0.000930156699981225,0.000930156699981225,0.004214457282853162,0.7883070917020216,1.7360632841034116,0,0.000930156699981225
hitter,668942,Josh Rojas,KC,1,0.0008388693629801788,0.0008388693629801788,0.005486706326181336,0.7231239486240268,1.4700080294445392,0.0008388693629801788,0
pitcher,656222,Jalen Beeks,TEX,1,0.000829465218634761,0.000829465218634761,0.03149679118270776,0.2834199687273687,0.05432988562993479,0,0.000829465218634761
pitcher,687606,Paxton Schultz,WSH,1,0.0008156552571385537,0.0008156552571385537,0.003791160993914841,0.8028312243189182,1.8030633143505437,0,0.0008156552571385537
pitcher,663878,Nate Pearson,HOU,1,0.0008077215812184969,0.0008077215812184969,0.00741320130209952,0.6470149808018191,1.2044578732390137,0,0.0008077215812184969
hitter,656582,Connor Joe,SEA,1,0.0006749212919465366,0.0006749212919465366,0.011976698552994214,0.5144596113870339,0.793390933115953,0.0006749212919465366,0
hitter,664731,P.J. Higgins,CIN,1,0.0006341679959866097,0.0006341679959866097,0.00817094844738453,0.6129217602437692,1.0947078383212414,0.0006341679959866097,0
pitcher,681799,Ethan Roberts,CHC,1,0.0006301112321998956,0.0006301112321998956,0.007405749675276019,0.6377777656229572,1.1742989717538936,0,0.0006301112321998956
pitcher,676467,Colton Gordon,MIL,1,0.0006206588925875755,0.0006206588925875755,0.017073103495828634,0.420139407532212,0.508349146547451,0,0.0006206588925875755
pitcher,666171,Ryan Zeferjahn,CHC,1,0.0005886750695155638,0.0005886750695155638,0.01299149743648853,0.48941713455908453,0.7182466614040428,0,0.0005886750695155638
pitcher,621383,Tanner Banks,PHI,1,0.0005620127731247133,0.0005620127731247133,0.006500691028251335,0.6663793419198506,1.2688908731880613,0,0.0005620127731247133
hitter,641584,Jake Fraley,TB,1,0.0005305776710178567,0.0005305776710178567,0.0030246630606026725,0.8258887221965915,1.9175740673591672,0.0005305776710178567,0
pitcher,687721,Cameron Weston,BAL,1,0.0005268304018616896,0.0005268304018616896,0.0075119170746068,0.6286882062554962,1.1449449841590882,0,0.0005268304018616896
hitter,665861,Sebastián Rivero,LAA,1,0.0005031482662966498,0.0005031482662966498,0.006808660078709117,0.6517957825147956,1.2202066172640635,0.0005031482662966498,0
