role,player_id,player_name,challenge_team_abbr,attempts,overturns,confirms,overturn_rate,direct_wpa,option_wpa_proxy,total_xwpa,risk_adjusted_xwpa,xwpa_per_challenge,risk_adjusted_per_challenge,wpa_if_overturned,savant_challenge_runs,strikeout_flips,walk_flips,exhausting_fails,missed_opportunities,missed_xwpa,missed_xwpa_per_opportunity,missed_wpa_if_overturned,avg_missed_overturn_probability,avg_zone_distance_inches,missed_batting_xwpa,missed_fielding_xwpa,decision_xwpa
catcher,700337,Edgar Quero,CWS,39,16,23,0.41025641025641024,0.7201857757355445,-0.5198,0.7201857757355445,0.2003857757355445,0.01846630194193704,0.00513809681373191,1.210743242028037,0.3901365575940259,4,3,9,0,0.0,0.0,0.0,0.0,0.0,0.0,0.0,0.7201857757355445
fielder_challenger,700337,Edgar Quero,CWS,38,16,22,0.42105263157894735,0.7201857757355445,-0.49720000000000003,0.7201857757355445,0.22298577573554448,0.01895225725619854,0.00586804672988275,1.1149441201196728,0.6161365575940259,4,3,8,0,0.0,0.0,0.0,0.0,0.0,0.0,0.0,0.7201857757355445
catcher,681351,Logan O'Hoppe,LAA,27,17,10,0.6296296296296297,0.43040582456193677,-0.22600000000000003,0.43040582456193677,0.20440582456193673,0.01594095646525692,0.0075705860948865455,0.6980512836685697,0.3733206744910542,1,2,1,0,0.0,0.0,0.0,0.0,0.0,0.0,0.0,0.43040582456193677
fielder_challenger,681351,Logan O'Hoppe,LAA,27,17,10,0.6296296296296297,0.43040582456193677,-0.22600000000000003,0.43040582456193677,0.20440582456193673,0.01594095646525692,0.0075705860948865455,0.6980512836685697,0.3733206744910542,1,2,1,0,0.0,0.0,0.0,0.0,0.0,0.0,0.0,0.43040582456193677
catcher,696100,Hunter Goodman,COL,24,18,6,0.75,0.4178819073953084,-0.1356,0.4178819073953084,0.2822819073953084,0.017411746141471184,0.011761746141471184,0.5902804854931603,2.271604557268474,7,3,0,0,0.0,0.0,0.0,0.0,0.0,0.0,0.0,0.4178819073953084
fielder_challenger,696100,Hunter Goodman,COL,22,17,5,0.7727272727272727,0.4105439381979803,-0.11300000000000002,0.4105439381979803,0.2975439381979803,0.018661088099908196,0.013524724463544559,0.5759302029450575,2.4147457226899207,7,3,0,0,0.0,0.0,0.0,0.0,0.0,0.0,0.0,0.4105439381979803
catcher,669257,Will Smith,LAD,31,21,10,0.6774193548387096,0.40726969634749766,-0.22600000000000003,0.40726969634749766,0.18126969634749765,0.01313773214024186,0.005847409559596698,0.7728875184190152,1.3039526748610113,6,2,2,0,0.0,0.0,0.0,0.0,0.0,0.0,0.0,0.40726969634749766
fielder_challenger,669257,Will Smith,LAD,30,21,9,0.7,0.40726969634749766,-0.20340000000000003,0.40726969634749766,0.20386969634749766,0.013575656544916588,0.006795656544916589,0.7342628500534637,1.5299526748610113,6,2,1,0,0.0,0.0,0.0,0.0,0.0,0.0,0.0,0.40726969634749766
pitcher,608371,Lucas Sims,CWS,3,2,1,0.6666666666666666,0.38376672113592447,-0.022600000000000002,0.38376672113592447,0.36116672113592446,0.1279222403786415,0.12038890704530815,0.43627059325261736,1.7188191859290018,1,1,1,0,0.0,0.0,0.0,0.0,0.0,0.0,0.0,0.38376672113592447
catcher,669127,Shea Langeliers,ATH,24,12,12,0.5,0.3745241076618405,-0.2712,0.3745241076618405,0.1033241076618405,0.015605171152576688,0.004305171152576687,0.5695246743277623,0.06414313813705141,4,4,4,0,0.0,0.0,0.0,0.0,0.0,0.0,0.0,0.3745241076618405
catcher,521692,Salvador Perez,KC,25,19,6,0.76,0.3520286418020011,-0.1356,0.3520286418020011,0.2164286418020011,0.014081145672080044,0.008657145672080044,0.468860105394717,2.748829032946024,2,3,0,0,0.0,0.0,0.0,0.0,0.0,0.0,0.0,0.3520286418020011
fielder_challenger,521692,Salvador Perez,KC,25,19,6,0.76,0.3520286418020011,-0.1356,0.3520286418020011,0.2164286418020011,0.014081145672080044,0.008657145672080044,0.468860105394717,2.748829032946024,2,3,0,0,0.0,0.0,0.0,0.0,0.0,0.0,0.0,0.3520286418020011
catcher,663728,Cal Raleigh,SEA,26,15,11,0.5769230769230769,0.34705742332627276,-0.24860000000000002,0.34705742332627276,0.09845742332627272,0.013348362435625875,0.0037868239740874122,0.6669736201153192,1.7208313013408105,5,1,4,0,0.0,0.0,0.0,0.0,0.0,0.0,0.0,0.34705742332627276
catcher,664954,Brett Sullivan,COL,24,14,10,0.5833333333333334,0.3438092549107488,-0.22600000000000003,0.3438092549107488,0.1178092549107488,0.014325385621281201,0.0049087189546145335,0.46245282492169076,1.3004830670131142,6,3,3,0,0.0,0.0,0.0,0.0,0.0,0.0,0.0,0.3438092549107488
fielder_challenger,664954,Brett Sullivan,COL,23,14,9,0.6086956521739131,0.3438092549107488,-0.20340000000000003,0.3438092549107488,0.1404092549107488,0.014948228474380383,0.0061047502135108175,0.42587874035507395,1.5264830670131142,6,3,3,0,0.0,0.0,0.0,0.0,0.0,0.0,0.0,0.3438092549107488
catcher,608348,Carson Kelly,CHC,14,12,2,0.8571428571428571,0.33990599933909016,-0.045200000000000004,0.33990599933909016,0.2947059993390902,0.024278999952792153,0.02105042852422073,0.36991264462334134,3.7345275966000857,5,2,0,0,0.0,0.0,0.0,0.0,0.0,0.0,0.0,0.33990599933909016
fielder_challenger,608348,Carson Kelly,CHC,14,12,2,0.8571428571428571,0.33990599933909016,-0.045200000000000004,0.33990599933909016,0.2947059993390902,0.024278999952792153,0.02105042852422073,0.36991264462334134,3.7345275966000857,5,2,0,0,0.0,0.0,0.0,0.0,0.0,0.0,0.0,0.33990599933909016
catcher,680777,Ryan Jeffers,MIN,28,17,11,0.6071428571428571,0.3384600792802326,-0.24860000000000002,0.3384600792802326,0.08986007928023257,0.012087859974294022,0.003209288545722592,0.5275579061544287,1.1472609320062748,11,0,4,0,0.0,0.0,0.0,0.0,0.0,0.0,0.0,0.3384600792802326
fielder_challenger,680777,Ryan Jeffers,MIN,28,17,11,0.6071428571428571,0.3384600792802326,-0.24860000000000002,0.3384600792802326,0.08986007928023257,0.012087859974294022,0.003209288545722592,0.5275579061544287,1.1472609320062748,11,0,4,0,0.0,0.0,0.0,0.0,0.0,0.0,0.0,0.3384600792802326
catcher,663743,Nick Fortes,TB,30,19,11,0.6333333333333333,0.32923534688017697,-0.24860000000000002,0.32923534688017697,0.08063534688017693,0.010974511562672566,0.0026878448960058975,0.48097216222988176,0.3645231623242762,3,1,4,0,0.0,0.0,0.0,0.0,0.0,0.0,0.0,0.32923534688017697
fielder_challenger,663743,Nick Fortes,TB,30,19,11,0.6333333333333333,0.32923534688017697,-0.24860000000000002,0.32923534688017697,0.08063534688017693,0.010974511562672566,0.0026878448960058975,0.48097216222988176,0.3645231623242762,3,1,4,0,0.0,0.0,0.0,0.0,0.0,0.0,0.0,0.32923534688017697
fielder_challenger,669127,Shea Langeliers,ATH,22,11,11,0.5,0.32057419411648047,-0.24860000000000002,0.32057419411648047,0.07197419411648044,0.01457155427802184,0.003271554278021838,0.5055670421755942,0.03211552491906014,4,4,4,0,0.0,0.0,0.0,0.0,0.0,0.0,0.0,0.32057419411648047
fielder_challenger,663728,Cal Raleigh,SEA,24,14,10,0.5833333333333334,0.3169160498239608,-0.22600000000000003,0.3169160498239608,0.09091604982396079,0.0132048354093317,0.003788168742665033,0.5432816899701922,1.6672820141754974,4,1,3,0,0.0,0.0,0.0,0.0,0.0,0.0,0.0,0.3169160498239608
catcher,671056,Ivan Herrera,STL,13,10,3,0.7692307692307693,0.3108372296436543,-0.0678,0.3108372296436543,0.2430372296436543,0.023910556126434945,0.01869517151105033,0.33639164319393045,1.6751298407234845,3,3,1,0,0.0,0.0,0.0,0.0,0.0,0.0,0.0,0.3108372296436543
fielder_challenger,671056,Ivan Herrera,STL,13,10,3,0.7692307692307693,0.3108372296436543,-0.0678,0.3108372296436543,0.2430372296436543,0.023910556126434945,0.01869517151105033,0.33639164319393045,1.6751298407234845,3,3,1,0,0.0,0.0,0.0,0.0,0.0,0.0,0.0,0.3108372296436543
catcher,661388,William Contreras,MIL,34,18,16,0.5294117647058824,0.28344844010485903,-0.36160000000000003,0.28344844010485903,-0.078151559895141,0.008336718826613502,-0.002298575291033559,0.8707071659994274,-1.2300512079566734,2,1,7,0,0.0,0.0,0.0,0.0,0.0,0.0,0.0,0.28344844010485903
fielder_challenger,661388,William Contreras,MIL,34,18,16,0.5294117647058824,0.28344844010485903,-0.36160000000000003,0.28344844010485903,-0.078151559895141,0.008336718826613502,-0.002298575291033559,0.8707071659994274,-1.2300512079566734,2,1,7,0,0.0,0.0,0.0,0.0,0.0,0.0,0.0,0.28344844010485903
catcher,682663,Agustin Ramirez,MIA,30,21,9,0.7,0.28291135631963893,-0.20340000000000003,0.28291135631963893,0.07951135631963888,0.009430378543987964,0.0026503785439879624,0.3933610229084873,0.4692316349230113,2,1,1,0,0.0,0.0,0.0,0.0,0.0,0.0,0.0,0.28291135631963893
fielder_challenger,682663,Agustin Ramirez,MIA,30,21,9,0.7,0.28291135631963893,-0.20340000000000003,0.28291135631963893,0.07951135631963888,0.009430378543987964,0.0026503785439879624,0.3933610229084873,0.4692316349230113,2,1,1,0,0.0,0.0,0.0,0.0,0.0,0.0,0.0,0.28291135631963893
catcher,595978,Austin Hedges,CLE,16,11,5,0.6875,0.2799678971734973,-0.11300000000000002,0.2799678971734973,0.16696789717349728,0.01749799357334358,0.01043549357334358,0.36393702166729397,1.362842055770171,5,2,1,0,0.0,0.0,0.0,0.0,0.0,0.0,0.0,0.2799678971734973
fielder_challenger,595978,Austin Hedges,CLE,16,11,5,0.6875,0.2799678971734973,-0.11300000000000002,0.2799678971734973,0.16696789717349728,0.01749799357334358,0.01043549357334358,0.36393702166729397,1.362842055770171,5,2,1,0,0.0,0.0,0.0,0.0,0.0,0.0,0.0,0.2799678971734973
catcher,689414,Liam Hicks,MIA,29,15,14,0.5172413793103449,0.25596443630988386,-0.3164,0.25596443630988386,-0.060435563690116156,0.008826359872754616,-0.0020839849548315915,0.6264612739856115,-0.3030204542509449,2,1,5,0,0.0,0.0,0.0,0.0,0.0,0.0,0.0,0.25596443630988386
fielder_challenger,689414,Liam Hicks,MIA,28,15,13,0.5357142857142857,0.25596443630988386,-0.2938,0.25596443630988386,-0.037835563690116154,0.00914158701106728,-0.0013512701317898626,0.6228870482180139,-0.07702045425094489,2,1,5,0,0.0,0.0,0.0,0.0,0.0,0.0,0.0,0.25596443630988386
catcher,642851,Austin Wynns,ATH,17,10,7,0.5882352941176471,0.25032963365678823,-0.1582,0.25032963365678823,0.0921296336567882,0.014725272568046366,0.005419390215105188,0.3863271182373244,0.7433012186909405,3,1,4,0,0.0,0.0,0.0,0.0,0.0,0.0,0.0,0.25032963365678823
fielder_challenger,642851,Austin Wynns,ATH,17,10,7,0.5882352941176471,0.25032963365678823,-0.1582,0.25032963365678823,0.0921296336567882,0.014725272568046366,0.005419390215105188,0.3863271182373244,0.7433012186909405,3,1,4,0,0.0,0.0,0.0,0.0,0.0,0.0,0.0,0.25032963365678823
catcher,665561,Rafael Marchan,PHI,16,8,8,0.5,0.23814521322733076,-0.18080000000000002,0.23814521322733076,0.057345213227330744,0.014884075826708172,0.0035840758267081715,0.45933605123375454,1.4322452072449283,3,3,1,0,0.0,0.0,0.0,0.0,0.0,0.0,0.0,0.23814521322733076
fielder_challenger,665561,Rafael Marchan,PHI,15,8,7,0.5333333333333333,0.23814521322733076,-0.1582,0.23814521322733076,0.07994521322733075,0.01587634754848872,0.00532968088182205,0.4261578970555597,1.6582452072449283,3,3,1,0,0.0,0.0,0.0,0.0,0.0,0.0,0.0,0.23814521322733076
catcher,686780,Pedro Pages,STL,20,12,8,0.6,0.23471340307364338,-0.18080000000000002,0.23471340307364338,0.053913403073643375,0.01173567015368217,0.002695670153682169,0.4403192820174701,1.1965757021239691,4,3,2,0,0.0,0.0,0.0,0.0,0.0,0.0,0.0,0.23471340307364338
fielder_challenger,686780,Pedro Pages,STL,19,12,7,0.631578947368421,0.23471340307364338,-0.1582,0.23471340307364338,0.07651340307364338,0.012353337003875968,0.004027021214402283,0.4164215937579609,1.422575702123969,4,3,2,0,0.0,0.0,0.0,0.0,0.0,0.0,0.0,0.23471340307364338
catcher,666023,Freddy Fermin,SD,16,11,5,0.6875,0.21355237890162473,-0.11300000000000002,0.21355237890162473,0.10055237890162472,0.013347023681351546,0.006284523681351545,0.30552539229278486,0.9149018116016674,5,0,0,0,0.0,0.0,0.0,0.0,0.0,0.0,0.0,0.21355237890162473
fielder_challenger,666023,Freddy Fermin,SD,16,11,5,0.6875,0.21355237890162473,-0.11300000000000002,0.21355237890162473,0.10055237890162472,0.013347023681351546,0.006284523681351545,0.30552539229278486,0.9149018116016674,5,0,0,0,0.0,0.0,0.0,0.0,0.0,0.0,0.0,0.21355237890162473
catcher,672275,Patrick Bailey,SF,25,12,13,0.48,0.20671231112627397,-0.2938,0.20671231112627397,-0.08708768887372606,0.008268492445050958,-0.0034835075549490423,0.6360718266961449,-0.808067917935493,3,0,5,0,0.0,0.0,0.0,0.0,0.0,0.0,0.0,0.20671231112627397
fielder_challenger,672275,Patrick Bailey,SF,25,12,13,0.48,0.20671231112627397,-0.2938,0.20671231112627397,-0.08708768887372606,0.008268492445050958,-0.0034835075549490423,0.6360718266961449,-0.808067917935493,3,0,5,0,0.0,0.0,0.0,0.0,0.0,0.0,0.0,0.20671231112627397
catcher,605170,Victor Caratini,MIN,14,10,4,0.7142857142857143,0.20283726673277003,-0.09040000000000001,0.20283726673277003,0.11243726673277002,0.014488376195197859,0.008031233338055001,0.2922509791205875,0.8985603321049591,2,1,0,0,0.0,0.0,0.0,0.0,0.0,0.0,0.0,0.20283726673277003
fielder_challenger,605170,Victor Caratini,MIN,14,10,4,0.7142857142857143,0.20283726673277003,-0.09040000000000001,0.20283726673277003,0.11243726673277002,0.014488376195197859,0.008031233338055001,0.2922509791205875,0.8985603321049591,2,1,0,0,0.0,0.0,0.0,0.0,0.0,0.0,0.0,0.20283726673277003
catcher,682626,Francisco Alvarez,NYM,21,14,7,0.6666666666666666,0.1984630739606875,-0.1582,0.1984630739606875,0.04026307396068749,0.009450622569556547,0.001917289236223214,0.3411183307723634,0.8613410856607158,4,2,1,0,0.0,0.0,0.0,0.0,0.0,0.0,0.0,0.1984630739606875
pitcher,664854,Ryan Helsley,BAL,4,3,1,0.75,0.19174309642315734,-0.022600000000000002,0.19174309642315734,0.16914309642315734,0.047935774105789336,0.042285774105789334,0.2843622233876107,0.8547118723275327,2,2,1,3,0.034012127794650175,0.011337375931550058,0.19512806285469075,0.37184777220453075,0.3427796603168858,0,0.034012127794650175,0.15773096862850716
pitcher,622491,Luis Castillo,SEA,3,3,0,1.0,0.18905134830535397,0.0,0.18905134830535397,0.18905134830535397,0.06301711610178466,0.06301711610178466,0.18905134830535397,2.0493388565014157,2,1,0,8,0.11715867012226595,0.014644833765283244,0.2454050276162504,0.7019841961615019,1.513452141153572,0,0.11715867012226595,0.07189267818308802
catcher,592663,J.T. Realmuto,PHI,10,7,3,0.7,0.18865091865092792,-0.0678,0.18865091865092792,0.12085091865092792,0.018865091865092793,0.012085091865092792,0.2149001962816015,0.9045238173406993,1,3,0,0,0.0,0.0,0.0,0.0,0.0,0.0,0.0,0.18865091865092792
catcher,668939,Adley Rutschman,BAL,7,6,1,0.8571428571428571,0.18382922533774423,-0.022600000000000002,0.18382922533774423,0.16122922533774423,0.026261317905392035,0.023032746476820604,0.27644835230219755,1.2052567738129403,1,2,1,0,0.0,0.0,0.0,0.0,0.0,0.0,0.0,0.18382922533774423
pitcher,678022,Jack Perkins,ATH,3,3,0,1.0,0.18342681820393744,0.0,0.18342681820393744,0.18342681820393744,0.061142272734645814,0.061142272734645814,0.18342681820393744,0.9878085103959902,1,1,0,16,0.1918234625211671,0.011988966407572944,0.433562350005437,0.6730738136645771,1.525165780160376,0,0.1918234625211671,-0.008396644317229668
pitcher,592791,Jameson Taillon,CHC,5,4,1,0.8,0.1804323329272001,-0.022600000000000002,0.1804323329272001,0.1578323329272001,0.03608646658544002,0.03156646658544002,0.19897071212949938,1.8919173741060895,1,1,0,5,0.03473602260256479,0.006947204520512958,0.11696469230253448,0.5879664317815526,1.116999609991222,0,0.03473602260256479,0.14569631032463531
hitter,805808,Kevin McGonigle,DET,8,6,2,0.75,0.17689261722038757,-0.045200000000000004,0.17689261722038757,0.13169261722038755,0.022111577152548446,0.016461577152548444,0.28278860978887127,0.6406521514184755,0,2,0,18,0.11906552249763924,0.006614751249868846,0.2889378985391863,0.6846881226122119,1.5008792456617164,0.11906552249763924,0,0.05782709472274833
catcher,673237,Yainer Diaz,HOU,25,15,10,0.6,0.17312336364520037,-0.22600000000000003,0.17312336364520037,-0.05287663635479965,0.006924934545808015,-0.0021150654541919863,0.2556250383674477,0.15116370279210747,3,0,2,0,0.0,0.0,0.0,0.0,0.0,0.0,0.0,0.17312336364520037
fielder_challenger,673237,Yainer Diaz,HOU,24,15,9,0.625,0.17312336364520037,-0.20340000000000003,0.17312336364520037,-0.03027663635479965,0.007213473485216682,-0.0012615265147833188,0.23888811887804104,0.3771637027921075,3,0,1,0,0.0,0.0,0.0,0.0,0.0,0.0,0.0,0.17312336364520037
fielder_challenger,592663,J.T. Realmuto,PHI,7,6,1,0.8571428571428571,0.17036010765889814,-0.022600000000000002,0.17036010765889814,0.14776010765889813,0.02433715823698545,0.02110858680841402,0.1738731047057399,1.2503375253964157,1,2,0,0,0.0,0.0,0.0,0.0,0.0,0.0,0.0,0.17036010765889814
hitter,624413,Pete Alonso,BAL,6,5,1,0.8333333333333334,0.16864860950691762,-0.022600000000000002,0.16864860950691762,0.14604860950691761,0.028108101584486272,0.024341434917819604,0.1782514076367201,1.168207695258763,2,1,0,24,0.21142018817603322,0.008809174507334717,0.5783902361178965,0.6416521553121654,1.3210420180927327,0.21142018817603322,0,-0.0427715786691156
catcher,669134,Luis Campusano,SD,25,16,9,0.64,0.16539783389250856,-0.20340000000000003,0.16539783389250856,-0.03800216610749145,0.006615913355700343,-0.001520086644299658,0.42522119659509916,0.2497047479958955,2,2,3,0,0.0,0.0,0.0,0.0,0.0,0.0,0.0,0.16539783389250856
fielder_challenger,669134,Luis Campusano,SD,25,16,9,0.64,0.16539783389250856,-0.20340000000000003,0.16539783389250856,-0.03800216610749145,0.006615913355700343,-0.001520086644299658,0.42522119659509916,0.2497047479958955,2,2,3,0,0.0,0.0,0.0,0.0,0.0,0.0,0.0,0.16539783389250856
fielder_challenger,682626,Francisco Alvarez,NYM,19,12,7,0.631578947368421,0.1646626381041751,-0.1582,0.1646626381041751,0.00646263810417511,0.008666454637061848,0.0003401388475881637,0.30731789491585104,0.5489090956939943,4,2,1,0,0.0,0.0,0.0,0.0,0.0,0.0,0.0,0.1646626381041751
catcher,680779,Henry Davis,PIT,21,11,10,0.5238095238095238,0.16358836083543135,-0.22600000000000003,0.16358836083543135,-0.06241163916456867,0.00778992194454435,-0.0029719828173604126,0.45592871117249034,-0.4803744499548371,5,2,5,0,0.0,0.0,0.0,0.0,0.0,0.0,0.0,0.16358836083543135
fielder_challenger,680779,Henry Davis,PIT,18,11,7,0.6111111111111112,0.16358836083543135,-0.1582,0.16358836083543135,0.005388360835431337,0.009088242268635076,0.0002993533797461854,0.36441362451500736,0.19762555004516297,5,2,3,0,0.0,0.0,0.0,0.0,0.0,0.0,0.0,0.16358836083543135
catcher,643376,Danny Jansen,TEX,11,8,3,0.7272727272727273,0.16280169084606452,-0.0678,0.16280169084606452,0.09500169084606451,0.014800153713278592,0.008636517349642228,0.25350833768658515,0.8479163519641855,4,1,0,0,0.0,0.0,0.0,0.0,0.0,0.0,0.0,0.16280169084606452
fielder_challenger,643376,Danny Jansen,TEX,11,8,3,0.7272727272727273,0.16280169084606452,-0.0678,0.16280169084606452,0.09500169084606451,0.014800153713278592,0.008636517349642228,0.25350833768658515,0.8479163519641855,4,1,0,0,0.0,0.0,0.0,0.0,0.0,0.0,0.0,0.16280169084606452
hitter,681351,Logan O'Hoppe,LAA,2,1,1,0.5,0.16172981417485277,-0.022600000000000002,0.16172981417485277,0.13912981417485276,0.08086490708742639,0.06956490708742638,0.1622786642923144,1.5365225731556686,1,1,1,6,0.031656686346603576,0.005276114391100596,0.06486702042187441,0.7578321153997866,1.805829652770175,0.031656686346603576,0,0.1300731278282492
pitcher,592773,Ryne Stanek,STL,4,2,2,0.5,0.16166053937576125,-0.045200000000000004,0.16166053937576125,0.11646053937576124,0.04041513484394031,0.02911513484394031,0.20067433114968053,0.3950263033534564,1,1,0,8,0.052625266799326074,0.006578158349915759,0.15533203166240522,0.6057742488799108,1.1242862224351997,0,0.052625266799326074,0.10903527257643517
catcher,663886,Tyler Stephenson,CIN,16,11,5,0.6875,0.1558455823026949,-0.11300000000000002,0.1558455823026949,0.04284558230269488,0.009740348893918432,0.00267784889391843,0.2663020242660793,0.3245961977177897,3,0,0,0,0.0,0.0,0.0,0.0,0.0,0.0,0.0,0.1558455823026949
fielder_challenger,663886,Tyler Stephenson,CIN,16,11,5,0.6875,0.1558455823026949,-0.11300000000000002,0.1558455823026949,0.04284558230269488,0.009740348893918432,0.00267784889391843,0.2663020242660793,0.3245961977177897,3,0,0,0,0.0,0.0,0.0,0.0,0.0,0.0,0.0,0.1558455823026949
pitcher,500779,Jose Quintana,COL,3,1,2,0.3333333333333333,0.1541654790806979,-0.045200000000000004,0.1541654790806979,0.10896547908069788,0.051388493026899296,0.03632182636023263,0.2017328001775326,1.328641169874477,1,1,0,11,0.06628162025214548,0.006025601841104135,0.21395087618681302,0.5941695855490586,1.1145780918355126,0,0.06628162025214548,0.0878838588285524
pitcher,605400,Aaron Nola,PHI,3,2,1,0.6666666666666666,0.15055892763027423,-0.022600000000000002,0.15055892763027423,0.12795892763027422,0.05018630921009141,0.04265297587675807,0.1602870883228711,1.9017766594120733,2,2,0,11,0.05101788625288834,0.004637989659353485,0.20699483877580444,0.5917601151084306,1.1126899298707196,0,0.05101788625288834,0.0995410413773859
pitcher,800048,Parker Messick,CLE,6,4,2,0.6666666666666666,0.1505182923277647,-0.045200000000000004,0.1505182923277647,0.1053182923277647,0.02508638205462745,0.017553048721294116,0.20443296322740429,0.6767775971343221,3,1,0,24,0.15450938456726815,0.006437891023636173,0.4463359732612684,0.6406093437764637,1.298473162076825,0,0.15450938456726815,-0.0039910922395034465
hitter,593428,Xander Bogaerts,SD,7,6,1,0.8571428571428571,0.15023870129313766,-0.022600000000000002,0.15023870129313766,0.12763870129313765,0.021462671613305378,0.01823410018473395,0.15234505082839273,0.9599094739446455,2,0,0,16,0.17989030200927017,0.011243143875579386,0.39856967564449186,0.6547728131659801,1.499230045830247,0.17989030200927017,0,-0.029651600716132515
pitcher,605488,Jeffrey Springs,ATH,7,5,2,0.7142857142857143,0.148090378973254,-0.045200000000000004,0.148090378973254,0.102890378973254,0.02115576842475057,0.014698625567607714,0.20769064612899152,0.9049022933315277,4,2,1,24,0.19184222415191593,0.00799342600632983,0.416604015210232,0.6997890865098731,1.503044193499276,0,0.19184222415191593,-0.04375184517866193
pitcher,663687,Hogan Harris,ATH,4,2,2,0.5,0.14490214139788982,-0.045200000000000004,0.14490214139788982,0.09970214139788981,0.036225535349472454,0.024925535349472453,0.16250886222659602,0.23479259036139272,1,1,1,14,0.2543058365104989,0.018164702607892776,0.6209150454402103,0.5814010944525722,1.071837053223091,0,0.2543058365104989,-0.10940369511260906
hitter,671056,Ivan Herrera,STL,9,6,3,0.6666666666666666,0.1380844139305462,-0.0678,0.1380844139305462,0.07028441393054619,0.015342712658949579,0.007809379325616243,0.18381733203190415,0.8765161977022012,1,2,1,18,0.10710175154844043,0.00595009730824669,0.20899748700857015,0.7587426097435778,1.6980513561492332,0.10710175154844043,0,0.030982662382105786
hitter,607208,Trea Turner,PHI,3,1,2,0.3333333333333333,0.13691001542129672,-0.045200000000000004,0.13691001542129672,0.09171001542129671,0.045636671807098905,0.030570005140432236,0.16495847516467912,0.1814942472965952,1,1,0,4,0.01956242037342141,0.004890605093355352,0.06390597516611125,0.6010264049751523,1.1103922696964115,0.01956242037342141,0,0.11734759504787531
catcher,641680,Jonah Heim,ATL,17,9,8,0.5294117647058824,0.13629293912239915,-0.18080000000000002,0.13629293912239915,-0.04450706087760088,0.008017231713082303,-0.0026180624045647576,0.30242545752290906,-0.3690571539484295,3,1,2,0,0.0,0.0,0.0,0.0,0.0,0.0,0.0,0.13629293912239915
fielder_challenger,641680,Jonah Heim,ATL,17,9,8,0.5294117647058824,0.13629293912239915,-0.18080000000000002,0.13629293912239915,-0.04450706087760088,0.008017231713082303,-0.0026180624045647576,0.30242545752290906,-0.3690571539484295,3,1,2,0,0.0,0.0,0.0,0.0,0.0,0.0,0.0,0.13629293912239915
catcher,669224,Austin Wells,NYY,24,14,10,0.5833333333333334,0.13528354444998664,-0.22600000000000003,0.13528354444998664,-0.09071645555001337,0.0056368143520827765,-0.0037798523145838904,0.2915641754320868,-0.15349188887948667,3,1,2,0,0.0,0.0,0.0,0.0,0.0,0.0,0.0,0.13528354444998664
fielder_challenger,669224,Austin Wells,NYY,22,13,9,0.5909090909090909,0.13221260870603285,-0.20340000000000003,0.13221260870603285,-0.07118739129396714,0.006009664032092402,-0.003235790513362143,0.2680638948151028,0.03619991939781012,3,1,1,0,0.0,0.0,0.0,0.0,0.0,0.0,0.0,0.13221260870603285
hitter,683357,Owen Caissie,MIA,2,1,1,0.5,0.12957957057215663,-0.022600000000000002,0.12957957057215663,0.10697957057215662,0.06478978528607832,0.05348978528607831,0.19734053953895514,0.3634881081886945,1,0,0,5,0.0761176120178039,0.01522352240356078,0.2934176872163561,0.5277622283960346,0.8384596308899152,0.0761176120178039,0,0.053461958554352734
pitcher,641743,Anthony Kay,CWS,5,3,2,0.6,0.1284714340822546,-0.045200000000000004,0.1284714340822546,0.08327143408225458,0.025694286816450917,0.016654286816450918,0.18068490150983413,0.9302856810744932,1,0,1,20,0.12932745459444414,0.006466372729722207,0.3560544392268369,0.649915680664825,1.311006714232277,0,0.12932745459444414,-0.0008560205121895537
pitcher,621242,Edwin Diaz,LAD,5,3,2,0.6,0.12737506728573955,-0.045200000000000004,0.12737506728573955,0.08217506728573955,0.02547501345714791,0.016435013457147908,0.3043828860564508,0.2545346987932736,2,0,1,1,0.02672678287592048,0.02672678287592048,0.07374637706556375,0.4471299564778046,0.5907947336269093,0,0.02672678287592048,0.10064828440981907
pitcher,677955,Jaden Hill,COL,2,1,1,0.5,0.12663105586489753,-0.022600000000000002,0.12663105586489753,0.10403105586489753,0.06331552793244877,0.05201552793244876,0.14269082196846183,0.2630654438560772,1,0,0,4,0.03480920717765112,0.00870230179441278,0.15570318319459323,0.5049740280900182,0.9365362204743712,0,0.03480920717765112,0.09182184868724641
catcher,665966,Carlos Narvaez,BOS,11,4,7,0.36363636363636365,0.12594193854969077,-0.1582,0.12594193854969077,-0.032258061450309246,0.01144926714088098,-0.002932551040937204,0.24915759097499568,-0.0458756795426872,4,1,1,0,0.0,0.0,0.0,0.0,0.0,0.0,0.0,0.12594193854969077
catcher,543510,James McCann,AZ,19,12,7,0.631578947368421,0.12569289682235088,-0.1582,0.12569289682235088,-0.03250710317764913,0.0066154156222289935,-0.001710900167244691,0.22713737384461138,0.8036792924869964,3,1,1,0,0.0,0.0,0.0,0.0,0.0,0.0,0.0,0.12569289682235088
fielder_challenger,543510,James McCann,AZ,19,12,7,0.631578947368421,0.12569289682235088,-0.1582,0.12569289682235088,-0.03250710317764913,0.0066154156222289935,-0.001710900167244691,0.22713737384461138,0.8036792924869964,3,1,1,0,0.0,0.0,0.0,0.0,0.0,0.0,0.0,0.12569289682235088
catcher,620443,Luis Torrens,NYM,7,5,2,0.7142857142857143,0.12496800063613478,-0.045200000000000004,0.12496800063613478,0.07976800063613478,0.017852571519447826,0.011395428662304969,0.13697843874661592,0.504814324639135,1,0,0,0,0.0,0.0,0.0,0.0,0.0,0.0,0.0,0.12496800063613478
fielder_challenger,620443,Luis Torrens,NYM,7,5,2,0.7142857142857143,0.12496800063613478,-0.045200000000000004,0.12496800063613478,0.07976800063613478,0.017852571519447826,0.011395428662304969,0.13697843874661592,0.504814324639135,1,0,0,0,0.0,0.0,0.0,0.0,0.0,0.0,0.0,0.12496800063613478
catcher,623168,Tyler Heineman,TOR,16,10,6,0.625,0.12420088820604944,-0.1356,0.12420088820604944,-0.011399111793950575,0.00776255551287809,-0.000712444487121911,0.25825187380023495,0.31368213106812,4,1,3,0,0.0,0.0,0.0,0.0,0.0,0.0,0.0,0.12420088820604944
fielder_challenger,623168,Tyler Heineman,TOR,16,10,6,0.625,0.12420088820604944,-0.1356,0.12420088820604944,-0.011399111793950575,0.00776255551287809,-0.000712444487121911,0.25825187380023495,0.31368213106812,4,1,3,0,0.0,0.0,0.0,0.0,0.0,0.0,0.0,0.12420088820604944
pitcher,641745,Brad Keller,PHI,1,1,0,1.0,0.12249460129955803,0.0,0.12249460129955803,0.12249460129955803,0.12249460129955803,0.12249460129955803,0.12249460129955803,0.6334942472965952,1,1,0,3,0.023925445458349626,0.007975148486116542,0.061529649037757234,0.6652669573956549,1.561277658787987,0,0.023925445458349626,0.0985691558412084
fielder_challenger,664854,Ryan Helsley,BAL,1,1,0,1.0,0.1222599062025097,0.0,0.1222599062025097,0.1222599062025097,0.1222599062025097,0.1222599062025097,0.1222599062025097,0.7128371131047604,1,1,0,0,0.0,0.0,0.0,0.0,0.0,0.0,0.0,0.1222599062025097
catcher,686948,Drake Baldwin,ATL,20,12,8,0.6,0.12188303297959,-0.18080000000000002,0.12188303297959,-0.05891696702041002,0.006094151648979499,-0.002945848351020501,0.3334286909329951,0.5761979263403016,5,4,3,0,0.0,0.0,0.0,0.0,0.0,0.0,0.0,0.12188303297959
fielder_challenger,686948,Drake Baldwin,ATL,19,12,7,0.631578947368421,0.12188303297959,-0.1582,0.12188303297959,-0.03631696702041002,0.0064148964726099995,-0.0019114193168636852,0.3309698388755038,0.8021979263403016,5,4,2,0,0.0,0.0,0.0,0.0,0.0,0.0,0.0,0.12188303297959
fielder_challenger,665966,Carlos Narvaez,BOS,10,3,7,0.3,0.1209218663245788,-0.1582,0.1209218663245788,-0.03727813367542122,0.012092186632457879,-0.0037278133675421217,0.2441375187498837,-0.16835212758091453,3,1,1,0,0.0,0.0,0.0,0.0,0.0,0.0,0.0,0.1209218663245788
catcher,693307,Dillon Dingler,DET,15,13,2,0.8666666666666667,0.1201228578244111,-0.045200000000000004,0.1201228578244111,0.07492285782441108,0.008008190521627406,0.004994857188294071,0.13314330053321402,0.9421070519091488,3,0,0,0,0.0,0.0,0.0,0.0,0.0,0.0,0.0,0.1201228578244111
fielder_challenger,693307,Dillon Dingler,DET,15,13,2,0.8666666666666667,0.1201228578244111,-0.045200000000000004,0.1201228578244111,0.07492285782441108,0.008008190521627406,0.004994857188294071,0.13314330053321402,0.9421070519091488,3,0,0,0,0.0,0.0,0.0,0.0,0.0,0.0,0.0,0.1201228578244111
catcher,641598,Mitch Garver,SEA,11,10,1,0.9090909090909091,0.11758791749237396,-0.022600000000000002,0.11758791749237396,0.09498791749237395,0.010689810681124906,0.008635265226579451,0.1274920321789975,0.9173270580629375,2,0,1,0,0.0,0.0,0.0,0.0,0.0,0.0,0.0,0.11758791749237396
fielder_challenger,641598,Mitch Garver,SEA,11,10,1,0.9090909090909091,0.11758791749237396,-0.022600000000000002,0.11758791749237396,0.09498791749237395,0.010689810681124906,0.008635265226579451,0.1274920321789975,0.9173270580629375,2,0,1,0,0.0,0.0,0.0,0.0,0.0,0.0,0.0,0.11758791749237396
pitcher,608372,Tomoyuki Sugano,COL,6,3,3,0.5,0.11243065751104175,-0.0678,0.11243065751104175,0.04463065751104175,0.01873844291850696,0.007438442918506958,0.22586771533351985,0.3157807613559739,2,2,0,11,0.052494169433938725,0.004772197221267157,0.1364118835413116,0.7158444157152306,1.709270992654015,0,0.052494169433938725,0.05993648807710303
catcher,660688,Keibert Ruiz,WSH,13,7,6,0.5384615384615384,0.1120505130643058,-0.1356,0.1120505130643058,-0.023549486935694208,0.00861927023571583,-0.0018114989950534005,0.31192556090339857,-0.1545554687769965,2,0,2,0,0.0,0.0,0.0,0.0,0.0,0.0,0.0,0.1120505130643058
catcher,665804,Miguel Amaya,CHC,18,12,6,0.6666666666666666,0.11191537646271722,-0.1356,0.11191537646271722,-0.023684623537282786,0.006217520914595401,-0.0013158124187379325,0.2111459142812199,0.05762441705485649,1,0,1,0,0.0,0.0,0.0,0.0,0.0,0.0,0.0,0.11191537646271722
pitcher,656546,Jeff Hoffman,TOR,2,2,0,1.0,0.11179549846508263,0.0,0.11179549846508263,0.11179549846508263,0.055897749232541316,0.055897749232541316,0.11179549846508263,0.5204332385665713,1,0,0,8,0.05211006354078972,0.006513757942598715,0.19363332360683297,0.6251899291580861,1.2258715257216979,0,0.05211006354078972,0.059685434924292916
hitter,687597,Jordan Beck,COL,5,3,2,0.6,0.11073134324411757,-0.045200000000000004,0.11073134324411757,0.06553134324411757,0.022146268648823512,0.013106268648823513,0.14965719461943922,0.5406030585708521,2,1,0,2,0.008635400461990671,0.0043177002309953355,0.017554336186873104,0.7778026029520012,1.6897768525097312,0.008635400461990671,0,0.1020959427821269
hitter,808959,Munetaka Murakami,CWS,9,5,4,0.5555555555555556,0.1100913344532089,-0.09040000000000001,0.1100913344532089,0.019691334453208892,0.01223237049480099,0.0021879260503565433,0.29924455528761035,-0.4071992808673034,0,0,2,9,0.06522404794160198,0.007247116437955776,0.21460552097629326,0.5861377301606038,1.0580851167691885,0.06522404794160198,0,0.044867286511606916
pitcher,668933,Graham Ashcraft,CIN,3,3,0,1.0,0.10884071696291586,0.0,0.10884071696291586,0.10884071696291586,0.03628023898763862,0.03628023898763862,0.10884071696291586,0.7393934681874955,1,0,0,4,0.04263986178279552,0.01065996544569888,0.11533648828875764,0.6005916990394833,1.0635133690168446,0,0.04263986178279552,0.06620085518012034
pitcher,686799,Jack Kochanowicz,LAA,5,4,1,0.8,0.10744516132315612,-0.022600000000000002,0.10744516132315612,0.08484516132315612,0.021489032264631225,0.01696903226463122,0.11040223585089237,0.22369541795558037,0,1,0,13,0.07992093635747101,0.006147764335190078,0.20429525150825853,0.6786513034611564,1.3814573913605774,0,0.07992093635747101,0.027524224965685115
catcher,694212,Samuel Basallo,BAL,16,6,10,0.375,0.10616157192894492,-0.22600000000000003,0.10616157192894492,-0.1198384280710551,0.006635098245559057,-0.007489901754440944,0.2720290577294823,-0.8835877776012491,3,1,1,0,0.0,0.0,0.0,0.0,0.0,0.0,0.0,0.10616157192894492
catcher,678218,Brandon Valenzuela,TOR,13,7,6,0.5384615384615384,0.1059383173369233,-0.1356,0.1059383173369233,-0.029661682663076713,0.008149101333609484,-0.0022816678971597473,0.23728615175278556,-0.07558127155322482,1,1,1,0,0.0,0.0,0.0,0.0,0.0,0.0,0.0,0.1059383173369233
fielder_challenger,678218,Brandon Valenzuela,TOR,13,7,6,0.5384615384615384,0.1059383173369233,-0.1356,0.1059383173369233,-0.029661682663076713,0.008149101333609484,-0.0022816678971597473,0.23728615175278556,-0.07558127155322482,1,1,1,0,0.0,0.0,0.0,0.0,0.0,0.0,0.0,0.1059383173369233
pitcher,664126,Pete Fairbanks,MIA,5,4,1,0.8,0.10538149498277682,-0.022600000000000002,0.10538149498277682,0.08278149498277682,0.021076298996555366,0.016556298996555363,0.10553751172519044,0.5775906675790363,1,0,0,4,0.05064094278949187,0.012660235697372967,0.15825692369971678,0.5066448815287407,0.7701217292778305,0,0.05064094278949187,0.054740552193284955
fielder_challenger,665804,Miguel Amaya,CHC,17,11,6,0.6470588235294118,0.10481822185533528,-0.1356,0.10481822185533528,-0.03078177814466473,0.006165777756196193,-0.0018106928320391017,0.20404875967383795,-0.06603527620013142,1,0,1,0,0.0,0.0,0.0,0.0,0.0,0.0,0.0,0.10481822185533528
hitter,641857,Ryan McMahon,NYY,2,2,0,1.0,0.10439148234928075,0.0,0.10439148234928075,0.10439148234928075,0.052195741174640375,0.052195741174640375,0.10439148234928075,0.34843014858714927,0,0,0,7,0.05803776762583633,0.008291109660833762,0.15458446562680256,0.6032264475057906,1.1230147914499196,0.05803776762583633,0,0.04635371472344442
pitcher,690953,Mick Abel,MIN,4,3,1,0.75,0.10438553323934158,-0.022600000000000002,0.10438553323934158,0.08178553323934157,0.026096383309835394,0.020446383309835392,0.13523942508073744,0.7224739189664336,2,1,0,5,0.04323824726183521,0.008647649452367042,0.10205818856296484,0.6882354293412523,1.4221209225502909,0,0.04323824726183521,0.06114728597750637
hitter,665750,Leody Taveras,BAL,1,1,0,1.0,0.1040942036954711,0.0,0.1040942036954711,0.1040942036954711,0.1040942036954711,0.1040942036954711,0.1040942036954711,1.1564477456471478,1,1,0,8,0.11011609180751358,0.013764511475939198,0.21134654465672253,0.7047788492195763,1.5630285593884494,0.11011609180751358,0,-0.006021888112042489
pitcher,669461,Matthew Liberatore,STL,3,2,1,0.6666666666666666,0.104070465084101,-0.022600000000000002,0.104070465084101,0.081470465084101,0.034690155028033666,0.027156821694700333,0.12796815334361022,0.8162993958728724,1,1,0,14,0.1572648451113015,0.011233203222235822,0.34494240899605366,0.6573689502327162,1.2740948968358201,0,0.1572648451113015,-0.053194380027200505
pitcher,693433,Bryan Woo,SEA,6,5,1,0.8333333333333334,0.10326983797662148,-0.022600000000000002,0.10326983797662148,0.08066983797662147,0.017211639662770246,0.01344497299610358,0.11236685815797365,0.5980419777010645,2,0,1,14,0.06632350405020189,0.004737393146442992,0.24460697220667793,0.5814906680334823,1.0130385695316517,0,0.06632350405020189,0.03694633392641959
catcher,664731,P.J. Higgins,CIN,4,4,0,1.0,0.10246530172233961,0.0,0.10246530172233961,0.10246530172233961,0.025616325430584903,0.025616325430584903,0.10246530172233961,0.9785751281705548,2,1,0,0,0.0,0.0,0.0,0.0,0.0,0.0,0.0,0.10246530172233961
fielder_challenger,664731,P.J. Higgins,CIN,4,4,0,1.0,0.10246530172233961,0.0,0.10246530172233961,0.10246530172233961,0.025616325430584903,0.025616325430584903,0.10246530172233961,0.9785751281705548,2,1,0,0,0.0,0.0,0.0,0.0,0.0,0.0,0.0,0.10246530172233961
pitcher,593958,Eduardo Rodriguez,AZ,8,7,1,0.875,0.1018680985405569,-0.022600000000000002,0.1018680985405569,0.07926809854055689,0.012733512317569612,0.00990851231756961,0.1121890900657947,1.2613269209582834,1,2,0,26,0.20073161787240118,0.007720446841246199,0.6281529183970411,0.5821919963967064,1.0342893031021052,0,0.20073161787240118,-0.09886351933184429
hitter,671218,Heliot Ramos,SF,5,3,2,0.6,0.1017852067084844,-0.045200000000000004,0.1017852067084844,0.05658520670848439,0.02035704134169688,0.011317041341696877,0.12146791170363551,0.29631618098322904,2,1,0,3,0.16801590697128488,0.05600530232376163,0.23430097610190992,0.6208525567624463,1.1664933263177493,0.16801590697128488,0,-0.06623070026280048
pitcher,801403,Chase Dollander,COL,6,4,2,0.6666666666666666,0.09900645386105666,-0.045200000000000004,0.09900645386105666,0.05380645386105666,0.016501075643509444,0.00896774231017611,0.10932462856327929,0.5200588205172041,2,2,1,5,0.023637697671388864,0.004727539534277772,0.05915717647991123,0.7469041090266437,1.6906572243773987,0,0.023637697671388864,0.0753687561896678
catcher,672386,Alejandro Kirk,TOR,3,2,1,0.6666666666666666,0.09715287494663816,-0.022600000000000002,0.09715287494663816,0.07455287494663815,0.03238429164887938,0.02485095831554605,0.13439123246823215,0.1428691188020964,2,0,0,0,0.0,0.0,0.0,0.0,0.0,0.0,0.0,0.09715287494663816
fielder_challenger,672386,Alejandro Kirk,TOR,3,2,1,0.6666666666666666,0.09715287494663816,-0.022600000000000002,0.09715287494663816,0.07455287494663815,0.03238429164887938,0.02485095831554605,0.13439123246823215,0.1428691188020964,2,0,0,0,0.0,0.0,0.0,0.0,0.0,0.0,0.0,0.09715287494663816
pitcher,689520,Cody Laweryson,MIN,3,3,0,1.0,0.09698630002582212,0.0,0.09698630002582212,0.09698630002582212,0.03232876667527404,0.03232876667527404,0.09698630002582212,0.8817352624014488,3,0,0,0,0.0,0.0,0.0,0.0,0.0,0.0,0.0,0.09698630002582212
pitcher,667755,Jose Soriano,LAA,6,4,2,0.6666666666666666,0.09668453934272536,-0.045200000000000004,0.09668453934272536,0.05148453934272536,0.016114089890454226,0.008580756557120893,0.09913186288390363,0.48733206650283906,1,1,0,18,0.16289365800264996,0.009049647666813886,0.44464892251453225,0.6740851964310721,1.3738106135111847,0,0.16289365800264996,-0.0662091186599246
fielder_challenger,660688,Keibert Ruiz,WSH,12,6,6,0.5,0.09606158020017075,-0.1356,0.09606158020017075,-0.039538419799829264,0.008005131683347563,-0.0032948683166524385,0.2959366280392635,-0.2715046333067885,2,0,2,0,0.0,0.0,0.0,0.0,0.0,0.0,0.0,0.09606158020017075
fielder_challenger,694212,Samuel Basallo,BAL,15,5,10,0.3333333333333333,0.09552008064400862,-0.22600000000000003,0.09552008064400862,-0.1304799193559914,0.006368005376267241,-0.008698661290399427,0.261387566444546,-0.9587741786992733,3,1,1,0,0.0,0.0,0.0,0.0,0.0,0.0,0.0,0.09552008064400862
pitcher,671737,Taj Bradley,MIN,9,5,4,0.5555555555555556,0.09516336503783435,-0.09040000000000001,0.09516336503783435,0.004763365037834338,0.01057370722642604,0.0005292627819815932,0.13865244661493215,0.09645570033362749,2,0,0,19,0.13023979158532187,0.006854725872911677,0.4141031772149969,0.5707077659279082,0.9868199011448091,0,0.13023979158532187,-0.03507642654748752
catcher,596142,Gary Sanchez,MIL,7,6,1,0.8571428571428571,0.09461250760329537,-0.022600000000000002,0.09461250760329537,0.07201250760329536,0.013516072514756481,0.010287501086185051,0.12862065017791996,0.5206261279849898,0,0,0,0,0.0,0.0,0.0,0.0,0.0,0.0,0.0,0.09461250760329537
fielder_challenger,596142,Gary Sanchez,MIL,7,6,1,0.8571428571428571,0.09461250760329537,-0.022600000000000002,0.09461250760329537,0.07201250760329536,0.013516072514756481,0.010287501086185051,0.12862065017791996,0.5206261279849898,0,0,0,0,0.0,0.0,0.0,0.0,0.0,0.0,0.0,0.09461250760329537
hitter,690976,Alex Freeland,LAD,2,1,1,0.5,0.09438515297683181,-0.022600000000000002,0.09438515297683181,0.0717851529768318,0.047192576488415905,0.0358925764884159,0.15883984863621736,0.2260634456265391,1,1,0,10,0.21009064634402846,0.021009064634402847,0.2860272991774695,0.8284388112018514,2.139119497416737,0.21009064634402846,0,-0.11570549336719665
hitter,543760,Marcus Semien,NYM,5,4,1,0.8,0.09235471240363181,-0.022600000000000002,0.09235471240363181,0.06975471240363182,0.018470942480726362,0.013950942480726364,0.09247709760674618,0.28883046092668574,0,0,0,8,0.04593435810547167,0.0057417947631839585,0.1031916991163106,0.7469157866102087,1.6356219318944756,0.04593435810547167,0,0.046420354298160146
hitter,645277,Ozzie Albies,ATL,2,2,0,1.0,0.09159734625115784,0.0,0.09159734625115784,0.09159734625115784,0.04579867312557892,0.04579867312557892,0.09159734625115784,0.9482039415680259,2,1,0,15,0.1193805126596466,0.00795870084397644,0.18179905052511175,0.837275289711606,2.2453697061558744,0.1193805126596466,0,-0.027783166408488755
hitter,668804,Bryan Reynolds,PIT,5,1,4,0.2,0.08948141921533395,-0.09040000000000001,0.08948141921533395,-0.0009185807846660565,0.01789628384306679,-0.0001837161569332113,0.14793523134437667,0.08036829572648929,1,1,1,11,0.0900876415650699,0.008189785596824537,0.1480380568143315,0.7854385817807672,1.8895659017790734,0.0900876415650699,0,-0.000606222349735952
pitcher,650644,Aaron Civale,ATH,6,5,1,0.8333333333333334,0.08940068876093099,-0.022600000000000002,0.08940068876093099,0.06680068876093098,0.014900114793488498,0.01113344812682183,0.1159422823871945,0.7643842886675247,1,1,0,9,0.04888415642273517,0.005431572935859464,0.14080904584448528,0.6770680172573885,1.5135631804025829,0,0.04888415642273517,0.04051653233819582
hitter,672515,Gabriel Moreno,AZ,3,2,1,0.6666666666666666,0.08673303118043602,-0.022600000000000002,0.08673303118043602,0.064133031180436,0.02891101039347867,0.021377677060145334,0.1555379369907952,0.2228234588609019,0,0,1,15,0.08796873852066198,0.005864582568044132,0.26447833811464994,0.6920592000406839,1.4998378145246776,0.08796873852066198,0,-0.001235707340225961
pitcher,641816,Tyler Mahle,SF,6,4,2,0.6666666666666666,0.08670467559934102,-0.045200000000000004,0.08670467559934102,0.04150467559934101,0.014450779266556836,0.006917445933223502,0.21174004065455276,0.4914879318076456,2,0,0,9,0.05409170588058218,0.006010189542286909,0.166586959472878,0.6523916663327448,1.33064023959717,0,0.05409170588058218,0.032612969718758836
pitcher,657514,Brennan Bernardino,COL,5,5,0,1.0,0.08504805730044535,0.0,0.08504805730044535,0.08504805730044535,0.01700961146008907,0.01700961146008907,0.08504805730044535,0.9830564935876065,2,0,0,8,0.046489599425228394,0.005811199928153549,0.14525655573479662,0.6329212429007706,1.4852161511352158,0,0.046489599425228394,0.03855845787521695
hitter,691781,Brady House,WSH,4,3,1,0.75,0.08398361662736371,-0.022600000000000002,0.08398361662736371,0.06138361662736371,0.02099590415684093,0.015345904156840928,0.08371138636495513,0.622995930089998,2,0,0,5,0.03939896764627655,0.007879793529255311,0.07574102092056967,0.748647980575275,1.6397141871799281,0.03939896764627655,0,0.04458464898108716
hitter,677587,Brayan Rocchio,CLE,4,2,2,0.5,0.08383921827041807,-0.045200000000000004,0.08383921827041807,0.038639218270418066,0.020959804567604517,0.009659804567604516,0.10846280212061754,0.08746230734651989,1,1,1,13,0.07688067951820292,0.005913898424477148,0.2547618834854574,0.6200779465266836,1.2107657032206616,0.07688067951820292,0,0.0069585387522151515
hitter,676914,Davis Schneider,TOR,6,5,1,0.8333333333333334,0.08269326045086034,-0.022600000000000002,0.08269326045086034,0.060093260450860345,0.01378221007514339,0.010015543408476725,0.09025827576928114,0.3499213229071527,0,0,0,6,0.04900938917027094,0.00816823152837849,0.13633218987078874,0.7036082944397545,1.5913265914223598,0.04900938917027094,0,0.0336838712805894
pitcher,657746,Joe Ryan,MIN,3,3,0,1.0,0.08247040330535349,0.0,0.08247040330535349,0.08247040330535349,0.02749013443511783,0.02749013443511783,0.08247040330535349,0.7167843185593699,1,0,0,14,0.11025485092493627,0.007875346494638304,0.31675034777803274,0.6490662011030356,1.3255094058199801,0,0.11025485092493627,-0.027784447619582778
hitter,660670,Ronald Acuna Jr.,ATL,11,4,7,0.36363636363636365,0.08174176143296966,-0.1582,0.08174176143296966,-0.07645823856703035,0.00743106922117906,-0.006950748960639123,0.19549172552503968,-0.6106614906513904,2,1,3,19,0.19459187233411093,0.010241677491268997,0.37439142191876473,0.7479132404650688,1.847947389838059,0.19459187233411093,0,-0.11285011090114128
pitcher,681293,Spencer Arrighetti,HOU,4,3,1,0.75,0.08031232076860362,-0.022600000000000002,0.08031232076860362,0.057712320768603616,0.020078080192150904,0.014428080192150904,0.09052693057414485,0.6878724770323816,2,0,0,11,0.08258700368230631,0.007507909425664211,0.27226619178674916,0.5958592546843693,1.125073469708667,0,0.08258700368230631,-0.002274682913702697
hitter,545361,Mike Trout,LAA,6,5,1,0.8333333333333334,0.08028441045403066,-0.022600000000000002,0.08028441045403066,0.05768441045403066,0.013380735075671777,0.00961406840900511,0.10296898612965498,0.42338720863400053,2,2,0,33,0.317970165011335,0.00963545954579803,0.6434716217694303,0.7300296938403124,1.7189972644551046,0.317970165011335,0,-0.23768575455730434
catcher,666310,Bo Naylor,CLE,11,4,7,0.36363636363636365,0.07967068483185025,-0.1582,0.07967068483185025,-0.07852931516814976,0.007242789530168204,-0.007139028651649978,0.3003134905878392,-0.835377517189946,2,0,2,0,0.0,0.0,0.0,0.0,0.0,0.0,0.0,0.07967068483185025
hitter,676609,Jose Caballero,NYY,11,6,5,0.5454545454545454,0.07931842235563372,-0.11300000000000002,0.07931842235563372,-0.033681577644366294,0.007210765668693974,-0.0030619616040332993,0.19025979126117956,-0.20256961166709875,1,1,3,6,0.01988160272425208,0.0033136004540420135,0.06395098291305708,0.6782075191364886,1.3837331541129456,0.01988160272425208,0,0.059436819631381636
pitcher,700241,Michael McGreevy,STL,3,3,0,1.0,0.07929640904473156,0.0,0.07929640904473156,0.07929640904473156,0.026432136348243856,0.026432136348243856,0.07929640904473156,0.751345047730299,1,1,0,17,0.08391315775303917,0.004936068103119952,0.29311882891346097,0.6026302491929247,1.1365505477236706,0,0.08391315775303917,-0.004616748708307611
hitter,668227,Randy Arozarena,SEA,3,2,1,0.6666666666666666,0.07881641990975291,-0.022600000000000002,0.07881641990975291,0.05621641990975291,0.026272139969917636,0.018738806636584303,0.0828828146136506,0.3406561291255331,1,1,0,19,0.20511064440234708,0.010795297073807742,0.4842977842222878,0.6844877175214954,1.5681039154925804,0.20511064440234708,0,-0.12629422449259417
pitcher,641778,Eric Lauer,TOR,4,4,0,1.0,0.07872435532584257,0.0,0.07872435532584257,0.07872435532584257,0.019681088831460643,0.019681088831460643,0.07872435532584257,0.9522564534998722,2,0,0,2,0.009894173539635972,0.004947086769817986,0.015063442234505675,0.8622164171806969,2.1266536219131127,0,0.009894173539635972,0.0688301817862066
hitter,596142,Gary Sanchez,MIL,11,5,6,0.45454545454545453,0.07865150638022952,-0.1356,0.07865150638022952,-0.05694849361977049,0.007150136943657229,-0.005177135783615499,0.22794434975640004,-0.8643743624910238,1,0,2,6,0.014760676111360015,0.0024601126852266692,0.12786394545887658,0.5274687569441191,0.8753764190073521,0.014760676111360015,0,0.0638908302688695
pitcher,670990,Yohan Ramirez,PIT,7,4,3,0.5714285714285714,0.0783553246968891,-0.0678,0.0783553246968891,0.0105553246968891,0.011193617813841301,0.0015079035281270142,0.34009656417368994,0.22483290753599386,1,1,2,13,0.1083118359896797,0.008331679691513823,0.3111421375974123,0.6334441689480604,1.3326785753892902,0,0.1083118359896797,-0.02995651129279059
hitter,694384,Nolan Schanuel,LAA,11,3,8,0.2727272727272727,0.07824626188690724,-0.18080000000000002,0.07824626188690724,-0.10255373811309278,0.0071132965351733855,-0.009323067101190253,0.22250751480507888,-1.279464969823157,1,0,3,9,0.050562890536388023,0.005618098948487558,0.1783654322907366,0.6270441803831207,1.2903694486798218,0.050562890536388023,0,0.027683371350519216
catcher,686452,Drew Millas,WSH,18,7,11,0.3888888888888889,0.07486753868693424,-0.24860000000000002,0.07486753868693424,-0.17373246131306577,0.00415930770482968,-0.009651803406281433,0.2517234962003216,-1.8691710541167048,1,0,3,0,0.0,0.0,0.0,0.0,0.0,0.0,0.0,0.07486753868693424
fielder_challenger,686452,Drew Millas,WSH,18,7,11,0.3888888888888889,0.07486753868693424,-0.24860000000000002,0.07486753868693424,-0.17373246131306577,0.00415930770482968,-0.009651803406281433,0.2517234962003216,-1.8691710541167048,1,0,3,0,0.0,0.0,0.0,0.0,0.0,0.0,0.0,0.07486753868693424
hitter,696100,Hunter Goodman,COL,7,2,5,0.2857142857142857,0.07391249429627966,-0.11300000000000002,0.07391249429627966,-0.03908750570372035,0.01055892775661138,-0.005583929386245764,0.10421667330666731,-0.3017014782198687,1,0,3,8,0.06495285511685585,0.008119106889606981,0.10461262027269203,0.7985908085962743,1.9449516173889352,0.06495285511685585,0,0.008959639179423814
hitter,592518,Manny Machado,SD,6,3,3,0.5,0.07371989260050509,-0.0678,0.07371989260050509,0.005919892600505083,0.012286648766750848,0.0009866487667508472,0.09015914988109455,-0.1419651613137117,1,0,1,6,0.04090774974419978,0.006817958290699963,0.12328781361907884,0.6602051924902625,1.4535149519984423,0.04090774974419978,0,0.03281214285630531
pitcher,642547,Freddy Peralta,NYM,6,3,3,0.5,0.07226049144901991,-0.0678,0.07226049144901991,0.0044604914490199085,0.012043415241503319,0.0007434152415033181,0.17477067860883228,0.06319696711012293,1,1,1,11,0.12697463114170696,0.011543148285609723,0.26292778737720907,0.7073445511526668,1.6331470741876517,0,0.12697463114170696,-0.05471413969268704
pitcher,681870,Erik Sabrowski,CLE,1,1,0,1.0,0.07147671677624662,0.0,0.07147671677624662,0.07147671677624662,0.07147671677624662,0.07147671677624662,0.07147671677624662,0.42876497714340145,1,1,0,4,0.06113428872470442,0.015283572181176106,0.17921256030775268,0.5691514153905672,0.978571913133311,0,0.06113428872470442,0.010342428051542195
pitcher,680573,Simeon Woods Richardson,MIN,4,3,1,0.75,0.07142158898006515,-0.022600000000000002,0.07142158898006515,0.048821588980065146,0.017855397245016287,0.012205397245016287,0.09288377879326676,0.3945961981109517,1,0,0,7,0.05066669132466785,0.007238098760666835,0.09828125747918465,0.7360122901679906,1.5642598552307276,0,0.05066669132466785,0.0207548976553973
catcher,676439,Hunter Feduccia,TB,11,5,6,0.45454545454545453,0.07123534089267664,-0.1356,0.07123534089267664,-0.06436465910732338,0.006475940081152421,-0.005851332646120307,0.1247045771732608,-0.9062480163088957,0,0,2,0,0.0,0.0,0.0,0.0,0.0,0.0,0.0,0.07123534089267664
fielder_challenger,676439,Hunter Feduccia,TB,11,5,6,0.45454545454545453,0.07123534089267664,-0.1356,0.07123534089267664,-0.06436465910732338,0.006475940081152421,-0.005851332646120307,0.1247045771732608,-0.9062480163088957,0,0,2,0,0.0,0.0,0.0,0.0,0.0,0.0,0.0,0.07123534089267664
pitcher,664076,Garrett Cleavinger,TB,2,1,1,0.5,0.07048130413695619,-0.022600000000000002,0.07048130413695619,0.04788130413695619,0.035240652068478096,0.023940652068478094,0.10663808855574552,0.23636493863040417,1,0,0,2,0.02052581291648292,0.01026290645824146,0.047111046444683335,0.6190200104324661,1.1150650198895042,0,0.02052581291648292,0.04995549122047327
hitter,656555,Rhys Hoskins,CLE,3,2,1,0.6666666666666666,0.06964460653776783,-0.022600000000000002,0.06964460653776783,0.047044606537767826,0.02321486884592261,0.015681535512589276,0.0814685004171287,0.39502550755434856,2,0,1,2,0.007511580810354633,0.0037557904051773163,0.009782330844541498,0.9305064012308896,2.7473832247655654,0.007511580810354633,0,0.062133025727413194
pitcher,676254,Ryan Walker,SF,5,2,3,0.4,0.06962149021907404,-0.0678,0.06962149021907404,0.0018214902190740387,0.01392429804381481,0.0003642980438148077,0.09712147930195869,-0.11964867815659772,1,1,3,5,0.03413760751201141,0.0068275215024022826,0.1449581880911321,0.5511603895824183,0.951084187223573,0,0.03413760751201141,0.03548388270706263
pitcher,677053,Andrew Nardi,MIA,5,4,1,0.8,0.06943292108235216,-0.022600000000000002,0.06943292108235216,0.04683292108235216,0.013886584216470432,0.009366584216470433,0.06989266313041156,0.2198240048352931,0,0,0,0,0.0,0.0,0.0,0.0,0.0,0.0,0.0,0.06943292108235216
pitcher,605540,Brandon Woodruff,MIL,5,4,1,0.8,0.06933285386821902,-0.022600000000000002,0.06933285386821902,0.04673285386821902,0.013866570773643805,0.009346570773643804,0.07216163650873192,0.531373341014702,1,1,0,2,0.002202870748813368,0.001101435374406684,0.03812843978979308,0.4084128475380275,0.4721014014850353,0,0.002202870748813368,0.06712998311940566
hitter,701398,Sal Stewart,CIN,6,4,2,0.6666666666666666,0.06915272421756048,-0.045200000000000004,0.06915272421756048,0.023952724217560478,0.011525454036260081,0.003992120702926746,0.08662907128098324,0.0575298265218054,1,0,0,6,0.04747061821538016,0.007911769702563359,0.09300061442216065,0.7482369694734041,1.8019095946364674,0.04747061821538016,0,0.021682106002180325
hitter,642086,Dominic Smith,ATL,4,1,3,0.25,0.06879517808358743,-0.0678,0.06879517808358743,0.000995178083587421,0.017198794520896857,0.00024879452089685526,0.16695745875978882,-0.4493372600174891,1,1,1,4,0.014344132544169164,0.003586033136042291,0.024599117298292106,0.8697510814538882,2.6450467104070476,0.014344132544169164,0,0.054451045539418264
pitcher,660271,Shohei Ohtani,LAD,7,5,2,0.7142857142857143,0.06833907377232051,-0.045200000000000004,0.06833907377232051,0.02313907377232051,0.009762724824617217,0.0033055819674743586,0.10236275476358514,0.3969045964710804,1,1,0,13,0.08889829475576853,0.006838330365828349,0.20790012103756078,0.7077380183465963,1.5623328637590235,0,0.08889829475576853,-0.02055922098344802
hitter,656537,Derek Hill,CWS,2,2,0,1.0,0.06824956561614533,0.0,0.06824956561614533,0.06824956561614533,0.034124782808072664,0.034124782808072664,0.06824956561614533,0.38719162791584605,1,0,0,2,0.034371819567563716,0.017185909783781858,0.04063965348654719,0.8901980912683685,2.509010040646262,0.034371819567563716,0,0.03387774604858161
pitcher,691725,Andrew Painter,PHI,3,2,1,0.6666666666666666,0.06810666833229578,-0.022600000000000002,0.06810666833229578,0.04550666833229578,0.02270222277743193,0.015168889444098594,0.0874253596484652,0.6171036945475847,1,1,0,20,0.15008772510248578,0.007504386255124289,0.3578506710931287,0.7039125571187097,1.6482082207433941,0,0.15008772510248578,-0.08198105677018999
catcher,695600,Carter Jensen,KC,10,3,7,0.3,0.06605754875449277,-0.1582,0.06605754875449277,-0.09214245124550724,0.006605754875449277,-0.009214245124550723,0.4088462701314602,-1.2753484957798893,1,0,2,0,0.0,0.0,0.0,0.0,0.0,0.0,0.0,0.06605754875449277
fielder_challenger,695600,Carter Jensen,KC,10,3,7,0.3,0.06605754875449277,-0.1582,0.06605754875449277,-0.09214245124550724,0.006605754875449277,-0.009214245124550723,0.4088462701314602,-1.2753484957798893,1,0,2,0,0.0,0.0,0.0,0.0,0.0,0.0,0.0,0.06605754875449277
hitter,553993,Eugenio Suarez,CIN,2,2,0,1.0,0.06561622762299657,0.0,0.06561622762299657,0.06561622762299657,0.032808113811498285,0.032808113811498285,0.06561622762299657,1.5941861642677821,2,0,0,21,0.22872465888550808,0.010891650423119433,0.4617418925389838,0.6875166914586575,1.465609924257389,0.22872465888550808,0,-0.1631084312625115
pitcher,571927,Steven Matz,TB,6,3,3,0.5,0.06553265431030808,-0.0678,0.06553265431030808,-0.0022673456896919256,0.010922109051718013,-0.0003778909482819876,0.10230436705677087,-0.0531985243759677,1,0,0,4,0.03332207647279732,0.00833051911819933,0.07427151890498321,0.6716888069068221,1.5510037146618205,0,0.03332207647279732,0.03221057783751076
pitcher,673540,Kodai Senga,NYM,6,3,3,0.5,0.06548552787624962,-0.0678,0.06548552787624962,-0.00231447212375039,0.010914254646041602,-0.0003857453539583983,0.08600628205222574,0.03622596836417949,1,1,0,5,0.034917994391135555,0.006983598878227111,0.07198436518445833,0.739085031040905,1.6186738674128989,0,0.034917994391135555,0.03056753348511406
hitter,680728,Adrian Del Castillo,AZ,1,1,0,1.0,0.06543598164030451,0.0,0.06543598164030451,0.06543598164030451,0.06543598164030451,0.06543598164030451,0.06543598164030451,0.6635449943933053,1,0,0,6,0.09122552282897921,0.015204253804829869,0.17045012345053062,0.7373788489173584,2.2271433742956153,0.09122552282897921,0,-0.0257895411886747
pitcher,605447,Jordan Romano,LAA,3,1,2,0.3333333333333333,0.06533542469955944,-0.045200000000000004,0.06533542469955944,0.020135424699559437,0.021778474899853146,0.006711808233186479,0.25569411404511017,-0.2536226400353498,0,0,1,0,0.0,0.0,0.0,0.0,0.0,0.0,0.0,0.06533542469955944
pitcher,693645,Cam Schlittler,NYY,4,3,1,0.75,0.06511856631230534,-0.022600000000000002,0.06511856631230534,0.042518566312305335,0.016279641578076334,0.010629641578076334,0.0771768243622944,0.10568402498324629,1,0,0,15,0.1491232932865418,0.009941552885769454,0.2861316958585686,0.7161635733725048,1.626753889149686,0,0.1491232932865418,-0.08400472697423647
pitcher,670970,Adrian Morejon,SD,3,1,2,0.3333333333333333,0.06402463419422932,-0.045200000000000004,0.06402463419422932,0.01882463419422932,0.021341544731409774,0.006274878064743107,0.1384401624535177,-0.03238465383535949,1,0,1,12,0.10037355319194054,0.008364462765995045,0.2668953486685265,0.6227365683740106,1.3681956571315783,0,0.10037355319194054,-0.03634891899771121
pitcher,681217,Chase Silseth,LAA,2,2,0,1.0,0.06383027691898363,0.0,0.06383027691898363,0.06383027691898363,0.031915138459491815,0.031915138459491815,0.06383027691898363,0.3489665057771474,0,0,0,3,0.014868777394762795,0.004956259131587599,0.04558669898035045,0.6287475623725716,1.1899045029169484,0,0.014868777394762795,0.04896149952422084
hitter,672761,Wenceel Perez,DET,2,1,1,0.5,0.06292490431573994,-0.022600000000000002,0.06292490431573994,0.040324904315739936,0.03146245215786997,0.020162452157869968,0.06428978194784829,0.28268618134344414,1,1,0,2,0.02029138830183119,0.010145694150915594,0.05931975587590799,0.5403353006883208,0.8739830145292471,0.02029138830183119,0,0.042633516013908745
hitter,672580,Maikel Garcia,KC,7,5,2,0.7142857142857143,0.06285006560125163,-0.045200000000000004,0.06285006560125163,0.017650065601251624,0.008978580800178803,0.0025214379430359463,0.07897597010209358,0.1610767978980558,1,0,2,7,0.03851108699318082,0.005501583856168689,0.09076791342703883,0.6979133152789433,1.6739983958772555,0.03851108699318082,0,0.024338978608070806
hitter,457705,Andrew McCutchen,TEX,2,2,0,1.0,0.06207108506287669,0.0,0.06207108506287669,0.06207108506287669,0.031035542531438344,0.031035542531438344,0.06207108506287669,0.6271423371080517,1,1,0,0,0.0,0.0,0.0,0.0,0.0,0.0,0.0,0.06207108506287669
hitter,686469,Vinnie Pasquantino,KC,3,3,0,1.0,0.06159037137095014,0.0,0.06159037137095014,0.06159037137095014,0.020530123790316712,0.020530123790316712,0.06159037137095014,0.5351788743668193,0,1,0,9,0.07145470616855648,0.007939411796506276,0.1328766783702551,0.7595039078399726,1.84667709158908,0.07145470616855648,0,-0.009864334797606344
fielder_challenger,668939,Adley Rutschman,BAL,6,5,1,0.8333333333333334,0.06156931913523453,-0.022600000000000002,0.06156931913523453,0.03896931913523453,0.010261553189205755,0.006494886522539088,0.15418844609968788,0.49241966070817983,0,1,1,0,0.0,0.0,0.0,0.0,0.0,0.0,0.0,0.06156931913523453
catcher,680728,Adrian Del Castillo,AZ,5,5,0,1.0,0.06150853620267789,0.0,0.06150853620267789,0.06150853620267789,0.012301707240535578,0.012301707240535578,0.06150853620267789,0.6660520855236401,0,1,0,0,0.0,0.0,0.0,0.0,0.0,0.0,0.0,0.06150853620267789
fielder_challenger,680728,Adrian Del Castillo,AZ,5,5,0,1.0,0.06150853620267789,0.0,0.06150853620267789,0.06150853620267789,0.012301707240535578,0.012301707240535578,0.06150853620267789,0.6660520855236401,0,1,0,0,0.0,0.0,0.0,0.0,0.0,0.0,0.0,0.06150853620267789
hitter,670042,Luke Raley,SEA,4,3,1,0.75,0.06132374433023141,-0.022600000000000002,0.06132374433023141,0.03872374433023141,0.015330936082557853,0.009680936082557852,0.08594469937096433,0.1712373283747199,1,0,0,11,0.0636341227379008,0.005784920248900072,0.19144874909076193,0.6350960159992397,1.2650564112657279,0.0636341227379008,0,-0.002310378407669386
pitcher,681190,Randy Vasquez,SD,5,4,1,0.8,0.06113216185931303,-0.022600000000000002,0.06113216185931303,0.038532161859313026,0.012226432371862606,0.007706432371862605,0.08113589400380439,0.4761395274632264,1,0,0,17,0.11675315941398323,0.006867832906704896,0.37844431807104084,0.6111702106516882,1.3124596446268868,0,0.11675315941398323,-0.055620997554670204
hitter,543807,George Springer,TOR,2,2,0,1.0,0.060636526000772004,0.0,0.060636526000772004,0.060636526000772004,0.030318263000386002,0.030318263000386002,0.060636526000772004,0.631422517275751,2,1,0,17,0.12642235435077162,0.007436609079457154,0.2700661227287096,0.71652849351343,1.7042680467385036,0.12642235435077162,0,-0.06578582834999962
hitter,575929,Willson Contreras,BOS,4,1,3,0.25,0.059735754295243804,-0.0678,0.059735754295243804,-0.008064245704756202,0.014933938573810951,-0.0020160614261890506,0.10771897138462061,-0.044505752703404816,1,1,1,9,0.08155187527505776,0.009061319475006418,0.22493254561344936,0.6786238902418289,1.5310950977560869,0.08155187527505776,0,-0.02181612097981396
pitcher,669160,Dustin May,STL,2,2,0,1.0,0.0596505182318261,0.0,0.0596505182318261,0.0596505182318261,0.02982525911591305,0.02982525911591305,0.0596505182318261,0.48588280759116853,1,0,0,12,0.09130348797365834,0.007608623997804861,0.24666093249788973,0.6277641992971412,1.1931954670557723,0,0.09130348797365834,-0.03165296974183224
pitcher,687075,Brandon Sproat,MIL,6,6,0,1.0,0.05932839954745164,0.0,0.05932839954745164,0.05932839954745164,0.00988806659124194,0.00988806659124194,0.05932839954745164,0.443202624075005,0,0,0,17,0.11056462454574958,0.006503801443867622,0.27656766332868754,0.6573498997151528,1.3326488492744313,0,0.11056462454574958,-0.05123622499829794
pitcher,686218,Emmet Sheehan,LAD,2,2,0,1.0,0.059324445097358236,0.0,0.059324445097358236,0.059324445097358236,0.029662222548679118,0.029662222548679118,0.059324445097358236,0.6719558776613264,2,0,0,13,0.12715764637786614,0.009781357413682011,0.3281738139860435,0.6209850341217777,1.1671771854348663,0,0.12715764637786614,-0.0678332012805079
hitter,805367,Chase Meidroth,CWS,5,2,3,0.4,0.05909816914111943,-0.0678,0.05909816914111943,-0.008701830858880578,0.011819633828223885,-0.0017403661717761156,0.21665212182184185,-0.3343405332329803,0,1,2,25,0.16709133740058785,0.006683653496023514,0.37298922601446455,0.7233750836612343,1.748746782205185,0.16709133740058785,0,-0.10799316825946842
pitcher,681343,Shane Smith,CWS,4,3,1,0.75,0.05884645913440889,-0.022600000000000002,0.05884645913440889,0.03624645913440889,0.014711614783602223,0.009061614783602222,0.07675243701025125,0.5265856712490388,0,0,0,1,0.006938744015745335,0.006938744015745335,0.022696377626982844,0.5364908054577346,0.859667401428589,0,0.006938744015745335,0.05190771511866356
hitter,695657,Colson Montgomery,CWS,2,1,1,0.5,0.05876236502440557,-0.022600000000000002,0.05876236502440557,0.03616236502440557,0.029381182512202786,0.018081182512202785,0.07401403416286559,0.08106079829181487,0,0,0,5,0.040017363215192045,0.008003472643038408,0.07161023253986315,0.7695869661891702,2.0515754735067837,0.040017363215192045,0,0.018745001809213527
pitcher,656550,Grant Holmes,ATL,4,3,1,0.75,0.05803847193600056,-0.022600000000000002,0.05803847193600056,0.03543847193600056,0.01450961798400014,0.00885961798400014,0.129371583078169,0.46264664017958346,0,2,0,14,0.21464931029777526,0.015332093592698232,0.38859378817602563,0.6839745208477661,1.4164472818056495,0,0.21464931029777526,-0.1566108383617747
pitcher,660825,Eduard Bazardo,SEA,4,3,1,0.75,0.05784608548867473,-0.022600000000000002,0.05784608548867473,0.03524608548867473,0.014461521372168683,0.008811521372168682,0.07509151852608129,0.10100129521567644,0,0,0,11,0.1820523485264209,0.016550213502401902,0.43138917962181267,0.509370754644145,0.8201285051969142,0,0.1820523485264209,-0.12420626303774618
pitcher,669622,Anthony Bender,MIA,4,2,2,0.5,0.057822648769435325,-0.045200000000000004,0.057822648769435325,0.012622648769435321,0.014455662192358831,0.0031556621923588303,0.10437439826310435,-0.22951495799340038,0,1,1,1,0.0031997199973074703,0.0031997199973074703,0.004661421088896778,0.9084228726597465,2.470896337501781,0,0.0031997199973074703,0.054622928772127856
hitter,605137,Josh Bell,MIN,6,3,3,0.5,0.057414089121346705,-0.0678,0.057414089121346705,-0.010385910878653298,0.009569014853557784,-0.0017309851464422162,0.09190823437277601,0.09335664485670972,0,2,1,12,0.09143315834564181,0.007619429862136817,0.2488191983774551,0.6488885739287437,1.426531660505785,0.09143315834564181,0,-0.0340190692242951
catcher,663698,Joey Bart,PIT,9,5,4,0.5555555555555556,0.05681097013325834,-0.09040000000000001,0.05681097013325834,-0.03358902986674167,0.006312330014806482,-0.0037321144296379636,0.2904460606839695,-0.41522077360784765,0,1,1,0,0.0,0.0,0.0,0.0,0.0,0.0,0.0,0.05681097013325834
pitcher,663978,Chris Paddack,MIA,6,5,1,0.8333333333333334,0.056729481757760464,-0.022600000000000002,0.056729481757760464,0.03412948175776046,0.00945491362629341,0.005688246959626744,0.060395439354165956,0.2890915046177415,0,0,0,1,0.002602820727666212,0.002602820727666212,0.0069828304830424626,0.7604304344757361,1.6162805984672488,0,0.002602820727666212,0.05412666103009425
catcher,672515,Gabriel Moreno,AZ,7,5,2,0.7142857142857143,0.05665873345634298,-0.045200000000000004,0.05665873345634298,0.011458733456342976,0.008094104779477569,0.001636961922334711,0.10316119749683056,-0.027156690157820212,0,0,0,0,0.0,0.0,0.0,0.0,0.0,0.0,0.0,0.05665873345634298
fielder_challenger,672515,Gabriel Moreno,AZ,7,5,2,0.7142857142857143,0.05665873345634298,-0.045200000000000004,0.05665873345634298,0.011458733456342976,0.008094104779477569,0.001636961922334711,0.10316119749683056,-0.027156690157820212,0,0,0,0,0.0,0.0,0.0,0.0,0.0,0.0,0.0,0.05665873345634298
pitcher,676962,Ben Brown,CHC,5,4,1,0.8,0.056498517691597,-0.022600000000000002,0.056498517691597,0.033898517691597,0.0112997035383194,0.006779703538319399,0.08011679041888028,0.3619738246059261,0,0,0,11,0.09314535988517036,0.008467759989560942,0.30857784745535577,0.5621955213662718,0.9551187229703555,0,0.09314535988517036,-0.036646842193573365
hitter,621043,Carlos Correa,HOU,2,1,1,0.5,0.05638645958970201,-0.022600000000000002,0.05638645958970201,0.03378645958970201,0.028193229794851005,0.016893229794851004,0.07813907436160378,0.4074942472965952,1,1,1,0,0.0,0.0,0.0,0.0,0.0,0.0,0.0,0.05638645958970201
catcher,668670,Jake Rogers,DET,6,5,1,0.8333333333333334,0.05633928853727799,-0.022600000000000002,0.05633928853727799,0.033739288537277985,0.009389881422879665,0.005623214756212997,0.10067886964350586,0.6604356662568868,1,1,0,0,0.0,0.0,0.0,0.0,0.0,0.0,0.0,0.05633928853727799
fielder_challenger,666310,Bo Naylor,CLE,10,3,7,0.3,0.05630296210748942,-0.1582,0.05630296210748942,-0.10189703789251059,0.005630296210748942,-0.010189703789251058,0.27694576786347835,-1.0295903342667605,2,0,2,0,0.0,0.0,0.0,0.0,0.0,0.0,0.0,0.05630296210748942
pitcher,702273,Noah Schultz,CWS,6,3,3,0.5,0.05616715323178534,-0.0678,0.05616715323178534,-0.011632846768214668,0.009361192205297556,-0.0019388077947024445,0.11610434009050363,0.05952738933893434,1,1,1,15,0.14288471061308106,0.009525647374205404,0.288784750595645,0.7023546514972954,1.519991305098531,0,0.14288471061308106,-0.08671755738129572
hitter,671732,Lawrence Butler,ATH,7,3,4,0.42857142857142855,0.05603675440323848,-0.09040000000000001,0.05603675440323848,-0.03436324559676153,0.008005250629034068,-0.004909035085251647,0.17683177094204072,-0.2266834206489882,2,0,1,6,0.04873017395060683,0.008121695658434472,0.11492058349069913,0.6930069848601654,1.5034315574848491,0.04873017395060683,0,0.0073065804526316475
pitcher,642207,Devin Williams,NYM,3,3,0,1.0,0.05569724916242908,0.0,0.05569724916242908,0.05569724916242908,0.018565749720809693,0.018565749720809693,0.05569724916242908,0.41404262628524713,0,0,0,3,0.024623084535379113,0.008207694845126371,0.08500056009430451,0.50210079387559,0.7854118777159957,0,0.024623084535379113,0.03107416462704997
pitcher,672582,Angel Zerpa,MIL,6,3,3,0.5,0.05560220054811782,-0.0678,0.05560220054811782,-0.012197799451882187,0.009267033424686303,-0.002032966575313698,0.3623819822676445,-0.005842783331106355,0,0,1,2,0.004656716824723454,0.002328358412361727,0.07246468220996594,0.5089010964212781,0.7832279943917257,0,0.004656716824723454,0.050945483723394365
hitter,514888,Jose Altuve,HOU,10,7,3,0.7,0.055255430145771944,-0.0678,0.055255430145771944,-0.012544569854228062,0.0055255430145771944,-0.0012544569854228062,0.08488307284386193,-0.15302352313860496,1,0,1,3,0.010766585480438826,0.003588861826812942,0.024693790339652272,0.7687443564554194,1.6961504075565603,0.010766585480438826,0,0.04448884466533312
pitcher,622608,Antonio Senzatela,COL,6,5,1,0.8333333333333334,0.05497091180388622,-0.022600000000000002,0.05497091180388622,0.03237091180388622,0.009161818633981036,0.005395151967314369,0.06980684731130457,0.28971255372949967,1,1,1,6,0.08574618074616208,0.014291030124360346,0.15734673782663106,0.6721971475906696,1.5077325748126278,0,0.08574618074616208,-0.030775268942275863
hitter,681807,David Fry,CLE,2,1,1,0.5,0.054730439647573625,-0.022600000000000002,0.054730439647573625,0.03213043964757362,0.027365219823786813,0.01606521982378681,0.07046506147636644,0.20276497714340144,1,1,0,4,0.025773762422188488,0.006443440605547122,0.048947547600512675,0.7468853118597617,1.577882531487258,0.025773762422188488,0,0.028956677225385138
pitcher,543243,Sonny Gray,BOS,2,1,1,0.5,0.054712764784459744,-0.022600000000000002,0.054712764784459744,0.03211276478445974,0.027356382392229872,0.01605638239222987,0.06780843937977993,0.2845302545063815,1,0,0,18,0.09635081956516342,0.005352823309175745,0.2741876452255214,0.6697848922468368,1.4134512601170437,0,0.09635081956516342,-0.041638054780703676
pitcher,663969,Tyler Phillips,MIA,3,2,1,0.6666666666666666,0.054360024105929605,-0.022600000000000002,0.054360024105929605,0.0317600241059296,0.01812000803530987,0.010586674701976535,0.05549307919356515,0.9548836537597651,1,1,0,10,0.05652582188650248,0.005652582188650248,0.14192805590896185,0.7103072340002048,1.5860299746394109,0,0.05652582188650248,-0.0021657977805728743
fielder_challenger,663687,Hogan Harris,ATH,1,1,0,1.0,0.05394991354536005,0.0,0.05394991354536005,0.05394991354536005,0.05394991354536005,0.05394991354536005,0.05394991354536005,0.2580276132179913,0,0,0,0,0.0,0.0,0.0,0.0,0.0,0.0,0.0,0.05394991354536005
hitter,542303,Marcell Ozuna,PIT,7,4,3,0.5714285714285714,0.05391175554451866,-0.0678,0.05391175554451866,-0.013888244455481348,0.007701679363502666,-0.0019840349222116213,0.24584122347718795,-0.1320731908919167,0,0,1,9,0.05807266605635013,0.00645251845070557,0.13615221577788283,0.734620141012529,1.7453327734490967,0.05807266605635013,0,-0.00416091051183147
pitcher,608032,Carlos Estevez,KC,1,1,0,1.0,0.053879029246623716,0.0,0.053879029246623716,0.053879029246623716,0.053879029246623716,0.053879029246623716,0.053879029246623716,0.5241805032098816,0,0,0,0,0.0,0.0,0.0,0.0,0.0,0.0,0.0,0.053879029246623716
catcher,518595,Travis d'Arnaud,LAA,9,7,2,0.7777777777777778,0.05345274275970187,-0.045200000000000004,0.05345274275970187,0.008252742759701864,0.005939193639966874,0.0009169714177446516,0.09341169029179887,0.18449831160600721,1,0,1,0,0.0,0.0,0.0,0.0,0.0,0.0,0.0,0.05345274275970187
fielder_challenger,518595,Travis d'Arnaud,LAA,8,7,1,0.875,0.05345274275970187,-0.022600000000000002,0.05345274275970187,0.030852742759701866,0.0066815928449627335,0.0038565928449627333,0.09345756948996038,0.41049831160600725,1,0,0,0,0.0,0.0,0.0,0.0,0.0,0.0,0.0,0.05345274275970187
pitcher,668674,Lucas Erceg,KC,5,2,3,0.4,0.05282994089440202,-0.0678,0.05282994089440202,-0.01497005910559799,0.010565988178880404,-0.002994011821119598,0.35922280688526204,-0.4719502065548209,0,0,2,3,0.11574113343778988,0.03858037781259663,0.21131033998910914,0.6229622793160486,1.13439279682847,0,0.11574113343778988,-0.06291119254338787
pitcher,666142,Cole Ragans,KC,3,2,1,0.6666666666666666,0.0519974592183064,-0.022600000000000002,0.0519974592183064,0.029397459218306395,0.017332486406102132,0.009799153072768798,0.06273275099551867,0.18722149545217856,0,1,0,9,0.06148514697561189,0.00683168299729021,0.14574456836308197,0.6789629515176031,1.427682834909801,0,0.06148514697561189,-0.00948768775730549
hitter,665489,Vladimir Guerrero Jr.,TOR,7,3,4,0.42857142857142855,0.0519575979220233,-0.09040000000000001,0.0519575979220233,-0.03844240207797671,0.007422513988860471,-0.0054917717254252445,0.0817888374070571,-0.6207834605241183,0,0,1,11,0.08803797390406384,0.008003452173096713,0.1163173282773713,0.8753039217536276,2.4340185886516306,0.08803797390406384,0,-0.036080375982040544
hitter,701762,Nick Kurtz,ATH,5,4,1,0.8,0.05162986037602779,-0.022600000000000002,0.05162986037602779,0.02902986037602779,0.010325972075205558,0.005805972075205558,0.11484413209912137,0.4934718937907624,1,1,1,12,0.10426161930059151,0.008688468275049292,0.21799905637069478,0.6940740158612552,1.5866298993042591,0.10426161930059151,0,-0.05263175892456372
pitcher,687330,Kevin Kelly,TB,1,1,0,1.0,0.05109344562011453,0.0,0.05109344562011453,0.05109344562011453,0.05109344562011453,0.05109344562011453,0.05109344562011453,0.1236596932549879,0,0,0,3,0.041795372406111087,0.013931790802037028,0.09287262275372044,0.6128179841916231,1.1024311694966293,0,0.041795372406111087,0.009298073214003444
pitcher,663556,Shane McClanahan,TB,4,4,0,1.0,0.05098803892229481,0.0,0.05098803892229481,0.05098803892229481,0.012747009730573702,0.012747009730573702,0.05098803892229481,0.6601891470855668,0,0,0,14,0.12704863614674985,0.009074902581910705,0.31091311683847905,0.6642703479102947,1.4189285980867532,0,0.12704863614674985,-0.07606059722445505
hitter,571970,Max Muncy,LAD,2,1,1,0.5,0.05082062308692541,-0.022600000000000002,0.05082062308692541,0.028220623086925405,0.025410311543462703,0.014110311543462702,0.05225879791738024,0.0322639386276076,1,0,0,9,0.07082547233510605,0.007869496926122896,0.18956290618944183,0.6340418882097265,1.3032005414432881,0.07082547233510605,0,-0.020004849248180648
hitter,701350,Roman Anthony,BOS,3,2,1,0.6666666666666666,0.05073004491236585,-0.022600000000000002,0.05073004491236585,0.02813004491236585,0.016910014970788617,0.009376681637455283,0.08182693372928165,0.4202762627033535,1,1,1,6,0.029108868122952224,0.004851478020492037,0.13651850922850728,0.5215776676651508,0.8172587549122788,0.029108868122952224,0,0.021621176789413627
pitcher,699134,Bradgley Rodriguez,SD,4,3,1,0.75,0.05065400507980263,-0.022600000000000002,0.05065400507980263,0.028054005079802626,0.012663501269950658,0.0070135012699506566,0.17550794494455288,0.11067220429596561,1,0,0,7,0.03334975040987941,0.004764250058554202,0.10394851601803398,0.6515550178007563,1.260845480131134,0,0.03334975040987941,0.01730425466992322
fielder_challenger,663698,Joey Bart,PIT,8,4,4,0.5,0.050372851189047024,-0.09040000000000001,0.050372851189047024,-0.040027148810952984,0.006296606398630878,-0.005003393601369123,0.2840079417397582,-0.47315187375423073,0,1,1,0,0.0,0.0,0.0,0.0,0.0,0.0,0.0,0.050372851189047024
pitcher,669711,Greg Weissert,BOS,1,1,0,1.0,0.0499827386194579,0.0,0.0499827386194579,0.0499827386194579,0.0499827386194579,0.0499827386194579,0.0499827386194579,0.7806411698744767,1,1,0,5,0.037424698649220905,0.007484939729844181,0.07148856003933356,0.7606879654513546,1.6864033030893821,0,0.037424698649220905,0.012558039970236995
pitcher,668390,Cole Winn,TEX,2,1,1,0.5,0.04992696981749645,-0.022600000000000002,0.04992696981749645,0.027326969817496445,0.024963484908748224,0.013663484908748223,0.117841189463674,0.2260634456265391,1,1,0,2,0.02269687026558119,0.011348435132790595,0.05385319176376624,0.6329252016203576,1.19023813850127,0,0.02269687026558119,0.027230099551915257
pitcher,676440,Tanner Bibee,CLE,5,2,3,0.4,0.049767143997654695,-0.0678,0.049767143997654695,-0.01803285600234531,0.009953428799530938,-0.003606571200469062,0.1619753270977895,-0.17674270343058385,2,0,1,18,0.11228745323639389,0.006238191846466327,0.2890101751124811,0.6694104655098624,1.4022142366104642,0,0.11228745323639389,-0.06252030923873919
pitcher,607625,Seth Lugo,KC,3,3,0,1.0,0.048670336983770435,0.0,0.048670336983770435,0.048670336983770435,0.016223445661256813,0.016223445661256813,0.048670336983770435,0.5218469512162736,0,1,0,27,0.23849818599348852,0.008833266147906983,0.5677081518975244,0.6355960413122902,1.2308260855317568,0,0.23849818599348852,-0.18982784900971808
pitcher,650633,Michael King,SD,4,4,0,1.0,0.048374799243066535,0.0,0.048374799243066535,0.048374799243066535,0.012093699810766634,0.012093699810766634,0.048374799243066535,0.3698172818086494,1,1,0,21,0.3432799711990141,0.01634666529519115,0.7866232234195732,0.6075499749222418,1.1644255725783634,0,0.3432799711990141,-0.29490517195594756
pitcher,664192,Joey Lucchesi,LAA,3,3,0,1.0,0.04835584530589947,0.0,0.04835584530589947,0.04835584530589947,0.01611861510196649,0.01611861510196649,0.04835584530589947,2.1388946177585737,1,1,0,0,0.0,0.0,0.0,0.0,0.0,0.0,0.0,0.04835584530589947
pitcher,572955,Pierce Johnson,CIN,3,3,0,1.0,0.04727359996989178,0.0,0.04727359996989178,0.04727359996989178,0.015757866656630592,0.015757866656630592,0.04727359996989178,0.4598356490888528,1,0,0,4,0.01573695859753905,0.003934239649384762,0.049278797298171494,0.7021269320983009,1.604497333068309,0,0.01573695859753905,0.03153664137235273
pitcher,702070,Noah Cameron,KC,2,1,1,0.5,0.04720068469065819,-0.022600000000000002,0.04720068469065819,0.024600684690658188,0.023600342345329095,0.012300342345329094,0.060725735871376973,0.4074942472965952,1,1,0,21,0.14405525863224083,0.0068597742205828965,0.3357145140336396,0.6704206071775703,1.4060445786387654,0,0.14405525863224083,-0.09685457394158264
pitcher,689254,Mason Fluharty,TOR,4,3,1,0.75,0.04701463335746936,-0.022600000000000002,0.04701463335746936,0.024414633357469358,0.01175365833936734,0.0061036583393673394,0.047483469944857894,0.43861187313008865,2,1,0,7,0.060641117819766735,0.008663016831395249,0.09350421067540593,0.8362765605093274,2.2071057956610125,0,0.060641117819766735,-0.013626484462297375
pitcher,607259,Nick Martinez,TB,7,5,2,0.7142857142857143,0.04689810115871046,-0.045200000000000004,0.04689810115871046,0.001698101158710455,0.006699728736958637,0.00024258587981577928,0.0804923713444834,-0.0721831035385958,0,0,2,13,0.10524773024238174,0.00809597924941398,0.2548146769076619,0.6571517262156663,1.3967990030437383,0,0.10524773024238174,-0.05834962908367128
hitter,668901,Mark Vientos,NYM,9,5,4,0.5555555555555556,0.04686213868000688,-0.09040000000000001,0.04686213868000688,-0.043537861319993126,0.005206904297778542,-0.004837540146665903,0.055234209251447855,-0.32701507607556696,1,1,1,3,0.017063304100959395,0.005687768033653132,0.040416606178518666,0.6731023860399814,1.4083070032251939,0.017063304100959395,0,0.029798834579047487
hitter,665019,Kody Clemens,MIN,7,4,3,0.5714285714285714,0.04677390842446505,-0.0678,0.04677390842446505,-0.021026091575534957,0.006681986917780721,-0.0030037273679335654,0.09392199720526248,-0.09032531893975879,0,0,3,9,0.07258971970682215,0.008065524411869128,0.12360591229963612,0.8003418535801945,1.9560020445712298,0.07258971970682215,0,-0.025815811282357104
pitcher,676263,Jack Dreyer,LAD,3,3,0,1.0,0.04651892797186061,0.0,0.04651892797186061,0.04651892797186061,0.015506309323953535,0.015506309323953535,0.04651892797186061,0.44784316930395984,0,1,0,7,0.05644386158100958,0.008063408797287083,0.15840794685454096,0.6675281108634612,1.3483952814012952,0,0.05644386158100958,-0.009924933609148971
pitcher,676974,Max Meyer,MIA,6,4,2,0.6666666666666666,0.04633405937141194,-0.045200000000000004,0.04633405937141194,0.0011340593714119357,0.007722343228568657,0.0001890098952353226,0.11357636415897582,0.1480902575770316,0,0,0,15,0.12970554920777067,0.008647036613851378,0.2633235636353266,0.6992377935998618,1.46002425470236,0,0.12970554920777067,-0.08337148983635873
pitcher,641329,Bryan Baker,TB,2,1,1,0.5,0.04606038691687431,-0.022600000000000002,0.04606038691687431,0.023460386916874305,0.023030193458437154,0.011730193458437153,0.0731310452062281,-0.13874986410439608,0,0,0,7,0.06761713403321679,0.009659590576173827,0.21795193358557002,0.5280033015913486,0.8770236767140079,0,0.06761713403321679,-0.02155674711634248
hitter,660844,Leo Rivas,SEA,4,1,3,0.25,0.045917829186962744,-0.0678,0.045917829186962744,-0.021882170813037262,0.011479457296740686,-0.0054705427032593155,0.1022091918514042,0.10264116987447672,1,1,1,8,0.10286781228497555,0.012858476535621943,0.19917442603698987,0.6910316432408748,1.4527042671737695,0.10286781228497555,0,-0.0569499830980128
pitcher,665795,Edward Cabrera,CHC,3,3,0,1.0,0.0458250105321619,0.0,0.0458250105321619,0.0458250105321619,0.015275003510720633,0.015275003510720633,0.0458250105321619,0.3747437368702764,0,0,0,6,0.0487563271794063,0.008126054529901049,0.09068115125031517,0.7548653286140677,1.7407160005538553,0,0.0487563271794063,-0.0029313166472444002
pitcher,579328,Yusei Kikuchi,LAA,6,4,2,0.6666666666666666,0.045804915217303344,-0.045200000000000004,0.045804915217303344,0.0006049152173033395,0.007634152536217224,0.00010081920288388992,0.05990840947256515,-0.016586539570383696,0,0,1,11,0.07454367645594279,0.006776697859631162,0.26629039808110344,0.525458130097595,0.8332993884200057,0,0.07454367645594279,-0.028738761238639443
pitcher,694361,Will Klein,LAD,2,1,1,0.5,0.04571901048172533,-0.022600000000000002,0.04571901048172533,0.02311901048172533,0.022859505240862665,0.011559505240862664,0.0483391863735666,-0.008030410480305977,0,0,0,4,0.05715805377870408,0.01428951344467602,0.17252710986727937,0.5885607172112315,1.0933681929683943,0,0.05715805377870408,-0.01143904329697875
pitcher,675660,Shane Drohan,MIL,2,1,1,0.5,0.0454592428978034,-0.022600000000000002,0.0454592428978034,0.022859242897803396,0.0227296214489017,0.011429621448901698,0.07946738547242799,0.2019707869321052,0,0,0,17,0.09165160135899605,0.005391270668176238,0.23714913273290164,0.6917714045552439,1.558944179152055,0,0.09165160135899605,-0.046192358461192656
pitcher,676282,Joey Cantillo,CLE,3,3,0,1.0,0.045428131030983254,0.0,0.045428131030983254,0.045428131030983254,0.015142710343661084,0.015142710343661084,0.045428131030983254,0.46643494469784086,0,0,0,17,0.13895851699308126,0.008174030411357721,0.29098279245754793,0.7189119419800172,1.642143264195709,0,0.13895851699308126,-0.093530385962098
fielder_challenger,668670,Jake Rogers,DET,5,4,1,0.8,0.04530842097924054,-0.022600000000000002,0.04530842097924054,0.022708420979240536,0.009061684195848107,0.0045416841958481075,0.08964800208546841,0.4362551630470054,1,1,0,0,0.0,0.0,0.0,0.0,0.0,0.0,0.0,0.04530842097924054
hitter,678662,Ezequiel Tovar,COL,4,1,3,0.25,0.045274781334016745,-0.0678,0.045274781334016745,-0.02252521866598326,0.011318695333504186,-0.005631304666495815,0.11582912542231537,-0.2918035394214339,1,0,1,11,0.06111875953032579,0.005556250866393254,0.12793306531213858,0.7760699311076746,1.9454013748961962,0.06111875953032579,0,-0.015843978196309047
pitcher,664991,Grant Wolfram,BAL,2,1,1,0.5,0.04524357103570875,-0.022600000000000002,0.04524357103570875,0.02264357103570875,0.022621785517854376,0.011321785517854375,0.05569434041084986,0.20276497714340144,1,1,0,6,0.08265525687938968,0.013775876146564947,0.1328968485619056,0.8123793446120505,2.021260348805725,0,0.08265525687938968,-0.03741168584368093
pitcher,686993,Justin Sterner,ATH,4,2,2,0.5,0.0452410083698916,-0.045200000000000004,0.0452410083698916,4.100836989159862e-05,0.0113102520924729,1.0252092472899654e-05,0.0731118814218402,0.1810813318125704,0,0,2,4,0.04610035869522748,0.01152508967380687,0.07240246749868484,0.8277010434193501,2.0213032927004853,0,0.04610035869522748,-0.0008593503253358781
pitcher,690997,Nolan McLean,NYM,2,2,0,1.0,0.04519932061061244,0.0,0.04519932061061244,0.04519932061061244,0.02259966030530622,0.02259966030530622,0.04519932061061244,0.3408864477965445,0,0,0,21,0.2053067505853775,0.009776511932637025,0.46243181763437224,0.684755513212378,1.48505911185322,0,0.2053067505853775,-0.16010742997476507
hitter,701358,Cam Smith,HOU,6,2,4,0.3333333333333333,0.04508679805061196,-0.09040000000000001,0.04508679805061196,-0.045313201949388045,0.00751446634176866,-0.007552200324898007,0.15340811159349768,-0.5612371471985035,1,0,1,3,0.015213232367419734,0.005071077455806578,0.04122555977494312,0.6743432961320326,1.3888557227059917,0.015213232367419734,0,0.02987356568319223
pitcher,676083,Janson Junk,MIA,5,3,2,0.6,0.044469516080570204,-0.045200000000000004,0.044469516080570204,-0.0007304839194298002,0.008893903216114041,-0.00014609678388596004,0.05513747473079353,0.012831866681227266,1,0,0,11,0.08037324922637812,0.007306659020579829,0.254350012719549,0.5797396608630551,1.0383876002789063,0,0.08037324922637812,-0.035903733145807915
pitcher,656302,Dylan Cease,TOR,5,4,1,0.8,0.044172870727915425,-0.022600000000000002,0.044172870727915425,0.021572870727915423,0.008834574145583085,0.0043145741455830845,0.0998647636351051,0.16393577908580087,1,0,0,18,0.23700242221116852,0.013166801233953807,0.58101771462711,0.6007520942199448,1.2734097440732906,0,0.23700242221116852,-0.1928295514832531
pitcher,672282,Reid Detmers,LAA,3,3,0,1.0,0.04396721529834424,0.0,0.04396721529834424,0.04396721529834424,0.014655738432781415,0.014655738432781415,0.04396721529834424,0.2860962302486161,0,0,0,33,0.2210988848163252,0.006699966206555309,0.5460520567451022,0.7067533153580552,1.6063978026376582,0,0.2210988848163252,-0.17713166951798096
hitter,680777,Ryan Jeffers,MIN,4,3,1,0.75,0.04388140153432141,-0.022600000000000002,0.04388140153432141,0.0212814015343214,0.010970350383580352,0.00532035038358035,0.05039799614543716,0.25356644900521486,2,0,0,11,0.12693493322893173,0.01153953938444834,0.3164000645480857,0.655907757525494,1.4309161439142917,0.12693493322893173,0,-0.08305353169461033
hitter,663757,Trent Grisham,NYY,6,3,3,0.5,0.043871446958287985,-0.0678,0.043871446958287985,-0.02392855304171202,0.007311907826381331,-0.00398809217361867,0.07572210142061148,-0.32262263659122536,1,0,3,16,0.16923284123770044,0.010577052577356277,0.3960407833817673,0.6500591291399067,1.322310562074942,0.16923284123770044,0,-0.12536139427941245
pitcher,670329,Rico Garcia,BAL,2,1,1,0.5,0.043810568068196776,-0.022600000000000002,0.043810568068196776,0.021210568068196774,0.021905284034098388,0.010605284034098387,0.05449317773115431,0.108192350962343,0,0,0,5,0.03427112112835582,0.006854224225671164,0.12009059756655305,0.5737850402975283,0.9986770775954199,0,0.03427112112835582,0.009539446939840955
pitcher,650911,Cristopher Sanchez,PHI,4,2,2,0.5,0.04370936813458076,-0.045200000000000004,0.04370936813458076,-0.0014906318654192424,0.01092734203364519,-0.0003726579663548106,0.09513126298787666,-0.2296207817002715,0,0,0,19,0.18362938390197536,0.009664704415893441,0.4314497734348183,0.6306908461349354,1.2522228729029508,0,0.18362938390197536,-0.1399200157673946
pitcher,702275,JR Ritchie,ATL,4,3,1,0.75,0.0435075004992449,-0.022600000000000002,0.0435075004992449,0.020907500499244898,0.010876875124811225,0.0052268751248112245,0.04957462614208363,0.11357473309112995,1,1,0,6,0.12186078445043898,0.02031013074173983,0.23663877617807572,0.6506528664331416,1.282770714236396,0,0.12186078445043898,-0.07835328395119408
pitcher,683232,Nick Mears,KC,1,1,0,1.0,0.04341869613395355,0.0,0.04341869613395355,0.04341869613395355,0.04341869613395355,0.04341869613395355,0.04341869613395355,0.19436332898513428,1,0,0,3,0.02352520643266434,0.00784173547755478,0.06815950912019947,0.6461755481024514,1.266693268524934,0,0.02352520643266434,0.01989348970128921
pitcher,573124,Taylor Rogers,MIN,2,2,0,1.0,0.04306494962467822,0.0,0.04306494962467822,0.04306494962467822,0.02153247481233911,0.02153247481233911,0.04306494962467822,0.359108811274257,1,0,0,1,0.0013541456012332248,0.0013541456012332248,0.009542487969265823,0.6071322012944392,1.0764550475135448,0,0.0013541456012332248,0.04171080402344499
pitcher,645261,Sandy Alcantara,MIA,11,5,6,0.45454545454545453,0.042911901450369744,-0.1356,0.042911901450369744,-0.09268809854963027,0.0039010819500336132,-0.008426190777239115,0.09542582011654467,-0.8523246967754952,1,0,2,15,0.1073732637237166,0.007158217581581107,0.31490528502784304,0.59631967889161,1.0812579178777182,0,0.1073732637237166,-0.06446136227334685
catcher,624512,Reese McGuire,CWS,9,5,4,0.5555555555555556,0.04290567596004935,-0.09040000000000001,0.04290567596004935,-0.04749432403995066,0.004767297328894372,-0.005277147115550073,0.13474044172570232,-0.25022652900978526,1,1,0,0,0.0,0.0,0.0,0.0,0.0,0.0,0.0,0.04290567596004935
fielder_challenger,624512,Reese McGuire,CWS,8,5,3,0.625,0.04290567596004935,-0.0678,0.04290567596004935,-0.024894324039950656,0.005363209495006169,-0.003111790504993832,0.13452169349137733,-0.02422652900978528,1,1,0,0,0.0,0.0,0.0,0.0,0.0,0.0,0.0,0.04290567596004935
hitter,678246,Miguel Vargas,CWS,5,3,2,0.6,0.042571355461257454,-0.045200000000000004,0.042571355461257454,-0.00262864453874255,0.008514271092251492,-0.00052572890774851,0.08919930100691986,0.11598777406465319,1,0,0,11,0.13879206518193418,0.012617460471084925,0.25509617163362835,0.7414453004808788,1.7515966640403882,0.13879206518193418,0,-0.09622070972067673
hitter,656811,Ryan O'Hearn,PIT,5,4,1,0.8,0.042207835752085254,-0.022600000000000002,0.042207835752085254,0.019607835752085252,0.00844156715041705,0.00392156715041705,0.06125251738313703,0.18804404454874699,0,0,0,8,0.07381711061431309,0.009227138826789136,0.2625393288075264,0.5708577110428932,1.0098260656571592,0.07381711061431309,0,-0.03160927486222784
pitcher,672456,Keider Montero,DET,4,4,0,1.0,0.0420564315859705,0.0,0.0420564315859705,0.0420564315859705,0.010514107896492625,0.010514107896492625,0.0420564315859705,0.3629781755081636,2,0,0,16,0.11227849002893107,0.007017405626808192,0.25690102391019204,0.690170906189278,1.5702488570121484,0,0.11227849002893107,-0.07022205844296057
pitcher,669923,George Kirby,SEA,6,2,4,0.3333333333333333,0.041767178744398836,-0.09040000000000001,0.041767178744398836,-0.04863282125560117,0.006961196457399806,-0.008105470209266863,0.269665984452491,-0.5492643117366626,1,0,1,20,0.16934800124299684,0.008467400062149842,0.45775031951840905,0.636663801794449,1.2869912067320184,0,0.16934800124299684,-0.127580822498598
hitter,656941,Kyle Schwarber,PHI,8,5,3,0.625,0.04111349199428463,-0.0678,0.04111349199428463,-0.026686508005715377,0.005139186499285579,-0.003335813500714422,0.10940382872489218,0.7777130497709498,1,1,1,9,0.06319754275602114,0.0070219491951134605,0.21912163640485047,0.5823629492048026,1.0307943640928174,0.06319754275602114,0,-0.022084050761736515
hitter,592450,Aaron Judge,NYY,4,3,1,0.75,0.04092249537723086,-0.022600000000000002,0.04092249537723086,0.01832249537723086,0.010230623844307715,0.004580623844307715,0.053620265069411366,0.0686221961154684,0,0,0,6,0.036262998239188445,0.006043833039864741,0.09323393987541384,0.7030667919766787,1.6148651778497953,0.036262998239188445,0,0.004659497138042416
pitcher,663623,Jake Irvin,WSH,4,2,2,0.5,0.04027673183834968,-0.045200000000000004,0.04027673183834968,-0.0049232681616503265,0.01006918295958742,-0.0012308170404125816,0.06275804822955397,-0.13113323849450764,2,0,0,12,0.0733558556903059,0.006112987974192158,0.26421966332496793,0.575487282891618,1.0165494296601185,0,0.0733558556903059,-0.033079123851956216
hitter,694497,Evan Carter,TEX,3,1,2,0.3333333333333333,0.040051963363467336,-0.045200000000000004,0.040051963363467336,-0.0051480366365326685,0.013350654454489111,-0.0017160122121775562,0.10515098578562487,-0.24925118606776814,0,0,0,12,0.21015237346168764,0.01751269778847397,0.4437527366330737,0.5970960945151784,1.100655652588262,0.21015237346168764,0,-0.1701004100982203
hitter,807712,Luke Keaschall,MIN,8,3,5,0.375,0.03996228365808506,-0.11300000000000002,0.03996228365808506,-0.07303771634191494,0.0049952854572606325,-0.009129714542739368,0.17221182934422588,-0.6377276869721712,2,0,3,8,0.053378713690677725,0.006672339211334716,0.17119049113354434,0.5900054997728321,1.0361610469186124,0.053378713690677725,0,-0.013416430032592665
catcher,669087,Sam Huff,BAL,1,1,0,1.0,0.03978467389375584,0.0,0.03978467389375584,0.03978467389375584,0.03978467389375584,0.03978467389375584,0.03978467389375584,0.12247644803822733,1,0,0,0,0.0,0.0,0.0,0.0,0.0,0.0,0.0,0.03978467389375584
fielder_challenger,669087,Sam Huff,BAL,1,1,0,1.0,0.03978467389375584,0.0,0.03978467389375584,0.03978467389375584,0.03978467389375584,0.03978467389375584,0.03978467389375584,0.12247644803822733,1,0,0,0,0.0,0.0,0.0,0.0,0.0,0.0,0.0,0.03978467389375584
hitter,666397,Edouard Julien,COL,4,3,1,0.75,0.03975524595952516,-0.022600000000000002,0.03975524595952516,0.017155245959525164,0.00993881148988129,0.004288811489881291,0.04810581685581305,0.09154070606254663,0,0,1,4,0.04575134259312814,0.011437835648282034,0.15493903613369803,0.5474702325159039,0.9154668050584776,0.04575134259312814,0,-0.005996096633602975
pitcher,680732,Sean Burke,CWS,3,2,1,0.6666666666666666,0.03970953556493345,-0.022600000000000002,0.03970953556493345,0.01710953556493345,0.013236511854977817,0.005703178521644483,0.05491138644420818,-0.006093476997505953,1,0,0,12,0.08921951860813629,0.007434959884011358,0.24868442891263254,0.6085376985367829,1.1637958414854803,0,0.08921951860813629,-0.04950998304320284
pitcher,669194,Ryne Nelson,AZ,6,5,1,0.8333333333333334,0.03950128942921649,-0.022600000000000002,0.03950128942921649,0.01690128942921649,0.006583548238202748,0.0028168815715360813,0.06033436807448006,0.2974158601262834,0,0,0,8,0.028630754998946024,0.003578844374868253,0.1163326215351865,0.6404154797837127,1.3363062509840486,0,0.028630754998946024,0.010870534430270466
hitter,669236,Jeremiah Jackson,BAL,1,1,0,1.0,0.03934337717484557,0.0,0.03934337717484557,0.03934337717484557,0.03934337717484557,0.03934337717484557,0.03934337717484557,0.2380528319575802,0,1,0,3,0.00646564534133881,0.0021552151137796036,0.0422526457122302,0.5458505370456814,0.8916433465313798,0.00646564534133881,0,0.03287773183350676
pitcher,663460,Kris Bubic,KC,5,3,2,0.6,0.03915986051765333,-0.045200000000000004,0.03915986051765333,-0.006040139482346676,0.007831972103530666,-0.0012080278964693354,0.08189962951652899,0.03939322435981535,1,0,0,5,0.06969049218224162,0.013938098436448323,0.17541703525507646,0.513361066834668,0.8474323722456607,0,0.06969049218224162,-0.03053063166458829
pitcher,669020,Ryan Rolison,CHC,1,1,0,1.0,0.03879737293443403,0.0,0.03879737293443403,0.03879737293443403,0.03879737293443403,0.03879737293443403,0.03879737293443403,0.26217284582911515,1,0,0,8,0.06616907960794574,0.008271134950993218,0.17425653734496638,0.6067528258442074,1.1289752050360007,0,0.06616907960794574,-0.027371706673511714
pitcher,676917,Cade Cavalli,WSH,4,2,2,0.5,0.03877568540948545,-0.045200000000000004,0.03877568540948545,-0.006424314590514554,0.009693921352371362,-0.0016060786476286386,0.15691620835020775,0.03645723468863854,0,0,0,11,0.071495007196997,0.006499546108817909,0.20598764241891904,0.6491426818050695,1.3615701911200246,0,0.071495007196997,-0.03271932178751155
pitcher,682842,Abner Uribe,MIL,2,2,0,1.0,0.03854622167874622,0.0,0.03854622167874622,0.03854622167874622,0.01927311083937311,0.01927311083937311,0.03854622167874622,0.17868482715264405,0,0,0,9,0.09725677449502143,0.010806308277224603,0.29773227470548197,0.5308967269960729,0.8496494700706245,0,0.09725677449502143,-0.05871055281627521
pitcher,676879,Aaron Ashby,MIL,3,1,2,0.3333333333333333,0.03847930585292558,-0.045200000000000004,0.03847930585292558,-0.006720694147074421,0.012826435284308527,-0.0022402313823581405,0.10208144842077438,-0.2507714017377994,1,0,1,12,0.10835597168404215,0.009029664307003513,0.3101162742815853,0.5798581399523792,1.0839352762156935,0,0.10835597168404215,-0.06987666583111657
hitter,641584,Jake Fraley,TB,8,4,4,0.5,0.03807142870113106,-0.09040000000000001,0.03807142870113106,-0.05232857129886895,0.0047589285876413825,-0.0065410714123586185,0.2908216209676512,-0.4845977437866284,0,0,2,1,0.000566557843186826,0.000566557843186826,0.003068228460155864,0.8258887221965915,1.9175740673591672,0.000566557843186826,0,0.03750487085794423
hitter,660821,Jesus Sanchez,TOR,5,1,4,0.2,0.037771739953873174,-0.09040000000000001,0.037771739953873174,-0.052628260046126835,0.0075543479907746345,-0.010525652009225367,0.0904144876263697,-0.7382823308428936,1,0,1,4,0.017820627246110523,0.004455156811527631,0.057049187591655615,0.662764754083949,1.311362264562204,0.017820627246110523,0,0.01995111270776265
hitter,687263,Zach Neto,LAA,7,3,4,0.42857142857142855,0.037652574944995576,-0.09040000000000001,0.037652574944995576,-0.05274742505500443,0.0053789392778565105,-0.0075353464364292045,0.11505290522781325,-0.6645843751975293,0,0,1,7,0.03861433713217846,0.005516333876025494,0.09495186191411092,0.6922012152158387,1.4089937469209224,0.03861433713217846,0,-0.0009617621871828852
pitcher,571948,Hoby Milner,CHC,3,2,1,0.6666666666666666,0.03759871777072121,-0.022600000000000002,0.03759871777072121,0.01499871777072121,0.012532905923573737,0.004999572590240403,0.06841636171909415,0.6018575762817295,2,1,0,5,0.029005323761854933,0.0058010647523709866,0.1000751819813559,0.6833389998591295,1.432397308840679,0,0.029005323761854933,0.00859339400886628
pitcher,694738,Landen Roupp,SF,3,2,1,0.6666666666666666,0.0374472768615946,-0.022600000000000002,0.0374472768615946,0.0148472768615946,0.012482425620531534,0.0049490922871982005,0.21117614813755176,0.12943861417611627,0,0,0,22,0.1429251495547036,0.006496597707031981,0.39950356330071146,0.642895798097321,1.2820954386988523,0,0.1429251495547036,-0.10547787269310899
catcher,543877,Christian Vazquez,HOU,13,4,9,0.3076923076923077,0.037357066583457055,-0.20340000000000003,0.037357066583457055,-0.16604293341654297,0.0028736205064197736,-0.012772533339734075,0.4174174095162027,-1.6669310765148313,1,0,0,0,0.0,0.0,0.0,0.0,0.0,0.0,0.0,0.037357066583457055
fielder_challenger,543877,Christian Vazquez,HOU,13,4,9,0.3076923076923077,0.037357066583457055,-0.20340000000000003,0.037357066583457055,-0.16604293341654297,0.0028736205064197736,-0.012772533339734075,0.4174174095162027,-1.6669310765148313,1,0,0,0,0.0,0.0,0.0,0.0,0.0,0.0,0.0,0.037357066583457055
pitcher,607192,Tyler Glasnow,LAD,7,5,2,0.7142857142857143,0.03713832132732087,-0.045200000000000004,0.03713832132732087,-0.008061678672679137,0.005305474475331552,-0.0011516683818113052,0.04701850832107274,-0.09187006286132801,1,0,0,4,0.017319751145865498,0.0043299377864663745,0.05868793435052272,0.6164964587119472,1.1334213301706315,0,0.017319751145865498,0.01981857018145537
hitter,608369,Corey Seager,TEX,2,1,1,0.5,0.036574084566616816,-0.022600000000000002,0.036574084566616816,0.013974084566616814,0.018287042283308408,0.006987042283308407,0.08725465085129436,0.07025273535668994,1,0,1,2,0.011545032276816762,0.005772516138408381,0.02218612084842255,0.7797846077187602,1.7171379108069351,0.011545032276816762,0,0.025029052289800055
hitter,693307,Dillon Dingler,DET,3,2,1,0.6666666666666666,0.035920133640939766,-0.022600000000000002,0.035920133640939766,0.013320133640939764,0.011973377880313255,0.004440044546979921,0.06960826742862364,0.1090531436263503,2,0,0,19,0.16214887633182565,0.00853415138588556,0.4192850042087806,0.6488527349244935,1.311259462976083,0.16214887633182565,0,-0.12622874269088588
hitter,677951,Bobby Witt Jr.,KC,2,2,0,1.0,0.03570809085038772,0.0,0.03570809085038772,0.03570809085038772,0.01785404542519386,0.01785404542519386,0.03570809085038772,0.4032089804203012,1,0,0,6,0.04243329139387765,0.007072215232312942,0.11772083522010487,0.6291758411491724,1.2890346242688036,0.04243329139387765,0,-0.006725200543489927
hitter,606192,Teoscar Hernandez,LAD,4,4,0,1.0,0.03567788392984103,0.0,0.03567788392984103,0.03567788392984103,0.008919470982460258,0.008919470982460258,0.03567788392984103,0.6472805700466406,1,0,0,10,0.07723014529855875,0.007723014529855875,0.2124586007662831,0.6663093722238482,1.6758963809375254,0.07723014529855875,0,-0.041552261368717716
hitter,808982,Jung Hoo Lee,SF,3,2,1,0.6666666666666666,0.03528463332328308,-0.022600000000000002,0.03528463332328308,0.012684633323283075,0.01176154444109436,0.004228211107761025,0.04481653207391356,0.06187435055605403,1,0,0,20,0.14000552503819708,0.007000276251909854,0.32515883712651233,0.699169133705488,1.5742730912880774,0.14000552503819708,0,-0.104720891714914
pitcher,571945,Miles Mikolas,WSH,2,2,0,1.0,0.03521132344374023,0.0,0.03521132344374023,0.03521132344374023,0.017605661721870114,0.017605661721870114,0.03521132344374023,0.30472702431682047,1,0,0,17,0.12827007189152323,0.00754529834656019,0.31545004619698064,0.6878155322524218,1.5316593713824578,0,0.12827007189152323,-0.093058748447783
pitcher,681347,Mike Burrows,HOU,6,5,1,0.8333333333333334,0.03480397634903802,-0.022600000000000002,0.03480397634903802,0.012203976349038019,0.00580066272483967,0.002033996058173003,0.03750436709424486,0.21040031345514132,1,0,0,12,0.06534007449787275,0.005445006208156063,0.21432047533158088,0.6493782966662063,1.313502241852241,0,0.06534007449787275,-0.030536098148834734
pitcher,666661,Juan Morillo,AZ,3,2,1,0.6666666666666666,0.03413148822745116,-0.022600000000000002,0.03413148822745116,0.011531488227451155,0.011377162742483718,0.003843829409150385,0.07592081110094595,-0.09966122973815236,0,0,1,6,0.07901585273654946,0.01316930878942491,0.1717823403854163,0.6570238788392123,1.3411023384429164,0,0.07901585273654946,-0.0448843645090983
pitcher,694335,Matt Svanson,STL,4,3,1,0.75,0.03412396494493501,-0.022600000000000002,0.03412396494493501,0.01152396494493501,0.008530991236233753,0.0028809912362337525,0.03904047095631992,0.13692954370617794,2,1,0,3,0.023541195851881906,0.007847065283960635,0.04525353041610183,0.7590687622169598,1.6125200852842976,0,0.023541195851881906,0.010582769093053106
hitter,643446,Jeff McNeil,ATH,4,2,2,0.5,0.034095181164979116,-0.045200000000000004,0.034095181164979116,-0.011104818835020888,0.008523795291244779,-0.002776204708755222,0.08836446905549095,0.008207715507819902,0,0,0,5,0.01818365940305093,0.003636731880610186,0.04182147860110565,0.8004023294721438,3.050925925068743,0.01818365940305093,0,0.015911521761928185
fielder_challenger,642547,Freddy Peralta,NYM,2,2,0,1.0,0.03380043585651238,0.0,0.03380043585651238,0.03380043585651238,0.01690021792825619,0.01690021792825619,0.03380043585651238,0.3124319899667215,0,0,0,0,0.0,0.0,0.0,0.0,0.0,0.0,0.0,0.03380043585651238
hitter,672960,Kazuma Okamoto,TOR,3,1,2,0.3333333333333333,0.03371946926215588,-0.045200000000000004,0.03371946926215588,-0.011480530737844122,0.011239823087385295,-0.003826843579281374,0.09326647750124775,-0.2507714017377994,1,0,1,19,0.21426310259181466,0.011277005399569193,0.4374117792125518,0.6584869433110355,1.3219507503043204,0.21426310259181466,0,-0.18054363332965878
hitter,602104,Ramon Urias,STL,2,1,1,0.5,0.03365959974269911,-0.022600000000000002,0.03365959974269911,0.011059599742699107,0.016829799871349554,0.0055297998713495534,0.03908616272117636,0.15825392878255826,1,0,0,2,0.009270189302677853,0.0046350946513389266,0.051848475404650984,0.42762868933851506,0.5313408118901988,0.009270189302677853,0,0.024389410440021256
pitcher,695243,Mason Miller,SD,4,2,2,0.5,0.033653154198546004,-0.045200000000000004,0.033653154198546004,-0.011546845801454,0.008413288549636501,-0.0028867114503635,0.048838819527989324,0.025157576034140205,1,0,0,15,0.11763963823485245,0.007842642548990163,0.39698445173352703,0.5302078884054705,0.8832654111288213,0,0.11763963823485245,-0.08398648403630644
catcher,596117,Garrett Stubbs,PHI,2,1,1,0.5,0.03361303814982192,-0.022600000000000002,0.03361303814982192,0.011013038149821915,0.01680651907491096,0.005506519074910957,0.04126169956607578,-0.07880718279829571,0,0,0,0,0.0,0.0,0.0,0.0,0.0,0.0,0.0,0.03361303814982192
fielder_challenger,596117,Garrett Stubbs,PHI,2,1,1,0.5,0.03361303814982192,-0.022600000000000002,0.03361303814982192,0.011013038149821915,0.01680651907491096,0.005506519074910957,0.04126169956607578,-0.07880718279829571,0,0,0,0,0.0,0.0,0.0,0.0,0.0,0.0,0.0,0.03361303814982192
hitter,694671,Wyatt Langford,TEX,5,2,3,0.4,0.03324753853859477,-0.0678,0.03324753853859477,-0.03455246146140523,0.0066495077077189544,-0.0069104922922810464,0.16055451084365788,-0.436548226465603,0,0,0,12,0.08700574330232927,0.007250478608527439,0.2304039660661202,0.7414572703206813,1.6955510470915949,0.08700574330232927,0,-0.053758204763734496
pitcher,663372,Ryan Feltner,COL,4,3,1,0.75,0.03303930677786876,-0.022600000000000002,0.03303930677786876,0.010439306777868758,0.00825982669446719,0.0026098266944671895,0.08091146805879834,0.07360636551843674,1,0,0,11,0.05124409257195462,0.004658553870177693,0.2178283742110346,0.5883678957892736,1.0738707773165617,0,0.05124409257195462,-0.01820478579408586
hitter,573262,Mike Yastrzemski,ATL,1,1,0,1.0,0.0330134631679129,0.0,0.0330134631679129,0.0330134631679129,0.0330134631679129,0.0330134631679129,0.0330134631679129,0.08725013589560393,0,0,0,9,0.06518481801952665,0.007242757557725184,0.12053854526990133,0.7864892619472563,1.8311352776048588,0.06518481801952665,0,-0.03217135485161375
hitter,686948,Drake Baldwin,ATL,1,1,0,1.0,0.03296621195745253,0.0,0.03296621195745253,0.03296621195745253,0.03296621195745253,0.03296621195745253,0.03296621195745253,0.28501739579789676,0,0,0,14,0.0934266297618798,0.006673330697277129,0.19347700009384594,0.7374857430460052,1.661116991324357,0.0934266297618798,0,-0.06046041780442728
hitter,608701,Rob Refsnyder,SEA,1,1,0,1.0,0.03270528438703285,0.0,0.03270528438703285,0.03270528438703285,0.03270528438703285,0.03270528438703285,0.03270528438703285,0.11586220029276614,1,0,0,11,0.21684148795895355,0.01971286254172305,0.42715983068041763,0.693292258978627,1.6352470452268726,0.21684148795895355,0,-0.1841362035719207
pitcher,608379,Michael Wacha,KC,6,4,2,0.6666666666666666,0.032494397834009286,-0.045200000000000004,0.032494397834009286,-0.012705602165990718,0.005415732972334881,-0.002117600360998453,0.07942818492383905,0.052119066711121764,0,0,0,19,0.17337344302530067,0.009124918053963193,0.40909572866021005,0.6615714930846202,1.398190609620833,0,0.17337344302530067,-0.14087904519129138
pitcher,677952,Braxton Ashcraft,PIT,3,3,0,1.0,0.03228543076622867,0.0,0.03228543076622867,0.03228543076622867,0.010761810255409556,0.010761810255409556,0.03228543076622867,0.4487063170366582,2,1,0,17,0.16193658447651266,0.009525681439794861,0.3290747582348657,0.6911876035952035,1.546415057419019,0,0.16193658447651266,-0.129651153710284
hitter,622761,Jorge Mateo,ATL,2,1,1,0.5,0.03193728573444049,-0.022600000000000002,0.03193728573444049,0.009337285734440488,0.015968642867220245,0.004668642867220244,0.04145216451291717,0.07025273535668994,1,0,0,2,0.0184212820472984,0.0092106410236492,0.03126172941154273,0.7292247450697784,1.6169849080478158,0.0184212820472984,0,0.013516003687142092
hitter,641487,J.P. Crawford,SEA,3,2,1,0.6666666666666666,0.03167865222888164,-0.022600000000000002,0.03167865222888164,0.009078652228881635,0.010559550742960546,0.003026217409627212,0.05760673692260726,-0.040116268698857344,0,0,0,6,0.05341949488728639,0.008903249147881065,0.15297460383803996,0.6086655282123815,1.2363059259766465,0.05341949488728639,0,-0.02174084265840475
pitcher,694297,Brandon Pfaadt,AZ,4,3,1,0.75,0.031602201917560906,-0.022600000000000002,0.031602201917560906,0.009002201917560905,0.007900550479390226,0.0022505504793902263,0.036596365862600504,0.30093293945024135,1,0,0,8,0.04463741572247383,0.005579676965309229,0.15035034584549556,0.6377075120322625,1.2873081985891988,0,0.04463741572247383,-0.013035213804912925
hitter,666126,Carlos Cortes,ATH,2,1,1,0.5,0.03153581140470596,-0.022600000000000002,0.03153581140470596,0.008935811404705958,0.01576790570235298,0.004467905702352979,0.03738429036408397,-0.05427805334484573,0,0,0,13,0.109754656874482,0.008442665913421693,0.24537797859434682,0.6963336729449037,1.5881987961775246,0.109754656874482,0,-0.07821884546977605
hitter,695336,Thomas Saggese,STL,4,2,2,0.5,0.03146575310146124,-0.045200000000000004,0.03146575310146124,-0.013734246898538763,0.00786643827536531,-0.0034335617246346907,0.08638360363990735,-0.18815968137814676,1,0,1,0,0.0,0.0,0.0,0.0,0.0,0.0,0.0,0.03146575310146124
pitcher,656605,Mitch Keller,PIT,3,2,1,0.6666666666666666,0.03143062926363688,-0.022600000000000002,0.03143062926363688,0.008830629263636876,0.010476876421212292,0.0029435430878789587,0.036437086824617104,0.07760882113923803,1,0,0,10,0.07545638039118521,0.007545638039118521,0.2622419587056458,0.613389610204961,1.1978739810831935,0,0.07545638039118521,-0.044025751127548335
hitter,687221,Dalton Rushing,LAD,1,1,0,1.0,0.03139489154243946,0.0,0.03139489154243946,0.03139489154243946,0.03139489154243946,0.03139489154243946,0.03139489154243946,0.5669596374584533,0,1,0,3,0.019467607410828876,0.006489202470276292,0.05478712713445222,0.6839896246431351,1.5964278195125203,0.019467607410828876,0,0.011927284131610587
hitter,621439,Byron Buxton,MIN,3,1,2,0.3333333333333333,0.031217086347120726,-0.045200000000000004,0.031217086347120726,-0.013982913652879278,0.010405695449040242,-0.004660971217626426,0.072424571388995,-0.25763667101486576,1,0,0,8,0.10344519312413486,0.012930649140516857,0.1446631435583978,0.8530795590079185,2.2297662870896398,0.10344519312413486,0,-0.07222810677701413
pitcher,666200,Jesus Luzardo,PHI,3,2,1,0.6666666666666666,0.031173204502397522,-0.022600000000000002,0.031173204502397522,0.00857320450239752,0.010391068167465841,0.002857734834132507,0.03468620154923929,-0.009116377852597973,0,1,0,16,0.10009996000884278,0.0062562475005526735,0.26751305855151913,0.6676808835398629,1.3600291144376533,0,0.10009996000884278,-0.06892675550644525
pitcher,669093,Jeremiah Estrada,SD,1,1,0,1.0,0.03115447486623324,0.0,0.03115447486623324,0.03115447486623324,0.03115447486623324,0.03115447486623324,0.03115447486623324,0.1350803935678171,0,0,0,1,0.0036674537353501855,0.0036674537353501855,0.025065109298598287,0.4115883060449681,0.4819475474236845,0,0.0036674537353501855,0.027487021130883055
hitter,678554,Curtis Mead,WSH,2,1,1,0.5,0.03115447486623313,-0.022600000000000002,0.03115447486623313,0.008554474866233126,0.015577237433116564,0.004277237433116563,0.048732396467312894,-0.09091960643218291,0,0,0,15,0.12987744173498694,0.008658496115665796,0.33326224237365204,0.6733719307474135,1.5390942095188622,0.12987744173498694,0,-0.09872296686875381
hitter,663837,Matt Vierling,DET,2,1,1,0.5,0.030853891841395975,-0.022600000000000002,0.030853891841395975,0.008253891841395973,0.015426945920697988,0.0041269459206979865,0.044879819184083805,-0.02099543878727378,1,0,0,6,0.04959665587972836,0.008266109313288061,0.12652307990041714,0.641926730263135,1.2259146137796908,0.04959665587972836,0,-0.018742764038332388
pitcher,641302,Tyler Alexander,TEX,2,2,0,1.0,0.03076514056702747,0.0,0.03076514056702747,0.03076514056702747,0.015382570283513735,0.015382570283513735,0.03076514056702747,0.27081644825116014,1,0,0,5,0.0947944059927213,0.01895888119854426,0.13866393480106334,0.7456127796724156,1.7501911145582034,0,0.0947944059927213,-0.06402926542569384
pitcher,605135,Chris Bassitt,BAL,4,3,1,0.75,0.03067422875467668,-0.022600000000000002,0.03067422875467668,0.008074228754676678,0.00766855718866917,0.0020185571886691695,0.05639435947215998,0.18595026093317746,0,0,0,15,0.11179798236774147,0.007453198824516098,0.29700869933527474,0.6620189704199057,1.344183036007991,0,0.11179798236774147,-0.08112375361306479
hitter,592626,Joc Pederson,TEX,2,2,0,1.0,0.03063019435075539,0.0,0.03063019435075539,0.03063019435075539,0.015315097175377695,0.015315097175377695,0.03063019435075539,0.28157986944987257,2,0,0,6,0.10145364396273727,0.01690894066045621,0.1692112341053028,0.7300463544280857,2.4635592899681438,0.10145364396273727,0,-0.07082344961198189
pitcher,656876,Drew Rasmussen,TB,6,4,2,0.6666666666666666,0.030482464476717708,-0.045200000000000004,0.030482464476717708,-0.014717535523282296,0.005080410746119618,-0.002452922587213716,0.04777521652547129,-0.16848826521355986,0,0,0,12,0.0825707526314871,0.006880896052623924,0.27658052634282576,0.6171767624178058,1.375274349898176,0,0.0825707526314871,-0.05208828815476939
catcher,691740,Daniel Susac,SF,6,2,4,0.3333333333333333,0.030325905016176644,-0.09040000000000001,0.030325905016176644,-0.060074094983823365,0.005054317502696107,-0.010012349163970561,0.0797969867272072,-0.39925503934432527,1,1,2,0,0.0,0.0,0.0,0.0,0.0,0.0,0.0,0.030325905016176644
fielder_challenger,691740,Daniel Susac,SF,5,2,3,0.4,0.030325905016176644,-0.0678,0.030325905016176644,-0.03747409498382336,0.006065181003235329,-0.007494818996764673,0.07897098060310268,-0.17325503934432526,1,1,1,0,0.0,0.0,0.0,0.0,0.0,0.0,0.0,0.030325905016176644
catcher,641555,J.C. Escarra,NYY,8,6,2,0.75,0.030299312093969907,-0.045200000000000004,0.030299312093969907,-0.014900687906030097,0.0037874140117462383,-0.0018625859882537622,0.03361309894866221,0.1751249665668487,0,0,1,0,0.0,0.0,0.0,0.0,0.0,0.0,0.0,0.030299312093969907
catcher,543309,Kyle Higashioka,TEX,11,4,7,0.36363636363636365,0.030221444220051824,-0.1582,0.030221444220051824,-0.12797855577994818,0.002747404020004711,-0.011634414161813472,0.16894162260321105,-1.121754175089779,1,0,2,0,0.0,0.0,0.0,0.0,0.0,0.0,0.0,0.030221444220051824
fielder_challenger,543309,Kyle Higashioka,TEX,9,4,5,0.4444444444444444,0.030221444220051824,-0.11300000000000002,0.030221444220051824,-0.08277855577994819,0.003357938246672425,-0.009197617308883133,0.15352195732237675,-0.669754175089779,1,0,1,0,0.0,0.0,0.0,0.0,0.0,0.0,0.0,0.030221444220051824
fielder_challenger,669923,George Kirby,SEA,2,1,1,0.5,0.03014137350231194,-0.022600000000000002,0.03014137350231194,0.007541373502311939,0.01507068675115597,0.0037706867511559695,0.12369193014512703,0.053549287165313236,1,0,1,0,0.0,0.0,0.0,0.0,0.0,0.0,0.0,0.03014137350231194
catcher,665861,Sebastian Rivero,LAA,2,2,0,1.0,0.029822576821645505,0.0,0.029822576821645505,0.029822576821645505,0.014911288410822753,0.014911288410822753,0.029822576821645505,2.0637082166605496,1,1,0,0,0.0,0.0,0.0,0.0,0.0,0.0,0.0,0.029822576821645505
fielder_challenger,665861,Sebastian Rivero,LAA,2,2,0,1.0,0.029822576821645505,0.0,0.029822576821645505,0.029822576821645505,0.014911288410822753,0.014911288410822753,0.029822576821645505,2.0637082166605496,1,1,0,0,0.0,0.0,0.0,0.0,0.0,0.0,0.0,0.029822576821645505
pitcher,693821,Bryce Elder,ATL,5,2,3,0.4,0.029806647339180814,-0.0678,0.029806647339180814,-0.03799335266081919,0.005961329467836163,-0.007598670532163838,0.10439659270710883,-0.3715925162016776,2,0,1,18,0.20459289898785105,0.011366272165991724,0.3948392460457994,0.7091655101900793,1.6077429677206023,0,0.20459289898785105,-0.17478625164867023
pitcher,702303,Riley Martin,CHC,2,2,0,1.0,0.02976563893956341,0.0,0.02976563893956341,0.02976563893956341,0.014882819469781705,0.014882819469781705,0.02976563893956341,0.598354215302462,2,0,0,0,0.0,0.0,0.0,0.0,0.0,0.0,0.0,0.02976563893956341
pitcher,621121,Lance McCullers Jr.,HOU,5,2,3,0.4,0.029642298643888676,-0.0678,0.029642298643888676,-0.03815770135611133,0.005928459728777735,-0.007631540271222266,0.06413796842400751,-0.27326324454102613,0,0,0,6,0.0307315945383174,0.0051219324230529,0.08280254080074301,0.6524302860629978,1.27676864770784,0,0.0307315945383174,-0.0010892958944287226
hitter,663886,Tyler Stephenson,CIN,3,3,0,1.0,0.029439505950139142,0.0,0.029439505950139142,0.029439505950139142,0.00981316865004638,0.00981316865004638,0.029439505950139142,0.2895000055928085,1,1,0,10,0.08470294300180635,0.008470294300180635,0.16822509146680262,0.7503196626326476,1.7431010790172898,0.08470294300180635,0,-0.05526343705166721
hitter,686527,Dominic Canzone,SEA,2,1,1,0.5,0.02913149646789559,-0.022600000000000002,0.02913149646789559,0.006531496467895588,0.014565748233947795,0.003265748233947794,0.05869350580317645,-0.02099543878727378,1,0,0,11,0.14624694433208937,0.01329517675746267,0.3182652085663997,0.604767578304117,1.3075582208916734,0.14624694433208937,0,-0.11711544786419378
pitcher,646241,Enmanuel De Jesus,DET,3,3,0,1.0,0.029081104247290303,0.0,0.029081104247290303,0.029081104247290303,0.009693701415763435,0.009693701415763435,0.029081104247290303,0.39335676888172105,1,0,0,2,0.0027371731365333834,0.0013685865682666917,0.005502856653057036,0.9016076679357992,2.411432901610268,0,0.0027371731365333834,0.02634393111075692
pitcher,607536,Kyle Freeland,COL,3,2,1,0.6666666666666666,0.02887090015667737,-0.022600000000000002,0.02887090015667737,0.006270900156677368,0.009623633385559124,0.0020903000522257895,0.03831438014994715,0.006680301433164101,2,0,0,15,0.14176211471231684,0.00945080764748779,0.358613907868214,0.6594812021229227,1.4068785900253113,0,0.14176211471231684,-0.11289121455563947
hitter,650333,Luis Arraez,SF,3,2,1,0.6666666666666666,0.028787564072654814,-0.022600000000000002,0.028787564072654814,0.006187564072654812,0.009595854690884939,0.002062521357551604,0.0314223040079501,0.004459364189258713,0,0,1,12,0.08692179189215925,0.007243482657679937,0.15819957211485788,0.7781008717687699,2.134570809481563,0.08692179189215925,0,-0.05813422781950443
hitter,677800,Wilyer Abreu,BOS,2,1,1,0.5,0.028045669933525197,-0.022600000000000002,0.028045669933525197,0.005445669933525195,0.014022834966762598,0.0027228349667625974,0.0800591870588106,0.11421999639367594,0,0,0,25,0.1886587441754911,0.007546349767019645,0.36722699517282414,0.7641141038767103,1.8393991163680934,0.1886587441754911,0,-0.16061307424196591
pitcher,688642,Zach Agnos,COL,4,2,2,0.5,0.02778226473968659,-0.045200000000000004,0.02778226473968659,-0.017417735260313413,0.006945566184921648,-0.004354433815078353,0.03830403094125387,-0.18093942735482704,0,0,0,1,0.0020137953575071277,0.0020137953575071277,0.009835774017857457,0.6299175675448839,1.1488973958107618,0,0.0020137953575071277,0.025768469382179464
pitcher,640448,Kyle Finnegan,DET,3,3,0,1.0,0.027772908185504874,0.0,0.027772908185504874,0.027772908185504874,0.009257636061834959,0.009257636061834959,0.027772908185504874,0.4592361916474843,1,0,0,6,0.04746125824007548,0.007910209706679246,0.1252262475363763,0.6685592311670545,1.4359092592087588,0,0.04746125824007548,-0.019688350054570605
hitter,609280,Miguel Andujar,SD,1,1,0,1.0,0.027741598159843867,0.0,0.027741598159843867,0.027741598159843867,0.027741598159843867,0.027741598159843867,0.027741598159843867,0.260987244009532,0,0,0,3,0.024621049581421982,0.00820701652714066,0.03608279492389982,0.8357598094753284,2.384801978788576,0.024621049581421982,0,0.003120548578421884
pitcher,669387,Carmen Mlodzinski,PIT,3,2,1,0.6666666666666666,0.027700411491366095,-0.022600000000000002,0.027700411491366095,0.005100411491366093,0.009233470497122032,0.0017001371637886977,0.03769824560628282,-0.04398423848902169,0,0,0,15,0.15676770352895197,0.010451180235263464,0.3656763171939104,0.6017181184967425,1.113336859714202,0,0.15676770352895197,-0.12906729203758588
hitter,691720,Kyle Karros,COL,4,2,2,0.5,0.027557785945497897,-0.045200000000000004,0.027557785945497897,-0.017642214054502108,0.006889446486374474,-0.004410553513625527,0.11584647825647099,-0.11709736828196962,1,0,0,8,0.09465501476715076,0.011831876845893844,0.18141439147849556,0.7382938397897068,1.7521470133481891,0.09465501476715076,0,-0.06709722882165287
pitcher,661395,Jhoan Duran,PHI,2,2,0,1.0,0.02712931199968399,0.0,0.02712931199968399,0.02712931199968399,0.013564655999841996,0.013564655999841996,0.02712931199968399,0.25297565974340586,0,0,0,4,0.07154611141365472,0.01788652785341368,0.16262086502383377,0.5923683189394766,1.0763424629761447,0,0.07154611141365472,-0.044416799413970726
pitcher,669022,MacKenzie Gore,TEX,2,1,1,0.5,0.026484797010012773,-0.022600000000000002,0.026484797010012773,0.0038847970100127707,0.013242398505006386,0.0019423985050063854,0.06349270685870334,0.07518564350488086,0,0,0,21,0.17783807727842493,0.008468479870401188,0.6724834728014233,0.495900886396894,0.7662645609296698,0,0.17783807727842493,-0.15135328026841216
pitcher,642528,Jonathan Loaisiga,AZ,1,1,0,1.0,0.026370293278591417,0.0,0.026370293278591417,0.026370293278591417,0.026370293278591417,0.026370293278591417,0.026370293278591417,0.11069733020311845,0,0,0,4,0.03024104625489432,0.00756026156372358,0.06807915054096886,0.6746080887353312,1.3023534106775476,0,0.03024104625489432,-0.0038707529763029047
pitcher,625643,Reynaldo Lopez,ATL,4,2,2,0.5,0.026237090898650117,-0.045200000000000004,0.026237090898650117,-0.018962909101349887,0.006559272724662529,-0.004740727275337472,0.04197886677221868,0.3864988085093214,2,1,0,10,0.10533964983152427,0.010533964983152427,0.33803712505730965,0.5283036053863673,0.8936300121602283,0,0.10533964983152427,-0.07910255893287416
pitcher,640455,Sean Manaea,NYM,3,3,0,1.0,0.025928147319501126,0.0,0.025928147319501126,0.025928147319501126,0.008642715773167041,0.008642715773167041,0.025928147319501126,0.5219481389161319,2,0,0,20,0.19670158910454755,0.009835079455227377,0.4181737926803417,0.6903084752136002,1.4620171974897922,0,0.19670158910454755,-0.17077344178504641
hitter,686555,Isaac Collins,KC,4,1,3,0.25,0.02583515888073773,-0.0678,0.02583515888073773,-0.041964841119262276,0.006458789720184432,-0.010491210279815569,0.08338387144376794,-0.36329030572856935,1,0,2,17,0.10893207153824414,0.006407768914014361,0.30192444795037265,0.6669491594910202,1.4685388230221725,0.10893207153824414,0,-0.0830969126575064
hitter,694208,Moises Ballesteros,CHC,3,2,1,0.6666666666666666,0.025801649498706343,-0.022600000000000002,0.025801649498706343,0.003201649498706341,0.008600549832902114,0.0010672164995687804,0.038771349090056424,0.0005595304958845859,1,0,0,6,0.04505633924519199,0.007509389874198666,0.07424419001301664,0.8108134410703888,2.322718729863233,0.04505633924519199,0,-0.01925468974648565
pitcher,673929,Jordan Leasure,CWS,4,1,3,0.25,0.02575574806120451,-0.0678,0.02575574806120451,-0.0420442519387955,0.006438937015301127,-0.010511062984698874,0.06622741067390225,-0.2456167458580725,1,0,1,4,0.015054259498122759,0.0037635648745306897,0.14305541086312995,0.4704893475338409,0.6519233162540843,0,0.015054259498122759,0.01070148856308175
pitcher,621111,Walker Buehler,SD,4,3,1,0.75,0.025649306863174293,-0.022600000000000002,0.025649306863174293,0.0030493068631742906,0.006412326715793573,0.0007623267157935727,0.046400092296945805,-0.0018052248372813356,0,0,0,14,0.12440581541306382,0.008886129672361702,0.2977279715560188,0.6476304714997313,1.328581046575518,0,0.12440581541306382,-0.09875650854988953
hitter,676475,Alec Burleson,STL,2,2,0,1.0,0.025432073779695474,0.0,0.025432073779695474,0.025432073779695474,0.012716036889847737,0.012716036889847737,0.025432073779695474,0.0987707163958112,0,0,0,17,0.08430772294853553,0.00495927782050209,0.2354786635162868,0.6999132506289063,1.6307861002368018,0.08430772294853553,0,-0.058875649168840055
pitcher,608331,Max Fried,NYY,6,4,2,0.6666666666666666,0.02537539055224447,-0.045200000000000004,0.02537539055224447,-0.019824609447755534,0.004229231758707412,-0.003304101574625922,0.07011604835207058,-0.22689051334234117,0,0,0,10,0.05234081983169188,0.005234081983169188,0.15527159917946665,0.7236839912163617,1.7837712061313653,0,0.05234081983169188,-0.02696542927944741
pitcher,669276,Dylan Lee,ATL,1,1,0,1.0,0.025087242950606714,0.0,0.025087242950606714,0.025087242950606714,0.025087242950606714,0.025087242950606714,0.025087242950606714,0.42876497714340145,1,1,0,10,0.17255931926864423,0.017255931926864424,0.3738573102337268,0.6055521500940813,1.1135540686426677,0,0.17255931926864423,-0.14747207631803752
pitcher,527048,Martin Perez,ATL,3,3,0,1.0,0.024507593319070153,0.0,0.024507593319070153,0.024507593319070153,0.008169197773023384,0.008169197773023384,0.024507593319070153,0.5496571025605647,1,0,0,15,0.10398548898761396,0.006932365932507597,0.3625590506163163,0.5900470975611325,1.087438669124372,0,0.10398548898761396,-0.07947789566854381
hitter,650402,Gleyber Torres,DET,4,2,2,0.5,0.024348791047265228,-0.045200000000000004,0.024348791047265228,-0.020851208952734776,0.006087197761816307,-0.005212802238183694,0.058395863180798604,-0.24304784426143738,1,0,2,20,0.19586222810613413,0.009793111405306707,0.393376877657517,0.7392990645682592,1.709332848035735,0.19586222810613413,0,-0.1715134370588689
pitcher,472610,Luis Garcia,NYM,1,1,0,1.0,0.024089188168546993,0.0,0.024089188168546993,0.024089188168546993,0.024089188168546993,0.024089188168546993,0.024089188168546993,0.07921670836127803,0,0,0,1,0.007790328546639278,0.007790328546639278,0.009802553193788088,0.9378991946988123,2.7861626386684324,0,0.007790328546639278,0.016298859621907715
pitcher,656427,Jack Flaherty,DET,1,1,0,1.0,0.023869737131602953,0.0,0.023869737131602953,0.023869737131602953,0.023869737131602953,0.023869737131602953,0.023869737131602953,0.34764760751143864,0,1,0,10,0.09504053412762245,0.009504053412762245,0.2503764447330438,0.5838869049089004,1.0513754746644104,0,0.09504053412762245,-0.0711707969960195
hitter,682626,Francisco Alvarez,NYM,2,2,0,1.0,0.02358966780188093,0.0,0.02358966780188093,0.02358966780188093,0.011794833900940466,0.011794833900940466,0.02358966780188093,0.1681015336936154,0,0,0,8,0.059282420404710344,0.007410302550588793,0.20505063202131116,0.577149786793834,1.0634201815906872,0.059282420404710344,0,-0.03569275260282941
hitter,673357,Luis Robert Jr.,NYM,5,2,3,0.4,0.023564327087531867,-0.0678,0.023564327087531867,-0.04423567291246814,0.004712865417506373,-0.008847134582493628,0.21823427667492862,-0.41767276754356875,0,0,1,6,0.04954178734759311,0.008256964557932185,0.11110167526750034,0.6733340819486613,1.4049017373319443,0.04954178734759311,0,-0.025977460260061244
pitcher,607200,Erick Fedde,CWS,2,2,0,1.0,0.023404722663885102,0.0,0.023404722663885102,0.023404722663885102,0.011702361331942551,0.011702361331942551,0.023404722663885102,0.1331175012444073,0,0,0,11,0.08687544848037036,0.007897768043670032,0.25954254048993386,0.671380211523032,1.3439467303761359,0,0.08687544848037036,-0.06347072581648526
pitcher,688158,David Morgan,SD,4,2,2,0.5,0.023368478254106984,-0.045200000000000004,0.023368478254106984,-0.02183152174589302,0.005842119563526746,-0.005457880436473255,0.02978960183212937,-0.14365121813497683,0,1,1,0,0.0,0.0,0.0,0.0,0.0,0.0,0.0,0.023368478254106984
fielder_challenger,676282,Joey Cantillo,CLE,1,1,0,1.0,0.02336772272436083,0.0,0.02336772272436083,0.02336772272436083,0.02336772272436083,0.02336772272436083,0.02336772272436083,0.19421281707681437,0,0,0,0,0.0,0.0,0.0,0.0,0.0,0.0,0.0,0.02336772272436083
pitcher,676755,Isaac Mattson,PIT,1,1,0,1.0,0.023315972495300152,0.0,0.023315972495300152,0.023315972495300152,0.023315972495300152,0.023315972495300152,0.023315972495300152,0.16006391798775765,1,0,0,1,0.004680302335901338,0.004680302335901338,0.01933075746862528,0.5217077100450347,0.815164093306429,0,0.004680302335901338,0.018635670159398814
hitter,621566,Matt Olson,ATL,5,1,4,0.2,0.02331215255171276,-0.09040000000000001,0.02331215255171276,-0.06708784744828725,0.0046624305103425525,-0.013417569489657449,0.07212762215783972,-0.7828235104442918,0,0,2,2,0.01158016083128164,0.00579008041564082,0.03117083718880373,0.6255424456980665,1.170766676766525,0.01158016083128164,0,0.011731991720431122
hitter,596115,Trevor Story,BOS,2,2,0,1.0,0.023262056758665856,0.0,0.023262056758665856,0.023262056758665856,0.011631028379332928,0.011631028379332928,0.023262056758665856,0.4706970080821767,1,0,0,2,0.022500928636476812,0.011250464318238406,0.06157452724786322,0.632867946979075,1.210480405638019,0.022500928636476812,0,0.0007611281221890434
hitter,657041,Lane Thomas,KC,2,2,0,1.0,0.023078451678497768,0.0,0.023078451678497768,0.023078451678497768,0.011539225839248884,0.011539225839248884,0.023078451678497768,0.16243653699362814,0,0,0,7,0.05124226414263683,0.007320323448948118,0.1563181573894423,0.6458198369313459,1.2715302719430865,0.05124226414263683,0,-0.02816381246413906
hitter,665833,Oneil Cruz,PIT,4,1,3,0.25,0.02307604304966937,-0.0678,0.02307604304966937,-0.044723956950330636,0.0057690107624173426,-0.011180989237582659,0.07506566809713078,-0.537310185358784,1,0,0,9,0.05578178836818841,0.006197976485354268,0.1519301488636392,0.6579781001055208,1.559844641660811,0.05578178836818841,0,-0.03270574531851904
pitcher,656730,Trevor Megill,MIL,3,1,2,0.3333333333333333,0.023046018815727487,-0.045200000000000004,0.023046018815727487,-0.022153981184272517,0.007682006271909163,-0.007384660394757506,0.03316812782130446,-0.3768135989019758,0,0,2,10,0.1261218130920081,0.01261218130920081,0.39188416117279906,0.5824528290427926,1.0491659355302794,0,0.1261218130920081,-0.10307579427628061
hitter,623168,Tyler Heineman,TOR,1,1,0,1.0,0.023025279486388966,0.0,0.023025279486388966,0.023025279486388966,0.023025279486388966,0.023025279486388966,0.023025279486388966,0.07518640109802421,0,0,0,0,0.0,0.0,0.0,0.0,0.0,0.0,0.0,0.023025279486388966
pitcher,681517,Kyle Leahy,STL,3,2,1,0.6666666666666666,0.023024677201846644,-0.022600000000000002,0.023024677201846644,0.00042467720184664187,0.007674892400615548,0.00014155906728221396,0.06757390536885727,-0.01463538052810695,0,0,0,14,0.10813002059770034,0.007723572899835739,0.2562432165480246,0.671111786273405,1.3962385642992756,0,0.10813002059770034,-0.0851053433958537
pitcher,683175,Connor Phillips,CIN,2,1,1,0.5,0.023016123565841817,-0.022600000000000002,0.023016123565841817,0.00041612356584181526,0.011508061782920909,0.00020806178292090763,0.026002308636082952,-0.11429964717798594,0,0,0,4,0.032897420089225124,0.008224355022306281,0.10353912227954139,0.635523830078535,1.7760154400608614,0,0.032897420089225124,-0.009881296523383307
pitcher,656945,Tanner Scott,LAD,3,3,0,1.0,0.02286949059539982,0.0,0.02286949059539982,0.02286949059539982,0.00762316353179994,0.00762316353179994,0.02286949059539982,0.26725235069055436,0,0,0,10,0.14290311781611456,0.014290311781611456,0.30746136954165115,0.6454169124204634,1.2868607476912828,0,0.14290311781611456,-0.12003362722071474
hitter,624585,Jorge Soler,LAA,2,1,1,0.5,0.022474194433008576,-0.022600000000000002,0.022474194433008576,-0.0001258055669914257,0.011237097216504288,-6.290278349571285e-05,0.02496727399953158,0.0026627399825109033,1,1,0,1,0.017093425839103546,0.017093425839103546,0.024539569898456404,0.7922367907748368,1.7538459835161362,0.017093425839103546,0,0.00538076859390503
hitter,678489,Jorge Barrosa,AZ,3,1,2,0.3333333333333333,0.022455976587847808,-0.045200000000000004,0.022455976587847808,-0.022744023412152196,0.007485325529282602,-0.007581341137384065,0.048793998194019444,-0.3647498641043961,0,0,1,10,0.09297992498167987,0.009297992498167987,0.19050770609513126,0.7151272854515407,1.7424520924012872,0.09297992498167987,0,-0.07052394839383205
pitcher,605280,Clay Holmes,NYM,4,2,2,0.5,0.02240050404460414,-0.045200000000000004,0.02240050404460414,-0.022799495955395863,0.005600126011151035,-0.005699873988848966,0.04832422225876437,-0.2176381815982253,0,0,0,8,0.19571084154380416,0.02446385519297552,0.3374186708362833,0.6862291127279109,1.5560913159928245,0,0.19571084154380416,-0.17331033749920002
fielder_challenger,641555,J.C. Escarra,NYY,6,5,1,0.8333333333333334,0.02223435902771059,-0.022600000000000002,0.02223435902771059,-0.0003656409722894126,0.0037057265046184316,-6.094016204823543e-05,0.02182415975263857,0.3499725974030253,0,0,1,0,0.0,0.0,0.0,0.0,0.0,0.0,0.0,0.02223435902771059
hitter,641355,Cody Bellinger,NYY,5,1,4,0.2,0.022212267212193382,-0.09040000000000001,0.022212267212193382,-0.06818773278780663,0.004442453442438677,-0.013637546557561326,0.09684836654941481,-0.5479196730595891,1,0,2,5,0.1245877843489968,0.024917556869799358,0.17276488085622588,0.8461356986068846,2.1140194109382953,0.1245877843489968,0,-0.10237551713680342
pitcher,594798,Jacob deGrom,TEX,3,2,1,0.6666666666666666,0.02220981730595667,-0.022600000000000002,0.02220981730595667,-0.00039018269404333256,0.00740327243531889,-0.00013006089801444418,0.0580285892831392,-0.008236618259148468,1,0,0,18,0.0858488100965735,0.004769378338698528,0.28066849827195517,0.6517996880507329,1.3689076394789275,0,0.0858488100965735,-0.06363899279061683
pitcher,676617,Riley O'Brien,STL,3,1,2,0.3333333333333333,0.0221247816741873,-0.045200000000000004,0.0221247816741873,-0.023075218325812705,0.0073749272247291,-0.0076917394419375685,0.118037110500473,-0.3719680410061212,0,0,1,2,0.013111008162830175,0.0065555040814150875,0.06187485918749036,0.4226862745428615,0.5161564405047876,0,0.013111008162830175,0.009013773511357124
hitter,670764,Taylor Walls,TB,3,1,2,0.3333333333333333,0.02210690076114441,-0.045200000000000004,0.02210690076114441,-0.023093099238855594,0.00736896692038147,-0.007697699746285198,0.2127039377029884,-0.24925118606776814,0,0,0,6,0.08892545876231267,0.014820909793718778,0.22318779940372202,0.6790085223266223,1.5680232781900267,0.08892545876231267,0,-0.06681855800116826
pitcher,547179,Michael Lorenzen,COL,5,3,2,0.6,0.022062962892653082,-0.045200000000000004,0.022062962892653082,-0.023137037107346922,0.0044125925785306165,-0.004627407421469385,0.03988566265980942,-0.23073866036201945,0,0,0,15,0.11490297833857334,0.007660198555904889,0.34850272262379833,0.5539776412962444,0.9330543372285504,0,0.11490297833857334,-0.09284001544592026
pitcher,677865,Justin Bruihl,STL,3,2,1,0.6666666666666666,0.021856855228587158,-0.022600000000000002,0.021856855228587158,-0.0007431447714128445,0.007285618409529053,-0.0002477149238042815,0.06560134231895429,-0.07562719780395158,0,0,0,9,0.07348244314336703,0.00816471590481856,0.19807937352364333,0.6177690565675512,1.3050154760904704,0,0.07348244314336703,-0.05162558791477988
hitter,596103,Austin Slater,MIA,1,1,0,1.0,0.021801701198376267,0.0,0.021801701198376267,0.021801701198376267,0.021801701198376267,0.021801701198376267,0.021801701198376267,0.2380528319575802,0,1,0,3,0.023832549430076885,0.007944183143358962,0.04634125735691563,0.717999505648006,1.4566736133874187,0.023832549430076885,0,-0.002030848231700619
pitcher,622554,Seranthony Dominguez,CWS,5,1,4,0.2,0.021783241798306263,-0.09040000000000001,0.021783241798306263,-0.06861675820169374,0.0043566483596612525,-0.013723351640338749,0.19779237408282113,-0.7908071083668432,0,0,3,6,0.06388103420182537,0.010646839033637561,0.22610560043530786,0.5362275630302918,1.0311028488585283,0,0.06388103420182537,-0.0420977924035191
catcher,691011,Drew Romo,CWS,3,1,2,0.3333333333333333,0.021783241798306263,-0.045200000000000004,0.021783241798306263,-0.02341675820169374,0.007261080599435421,-0.007805586067231247,0.04367964985231643,-0.3388071083668432,0,0,1,0,0.0,0.0,0.0,0.0,0.0,0.0,0.0,0.021783241798306263
fielder_challenger,691011,Drew Romo,CWS,3,1,2,0.3333333333333333,0.021783241798306263,-0.045200000000000004,0.021783241798306263,-0.02341675820169374,0.007261080599435421,-0.007805586067231247,0.04367964985231643,-0.3388071083668432,0,0,1,0,0.0,0.0,0.0,0.0,0.0,0.0,0.0,0.021783241798306263
hitter,666310,Bo Naylor,CLE,2,1,1,0.5,0.021671945841630513,-0.022600000000000002,0.021671945841630513,-0.0009280541583694887,0.010835972920815257,-0.00046402707918474437,0.04413021245952281,-0.01682513670739219,0,0,0,3,0.01577266995385914,0.00525755665128638,0.046552908554488515,0.684263962126647,1.7235303076530402,0.01577266995385914,0,0.005899275887771373
pitcher,607481,Aaron Bummer,ATL,3,2,1,0.6666666666666666,0.021558439935525198,-0.022600000000000002,0.021558439935525198,-0.0010415600644748044,0.007186146645175066,-0.00034718668815826814,0.03389719084222731,0.0032817567922664714,1,0,0,1,0.0024562733251093007,0.0024562733251093007,0.014112855100289257,0.6824931827465494,1.3239399364446287,0,0.0024562733251093007,0.019102166610415895
hitter,677942,Blaze Alexander,BAL,2,1,1,0.5,0.02090263365978795,-0.022600000000000002,0.02090263365978795,-0.0016973663402120517,0.010451316829893975,-0.0008486831701060259,0.026021490366099354,-0.02099543878727378,1,0,1,8,0.07904605818722829,0.009880757273403536,0.11050463606885909,0.8435838176024073,2.1640230238487037,0.07904605818722829,0,-0.05814342452744034
pitcher,596001,Jakob Junis,TEX,2,1,1,0.5,0.02076854772562875,-0.022600000000000002,0.02076854772562875,-0.0018314522743712522,0.010384273862814375,-0.0009157261371856261,0.025937253430932908,-0.024771401737799376,1,0,1,6,0.04060076138966242,0.006766793564943737,0.17438009644613822,0.4711034213525105,0.6684312232443647,0,0.04060076138966242,-0.01983221366403367
hitter,702284,Cole Young,SEA,3,1,2,0.3333333333333333,0.02069926224861951,-0.045200000000000004,0.02069926224861951,-0.024500737751380494,0.00689975408287317,-0.008166912583793498,0.08792090489099605,-0.23650727826512336,0,1,1,20,0.17810984441670202,0.008905492220835101,0.4776202302686073,0.6057734754997423,1.1723784719106896,0.17810984441670202,0,-0.1574105821680825
hitter,664761,Alec Bohm,PHI,3,2,1,0.6666666666666666,0.020670118260602027,-0.022600000000000002,0.020670118260602027,-0.0019298817393979747,0.006890039420200676,-0.0006432939131326582,0.020925217106029036,-0.05247220831716558,0,0,0,9,0.0554399790935004,0.0061599976770556,0.14338920923704324,0.6669217565954165,1.4255870814020564,0.0554399790935004,0,-0.034769860832898375
pitcher,695505,Chase Burns,CIN,1,1,0,1.0,0.02053164063006463,0.0,0.02053164063006463,0.02053164063006463,0.02053164063006463,0.02053164063006463,0.02053164063006463,0.12247644803822733,1,0,0,17,0.10129819460517286,0.005958717329716051,0.2841195755893857,0.658247584731547,1.3912249368267486,0,0.10129819460517286,-0.08076655397510824
pitcher,685801,Hunter Bigge,TB,2,2,0,1.0,0.020238028245980866,0.0,0.020238028245980866,0.020238028245980866,0.010119014122990433,0.010119014122990433,0.020238028245980866,0.2068433758594282,0,0,0,5,0.03612267958724959,0.007224535917449917,0.2522319936650545,0.40180594592901364,0.43548301089824404,0,0.03612267958724959,-0.01588465134126872
pitcher,623437,Justin Topa,MIN,5,2,3,0.4,0.020126510727964467,-0.0678,0.020126510727964467,-0.04767348927203554,0.004025302145592893,-0.009534697854407108,0.06753810738699466,-0.3463486886691649,1,0,1,3,0.01241482374756175,0.004138274582520584,0.04207075869166664,0.6844518587882563,1.445885959137519,0,0.01241482374756175,0.007711686980402716
pitcher,667297,Tommy Nance,TOR,2,2,0,1.0,0.01993782584054274,0.0,0.01993782584054274,0.01993782584054274,0.00996891292027137,0.00996891292027137,0.01993782584054274,0.4033819211773765,1,0,0,1,0.010842257724547931,0.010842257724547931,0.01799255226436769,0.755900596326064,1.597750760066548,0,0.010842257724547931,0.009095568115994808
hitter,667472,Dane Myers,CIN,6,1,5,0.16666666666666666,0.019932784197325026,-0.11300000000000002,0.019932784197325026,-0.09306721580267499,0.003322130699554171,-0.015511202633779165,0.2052242973601584,-0.9921088480178684,0,0,4,10,0.0514275186094965,0.00514275186094965,0.09178402245355902,0.8125279552562337,2.026372824466965,0.0514275186094965,0,-0.031494734412171474
pitcher,668941,JoJo Romero,STL,1,1,0,1.0,0.019873483488360322,0.0,0.019873483488360322,0.019873483488360322,0.019873483488360322,0.019873483488360322,0.019873483488360322,0.12958634470000086,0,0,0,5,0.06352265100577835,0.01270453020115567,0.14965123368583222,0.5999100212460006,1.2358732151235678,0,0.06352265100577835,-0.04364916751741803
hitter,621438,Tyrone Taylor,NYM,1,1,0,1.0,0.019592237157586456,0.0,0.019592237157586456,0.019592237157586456,0.019592237157586456,0.019592237157586456,0.019592237157586456,0.06553067333393063,0,0,0,2,0.006700674940308441,0.0033503374701542203,0.018540533621264232,0.760988159771009,1.674140682541252,0.006700674940308441,0,0.012891562217278016
hitter,673548,Seiya Suzuki,CHC,4,3,1,0.75,0.019465164851019567,-0.022600000000000002,0.019465164851019567,-0.0031348351489804346,0.004866291212754892,-0.0007837087872451087,0.05063756153106014,0.32601882587527153,1,0,0,11,0.07860624853397663,0.007146022593997875,0.3094927956892104,0.5694522345372829,1.0728312434342298,0.07860624853397663,0,-0.05914108368295706
pitcher,669084,DL Hall,MIL,3,2,1,0.6666666666666666,0.019446359903114076,-0.022600000000000002,0.019446359903114076,-0.003153640096885925,0.006482119967704692,-0.0010512133656286418,0.03272022854712367,-0.06851531872158859,0,0,1,5,0.04322142932140452,0.008644285864280904,0.1310720723499268,0.6659446798252862,1.4473750531747123,0,0.04322142932140452,-0.023775069418290443
pitcher,664208,Phil Maton,CHC,3,1,2,0.3333333333333333,0.01939456520987315,-0.045200000000000004,0.01939456520987315,-0.025805434790126855,0.006464855069957716,-0.008601811596708952,0.047982483607392906,-0.25062011135337997,0,0,0,2,0.03225271212653003,0.016126356063265016,0.09245256227886453,0.49722907132559147,0.7414483902860498,0,0.03225271212653003,-0.012858146916656883
pitcher,678906,Kai-Wei Teng,HOU,4,1,3,0.25,0.0193639670885426,-0.0678,0.0193639670885426,-0.048436032911457406,0.00484099177213565,-0.012109008227864352,0.14280188693940926,-0.4729954387872738,1,0,0,12,0.09612292534638311,0.008010243778865259,0.21275716682792264,0.7206735704996587,1.6499152247406332,0,0.09612292534638311,-0.07675895825784051
pitcher,676106,Emerson Hancock,SEA,1,1,0,1.0,0.019353757521811454,0.0,0.019353757521811454,0.019353757521811454,0.019353757521811454,0.019353757521811454,0.019353757521811454,0.2732244094560669,0,0,0,13,0.050285417766248466,0.00386810905894219,0.1996134758477289,0.6218293388686843,1.1732883807732843,0,0.050285417766248466,-0.030931660244437012
pitcher,621381,Matt Strahm,KC,2,1,1,0.5,0.019322886074032875,-0.022600000000000002,0.019322886074032875,-0.0032771139259671275,0.009661443037016437,-0.0016385569629835638,0.03891704704499571,-0.1500200164877267,0,0,0,3,0.06987923017399149,0.02329307672466383,0.2635142268509649,0.6597660026139679,1.6764094686980036,0,0.06987923017399149,-0.050556344099958614
pitcher,641401,Connor Brogdon,CLE,1,1,0,1.0,0.019148308724967533,0.0,0.019148308724967533,0.019148308724967533,0.019148308724967533,0.019148308724967533,0.019148308724967533,0.3473588040092941,1,0,0,0,0.0,0.0,0.0,0.0,0.0,0.0,0.0,0.019148308724967533
hitter,673962,Josh Jung,TEX,3,1,2,0.3333333333333333,0.019136645225129256,-0.045200000000000004,0.019136645225129256,-0.026063354774870748,0.006378881741709752,-0.008687784924956915,0.12483296692332108,-0.31131018535878396,1,0,0,8,0.05752652557438538,0.007190815696798173,0.13652067312946228,0.7132403719909153,1.7089964654264533,0.05752652557438538,0,-0.038389880349256125
hitter,519317,Giancarlo Stanton,NYY,1,1,0,1.0,0.019136645225129256,0.0,0.019136645225129256,0.019136645225129256,0.019136645225129256,0.019136645225129256,0.019136645225129256,0.14068981464121602,1,0,0,1,0.03754034068693172,0.03754034068693172,0.0710165958835815,0.6424111037077257,1.1893833412712338,0.03754034068693172,0,-0.018403695461802462
hitter,804606,Konnor Griffin,PIT,4,2,2,0.5,0.01911039659448448,-0.045200000000000004,0.01911039659448448,-0.026089603405515523,0.00477759914862112,-0.006522400851378881,0.14064897060757967,0.08565829598643293,1,0,1,3,0.01924555510620454,0.006415185035401513,0.05862715941607183,0.6308372285296411,1.2014220210532103,0.01924555510620454,0,-0.0001351585117200585
hitter,672016,Denzel Clarke,ATH,2,1,1,0.5,0.018819989359133926,-0.022600000000000002,0.018819989359133926,-0.003780010640866076,0.009409994679566963,-0.001890005320433038,0.022911256728155527,-0.046198646743863564,0,0,0,1,0.007060652146463087,0.007060652146463087,0.008871561561169417,0.9102246294014065,2.4872855597697203,0.007060652146463087,0,0.01175933721267084
hitter,647304,Josh Naylor,SEA,6,2,4,0.3333333333333333,0.018773879707138043,-0.09040000000000001,0.018773879707138043,-0.07162612029286197,0.003128979951189674,-0.011937686715476995,0.055901250641990564,-0.6561783000561929,0,1,1,7,0.06667860874927237,0.009525515535610337,0.1445158267758147,0.7707075349820264,2.077315526127527,0.06667860874927237,0,-0.047904729042134324
pitcher,656271,Brock Burke,CIN,3,2,1,0.6666666666666666,0.0187269710240488,-0.022600000000000002,0.0187269710240488,-0.0038730289759512024,0.006242323674682933,-0.0012910096586504008,0.060531582888160934,0.228826289209182,1,0,0,10,0.11218417982393916,0.011218417982393916,0.21737851150277274,0.6935488385182049,1.539559813685224,0,0.11218417982393916,-0.09345720879989036
hitter,805300,Jakob Marsee,MIA,3,1,2,0.3333333333333333,0.018694619940418655,-0.045200000000000004,0.018694619940418655,-0.02650538005958135,0.0062315399801395515,-0.008835126686527117,0.08411024795979627,-0.25778718292318564,0,0,2,16,0.12617490406595905,0.00788593150412244,0.29585226130169096,0.7042326564314827,1.5499228298217869,0.12617490406595905,0,-0.10748028412554039
hitter,669003,Garrett Mitchell,MIL,2,1,1,0.5,0.018694619940418655,-0.022600000000000002,0.018694619940418655,-0.0039053800595813468,0.009347309970209328,-0.0019526900297906734,0.032749392686668766,-0.031787182923185636,0,0,0,11,0.12332518149088523,0.01121138013553502,0.264290460107499,0.7230454487892668,1.7283737941974229,0.12332518149088523,0,-0.10463056155046657
pitcher,677960,Ryan Weathers,NYY,4,2,2,0.5,0.018660892424036873,-0.045200000000000004,0.018660892424036873,-0.02653910757596313,0.004665223106009218,-0.006634776893990783,0.06268025304474237,-0.15265980154008968,0,0,0,17,0.10940413424659882,0.00643553730862346,0.3089492797548793,0.6339890023306255,1.250474942390589,0,0.10940413424659882,-0.09074324182256195
hitter,678882,Ceddanne Rafaela,BOS,3,2,1,0.6666666666666666,0.018634754949543197,-0.022600000000000002,0.018634754949543197,-0.003965245050456805,0.006211584983181066,-0.0013217483501522683,0.02597135481978541,0.09405963034108597,0,0,0,7,0.05190904278225973,0.007415577540322819,0.09678383975399879,0.7709963466031258,1.7951929278753327,0.05190904278225973,0,-0.033274287832716534
hitter,666181,Will Benson,CIN,2,2,0,1.0,0.018476919045269935,0.0,0.018476919045269935,0.018476919045269935,0.009238459522634968,0.009238459522634968,0.018476919045269935,0.24519866478784524,0,1,0,1,0.005233806509530305,0.005233806509530305,0.015056400911196977,0.6273165507399099,1.140541410764531,0.005233806509530305,0,0.013243112535739631
pitcher,519242,Chris Sale,ATL,4,2,2,0.5,0.018354495819314476,-0.045200000000000004,0.018354495819314476,-0.026845504180685528,0.004588623954828619,-0.006711376045171382,0.05186150496334718,-0.2939547643234226,0,0,1,12,0.07338926672516384,0.006115772227096986,0.254601371721595,0.6443547166808777,1.3470803341065067,0,0.07338926672516384,-0.055034770905849364
fielder_challenger,666200,Jesus Luzardo,PHI,1,1,0,1.0,0.018290810992029782,0.0,0.018290810992029782,0.018290810992029782,0.018290810992029782,0.018290810992029782,0.018290810992029782,0.10618629194428358,0,1,0,0,0.0,0.0,0.0,0.0,0.0,0.0,0.0,0.018290810992029782
pitcher,669062,Erik Miller,SF,3,2,1,0.6666666666666666,0.018104718240601003,-0.022600000000000002,0.018104718240601003,-0.004495281759398999,0.006034906080200335,-0.0014984272531329997,0.01893072436470552,-0.05866318823510208,0,0,1,4,0.022662018588418247,0.005665504647104562,0.06885074543726276,0.70231796726605,1.7019539432382527,0,0.022662018588418247,-0.004557300347817244
catcher,687221,Dalton Rushing,LAD,7,3,4,0.42857142857142855,0.01807770566533795,-0.09040000000000001,0.01807770566533795,-0.07232229433466206,0.0025825293807625643,-0.010331756333523151,0.08758620305358722,-0.766569419374987,0,0,0,0,0.0,0.0,0.0,0.0,0.0,0.0,0.0,0.01807770566533795
pitcher,680736,Justin Wrobleski,LAD,3,2,1,0.6666666666666666,0.018063065481110696,-0.022600000000000002,0.018063065481110696,-0.004536934518889306,0.006021021827036899,-0.0015123115062964352,0.03528416361655873,-0.045206964092536245,0,0,0,27,0.1736135496423837,0.0064301314682364335,0.4211691870854377,0.68971454344793,1.4778176978299493,0,0.1736135496423837,-0.155550484161273
pitcher,667463,John King,MIA,3,2,1,0.6666666666666666,0.0178134047649212,-0.022600000000000002,0.0178134047649212,-0.004786595235078801,0.005937801588307067,-0.001595531745026267,0.019764792175685948,-0.04278200770607435,0,0,1,4,0.03064698015425299,0.007661745038563247,0.07276373304056183,0.6278894075373596,1.1651629920468016,0,0.03064698015425299,-0.012833575389331789
hitter,676356,Jonny DeLuca,TB,1,1,0,1.0,0.017800127719988068,0.0,0.017800127719988068,0.017800127719988068,0.017800127719988068,0.017800127719988068,0.017800127719988068,0.125684121386349,0,0,0,9,0.03871765020785259,0.0043019611342058435,0.12831996723492678,0.6896410550523415,1.556370237770584,0.03871765020785259,0,-0.02091752248786452
pitcher,695076,Rhett Lowder,CIN,1,1,0,1.0,0.017751877719608733,0.0,0.017751877719608733,0.017751877719608733,0.017751877719608733,0.017751877719608733,0.017751877719608733,0.2237604159306752,0,1,0,17,0.1032068511799303,0.006070991245878253,0.3154107113697508,0.6380225909765819,1.3022248600980437,0,0.1032068511799303,-0.08545497346032156
pitcher,680767,Victor Vodnik,COL,2,2,0,1.0,0.017542082461078055,0.0,0.017542082461078055,0.017542082461078055,0.008771041230539027,0.008771041230539027,0.017542082461078055,0.33515267291227513,1,0,0,3,0.012084837513363618,0.004028279171121206,0.10523886634891466,0.37459702646370846,0.361576391297183,0,0.012084837513363618,0.005457244947714436
pitcher,676979,Garrett Crochet,BOS,3,2,1,0.6666666666666666,0.017541563312536645,-0.022600000000000002,0.017541563312536645,-0.0050584366874633566,0.005847187770845548,-0.0016861455624877855,0.04120963157839852,0.013425612568019302,1,0,0,2,0.018517381713567548,0.009258690856783774,0.023386224468081918,0.8954644351487342,2.384337302080813,0,0.018517381713567548,-0.0009758184010309028
pitcher,696149,Bubba Chandler,PIT,2,2,0,1.0,0.01738505404668661,0.0,0.01738505404668661,0.01738505404668661,0.008692527023343305,0.008692527023343305,0.01738505404668661,0.1919715235328,0,1,0,19,0.13068708726944228,0.006878267751023278,0.43742729343691567,0.6284164850243928,1.332985706308258,0,0.13068708726944228,-0.11330203322275567
pitcher,607067,Colin Rea,CHC,3,3,0,1.0,0.017279305724250293,0.0,0.017279305724250293,0.017279305724250293,0.0057597685747500975,0.0057597685747500975,0.017279305724250293,0.19738770080895435,0,0,0,13,0.14266977437824657,0.010974598029095891,0.3322269962876468,0.6232226745578717,1.1736647313935522,0,0.14266977437824657,-0.12539046865399628
pitcher,691799,Grant Taylor,CWS,2,1,1,0.5,0.01722773765689467,-0.022600000000000002,0.01722773765689467,-0.0053722623431053315,0.008613868828447335,-0.0026861311715526658,0.05400629603030038,-0.12250157394538017,0,0,0,8,0.1053269908389522,0.013165873854869024,0.26816186949179743,0.5596313735322983,1.087672473507581,0,0.1053269908389522,-0.08809925318205752
hitter,681297,Colton Cowser,BAL,2,2,0,1.0,0.017052520395008645,0.0,0.017052520395008645,0.017052520395008645,0.008526260197504323,0.008526260197504323,0.017052520395008645,0.19104860139079036,1,0,0,7,0.04695461627524724,0.0067078023250353195,0.11776365289471222,0.6755947056678709,1.5519483828109615,0.04695461627524724,0,-0.029902095880238594
hitter,666018,Jonathan Aranda,TB,5,2,3,0.4,0.016936517309037585,-0.0678,0.016936517309037585,-0.05086348269096242,0.003387303461807517,-0.010172696538192484,0.10086412158164512,-0.4086725689801907,1,0,1,20,0.218408464480148,0.0109204232240074,0.5027445002890555,0.6732503572869433,1.5054068648267773,0.218408464480148,0,-0.20147194717111042
pitcher,680730,Mitchell Parker,WSH,1,1,0,1.0,0.016724556801205215,0.0,0.016724556801205215,0.016724556801205215,0.016724556801205215,0.016724556801205215,0.016724556801205215,0.15822220596928865,0,0,0,6,0.05192975455322898,0.008654959092204829,0.11384452962320074,0.6864438123153701,1.3926947267843246,0,0.05192975455322898,-0.03520519775202376
hitter,681082,Bryson Stott,PHI,2,1,1,0.5,0.016472333065054023,-0.022600000000000002,0.016472333065054023,-0.006127666934945979,0.008236166532527012,-0.0030638334674729893,0.04819055431215946,0.0026627399825109033,1,1,0,17,0.1303688363018749,0.007668755076580876,0.3434883694141937,0.6420733394794448,1.275378176718705,0.1303688363018749,0,-0.11389650323682088
hitter,665561,Rafael Marchan,PHI,1,1,0,1.0,0.016244001595697718,0.0,0.016244001595697718,0.016244001595697718,0.016244001595697718,0.016244001595697718,0.016244001595697718,0.1006672892687746,0,0,0,6,0.04318855937253723,0.007198093228756205,0.08057170629530824,0.756417751922411,1.7985943831854438,0.04318855937253723,0,-0.026944557776839514
pitcher,608718,Brent Suter,LAA,2,1,1,0.5,0.016165640415828575,-0.022600000000000002,0.016165640415828575,-0.006434359584171427,0.008082820207914287,-0.0032171797920857136,0.03179229462858291,-0.06028233084289361,1,0,0,5,0.058884374480973674,0.011776874896194734,0.10423283225890173,0.6868857416649677,1.4034097166736892,0,0.058884374480973674,-0.0427187340651451
pitcher,669467,Andre Pallante,STL,2,1,1,0.5,0.016119818174431755,-0.022600000000000002,0.016119818174431755,-0.006480181825568247,0.008059909087215877,-0.0032400909127841236,0.04920749239519706,-0.10031587861365102,0,0,0,17,0.13398901515305103,0.007881706773708884,0.34808968608195845,0.6440383221287717,1.276268215524957,0,0.13398901515305103,-0.11786919697861928
pitcher,690925,Clayton Beeter,WSH,2,1,1,0.5,0.015988932864135053,-0.022600000000000002,0.015988932864135053,-0.0066110671358649495,0.007994466432067526,-0.0033055335679324747,0.08202504195264482,-0.10905083547020802,0,0,1,3,0.014919050479553195,0.004973016826517732,0.1296156218934824,0.3676350945234757,0.3342909972524799,0,0.014919050479553195,0.0010698823845818571
fielder_challenger,690925,Clayton Beeter,WSH,1,1,0,1.0,0.015988932864135053,0.0,0.015988932864135053,0.015988932864135053,0.015988932864135053,0.015988932864135053,0.015988932864135053,0.11694916452979198,0,0,0,0,0.0,0.0,0.0,0.0,0.0,0.0,0.0,0.015988932864135053
hitter,700250,Ben Rice,NYY,4,1,3,0.25,0.015959260153149524,-0.0678,0.015959260153149524,-0.05184073984685048,0.003989815038287381,-0.01296018496171262,0.1037990641260445,-0.5673026697968816,0,0,1,9,0.056004161409698876,0.006222684601077653,0.17570199884285836,0.6271616242441396,1.2384028332468502,0.056004161409698876,0,-0.04004490125654935
hitter,608324,Alex Bregman,CHC,7,3,4,0.42857142857142855,0.015824997074534886,-0.09040000000000001,0.015824997074534886,-0.07457500292546512,0.002260713867790698,-0.010653571846495017,0.08878421428558302,0.1481675923826051,1,1,0,16,0.145800603242205,0.009112537702637813,0.3227481491191801,0.7206474611570886,1.6099658393860303,0.145800603242205,0,-0.12997560616767012
pitcher,676534,Calvin Faucher,MIA,4,1,3,0.25,0.01580258096124232,-0.0678,0.01580258096124232,-0.05199741903875769,0.00395064524031058,-0.012999354759689422,0.273697241826796,-0.5334065282564778,0,0,1,2,0.013703449565639667,0.006851724782819833,0.02319415569758898,0.789188659731116,1.7776241958849577,0,0.013703449565639667,0.002099131395602652
hitter,663728,Cal Raleigh,SEA,3,1,2,0.3333333333333333,0.015734621828792816,-0.045200000000000004,0.015734621828792816,-0.029465378171207188,0.005244873942930939,-0.009821792723735729,0.14513647221991144,-0.31131018535878396,1,0,0,5,0.1018124504346169,0.02036249008692338,0.15340076576325828,0.79885967886724,1.9882312017853487,0.1018124504346169,0,-0.08607782860582408
hitter,630105,Jake Cronenworth,SD,2,1,1,0.5,0.015623886939193254,-0.022600000000000002,0.015623886939193254,-0.006976113060806748,0.007811943469596627,-0.003488056530403374,0.01897695239524444,0.27535010426372974,1,0,0,7,0.08328952387918731,0.011898503411312473,0.1792984992539168,0.6842618779242944,1.4063780495001523,0.08328952387918731,0,-0.06766563693999406
pitcher,669302,Logan Gilbert,SEA,5,3,2,0.6,0.015588892643446095,-0.045200000000000004,0.015588892643446095,-0.02961110735655391,0.003117778528689219,-0.005922221471310782,0.07584258575584099,-0.20473151453378413,0,0,0,18,0.12123966182802326,0.006735536768223515,0.4180259003497305,0.5705742053850382,1.018741804227664,0,0.12123966182802326,-0.10565076918457716
hitter,547180,Bryce Harper,PHI,3,1,2,0.3333333333333333,0.01551904273019955,-0.045200000000000004,0.01551904273019955,-0.029680957269800454,0.00517301424339985,-0.009893652423266818,0.050060350120168295,-0.34396840880409857,0,0,1,2,0.034347414397069655,0.017173707198534827,0.0579223108330722,0.683547849030675,1.3499839393894104,0.034347414397069655,0,-0.018828371666870104
hitter,545121,Ildemaro Vargas,AZ,1,1,0,1.0,0.015454267398350763,0.0,0.015454267398350763,0.015454267398350763,0.015454267398350763,0.015454267398350763,0.015454267398350763,0.07518640109802421,0,0,0,7,0.03817430991686939,0.005453472845267056,0.10469834095569591,0.6423070407424669,1.4111355607001062,0.03817430991686939,0,-0.022720042518518627
hitter,671286,Johnathan Rodriguez,BAL,1,1,0,1.0,0.01528770910521754,0.0,0.01528770910521754,0.01528770910521754,0.01528770910521754,0.01528770910521754,0.01528770910521754,0.13205169686991308,0,0,0,0,0.0,0.0,0.0,0.0,0.0,0.0,0.0,0.01528770910521754
hitter,676391,Ernie Clement,TOR,3,2,1,0.6666666666666666,0.015230758546937784,-0.022600000000000002,0.015230758546937784,-0.007369241453062218,0.005076919515645928,-0.0024564138176874062,0.02679093222977239,-0.05241135390842855,0,0,0,10,0.0996756648616126,0.00996756648616126,0.23180962067396835,0.6644333022453901,1.3654830011195593,0.0996756648616126,0,-0.08444490631467481
hitter,702332,Caleb Durbin,BOS,4,2,2,0.5,0.01484812655747217,-0.045200000000000004,0.01484812655747217,-0.030351873442527835,0.0037120316393680426,-0.007587968360631959,0.06009099451678322,-0.16069646221814093,0,0,0,7,0.1051181678624498,0.015016881123207116,0.1933574726621852,0.7072787142673,1.5799322967111054,0.1051181678624498,0,-0.09027004130497764
hitter,543309,Kyle Higashioka,TEX,1,1,0,1.0,0.014788270145970284,0.0,0.014788270145970284,0.014788270145970284,0.014788270145970284,0.014788270145970284,0.014788270145970284,0.29625273535668994,1,0,0,8,0.05142988478777721,0.006428735598472151,0.12567513450397783,0.6798598504995665,1.3924016179284306,0.05142988478777721,0,-0.03664161464180692
catcher,657136,Connor Wong,BOS,5,4,1,0.8,0.014763837958827117,-0.022600000000000002,0.014763837958827117,-0.007836162041172885,0.0029527675917654234,-0.001567232408234577,0.037809856774554604,0.1585378907735426,1,0,0,0,0.0,0.0,0.0,0.0,0.0,0.0,0.0,0.014763837958827117
fielder_challenger,657136,Connor Wong,BOS,5,4,1,0.8,0.014763837958827117,-0.022600000000000002,0.014763837958827117,-0.007836162041172885,0.0029527675917654234,-0.001567232408234577,0.037809856774554604,0.1585378907735426,1,0,0,0,0.0,0.0,0.0,0.0,0.0,0.0,0.0,0.014763837958827117
hitter,695578,James Wood,WSH,6,1,5,0.16666666666666666,0.014636174338540031,-0.11300000000000002,0.014636174338540031,-0.09836382566145999,0.002439362389756672,-0.016393970943576665,0.07551504115583485,-0.9991366076528452,0,0,1,14,0.13702991000997555,0.009787850714998254,0.32663034349463177,0.631796976207555,1.2496687104443769,0.13702991000997555,0,-0.12239373567143552
hitter,664702,Myles Straw,TOR,2,1,1,0.5,0.014636174338540031,-0.022600000000000002,0.014636174338540031,-0.007963825661459971,0.007318087169270016,-0.0039819128307299854,0.016153303584335754,-0.09513660765284512,0,0,1,11,0.08904867798524245,0.008095334362294768,0.24057229983188608,0.6442238592219974,1.5974071170619728,0.08904867798524245,0,-0.07441250364670242
pitcher,694477,Chad Patrick,MIL,4,2,2,0.5,0.014612835137191804,-0.045200000000000004,0.014612835137191804,-0.0305871648628082,0.003653208784297951,-0.00764679121570205,0.13999960403363582,-0.34420814927439713,0,0,0,11,0.0620524189424301,0.005641128994766372,0.21888182610033646,0.6035495682876788,1.2807074999560824,0,0.0620524189424301,-0.04743958380523829
hitter,677950,Alek Thomas,AZ,4,3,1,0.75,0.014470210947373972,-0.022600000000000002,0.014470210947373972,-0.00812978905262603,0.003617552736843493,-0.0020324472631565076,0.024736679909794643,-0.00037042636351161673,0,0,0,0,0.0,0.0,0.0,0.0,0.0,0.0,0.0,0.014470210947373972
pitcher,656848,Michael Petersen,MIA,3,2,1,0.6666666666666666,0.01445401542641317,-0.022600000000000002,0.01445401542641317,-0.008145984573586833,0.004818005142137723,-0.002715328191195611,0.027046270531907946,-0.03386443437218381,0,0,1,13,0.08443348772193837,0.006494883670918336,0.270213541651313,0.661721702107015,1.5198516151945483,0,0.08443348772193837,-0.0699794722955252
hitter,681481,Kerry Carpenter,DET,4,2,2,0.5,0.014437598164475984,-0.045200000000000004,0.014437598164475984,-0.03076240183552402,0.003609399541118996,-0.007690600458881005,0.023290577712583443,-0.15974530289166985,1,0,1,3,0.01581982259225482,0.005273274197418273,0.035207213142047555,0.7193184123281089,1.4650926831626851,0.01581982259225482,0,-0.0013822244277788345
pitcher,683004,Jack Leiter,TEX,3,2,1,0.6666666666666666,0.014419551194412794,-0.022600000000000002,0.014419551194412794,-0.008180448805587208,0.004806517064804265,-0.002726816268529069,0.021823479992736733,-0.03530390517293744,0,0,0,6,0.0313547681751569,0.0052257946958594835,0.07374213177548128,0.7215667765584878,1.540342911589632,0,0.0313547681751569,-0.016935216980744107
pitcher,693855,Ian Seymour,TB,1,1,0,1.0,0.014348736787752392,0.0,0.014348736787752392,0.014348736787752392,0.014348736787752392,0.014348736787752392,0.014348736787752392,0.12622584390520997,0,0,0,6,0.03606529648532792,0.006010882747554653,0.1452032132786257,0.5892517271951688,1.1468446277049191,0,0.03606529648532792,-0.02171655969757553
pitcher,641927,Bailey Ober,MIN,4,3,1,0.75,0.014192035989200935,-0.022600000000000002,0.014192035989200935,-0.008407964010799067,0.0035480089973002338,-0.0021019910026997667,0.050280553078669965,0.05502096358277617,1,0,0,9,0.09430222751251537,0.010478025279168374,0.1769485791466166,0.7111938741666097,1.5969468518625682,0,0.09430222751251537,-0.08011019152331443
pitcher,805326,Tyler Schweitzer,CWS,1,1,0,1.0,0.014136804307068207,0.0,0.014136804307068207,0.014136804307068207,0.014136804307068207,0.014136804307068207,0.014136804307068207,0.18989059979742395,0,1,0,1,0.0009486560462385277,0.0009486560462385277,0.0075610649430986054,0.6494148704323505,1.212351150587935,0,0.0009486560462385277,0.01318814826082968
hitter,691406,Junior Caminero,TB,3,1,2,0.3333333333333333,0.014066073267738247,-0.045200000000000004,0.014066073267738247,-0.031133926732261757,0.004688691089246082,-0.010377975577420586,0.04266859470400543,-0.32113660765284513,0,0,0,16,0.10865990857402602,0.006791244285876626,0.28722998025393726,0.6590277784638213,1.4455973145713967,0.10865990857402602,0,-0.09459383530628777
hitter,695506,Jac Caglianone,KC,3,1,2,0.3333333333333333,0.0138858574138504,-0.045200000000000004,0.0138858574138504,-0.031314142586149604,0.004628619137950134,-0.010438047528716535,0.06212721990259075,-0.3218733663900559,0,0,0,5,0.04671935536033531,0.00934387107206706,0.1119308273822699,0.6178598454007072,1.1478521903123167,0.04671935536033531,0,-0.03283349794648491
pitcher,668984,Casey Legumina,SEA,3,3,0,1.0,0.01369441848062605,0.0,0.01369441848062605,0.01369441848062605,0.004564806160208683,0.004564806160208683,0.01369441848062605,0.6228272413689306,0,0,0,1,0.006992574965479979,0.006992574965479979,0.01933075746862528,0.5971962980091774,1.0453473864660938,0,0.006992574965479979,0.006701843515146071
pitcher,691587,Eury Perez,MIA,4,2,2,0.5,0.013363743876339818,-0.045200000000000004,0.013363743876339818,-0.03183625612366019,0.0033409359690849544,-0.007959064030915047,0.03948124168695746,-0.34420814927439713,0,0,0,12,0.10045114398681855,0.008370928665568213,0.20500930248295668,0.7454349759113593,1.7844759231408007,0,0.10045114398681855,-0.08708740011047873
hitter,667670,Brent Rooker,ATH,2,2,0,1.0,0.013308991634535361,0.0,0.013308991634535361,0.013308991634535361,0.0066544958172676805,0.0066544958172676805,0.013308991634535361,0.2989468170286994,0,1,0,0,0.0,0.0,0.0,0.0,0.0,0.0,0.0,0.013308991634535361
hitter,800050,Chase DeLauter,CLE,4,2,2,0.5,0.013217168734806717,-0.045200000000000004,0.013217168734806717,-0.03198283126519329,0.003304292183701679,-0.007995707816298322,0.041345548751853756,-0.29546390018103463,0,0,1,9,0.06453535559219238,0.0071705950657991535,0.18924817794283114,0.5850301694586217,1.023365658485667,0.06453535559219238,0,-0.051318186857385664
hitter,624641,Edmundo Sosa,PHI,1,1,0,1.0,0.01317762807985573,0.0,0.01317762807985573,0.01317762807985573,0.01317762807985573,0.01317762807985573,0.01317762807985573,0.08725013589560393,0,0,0,4,0.03417856743020789,0.008544641857551973,0.05925386880103011,0.7534298855557147,1.6554363469945996,0.03417856743020789,0,-0.02100093935035216
hitter,687462,Spencer Horwitz,PIT,3,1,2,0.3333333333333333,0.013103009359822254,-0.045200000000000004,0.013103009359822254,-0.03209699064017775,0.004367669786607418,-0.01069899688005925,0.020983806870272386,-0.23490382451882857,0,0,0,17,0.17520883699640086,0.010306402176258875,0.28621240885704535,0.785857466967323,2.230248960356573,0.17520883699640086,0,-0.1621058276365786
pitcher,686973,Louis Varland,TOR,6,2,4,0.3333333333333333,0.013005580361128033,-0.09040000000000001,0.013005580361128033,-0.07739441963887198,0.0021675967268546723,-0.012899069939811996,0.12896932069295958,-0.7664290508305238,0,0,3,6,0.0630656791615103,0.010510946526918384,0.22534851394714292,0.5021368613414859,0.7573765992449948,0,0.0630656791615103,-0.05006009880038227
hitter,695600,Carter Jensen,KC,1,1,0,1.0,0.01288239351036774,0.0,0.01288239351036774,0.01288239351036774,0.01288239351036774,0.01288239351036774,0.01288239351036774,0.11069733020311845,0,0,0,13,0.07229020877582573,0.005560785290448133,0.2853068084307029,0.5544273677922427,0.9601211134398151,0.07229020877582573,0,-0.05940781526545799
hitter,656775,Cedric Mullins,TB,2,2,0,1.0,0.012837203738303105,0.0,0.012837203738303105,0.012837203738303105,0.006418601869151552,0.006418601869151552,0.012837203738303105,0.625684121386349,0,0,0,12,0.10276233870722579,0.008563528225602149,0.18633645043008581,0.7541506230467835,1.9571981434550538,0.10276233870722579,0,-0.08992513496892268
fielder_challenger,687221,Dalton Rushing,LAD,6,2,4,0.3333333333333333,0.012811927575463344,-0.09040000000000001,0.012811927575463344,-0.07758807242453666,0.002135321262577224,-0.012931345404089445,0.08232042496371261,-0.8092338187106665,0,0,0,0,0.0,0.0,0.0,0.0,0.0,0.0,0.0,0.012811927575463344
pitcher,656641,Jacob Latz,TEX,2,1,1,0.5,0.012646418419942407,-0.022600000000000002,0.012646418419942407,-0.009953581580057595,0.006323209209971203,-0.004976790790028798,0.057305139789618154,-0.1431411654214468,0,0,0,9,0.19876087286205102,0.02208454142911678,0.5840001986965625,0.5031547658644956,0.7574537989045926,0,0.19876087286205102,-0.1861144544421086
pitcher,606996,Kyle Hart,SD,3,1,2,0.3333333333333333,0.01253041371009922,-0.045200000000000004,0.01253041371009922,-0.032669586289900784,0.004176804570033073,-0.010889862096633595,0.04432523567344002,-0.30606608851411027,0,0,1,8,0.049563717396859275,0.006195464674607409,0.11825667721954214,0.7252860408116061,1.6359361861684323,0,0.049563717396859275,-0.037033303686760055
hitter,663647,Ke'Bryan Hayes,CIN,3,2,1,0.6666666666666666,0.01252525244478564,-0.022600000000000002,0.01252525244478564,-0.010074747555214363,0.00417508414826188,-0.003358249185071454,0.023169902444361318,0.2900151130390054,1,1,0,5,0.02740050671434243,0.0054801013428684864,0.06780596442868975,0.6885054165600244,1.376933280589564,0.02740050671434243,0,-0.014875254269556791
pitcher,573009,Joe Mantiply,TOR,1,1,0,1.0,0.012490279869412202,0.0,0.012490279869412202,0.012490279869412202,0.012490279869412202,0.012490279869412202,0.012490279869412202,0.14459347174352222,0,0,0,1,0.02367740091932741,0.02367740091932741,0.02562257673742463,0.9473174412519917,2.917012347772712,0,0.02367740091932741,-0.011187121049915209
pitcher,445276,Kenley Jansen,DET,1,1,0,1.0,0.01237883862077882,0.0,0.01237883862077882,0.01237883862077882,0.01237883862077882,0.01237883862077882,0.01237883862077882,0.03630819172270323,0,0,0,5,0.038540357016287496,0.007708071403257499,0.13546889276616783,0.5557471425112415,0.9702561079015084,0,0.038540357016287496,-0.026161518395508676
hitter,687401,Joey Ortiz,MIL,2,1,1,0.5,0.012376989957118667,-0.022600000000000002,0.012376989957118667,-0.010223010042881335,0.0061884949785593335,-0.0051115050214406675,0.05082219177158334,-0.16936051843822053,0,0,0,11,0.09765018900348385,0.008877289909407622,0.17715739741314357,0.7745225130291294,1.9837794987057615,0.09765018900348385,0,-0.08527319904636518
pitcher,701542,Will Warren,NYY,2,1,1,0.5,0.012269867255284117,-0.022600000000000002,0.012269867255284117,-0.010330132744715885,0.0061349336276420585,-0.0051650663723579425,0.01599385338504844,-0.13874986410439608,0,0,0,17,0.1352263014541248,0.00795448832083087,0.3467364150937894,0.619720886517239,1.1717391691728545,0,0.1352263014541248,-0.12295643419884067
hitter,621493,Taylor Ward,BAL,6,3,3,0.5,0.01221956468537988,-0.0678,0.01221956468537988,-0.055580435314620126,0.00203659411422998,-0.00926340588577002,0.11663263583024809,0.13804321100526531,1,1,1,17,0.14108957378223025,0.008299386693072367,0.32641665698358785,0.7122437858456965,1.7052269059685863,0.14108957378223025,0,-0.12887000909685037
hitter,680757,Steven Kwan,CLE,4,1,3,0.25,0.012136069201368005,-0.0678,0.012136069201368005,-0.055663930798632,0.0030340173003420012,-0.013915982699658,0.06282908222715916,-0.5673026697968816,0,0,0,33,0.3911374505990633,0.011852650018153433,0.7806917160143648,0.7352642441505595,1.7978596954675514,0.3911374505990633,0,-0.3790013813976953
pitcher,677961,Cole Wilcox,SEA,3,2,1,0.6666666666666666,0.012135925079848495,-0.022600000000000002,0.012135925079848495,-0.010464074920151507,0.004045308359949498,-0.003488024973383836,0.022040039766472022,0.029016841526429693,0,0,1,1,0.0022418322959188997,0.0022418322959188997,0.004868591832513758,0.8375393748692046,1.980024458881454,0,0.0022418322959188997,0.009894092783929595
pitcher,691946,George Klassen,LAA,1,1,0,1.0,0.011905351782947271,0.0,0.011905351782947271,0.011905351782947271,0.011905351782947271,0.011905351782947271,0.011905351782947271,0.22418050320988137,0,0,0,2,0.006003965466126267,0.0030019827330631335,0.037805755149955544,0.5428138596463412,0.895666242734529,0,0.006003965466126267,0.005901386316821004
pitcher,657612,Tim Hill,NYY,1,1,0,1.0,0.011815922810344603,0.0,0.011815922810344603,0.011815922810344603,0.011815922810344603,0.011815922810344603,0.011815922810344603,0.07261638344540645,1,0,0,8,0.090741411029616,0.011342676378702,0.20622483244561132,0.7544901883919183,1.8863372847128348,0,0.090741411029616,-0.0789254882192714
pitcher,663362,Matt Waldron,SD,3,2,1,0.6666666666666666,0.011786738915970318,-0.022600000000000002,0.011786738915970318,-0.010813261084029684,0.003928912971990106,-0.003604420361343228,0.057398071896836905,-0.06890116692113216,0,0,0,2,0.06469041596401633,0.03234520798200816,0.09761834674665304,0.710457386398748,1.430289954868549,0,0.06469041596401633,-0.05290367704804601
hitter,607043,Brandon Nimmo,TEX,1,1,0,1.0,0.011700727796573385,0.0,0.011700727796573385,0.011700727796573385,0.011700727796573385,0.011700727796573385,0.011700727796573385,0.0864757077003353,0,0,0,6,0.06496386197153341,0.0108273103285889,0.1573875671282662,0.6080156544854545,1.1040560305873262,0.06496386197153341,0,-0.05326313417496002
pitcher,657277,Logan Webb,SF,5,1,4,0.2,0.011569061333286945,-0.09040000000000001,0.011569061333286945,-0.07883093866671306,0.002313812266657389,-0.015766187733342613,0.06895416315104486,-0.8167498641043961,0,0,1,10,0.05475703719396606,0.005475703719396606,0.21213386242233873,0.5833870691429907,1.0417695780918799,0,0.05475703719396606,-0.043187975860679115
hitter,669720,Austin Hays,CWS,1,1,0,1.0,0.011468621213190588,0.0,0.011468621213190588,0.011468621213190588,0.011468621213190588,0.011468621213190588,0.011468621213190588,0.13086339234715488,0,0,0,1,0.0010370608594850598,0.0010370608594850598,0.0045907397805881045,0.7763679369135371,1.683468320607703,0.0010370608594850598,0,0.01043156035370553
hitter,671739,Michael Harris II,ATL,3,2,1,0.6666666666666666,0.011405746531818972,-0.022600000000000002,0.011405746531818972,-0.01119425346818103,0.003801915510606324,-0.00373141782272701,0.03801003614523774,-0.08835107422886783,0,0,0,4,0.013686576790013887,0.0034216441975034716,0.060441650813256836,0.6468764349560482,1.2703409295415349,0.013686576790013887,0,-0.0022808302581949144
pitcher,518886,Craig Kimbrel,NYM,1,1,0,1.0,0.011356211849669284,0.0,0.011356211849669284,0.011356211849669284,0.011356211849669284,0.011356211849669284,0.011356211849669284,0.16006391798775765,1,0,0,0,0.0,0.0,0.0,0.0,0.0,0.0,0.0,0.011356211849669284
pitcher,656492,Foster Griffin,WSH,4,1,3,0.25,0.011282193404499763,-0.0678,0.011282193404499763,-0.05651780659550024,0.0028205483511249407,-0.01412945164887506,0.0521460999881983,-0.5773327107312254,0,0,0,16,0.09705834317957004,0.006066146448723128,0.26302944993545235,0.668958057542831,1.3967523845384526,0,0.09705834317957004,-0.08577614977507028
hitter,682998,Corbin Carroll,AZ,1,1,0,1.0,0.01127638885443566,0.0,0.01127638885443566,0.01127638885443566,0.01127638885443566,0.01127638885443566,0.01127638885443566,0.11586220029276614,1,0,0,16,0.15408920547318453,0.009630575342074033,0.3310597624688356,0.7102274179671505,1.6054033675799793,0.15408920547318453,0,-0.14281281661874887
hitter,686681,Michael Massey,KC,1,1,0,1.0,0.011241300312969493,0.0,0.011241300312969493,0.011241300312969493,0.011241300312969493,0.011241300312969493,0.011241300312969493,0.07518640109802421,0,0,0,5,0.04986898405690522,0.009973796811381044,0.09985021844353309,0.7103577282870072,1.6657916011165725,0.04986898405690522,0,-0.03862768374393573
fielder_challenger,608331,Max Fried,NYY,2,2,0,1.0,0.011135888810213102,0.0,0.011135888810213102,0.011135888810213102,0.005567944405106551,0.005567944405106551,0.011135888810213102,0.08746056088652665,0,0,0,0,0.0,0.0,0.0,0.0,0.0,0.0,0.0,0.011135888810213102
pitcher,605130,Scott Barlow,ATH,2,1,1,0.5,0.011130780292076592,-0.022600000000000002,0.011130780292076592,-0.01146921970792341,0.005565390146038296,-0.005734609853961705,0.012538409115385729,-0.17484763083617658,0,0,1,4,0.08994749816720782,0.022486874541801954,0.2733101955484366,0.5862023563873167,1.1261753861001242,0,0.08994749816720782,-0.07881671787513123
pitcher,678606,Jose A. Ferrer,SEA,2,2,0,1.0,0.011031670678371394,0.0,0.011031670678371394,0.011031670678371394,0.005515835339185697,0.005515835339185697,0.011031670678371394,0.20234023491947659,1,0,0,2,0.02659896085077555,0.013299480425387774,0.04225727614989461,0.8137939383003812,2.0026702530396445,0,0.02659896085077555,-0.015567290172404154
pitcher,663554,Casey Mize,DET,1,1,0,1.0,0.01103086755803745,0.0,0.01103086755803745,0.01103086755803745,0.01103086755803745,0.01103086755803745,0.01103086755803745,0.22418050320988137,0,0,0,10,0.09444658264954241,0.00944465826495424,0.24776486814062948,0.6445135299213538,1.3312370395905038,0,0.09444658264954241,-0.08341571509150496
fielder_challenger,663554,Casey Mize,DET,1,1,0,1.0,0.01103086755803745,0.0,0.01103086755803745,0.01103086755803745,0.01103086755803745,0.01103086755803745,0.01103086755803745,0.22418050320988137,0,0,0,0,0.0,0.0,0.0,0.0,0.0,0.0,0.0,0.01103086755803745
hitter,663616,Trevor Larnach,MIN,4,1,3,0.25,0.010819311883667138,-0.0678,0.010819311883667138,-0.05698068811633287,0.0027048279709167844,-0.014245172029083217,0.07147331720658295,-0.4837871829231857,0,0,1,5,0.017517829647011252,0.0035035659294022506,0.08312753605556136,0.5917872016061931,1.108749588389579,0.017517829647011252,0,-0.006698517763344115
hitter,694377,Nick Yorke,PIT,1,1,0,1.0,0.010811676499030032,0.0,0.010811676499030032,0.010811676499030032,0.010811676499030032,0.010811676499030032,0.010811676499030032,0.19421281707681437,0,0,0,4,0.029595078707445377,0.007398769676861344,0.05998008794495013,0.7567125309837575,1.9627631180392093,0.029595078707445377,0,-0.018783402208415345
pitcher,656234,Jake Bird,NYY,2,1,1,0.5,0.01078291685623789,-0.022600000000000002,0.01078291685623789,-0.011817083143762112,0.005391458428118945,-0.005908541571881056,0.019171224784952368,-0.16806889985361692,0,0,0,1,0.0012762971666510402,0.0012762971666510402,0.012655919081552391,0.524976609072603,0.8249922454288239,0,0.0012762971666510402,0.00950661968958685
hitter,624428,Adam Frazier,LAA,1,1,0,1.0,0.010782916856237834,0.0,0.010782916856237834,0.010782916856237834,0.010782916856237834,0.010782916856237834,0.010782916856237834,0.057931100146383085,0,0,0,2,0.014133359444099715,0.007066679722049858,0.033803030573278055,0.6687519144991239,1.3425597419723225,0.014133359444099715,0,-0.003350442587861881
fielder_challenger,605135,Chris Bassitt,BAL,1,1,0,1.0,0.0106414912849363,0.0,0.0106414912849363,0.0106414912849363,0.0106414912849363,0.0106414912849363,0.0106414912849363,0.07518640109802421,0,0,0,0,0.0,0.0,0.0,0.0,0.0,0.0,0.0,0.0106414912849363
pitcher,663559,Bailey Falter,KC,2,2,0,1.0,0.01056399919801735,0.0,0.01056399919801735,0.01056399919801735,0.005281999599008675,0.005281999599008675,0.01056399919801735,0.42907381448274884,0,0,0,1,0.004351616622656404,0.004351616622656404,0.014691735941040132,0.6021766556170262,1.0609071012857232,0,0.004351616622656404,0.006212382575360946
pitcher,660853,Enyel De Los Santos,HOU,3,1,2,0.3333333333333333,0.010516810981272773,-0.045200000000000004,0.010516810981272773,-0.03468318901872723,0.0035056036604242577,-0.011561063006242411,0.12568395216986558,-0.33505083547020803,0,0,0,1,0.0096146834004107,0.0096146834004107,0.028969135076063468,0.5193725507365734,0.808146760173714,0,0.0096146834004107,0.0009021275808620728
pitcher,815083,Mitch Farris,LAA,1,1,0,1.0,0.010503830957714178,0.0,0.010503830957714178,0.010503830957714178,0.010503830957714178,0.010503830957714178,0.010503830957714178,0.07518640109802421,0,0,0,1,0.001840895288557437,0.001840895288557437,0.010079492202482054,0.6146495512663226,1.1001743200069667,0,0.001840895288557437,0.00866293566915674
pitcher,657097,Jacob Webb,CHC,1,1,0,1.0,0.010397247150841116,0.0,0.010397247150841116,0.010397247150841116,0.010397247150841116,0.010397247150841116,0.010397247150841116,0.20137988864662004,0,0,0,16,0.15911708856887183,0.00994481803555449,0.5036795843661834,0.5720661509494044,1.0826480725809202,0,0.15911708856887183,-0.1487198414180307
hitter,671289,Tyler Freeman,COL,2,1,1,0.5,0.010383644482499316,-0.022600000000000002,0.010383644482499316,-0.012216355517500686,0.005191822241249658,-0.006108177758750343,0.03330739260253188,-0.16353747532689206,0,0,0,8,0.09991301285373075,0.012489126606716344,0.19512728252406158,0.7325298379235168,1.9262536422604524,0.09991301285373075,0,-0.08952936837123143
hitter,672724,Oswald Peraza,LAA,4,2,2,0.5,0.010288125225105693,-0.045200000000000004,0.010288125225105693,-0.03491187477489431,0.0025720313062764233,-0.008727968693723578,0.04704712602759467,0.07291547533920084,2,1,1,2,0.013538660754654912,0.006769330377327456,0.06112994488582793,0.4522301025178277,0.604308331072464,0.013538660754654912,0,-0.0032505355295492193
hitter,672640,Otto Lopez,MIA,2,1,1,0.5,0.010212845372536306,-0.022600000000000002,0.010212845372536306,-0.012387154627463696,0.005106422686268153,-0.006193577313731848,0.0239704651437916,-0.1508135989019758,0,0,0,20,0.14733415242987793,0.007366707621493896,0.4091597866742358,0.669855202573639,1.3886279817950684,0.14733415242987793,0,-0.13712130705734163
pitcher,663574,Tony Santillan,CIN,2,1,1,0.5,0.010058250466250307,-0.022600000000000002,0.010058250466250307,-0.012541749533749695,0.0050291252331251535,-0.0062708747668748475,0.023656752192276365,-0.15338361655459354,1,0,0,9,0.20654825142129374,0.022949805713477083,0.37457949569906834,0.6510292778964198,1.3091694706303922,0,0.20654825142129374,-0.19649000095504343
pitcher,664285,Framber Valdez,DET,2,1,1,0.5,0.009981365131882969,-0.022600000000000002,0.009981365131882969,-0.012618634868117033,0.004990682565941484,-0.006309317434058517,0.013166033822828438,-0.1508135989019758,0,0,0,21,0.15284365218101495,0.007278269151476903,0.3488509137538681,0.6904542010855308,1.4560378986454354,0,0.15284365218101495,-0.14286228704913198
pitcher,669212,Eli Morgan,KC,1,1,0,1.0,0.00989737279339084,0.0,0.00989737279339084,0.00989737279339084,0.00989737279339084,0.00989737279339084,0.00989737279339084,0.11069733020311845,0,0,0,0,0.0,0.0,0.0,0.0,0.0,0.0,0.0,0.00989737279339084
hitter,691023,Jordan Walker,STL,4,1,3,0.25,0.009883614603816648,-0.0678,0.009883614603816648,-0.05791638539618336,0.002470903650954162,-0.01447909634904584,0.09269683956105995,-0.6268476308361766,0,0,0,9,0.047426125329099615,0.005269569481011069,0.13858002884670162,0.6601531164588557,1.300116113222564,0.047426125329099615,0,-0.03754251072528297
pitcher,689441,Coleman Crow,MIL,1,1,0,1.0,0.009835774017857457,0.0,0.009835774017857457,0.009835774017857457,0.009835774017857457,0.009835774017857457,0.009835774017857457,0.07518640109802421,0,0,0,2,0.006388951700779974,0.003194475850389987,0.045372906214315,0.4950716778246008,0.7331805992526153,0,0.006388951700779974,0.0034468223170774828
pitcher,681402,Gus Varland,WSH,1,1,0,1.0,0.0097617195118469,0.0,0.0097617195118469,0.0097617195118469,0.0097617195118469,0.0097617195118469,0.0097617195118469,0.042664399335679545,0,0,0,4,0.03650082309031792,0.00912520577257948,0.09041170122729934,0.6014774181943383,1.1437261724659686,0,0.03650082309031792,-0.02673910357847102
hitter,666160,Mickey Moniak,COL,2,1,1,0.5,0.009563527799259952,-0.022600000000000002,0.009563527799259952,-0.01303647220074005,0.004781763899629976,-0.006518236100370025,0.23376255473883084,-0.1500200164877267,0,0,0,5,0.07281405929271322,0.014562811858542643,0.1509421727722512,0.6527123279636627,1.3015839572584489,0.07281405929271322,0,-0.06325053149345326
hitter,810938,Ben Williamson,TB,1,1,0,1.0,0.00956035859592208,0.0,0.00956035859592208,0.00956035859592208,0.00956035859592208,0.00956035859592208,0.00956035859592208,0.07597998351227331,0,0,0,6,0.08655694844600821,0.014426158074334701,0.24355334954665986,0.621118376176243,1.2157245952028881,0.08655694844600821,0,-0.07699658985008613
hitter,687231,Darell Hernaiz,ATH,3,2,1,0.6666666666666666,0.00948587795387215,-0.022600000000000002,0.00948587795387215,-0.013114122046127852,0.0031619593179573833,-0.00437137401537595,0.016053550858190047,0.08200772433447767,1,0,0,8,0.04389529597859542,0.005486911997324428,0.12203188443190853,0.6609427599837902,1.443699018223501,0.04389529597859542,0,-0.03440941802472327
hitter,670623,Isaac Paredes,HOU,2,2,0,1.0,0.00945678943613526,0.0,0.00945678943613526,0.00945678943613526,0.00472839471806763,0.00472839471806763,0.00945678943613526,0.2526660317416702,0,0,0,16,0.15245180464398117,0.009528237790248823,0.3494826090058711,0.6888116062723871,1.5575798307913997,0.15245180464398117,0,-0.1429950152078459
pitcher,670036,Matt Festa,CLE,2,1,1,0.5,0.009354271283021853,-0.022600000000000002,0.009354271283021853,-0.013245728716978149,0.004677135641510927,-0.006622864358489074,0.023961836173939405,-0.1196560252709851,0,0,0,4,0.034615083540426264,0.008653770885106566,0.08360951003194986,0.6859795346265491,1.5570779889657733,0,0.034615083540426264,-0.02526081225740441
hitter,666182,Bo Bichette,NYM,3,1,2,0.3333333333333333,0.00927754960408822,-0.045200000000000004,0.00927754960408822,-0.035922450395911784,0.0030925165346960735,-0.011974150131970595,0.034706237097028025,-0.3768135989019758,0,0,0,17,0.10175079864276111,0.005985341096633006,0.29068058809660374,0.7000606992491892,1.6761270406400282,0.10175079864276111,0,-0.09247324903867289
pitcher,650556,Bryan Abreu,HOU,1,1,0,1.0,0.009276037373909585,0.0,0.009276037373909585,0.009276037373909585,0.009276037373909585,0.009276037373909585,0.009276037373909585,0.34836100641976286,0,0,0,4,0.03229934265648577,0.008074835664121443,0.1607826555191627,0.4791050857322093,0.7946616890385275,0,0.03229934265648577,-0.023023305282576186
pitcher,686610,Ken Waldichuk,WSH,1,1,0,1.0,0.009257997307499238,0.0,0.009257997307499238,0.009257997307499238,0.009257997307499238,0.009257997307499238,0.009257997307499238,0.07518640109802421,0,0,0,0,0.0,0.0,0.0,0.0,0.0,0.0,0.0,0.009257997307499238
pitcher,680742,Jonathan Bowlan,PHI,2,2,0,1.0,0.009255905077454177,0.0,0.009255905077454177,0.009255905077454177,0.004627952538727088,0.004627952538727088,0.009255905077454177,0.20163622276227455,0,0,0,7,0.045409770836968566,0.006487110119566938,0.1183723911162908,0.683144566602896,1.4139092340182546,0,0.045409770836968566,-0.03615386575951439
pitcher,684007,Shota Imanaga,CHC,1,1,0,1.0,0.00916167711691196,0.0,0.00916167711691196,0.00916167711691196,0.00916167711691196,0.00916167711691196,0.00916167711691196,0.0828588345785532,0,0,0,14,0.07707630300904128,0.00550545021493152,0.19744326038731358,0.6959018569926104,1.4596298871453317,0,0.07707630300904128,-0.06791462589212932
hitter,668885,Austin Martin,MIN,5,3,2,0.6,0.009135504650346031,-0.045200000000000004,0.009135504650346031,-0.036064495349653974,0.0018271009300692062,-0.007212899069930795,0.047483932624164796,0.31971696527821386,0,2,0,12,0.07779282213716478,0.006482735178097065,0.26422499398540067,0.579881630838997,1.176717973527716,0.07779282213716478,0,-0.06865731748681875
hitter,663538,Nico Hoerner,CHC,5,1,4,0.2,0.009059104485437453,-0.09040000000000001,0.009059104485437453,-0.08134089551456256,0.0018118208970874905,-0.016268179102912513,0.15538405821224116,-0.8423495797217395,0,0,1,8,0.109020895096082,0.01362761188701025,0.29794990437064955,0.5264943650241432,1.0363438455905456,0.109020895096082,0,-0.09996179061064454
pitcher,669373,Tarik Skubal,DET,2,1,1,0.5,0.008929106603983716,-0.022600000000000002,0.008929106603983716,-0.013670893396016286,0.004464553301991858,-0.006835446698008143,0.018764880621841173,-0.1508135989019758,0,0,0,5,0.053590832199575736,0.010718166439915147,0.14106457907360181,0.6460790984049412,1.4818349202766903,0,0.053590832199575736,-0.04466172559559202
hitter,656305,Matt Chapman,SF,3,1,2,0.3333333333333333,0.008758494401903683,-0.045200000000000004,0.008758494401903683,-0.03644150559809632,0.002919498133967894,-0.012147168532698774,0.055608348281983105,-0.3456560252709851,0,0,1,10,0.0865083938356792,0.00865083938356792,0.2223755000516969,0.6602309276193956,1.4304323830403802,0.0865083938356792,0,-0.07774989943377551
pitcher,679883,Luinder Avila,KC,2,1,1,0.5,0.008651526971675906,-0.022600000000000002,0.008651526971675906,-0.013948473028324096,0.004325763485837953,-0.006974236514162048,0.02507854636477578,0.08106079829181487,0,0,0,13,0.135331732882754,0.010410133298673383,0.3022873016647866,0.6842401712847239,1.410718950548057,0,0.135331732882754,-0.1266802059110781
catcher,691620,Jeferson Quero,MIL,2,2,0,1.0,0.008604439691823819,0.0,0.008604439691823819,0.008604439691823819,0.0043022198459119095,0.0043022198459119095,0.008604439691823819,0.37628469435056877,1,0,0,0,0.0,0.0,0.0,0.0,0.0,0.0,0.0,0.008604439691823819
fielder_challenger,691620,Jeferson Quero,MIL,2,2,0,1.0,0.008604439691823819,0.0,0.008604439691823819,0.008604439691823819,0.0043022198459119095,0.0043022198459119095,0.008604439691823819,0.37628469435056877,1,0,0,0,0.0,0.0,0.0,0.0,0.0,0.0,0.0,0.008604439691823819
pitcher,543135,Nathan Eovaldi,TEX,1,1,0,1.0,0.008539420186962687,0.0,0.008539420186962687,0.008539420186962687,0.008539420186962687,0.008539420186962687,0.008539420186962687,0.07518640109802421,0,0,0,11,0.0706728772908945,0.006424807026444954,0.14960957327224791,0.7336021848505442,1.6759108581639237,0,0.0706728772908945,-0.06213345710393181
hitter,693304,Nick Gonzales,PIT,3,1,2,0.3333333333333333,0.0082768798298124,-0.045200000000000004,0.0082768798298124,-0.036923120170187604,0.0027589599432708,-0.012307706723395867,0.015676774076919992,-0.3361377997072339,1,0,0,21,0.16224559316975454,0.0077259806271311685,0.3722327230737328,0.7269818376247572,1.6997942488242426,0.16224559316975454,0,-0.15396871333994214
pitcher,694973,Paul Skenes,PIT,2,1,1,0.5,0.008064953066259317,-0.022600000000000002,0.008064953066259317,-0.014535046933740685,0.004032476533129659,-0.007267523466870342,0.021347599392042504,-0.17484763083617658,0,0,0,20,0.21048545268701455,0.010524272634350728,0.5906222185410889,0.5896821093022294,1.1021787282211435,0,0.21048545268701455,-0.20242049962075523
hitter,670541,Yordan Alvarez,HOU,1,1,0,1.0,0.008044665611818602,0.0,0.008044665611818602,0.008044665611818602,0.008044665611818602,0.008044665611818602,0.008044665611818602,0.07845334869233397,0,0,0,14,0.1332886299934265,0.009520616428101893,0.2695974828091727,0.743567114291935,1.7665834675626602,0.1332886299934265,0,-0.1252439643816079
hitter,691777,Max Muncy,ATH,2,1,1,0.5,0.008015577687508935,-0.022600000000000002,0.008015577687508935,-0.014584422312491067,0.004007788843754467,-0.007292211156245534,0.06697504049188097,-0.1350611074408439,0,0,0,9,0.07220071534736024,0.008022301705262249,0.16123122433808185,0.68801198411956,1.5290890930090564,0.07220071534736024,0,-0.0641851376598513
pitcher,669724,Brenan Hanifee,DET,1,1,0,1.0,0.007926827923516178,0.0,0.007926827923516178,0.007926827923516178,0.007926827923516178,0.007926827923516178,0.007926827923516178,0.19837735996465022,0,0,0,0,0.0,0.0,0.0,0.0,0.0,0.0,0.0,0.007926827923516178
pitcher,813349,Connelly Early,BOS,2,1,1,0.5,0.007922387875466508,-0.022600000000000002,0.007922387875466508,-0.014677612124533494,0.003961193937733254,-0.007338806062266747,0.07522506549432367,-0.10905083547020802,0,0,0,13,0.12238267379540763,0.009414051830415972,0.27027963036504987,0.6604289449579087,1.2984855803349609,0,0.12238267379540763,-0.11446028591994112
hitter,669743,Alex Call,LAD,2,1,1,0.5,0.0078152453008562,-0.022600000000000002,0.0078152453008562,-0.014784754699143803,0.0039076226504281,-0.007392377349571901,0.041794407629236474,0.12135880400929408,1,0,1,6,0.07213867358080381,0.0120231122634673,0.14985881870090548,0.6621337791076126,1.3477221030722175,0.07213867358080381,0,-0.06432342827994761
pitcher,669358,Shane Baz,BAL,1,1,0,1.0,0.007779924602038135,0.0,0.007779924602038135,0.007779924602038135,0.007779924602038135,0.007779924602038135,0.007779924602038135,0.0828588345785532,0,0,0,36,0.2465505267121975,0.006848625742005485,0.6363005941660631,0.6495268431995016,1.3251826343597015,0,0.2465505267121975,-0.23877060211015935
pitcher,621112,Paul Blackburn,NYY,2,2,0,1.0,0.007745231915291931,0.0,0.007745231915291931,0.007745231915291931,0.0038726159576459654,0.0038726159576459654,0.007745231915291931,1.0920066955333492,1,1,0,8,0.14897861098788825,0.018622326373486032,0.2895430305129772,0.6476870926116784,1.2390047648773161,0,0.14897861098788825,-0.1412333790725963
hitter,691723,Coby Mayo,BAL,4,1,3,0.25,0.007732282021888803,-0.0678,0.007732282021888803,-0.0600677179781112,0.0019330705054722008,-0.0150169294945278,0.0908987962456948,-0.4837871829231857,0,0,1,9,0.06783440435719598,0.007537156039688442,0.1113245785167625,0.8192277325997064,2.0425890989167486,0.06783440435719598,0,-0.06010212233530718
pitcher,656794,Sean Newcomb,CWS,5,1,4,0.2,0.007709318448479108,-0.09040000000000001,0.007709318448479108,-0.0826906815515209,0.0015418636896958216,-0.01653813631030418,0.06413433011976422,-0.8423495797217395,0,0,1,8,0.09942551859295796,0.012428189824119746,0.22066282046672508,0.6205557970944856,1.1855164460468748,0,0.09942551859295796,-0.09171620014447886
hitter,687515,Colby Thomas,ATH,1,1,0,1.0,0.007687587119291295,0.0,0.007687587119291295,0.007687587119291295,0.007687587119291295,0.007687587119291295,0.007687587119291295,0.20122859826220063,1,0,0,0,0.0,0.0,0.0,0.0,0.0,0.0,0.0,0.007687587119291295
pitcher,680802,Ryan Weiss,HOU,4,2,2,0.5,0.0076270513807757,-0.045200000000000004,0.0076270513807757,-0.037572948619224306,0.001906762845193925,-0.009393237154806076,0.019437868761372337,-0.3247651853551579,0,0,0,1,0.008477861053195233,0.008477861053195233,0.04165389511063344,0.3734920917880454,0.36205157549228506,0,0.008477861053195233,-0.0008508096724195325
hitter,677594,Julio Rodriguez,SEA,1,1,0,1.0,0.0076051220486714755,0.0,0.0076051220486714755,0.0076051220486714755,0.0076051220486714755,0.0076051220486714755,0.0076051220486714755,0.05115236916382343,0,0,0,8,0.05496707397975398,0.006870884247469247,0.12287400222931875,0.724077637965193,1.5384858927154317,0.05496707397975398,0,-0.0473619519310825
pitcher,695684,Elmer Rodriguez,NYY,1,1,0,1.0,0.007532694526636907,0.0,0.007532694526636907,0.007532694526636907,0.007532694526636907,0.007532694526636907,0.007532694526636907,0.05115236916382343,0,0,0,3,0.024084409321098156,0.008028136440366053,0.06266325488325131,0.6420921890020092,1.2692463862720684,0,0.024084409321098156,-0.01655171479446125
pitcher,837227,Tatsuya Imai,HOU,3,1,2,0.3333333333333333,0.007338961415724987,-0.045200000000000004,0.007338961415724987,-0.03786103858427502,0.002446320471908329,-0.012620346194758339,0.027965989588391138,-0.3691411654214468,0,0,0,11,0.05259458843180223,0.00478132622107293,0.1545036296669093,0.6738546933255489,1.4640319686378704,0,0.05259458843180223,-0.04525562701607724
fielder_challenger,547179,Michael Lorenzen,COL,2,1,1,0.5,0.007337969197328098,-0.022600000000000002,0.007337969197328098,-0.015262030802671904,0.003668984598664049,-0.007631015401335952,0.014350282548102888,-0.1431411654214468,0,0,0,0,0.0,0.0,0.0,0.0,0.0,0.0,0.0,0.007337969197328098
pitcher,668909,Gavin Williams,CLE,4,1,3,0.25,0.007275852669323513,-0.0678,0.007275852669323513,-0.060524147330676493,0.0018189631673308782,-0.015131036832669123,0.09337749122075473,-0.6268476308361766,0,0,0,19,0.21127264725403402,0.011119613013370212,0.4325605935995561,0.6992839243086647,1.5238081414493323,0,0.21127264725403402,-0.2039967945847105
pitcher,615698,Cal Quantrill,TEX,1,1,0,1.0,0.007262472838676343,0.0,0.007262472838676343,0.007262472838676343,0.007262472838676343,0.007262472838676343,0.007262472838676343,0.19436332898513428,1,0,0,11,0.04449969706980729,0.004045427006346117,0.1944958975468708,0.6015332943572701,1.2213560696982277,0,0.04449969706980729,-0.03723722423113095
hitter,666211,Taylor Trammell,HOU,2,1,1,0.5,0.007214064287869193,-0.022600000000000002,0.007214064287869193,-0.015385935712130809,0.0036070321439345965,-0.0076929678560654045,0.09048257111381164,-0.1350611074408439,0,0,1,5,0.04922257512677026,0.009844515025354052,0.09309398863411392,0.6883966695866698,1.4887760873717835,0.04922257512677026,0,-0.042008510838901066
fielder_challenger,665795,Edward Cabrera,CHC,1,1,0,1.0,0.007097154607381945,0.0,0.007097154607381945,0.007097154607381945,0.007097154607381945,0.007097154607381945,0.007097154607381945,0.1236596932549879,0,0,0,0,0.0,0.0,0.0,0.0,0.0,0.0,0.0,0.007097154607381945
hitter,669394,Jake Burger,TEX,3,2,1,0.6666666666666666,0.007062564979468389,-0.022600000000000002,0.007062564979468389,-0.015537435020531613,0.0023541883264894627,-0.005179145006843871,0.044538076651816354,-0.024879812776323618,1,0,0,12,0.030827764705883,0.0025689803921569165,0.17991740157659478,0.557015458109555,0.9564891104966341,0.030827764705883,0,-0.02376519972641461
pitcher,608566,German Marquez,SD,1,1,0,1.0,0.0070132042223134405,0.0,0.0070132042223134405,0.0070132042223134405,0.0070132042223134405,0.0070132042223134405,0.0070132042223134405,0.16006391798775765,1,0,0,7,0.061973278924312675,0.008853325560616096,0.18770703634299526,0.5430849244907799,0.8873253783719689,0,0.061973278924312675,-0.054960074701999234
hitter,694212,Samuel Basallo,BAL,3,1,2,0.3333333333333333,0.006992366910955428,-0.045200000000000004,0.006992366910955428,-0.038207633089044575,0.002330788970318476,-0.012735877696348192,0.04146384808084386,-0.34029964717798594,0,0,1,3,0.016577495449327368,0.005525831816442456,0.058806665242409684,0.6048618996032359,1.3852794486412503,0.016577495449327368,0,-0.009585128538371939
pitcher,686613,Hunter Brown,HOU,1,1,0,1.0,0.006986008263206278,0.0,0.006986008263206278,0.006986008263206278,0.006986008263206278,0.006986008263206278,0.006986008263206278,0.07845334869233397,0,0,0,12,0.0659998715157728,0.005499989292981067,0.20047297213870874,0.6480175473648603,1.3218948221267264,0,0.0659998715157728,-0.05901386325256652
pitcher,676571,PJ Poulin,WSH,2,1,1,0.5,0.00696376590594,-0.022600000000000002,0.00696376590594,-0.01563623409406,0.00348188295297,-0.00781811704703,0.014071677919394933,-0.19794684146993416,0,0,0,4,0.01684370372823206,0.004210925932058015,0.04121343517181003,0.7290995936308124,1.624506794312964,0,0.01684370372823206,-0.00987993782229206
hitter,642715,Willy Adames,SF,4,1,3,0.25,0.006941189764370914,-0.0678,0.006941189764370914,-0.06085881023562909,0.0017352974410927285,-0.015214702558907273,0.12295803137031613,-0.6200688998536169,0,0,0,11,0.053427058875604685,0.0048570053523276984,0.18018500668945284,0.671781047137085,1.4760348554899074,0.053427058875604685,0,-0.04648586911123377
pitcher,671096,Andrew Abbott,CIN,2,2,0,1.0,0.006839160229625718,0.0,0.006839160229625718,0.006839160229625718,0.003419580114812859,0.003419580114812859,0.006839160229625718,0.16131218327088717,0,0,0,32,0.2817236377257839,0.008803863678930747,0.7251130320269467,0.628237423485149,1.207965503178744,0,0.2817236377257839,-0.2748844774961582
hitter,665862,Jazz Chisholm Jr.,NYY,7,1,6,0.14285714285714285,0.006810535320253386,-0.1356,0.006810535320253386,-0.1287894646797466,0.0009729336171790551,-0.018398494954249518,0.08945766630590546,-1.3279468414699342,0,0,1,10,0.09702850279814254,0.009702850279814254,0.21812744704627057,0.6807056368420518,1.4582231158469359,0.09702850279814254,0,-0.09021796747788915
pitcher,679358,Eric Orze,MIN,3,1,2,0.3333333333333333,0.006757206399408577,-0.045200000000000004,0.006757206399408577,-0.03844279360059143,0.0022524021331361923,-0.012814264533530476,0.08311746756213022,-0.40838618787448994,0,0,1,2,0.017220503473710704,0.008610251736855352,0.044298822073839283,0.5981651963128769,1.0505104087173462,0,0.017220503473710704,-0.010463297074302127
pitcher,694851,Andrew Hoffmann,AZ,2,2,0,1.0,0.0066931547216753685,0.0,0.0066931547216753685,0.0066931547216753685,0.0033465773608376843,0.0033465773608376843,0.0066931547216753685,0.5337613331594269,1,0,0,0,0.0,0.0,0.0,0.0,0.0,0.0,0.0,0.0066931547216753685
pitcher,660761,Jose Suarez,ATL,1,1,0,1.0,0.006641288369299031,0.0,0.006641288369299031,0.006641288369299031,0.006641288369299031,0.006641288369299031,0.006641288369299031,0.07518640109802421,0,0,0,0,0.0,0.0,0.0,0.0,0.0,0.0,0.0,0.006641288369299031
pitcher,571510,Matthew Boyd,CHC,3,1,2,0.3333333333333333,0.006622070614948239,-0.045200000000000004,0.006622070614948239,-0.038577929385051765,0.002207356871649413,-0.012859309795017254,0.035630683831265164,-0.3655242922996647,0,0,1,13,0.11501102457714348,0.008847001890549499,0.3448241009287268,0.5978330424235672,1.1700033175002509,0,0.11501102457714348,-0.10838895396219524
pitcher,694918,Blade Tidwell,SF,2,1,1,0.5,0.006590878488138913,-0.022600000000000002,0.006590878488138913,-0.01600912151186109,0.0032954392440694563,-0.008004560755930545,0.0171134142114803,-0.02099543878727378,1,0,1,10,0.055385172813156476,0.005538517281315648,0.14565752771172472,0.664037012371398,1.433252709693934,0,0.055385172813156476,-0.04879429432501756
pitcher,677944,Slade Cecconi,CLE,2,1,1,0.5,0.0065358181098347234,-0.022600000000000002,0.0065358181098347234,-0.01606418189016528,0.0032679090549173617,-0.00803209094508264,0.01075662275975442,-0.17484763083617658,0,0,1,10,0.07353716935392947,0.007353716935392947,0.22941542746025523,0.6179332917978226,1.2261799205904296,0,0.07353716935392947,-0.06700135124409475
hitter,681198,TJ Rumfield,COL,3,1,2,0.3333333333333333,0.0065358181098347234,-0.045200000000000004,0.0065358181098347234,-0.03866418189016528,0.0021786060366115745,-0.012888060630055093,0.0287169288087647,-0.4008476308361766,0,0,1,4,0.05067314797331188,0.01266828699332797,0.07308409920484255,0.7698829487109862,1.8687837010843549,0.05067314797331188,0,-0.044137329863477154
fielder_challenger,696149,Bubba Chandler,PIT,1,1,0,1.0,0.006438118944211313,0.0,0.006438118944211313,0.006438118944211313,0.006438118944211313,0.006438118944211313,0.006438118944211313,0.057931100146383085,0,0,0,0,0.0,0.0,0.0,0.0,0.0,0.0,0.0,0.006438118944211313
pitcher,700669,Gordon Graceffo,STL,2,1,1,0.5,0.006392263040836715,-0.022600000000000002,0.006392263040836715,-0.016207736959163287,0.0031961315204183573,-0.008103868479581644,0.010399672215577176,0.29600335709608516,0,1,1,5,0.0492657338647627,0.009853146772952539,0.1011414044155367,0.7267776639882337,1.5728082787652873,0,0.0492657338647627,-0.04287347082392598
pitcher,592836,Taijuan Walker,PHI,2,1,1,0.5,0.006299402738272786,-0.022600000000000002,0.006299402738272786,-0.016300597261727216,0.003149701369136393,-0.008150298630863608,0.030541526454591184,-0.1508135989019758,0,0,0,2,0.013569521958654084,0.006784760979327042,0.03364641409409308,0.6520557525489807,1.2589851610151956,0,0.013569521958654084,-0.0072701192203812985
pitcher,681892,Kody Funderburk,MIN,2,1,1,0.5,0.006298989637698205,-0.022600000000000002,0.006298989637698205,-0.016301010362301797,0.0031494948188491023,-0.008150505181150899,0.014170928726062841,-0.17484763083617658,0,0,0,8,0.08856545305166022,0.011070681631457528,0.17445384924952761,0.7121643250777929,1.588824411408136,0,0.08856545305166022,-0.08226646341396202
hitter,605170,Victor Caratini,MIN,1,1,0,1.0,0.006107583907157377,0.0,0.006107583907157377,0.006107583907157377,0.006107583907157377,0.006107583907157377,0.006107583907157377,0.10618629194428358,0,1,0,13,0.08136667232305052,0.006258974794080809,0.18598239627370883,0.77380754882224,1.9185978403794683,0.08136667232305052,0,-0.07525908841589314
pitcher,601713,Nick Pivetta,SD,3,1,2,0.3333333333333333,0.0060481807500836204,-0.045200000000000004,0.0060481807500836204,-0.039151819249916384,0.0020160602500278735,-0.013050606416638794,0.01880762728985974,-0.3940688998536169,0,0,0,9,0.08931593714802165,0.00992399301644685,0.15327332663579596,0.8040470298687559,1.895419852869765,0,0.08931593714802165,-0.08326775639793803
hitter,662139,Daulton Varsho,TOR,1,1,0,1.0,0.005926397321652566,0.0,0.005926397321652566,0.005926397321652566,0.005926397321652566,0.005926397321652566,0.005926397321652566,0.043613812125510076,0,0,0,12,0.07277682420061786,0.006064735350051489,0.19820160772694306,0.7026618172413954,1.8167337931164296,0.07277682420061786,0,-0.0668504268789653
pitcher,663765,Jake Woodford,MIL,2,1,1,0.5,0.005458892948805305,-0.022600000000000002,0.005458892948805305,-0.017141107051194697,0.0027294464744026525,-0.008570553525597348,0.02793522955060801,-0.14596804100612118,0,0,1,0,0.0,0.0,0.0,0.0,0.0,0.0,0.0,0.005458892948805305
hitter,572233,Christian Walker,HOU,2,1,1,0.5,0.005319761692287206,-0.022600000000000002,0.005319761692287206,-0.017280238307712796,0.002659880846143603,-0.008640119153856398,0.0052266676818815885,-0.05351383059877915,0,0,1,8,0.07450148383591107,0.009312685479488884,0.17268093011796307,0.7151387739158385,1.7141400926943584,0.07450148383591107,0,-0.06918172214362386
pitcher,683742,Jose Franco,CIN,1,1,0,1.0,0.005272543456786863,0.0,0.005272543456786863,0.005272543456786863,0.005272543456786863,0.005272543456786863,0.005272543456786863,0.08725013589560393,0,0,0,0,0.0,0.0,0.0,0.0,0.0,0.0,0.0,0.005272543456786863
fielder_challenger,607192,Tyler Glasnow,LAD,1,1,0,1.0,0.0052657780898746065,0.0,0.0052657780898746065,0.0052657780898746065,0.0052657780898746065,0.0052657780898746065,0.0052657780898746065,0.042664399335679545,0,0,0,0,0.0,0.0,0.0,0.0,0.0,0.0,0.0,0.0052657780898746065
catcher,650968,Yohel Pozo,STL,2,1,1,0.5,0.0050824065069413615,-0.022600000000000002,0.0050824065069413615,-0.01751759349305864,0.0025412032534706808,-0.00875879674652932,0.05551796686633198,-0.1508135989019758,0,0,0,0,0.0,0.0,0.0,0.0,0.0,0.0,0.0,0.0050824065069413615
fielder_challenger,650968,Yohel Pozo,STL,2,1,1,0.5,0.0050824065069413615,-0.022600000000000002,0.0050824065069413615,-0.01751759349305864,0.0025412032534706808,-0.00875879674652932,0.05551796686633198,-0.1508135989019758,0,0,0,0,0.0,0.0,0.0,0.0,0.0,0.0,0.0,0.0050824065069413615
hitter,680977,Brendan Donovan,SEA,2,1,1,0.5,0.00507342109714623,-0.022600000000000002,0.00507342109714623,-0.017526578902853772,0.002536710548573115,-0.008763289451426886,0.017087128464855134,-0.16806889985361692,0,0,0,2,0.02237551538377205,0.011187757691886025,0.05678075201817434,0.6138210502945114,1.1091347494909565,0.02237551538377205,0,-0.01730209428662582
pitcher,670245,Ryan Watson,BOS,2,1,1,0.5,0.005020072225111971,-0.022600000000000002,0.005020072225111971,-0.01757992777488803,0.0025100361125559856,-0.008789963887444015,0.005059058243863592,-0.10352355196177268,1,0,0,2,0.003515965743194893,0.0017579828715974465,0.008190013702072136,0.850040595552968,2.0961571813448785,0,0.003515965743194893,0.0015041064819170781
fielder_challenger,670245,Ryan Watson,BOS,1,1,0,1.0,0.005020072225111971,0.0,0.005020072225111971,0.005020072225111971,0.005020072225111971,0.005020072225111971,0.005020072225111971,0.12247644803822733,1,0,0,0,0.0,0.0,0.0,0.0,0.0,0.0,0.0,0.005020072225111971
hitter,670242,Matt Wallner,MIN,6,1,5,0.16666666666666666,0.004957343084380894,-0.11300000000000002,0.004957343084380894,-0.10804265691561912,0.0008262238473968156,-0.01800710948593652,0.3520412333741942,-1.0130508354702081,0,0,2,1,0.006866746391421122,0.006866746391421122,0.01009003552434884,0.9013984206127007,2.4096450588740503,0.006866746391421122,0,-0.001909403307040228
pitcher,663855,Jordan Hicks,CWS,2,1,1,0.5,0.004942468169245817,-0.022600000000000002,0.004942468169245817,-0.017657531830754185,0.0024712340846229086,-0.008828765915377092,0.005316047821892264,-0.08140652825647779,0,0,0,4,0.21349728663786013,0.053374321659465034,0.29633039981964326,0.7847782063191566,1.8524605858759893,0,0.21349728663786013,-0.20855481846861432
pitcher,665152,Dean Kremer,BAL,2,1,1,0.5,0.00492126142160329,-0.022600000000000002,0.00492126142160329,-0.017678738578396712,0.002460630710801645,-0.008839369289198356,0.01096944217168691,-0.13198887078627933,0,0,0,4,0.0173086555281998,0.00432716388204995,0.042160892829908536,0.7630296205550315,1.6675706864878643,0,0.0173086555281998,-0.012387394106596509
hitter,681393,Connor Norby,MIA,4,1,3,0.25,0.0048421244868652735,-0.0678,0.0048421244868652735,-0.06295787551313473,0.0012105311217163184,-0.01573946887828368,0.1441276198514675,-0.6053836165545936,1,0,2,9,0.051012510536983205,0.0056680567263314675,0.17289685555612838,0.6266406729133683,1.236873905697169,0.051012510536983205,0,-0.04617038605011793
pitcher,518585,Fernando Cruz,NYY,4,3,1,0.75,0.004765173382181239,-0.022600000000000002,0.004765173382181239,-0.017834826617818763,0.0011912933455453098,-0.004458706654454691,0.02519451825521146,-0.05330735943857972,0,0,1,4,0.07528643360681371,0.018821608401703428,0.13757464963453847,0.6689807620117303,1.2824953121398495,0,0.07528643360681371,-0.07052126022463247
pitcher,657649,Jared Koenig,MIL,1,1,0,1.0,0.004675711221305202,0.0,0.004675711221305202,0.004675711221305202,0.004675711221305202,0.004675711221305202,0.004675711221305202,0.29625273535668994,1,0,0,0,0.0,0.0,0.0,0.0,0.0,0.0,0.0,0.004675711221305202
pitcher,621366,Ryan Borucki,SF,2,1,1,0.5,0.004563592091649804,-0.022600000000000002,0.004563592091649804,-0.018036407908350198,0.002281796045824902,-0.009018203954175099,0.007367821832092239,0.06375450748972364,0,0,0,2,0.06909185629124462,0.03454592814562231,0.10677794766301907,0.768195105075461,1.6556476886961762,0,0.06909185629124462,-0.06452826419959481
hitter,682985,Riley Greene,DET,3,2,1,0.6666666666666666,0.004559482852976582,-0.022600000000000002,0.004559482852976582,-0.01804051714702342,0.0015198276176588605,-0.006013505715674473,0.05662807777845062,0.22820126424893125,1,1,0,13,0.14956144844599667,0.011504726803538205,0.28242041125621536,0.7393708382509273,1.7543305069270072,0.14956144844599667,0,-0.1450019655930201
pitcher,663567,Peter Lambert,HOU,1,1,0,1.0,0.0045110723938199815,0.0,0.0045110723938199815,0.0045110723938199815,0.0045110723938199815,0.0045110723938199815,0.0045110723938199815,0.028053158530065847,0,0,0,22,0.11195444122677103,0.005088838237580501,0.4431877329866535,0.5788901770289636,1.062744996237339,0,0.11195444122677103,-0.10744336883295105
hitter,682829,Elly De La Cruz,CIN,3,1,2,0.3333333333333333,0.004347082585482109,-0.045200000000000004,0.004347082585482109,-0.040852917414517895,0.0014490275284940364,-0.013617639138172632,0.022209044876789874,-0.37354665130766607,0,0,0,4,0.021209589811065462,0.0053023974527663656,0.11566001153458634,0.47851625606147463,0.6862320854790617,0.021209589811065462,0,-0.016862507225583353
hitter,686217,Sal Frelick,MIL,3,1,2,0.3333333333333333,0.004275243940385698,-0.045200000000000004,0.004275243940385698,-0.040924756059614306,0.0014250813134618994,-0.013641585353204769,0.021974159616514687,-0.34581370805571643,0,1,1,13,0.1707855467447277,0.013137349749594438,0.32536922478782837,0.6895221914809556,1.459721190428381,0.1707855467447277,0,-0.166510302804342
hitter,664238,Dylan Moore,PHI,1,1,0,1.0,0.004082087815570429,0.0,0.004082087815570429,0.004082087815570429,0.004082087815570429,0.004082087815570429,0.004082087815570429,0.1301266336099441,0,0,0,0,0.0,0.0,0.0,0.0,0.0,0.0,0.0,0.004082087815570429
pitcher,669330,Tyler Wells,BAL,1,1,0,1.0,0.004058140736564214,0.0,0.004058140736564214,0.004058140736564214,0.004058140736564214,0.004058140736564214,0.004058140736564214,0.05339865510992847,0,0,0,5,0.04934798931407761,0.009869597862815523,0.1141460131135058,0.7043737725716473,1.4579648226138464,0,0.04934798931407761,-0.0452898485775134
hitter,669364,Xavier Edwards,MIA,2,1,1,0.5,0.0037865220321897652,-0.022600000000000002,0.0037865220321897652,-0.018813477967810237,0.0018932610160948826,-0.009406738983905118,0.0150747008529164,-0.1508135989019758,0,0,1,18,0.1266778233064536,0.007037656850358533,0.3709352125642769,0.6102182273785259,1.157507518217245,0.1266778233064536,0,-0.12289130127426384
hitter,807713,Matt Shaw,CHC,1,1,0,1.0,0.0037379245597618516,0.0,0.0037379245597618516,0.0037379245597618516,0.0037379245597618516,0.0037379245597618516,0.0037379245597618516,0.07597998351227331,0,0,0,5,0.035840874959864905,0.007168174991972981,0.08932254651500282,0.6901005080939903,1.4700487082064542,0.035840874959864905,0,-0.03210295040010305
hitter,682928,CJ Abrams,WSH,1,1,0,1.0,0.003512997046841715,0.0,0.003512997046841715,0.003512997046841715,0.003512997046841715,0.003512997046841715,0.003512997046841715,0.11069733020311845,0,0,0,15,0.1162356618387118,0.007749044122580787,0.25818593083871577,0.6835554257958537,1.5298090142970198,0.1162356618387118,0,-0.11272266479187008
hitter,664023,Ian Happ,CHC,2,1,1,0.5,0.0034687004464419857,-0.022600000000000002,0.0034687004464419857,-0.019131299553558016,0.0017343502232209929,-0.009565649776779008,0.061879022534680556,-0.010507278265123349,0,1,0,13,0.06391813626762373,0.004916779712894133,0.17232257393202316,0.6836989303181198,1.6528941074975232,0.06391813626762373,0,-0.06044943582118174
hitter,680869,Zack Gelof,ATH,2,1,1,0.5,0.003306591447851434,-0.022600000000000002,0.003306591447851434,-0.019293408552148568,0.001653295723925717,-0.009646704276074284,0.022937541695489158,-0.1253327107312254,0,0,0,4,0.058983510476022495,0.014745877619005624,0.12050008805310596,0.6923249780272963,1.3846212204076815,0.058983510476022495,0,-0.05567691902817106
pitcher,674370,Osvaldo Bido,ATL,2,1,1,0.5,0.003179535234905037,-0.022600000000000002,0.003179535234905037,-0.019420464765094965,0.0015897676174525185,-0.009710232382547482,0.005638387292396338,-0.096954325451198,0,0,1,0,0.0,0.0,0.0,0.0,0.0,0.0,0.0,0.003179535234905037
pitcher,663558,Jovani Moran,BOS,1,1,0,1.0,0.0030781884688358685,0.0,0.0030781884688358685,0.0030781884688358685,0.0030781884688358685,0.0030781884688358685,0.0030781884688358685,0.062462524673107964,0,0,0,4,0.019582664509220502,0.0048956661273051255,0.07555913615123959,0.5457639609795805,0.8895210344079724,0,0.019582664509220502,-0.016504476040384634
pitcher,694680,Trevor Martin,TB,1,1,0,1.0,0.0030471034374459915,0.0,0.0030471034374459915,0.0030471034374459915,0.0030471034374459915,0.0030471034374459915,0.0030471034374459915,0.2286627399825109,1,1,0,0,0.0,0.0,0.0,0.0,0.0,0.0,0.0,0.0030471034374459915
hitter,666464,Jerar Encarnacion,SF,3,1,2,0.3333333333333333,0.002981843286721353,-0.045200000000000004,0.002981843286721353,-0.04221815671327865,0.000993947762240451,-0.014072718904426218,0.013148710866261144,-0.42394684146993417,0,0,1,0,0.0,0.0,0.0,0.0,0.0,0.0,0.0,0.002981843286721353
pitcher,685126,Brandon Eisert,CWS,2,1,1,0.5,0.0029533492395097324,-0.022600000000000002,0.0029533492395097324,-0.01964665076049027,0.0014766746197548662,-0.009823325380245135,0.004203067521581755,-0.08634809526988277,0,1,1,2,0.015879358895973604,0.007939679447986802,0.031887814070239745,0.742192814989673,2.480721699198082,0,0.015879358895973604,-0.012926009656463872
pitcher,656464,Kevin Ginkel,AZ,1,1,0,1.0,0.0028662828689429293,0.0,0.0028662828689429293,0.0028662828689429293,0.0028662828689429293,0.0028662828689429293,0.0028662828689429293,0.05115236916382343,0,0,0,6,0.036371475100818625,0.006061912516803104,0.12869026489287932,0.594031187339129,1.225681866153913,0,0.036371475100818625,-0.033505192231875695
pitcher,694819,Jacob Misiorowski,MIL,2,1,1,0.5,0.0028415709627132024,-0.022600000000000002,0.0028415709627132024,-0.0197584290372868,0.0014207854813566012,-0.0098792145186434,0.007134425182419357,-0.1896918082772968,0,0,0,17,0.11798014066368603,0.006940008274334473,0.2971259632041302,0.6743512320282935,1.4164033758048096,0,0.11798014066368603,-0.11513856970097283
hitter,683002,Gunnar Henderson,BAL,6,1,5,0.16666666666666666,0.002762365602147779,-0.11300000000000002,0.002762365602147779,-0.11023763439785222,0.0004603942670246298,-0.018372939066308703,0.061269608346533645,-1.0733605184382204,0,0,2,11,0.0848716203171119,0.007715601847010173,0.21764006378013878,0.6623121626770669,1.3696264139207708,0.0848716203171119,0,-0.08210925471496412
pitcher,666171,Ryan Zeferjahn,LAA,2,1,1,0.5,0.0025647657990949257,-0.022600000000000002,0.0025647657990949257,-0.020035234200905076,0.0012823828995474629,-0.010017617100452538,0.013788428677710657,-0.19794684146993416,0,0,0,7,0.07267007356198558,0.010381439080283656,0.20354851354237086,0.5783007628445693,1.0186040749038443,0,0.07267007356198558,-0.07010530776289066
pitcher,700842,Eduardo Rivera,BOS,1,1,0,1.0,0.0024480612226492476,0.0,0.0024480612226492476,0.0024480612226492476,0.0024480612226492476,0.0024480612226492476,0.0024480612226492476,0.08817703704085068,1,0,0,1,0.0009630879490866158,0.0009630879490866158,0.0017503145922331056,0.9396775734728259,2.8093746442626006,0,0.0009630879490866158,0.0014849732735626319
hitter,643289,Mauricio Dubon,ATL,6,1,5,0.16666666666666666,0.0024390951135141725,-0.11300000000000002,0.0024390951135141725,-0.11056090488648584,0.0004065158522523621,-0.018426817481080975,0.1244019233645732,-1.1019468414699343,0,0,1,14,0.17618192865638316,0.01258442347545594,0.30159262086279726,0.7389489368065749,1.7320714835819866,0.17618192865638316,0,-0.17374283354286899
pitcher,657424,Matt Gage,SF,2,1,1,0.5,0.002436523308764288,-0.022600000000000002,0.002436523308764288,-0.020163476691235714,0.001218261654382144,-0.010081738345617857,0.010113399291911476,-0.19794684146993416,0,0,0,2,0.019951791404877996,0.009975895702438998,0.0494437938446568,0.6548495423535734,1.4726588755806158,0,0.019951791404877996,-0.017515268096113708
pitcher,701552,Andre Granillo,WSH,1,1,0,1.0,0.0023905391134081133,0.0,0.0023905391134081133,0.0023905391134081133,0.0023905391134081133,0.0023905391134081133,0.0023905391134081133,0.06553067333393063,0,0,0,0,0.0,0.0,0.0,0.0,0.0,0.0,0.0,0.0023905391134081133
pitcher,547184,Michael Kelly,ATH,3,1,2,0.3333333333333333,0.0023366044749852585,-0.045200000000000004,0.0023366044749852585,-0.042863395525014746,0.0007788681583284195,-0.014287798508338249,0.0031028508301805015,-0.25778718292318564,0,0,1,1,0.0029975628360757864,0.0029975628360757864,0.006688745449390507,0.794806001135572,1.7656066451834649,0,0.0029975628360757864,-0.0006609583610905278
hitter,608348,Carson Kelly,CHC,1,1,0,1.0,0.0021529097006762893,0.0,0.0021529097006762893,0.0021529097006762893,0.0021529097006762893,0.0021529097006762893,0.0021529097006762893,0.03630819172270323,0,0,0,8,0.03648759037298054,0.004560948796622568,0.11349868261431834,0.6532826628289897,1.3283445114126249,0.03648759037298054,0,-0.03433468067230425
hitter,660271,Shohei Ohtani,LAD,3,1,2,0.3333333333333333,0.00213300733164401,-0.045200000000000004,0.00213300733164401,-0.043066992668355994,0.0007110024438813367,-0.01435566422278533,0.02276958331640025,-0.25406598617873716,0,0,0,5,0.029509920904538713,0.005901984180907743,0.07899109883351568,0.6633526370893423,1.3670863901170414,0.029509920904538713,0,-0.027376913572894703
pitcher,689690,Alek Jacob,SD,1,1,0,1.0,0.0020857197521449017,0.0,0.0020857197521449017,0.0020857197521449017,0.0020857197521449017,0.0020857197521449017,0.0020857197521449017,0.13086339234715488,0,0,0,0,0.0,0.0,0.0,0.0,0.0,0.0,0.0,0.0020857197521449017
hitter,663624,Ryan Mountcastle,BAL,1,1,0,1.0,0.00203672242854735,0.0,0.00203672242854735,0.00203672242854735,0.00203672242854735,0.00203672242854735,0.00203672242854735,0.03630819172270323,0,0,0,0,0.0,0.0,0.0,0.0,0.0,0.0,0.0,0.00203672242854735
pitcher,572143,Burch Smith,DET,1,1,0,1.0,0.0019444120926742497,0.0,0.0019444120926742497,0.0019444120926742497,0.0019444120926742497,0.0019444120926742497,0.0019444120926742497,0.08003195899387883,0,0,0,0,0.0,0.0,0.0,0.0,0.0,0.0,0.0,0.0019444120926742497
pitcher,666277,George Soriano,STL,2,1,1,0.5,0.0019073523028626527,-0.022600000000000002,0.0019073523028626527,-0.02069264769713735,0.0009536761514313263,-0.010346323848568675,-0.006227419994873529,-0.01682513670739219,0,0,1,7,0.14305360559515598,0.02043622937073657,0.34411031900823674,0.6293816712815946,1.402946195786861,0,0.14305360559515598,-0.14114625329229333
pitcher,664353,Jose Urquidy,PIT,1,1,0,1.0,0.0018615551423228627,0.0,0.0018615551423228627,0.0018615551423228627,0.0018615551423228627,0.0018615551423228627,0.0018615551423228627,0.028053158530065847,0,0,0,2,0.1041300636050648,0.0520650318025324,0.12629456492970004,0.8721565953436128,2.3951619656514467,0,0.1041300636050648,-0.10226850846274194
hitter,695734,Daylen Lile,WSH,1,1,0,1.0,0.001550785205685936,0.0,0.001550785205685936,0.001550785205685936,0.001550785205685936,0.001550785205685936,0.001550785205685936,0.05115236916382343,0,0,0,16,0.15520171826091653,0.009700107391307283,0.27381361540391147,0.7704549201041748,1.8903645278806678,0.15520171826091653,0,-0.1536509330552306
pitcher,623454,Drew Anderson,DET,1,1,0,1.0,0.0014905472804470632,0.0,0.0014905472804470632,0.0014905472804470632,0.0014905472804470632,0.0014905472804470632,0.0014905472804470632,0.028053158530065847,0,0,0,8,0.05245521743742635,0.006556902179678294,0.21175719740630483,0.5217892191512372,0.8431619500053256,0,0.05245521743742635,-0.05096467015697929
pitcher,593974,Wandy Peralta,SD,1,1,0,1.0,0.0014749408850497627,0.0,0.0014749408850497627,0.0014749408850497627,0.0014749408850497627,0.0014749408850497627,0.0014749408850497627,0.7036895181893287,1,0,0,2,0.026029916179482502,0.013014958089741251,0.05279243744657039,0.7207169289496942,1.4713725277272072,0,0.026029916179482502,-0.02455497529443274
hitter,669477,Casey Schmitt,SF,3,1,2,0.3333333333333333,0.001357001657940629,-0.045200000000000004,0.001357001657940629,-0.043842998342059375,0.0004523338859802097,-0.014614332780686459,0.00545659025827484,-0.33505083547020803,0,0,1,10,0.08077939988692612,0.008077939988692611,0.2017584008449756,0.6663430332200626,1.385392390590414,0.08077939988692612,0,-0.07942239822898549
hitter,699912,Jose Fernandez,AZ,1,1,0,1.0,0.0013511910290563423,0.0,0.0013511910290563423,0.0013511910290563423,0.0013511910290563423,0.0013511910290563423,0.0013511910290563423,0.06043037258246037,0,0,0,3,0.02842718032947041,0.009475726776490136,0.12960587579818508,0.4022034166621717,0.44326687191320735,0.02842718032947041,0,-0.027075989300414067
pitcher,642121,Cole Sulser,TB,2,1,1,0.5,0.0013004237596982576,-0.022600000000000002,0.0013004237596982576,-0.021299576240301744,0.0006502118798491288,-0.010649788120150872,0.0016854332695807727,-0.10905083547020802,0,0,1,0,0.0,0.0,0.0,0.0,0.0,0.0,0.0,0.0013004237596982576
pitcher,800311,Didier Fuentes,ATL,2,1,1,0.5,0.001257665800192126,-0.022600000000000002,0.001257665800192126,-0.021342334199807876,0.000628832900096063,-0.010671167099903938,0.003424634736298754,-0.14596804100612118,0,0,0,5,0.04727743520527515,0.00945548704105503,0.10587490336050756,0.6969551901455364,1.4740326611838255,0,0.04727743520527515,-0.046019769405083025
pitcher,642232,Ryan Yarbrough,NYY,2,1,1,0.5,0.0011892111648448278,-0.022600000000000002,0.0011892111648448278,-0.021410788835155174,0.0005946055824224139,-0.010705394417577587,0.0007790118897728071,0.07518564350488086,0,0,1,2,0.0031377460850265547,0.0015688730425132773,0.011474559754214408,0.7856016206772586,2.1254246197104854,0,0.0031377460850265547,-0.0019485349201817269
hitter,682657,Angel Martinez,CLE,3,1,2,0.3333333333333333,0.0011244282870039868,-0.045200000000000004,0.0011244282870039868,-0.04407557171299602,0.0003748094290013289,-0.01469185723766534,0.05502604771931313,-0.42394684146993417,0,0,0,10,0.08447107927633939,0.008447107927633939,0.19516437657493702,0.6520386856314515,1.4141947918088864,0.08447107927633939,0,-0.0833466509893354
pitcher,519141,Drew Pomeranz,LAA,2,1,1,0.5,0.001118177081727581,-0.022600000000000002,0.001118177081727581,-0.02148182291827242,0.0005590885408637905,-0.01074091145913621,0.025523032761690226,-0.18238618787448993,0,0,0,5,0.09308985287221662,0.018617970574443324,0.2004674920591695,0.5366290098893364,0.8730837872080054,0,0.09308985287221662,-0.09197167579048904
pitcher,686751,Seth Johnson,PHI,1,1,0,1.0,0.001047024005572439,0.0,0.001047024005572439,0.001047024005572439,0.001047024005572439,0.001047024005572439,0.001047024005572439,0.36847295795017776,0,1,0,0,0.0,0.0,0.0,0.0,0.0,0.0,0.0,0.001047024005572439
hitter,700932,Kyle Manzardo,CLE,2,1,1,0.5,0.001040890600524702,-0.022600000000000002,0.001040890600524702,-0.0215591093994753,0.000520445300262351,-0.01077955469973765,0.039092296152497985,-0.10905083547020802,0,0,0,7,0.06856397121224315,0.00979485303032045,0.14079602144845624,0.6956955719653622,1.493043826264294,0.06856397121224315,0,-0.06752308061171845
pitcher,680702,Joey Gerber,NYM,1,1,0,1.0,0.0010144341161896896,0.0,0.0010144341161896896,0.0010144341161896896,0.0010144341161896896,0.0010144341161896896,0.0010144341161896896,0.19421281707681437,0,0,0,0,0.0,0.0,0.0,0.0,0.0,0.0,0.0,0.0010144341161896896
hitter,668904,Royce Lewis,MIN,2,1,1,0.5,0.001014023768264427,-0.022600000000000002,0.001014023768264427,-0.021585976231735575,0.0005070118841322135,-0.010792988115867787,0.01168808354663483,-0.09587336639005592,0,0,1,9,0.03452487707100032,0.003836097452333369,0.07745305813021472,0.7843528725380554,1.9003999133749372,0.03452487707100032,0,-0.03351085330273589
pitcher,681867,Cooper Criswell,SEA,3,1,2,0.3333333333333333,0.0009062258994941841,-0.045200000000000004,0.0009062258994941841,-0.04429377410050582,0.0003020752998313947,-0.014764591366835273,0.002336123318740821,-0.25763667101486576,1,0,2,2,0.006218918022171823,0.0031094590110859114,0.05722997985834044,0.4352503209168408,0.5540329813694511,0,0.006218918022171823,-0.005312692122677639
pitcher,687064,Brandon Young,BAL,2,1,1,0.5,0.0008961577910342015,-0.022600000000000002,0.0008961577910342015,-0.0217038422089658,0.00044807889551710077,-0.0108519211044829,0.032340999026375175,0.1300803269404109,1,0,0,21,0.1446027574052837,0.006885845590727795,0.3694813369792858,0.685619843461851,1.477729224842829,0,0.1446027574052837,-0.1437065996142495
pitcher,647336,Michael Soroka,AZ,1,1,0,1.0,0.0008273574973765921,0.0,0.0008273574973765921,0.0008273574973765921,0.0008273574973765921,0.0008273574973765921,0.0008273574973765921,0.11694916452979198,0,0,0,5,0.02407319560432438,0.004814639120864876,0.07682775545037274,0.6110342215638992,1.1097956078628886,0,0.02407319560432438,-0.02324583810694779
pitcher,544150,Albert Suarez,BAL,1,1,0,1.0,0.0006485223274655949,0.0,0.0006485223274655949,0.0006485223274655949,0.0006485223274655949,0.0006485223274655949,0.0006485223274655949,0.08817703704085068,1,0,0,4,0.012455100152085568,0.003113775038021392,0.020251200012109793,0.88193029857306,2.320303121918181,0,0.012455100152085568,-0.011806577824619973
pitcher,663767,Chase Shugart,PHI,2,1,1,0.5,0.0006347563079908899,-0.022600000000000002,0.0006347563079908899,-0.021965243692009112,0.00031737815399544497,-0.010982621846004556,0.0017522882916316505,-0.19794684146993416,0,0,0,4,0.029224555482203235,0.007306138870550809,0.04435595855716443,0.878393743280294,2.275127328722381,0,0.029224555482203235,-0.028589799174212345
hitter,687551,Drew Gilbert,SF,1,1,0,1.0,0.0004916713279574658,0.0,0.0004916713279574658,0.0004916713279574658,0.0004916713279574658,0.0004916713279574658,0.0004916713279574658,0.07518640109802421,0,0,0,11,0.11463744460876414,0.010421585873524012,0.21294914735169812,0.7313880672867519,1.584396539896185,0.11463744460876414,0,-0.11414577328080668
pitcher,670183,Garrett Acton,MIN,2,1,1,0.5,0.00043046304563553253,-0.022600000000000002,0.00043046304563553253,-0.02216953695436447,0.00021523152281776627,-0.011084768477182235,0.003292704751509546,-0.024771401737799376,1,0,1,0,0.0,0.0,0.0,0.0,0.0,0.0,0.0,0.00043046304563553253
pitcher,681676,Ryan Fernandez,STL,1,1,0,1.0,0.0004142832340141684,0.0,0.0004142832340141684,0.0004142832340141684,0.0004142832340141684,0.0004142832340141684,0.0004142832340141684,0.3180441440058779,1,0,0,0,0.0,0.0,0.0,0.0,0.0,0.0,0.0,0.0004142832340141684
pitcher,660787,Yerry De los Santos,NYY,1,1,0,1.0,0.0003269893445483618,0.0,0.0003269893445483618,0.0003269893445483618,0.0003269893445483618,0.0003269893445483618,0.0003269893445483618,0.042664399335679545,0,0,0,3,0.01606135815115894,0.005353786050386313,0.11876454520442387,0.3279250665092227,0.2091428997529996,0,0.01606135815115894,-0.01573436880661058
pitcher,665622,Luis Medina,ATH,3,3,0,1.0,0.00032532084566302597,0.0,0.00032532084566302597,0.00032532084566302597,0.00010844028188767532,0.00010844028188767532,0.00032532084566302597,0.20111015601834842,0,0,0,5,0.032764254899058806,0.006552850979811761,0.14624398620790638,0.6059334190499299,1.3948721446938135,0,0.032764254899058806,-0.03243893405339578
pitcher,663992,Richard Lovelady,WSH,2,1,1,0.5,0.00028460615113041,-0.022600000000000002,0.00028460615113041,-0.022315393848869592,0.000142303075565205,-0.011157696924434796,0.013383584396885088,-0.10905083547020802,0,0,0,3,0.12059103830045863,0.04019701276681954,0.4965297498316064,0.31466108053814756,0.1610047075998473,0,0.12059103830045863,-0.12030643214932822
hitter,805779,Jacob Wilson,ATH,1,1,0,1.0,0.0002503463909789838,0.0,0.0002503463909789838,0.0002503463909789838,0.0002503463909789838,0.0002503463909789838,0.0002503463909789838,0.03630819172270323,0,0,0,12,0.0639946291904843,0.0053328857658736925,0.1833216707059658,0.667366233240822,1.380369451127992,0.0639946291904843,0,-0.06374428279950532
hitter,595879,Javier Baez,DET,2,1,1,0.5,0.0001525814300116224,-0.022600000000000002,0.0001525814300116224,-0.02244741856998838,7.62907150058112e-05,-0.01122370928499419,0.003276281972895057,-0.1896918082772968,0,0,0,2,0.005051192115079862,0.002525596057539931,0.02625820523901204,0.6079324176688455,1.1125252464580322,0.005051192115079862,0,-0.004898610685068239
pitcher,693686,Spencer Miles,TOR,1,1,0,1.0,0.0001510365422179305,0.0,0.0001510365422179305,0.0001510365422179305,0.0001510365422179305,0.0001510365422179305,0.0001510365422179305,0.10618629194428358,0,1,0,8,0.09160301045322533,0.011450376306653166,0.215138717164861,0.6520540112397556,1.3652736282999203,0,0.09160301045322533,-0.0914519739110074
pitcher,685299,Tanner Gordon,COL,1,1,0,1.0,0.00014102985606794785,0.0,0.00014102985606794785,0.00014102985606794785,0.00014102985606794785,0.00014102985606794785,0.00014102985606794785,0.09401112921372068,0,0,0,12,0.16293897298558854,0.013578247748799045,0.2744553848495921,0.7356896191034853,1.590772732097158,0,0.16293897298558854,-0.1627979431295206
pitcher,542888,Shawn Armstrong,CLE,1,1,0,1.0,0.00013404708555064815,0.0,0.00013404708555064815,0.00013404708555064815,0.00013404708555064815,0.00013404708555064815,0.00013404708555064815,0.15822220596928865,0,0,0,5,0.03413525356676257,0.0068270507133525145,0.09412361107363411,0.7418011003739238,1.7713918640987916,0,0.03413525356676257,-0.034001206481211924
pitcher,690928,Hunter Dobbins,STL,1,1,0,1.0,0.0001176281977574023,0.0,0.0001176281977574023,0.0001176281977574023,0.0001176281977574023,0.0001176281977574023,0.0001176281977574023,0.19714663454876258,0,1,0,5,0.045189321034145136,0.009037864206829027,0.08812378323903108,0.753106235532705,1.844063391055613,0,0.045189321034145136,-0.04507169283638773
pitcher,681151,Jayden Murray,HOU,1,1,0,1.0,0.00010192556987520529,0.0,0.00010192556987520529,0.00010192556987520529,0.00010192556987520529,0.00010192556987520529,0.00010192556987520529,0.03630819172270323,0,0,0,1,0.002288359125149296,0.002288359125149296,0.008556467492277009,0.6843291300647693,1.3303041496782697,0,0.002288359125149296,-0.002186433555274091
hitter,666969,Adolis Garcia,PHI,2,1,1,0.5,8.301237347685397e-05,-0.022600000000000002,8.301237347685397e-05,-0.022516987626523148,4.150618673842699e-05,-0.011258493813261574,0.00810695852304101,-0.18333560066432047,0,0,0,5,0.1392549085114712,0.02785098170229424,0.19847279348587743,0.7466759681319767,1.7444530536568716,0.1392549085114712,0,-0.13917189613799436
pitcher,592826,Vince Velasquez,CHC,1,1,0,1.0,4.8919189305013204e-05,0.0,4.8919189305013204e-05,4.8919189305013204e-05,4.8919189305013204e-05,4.8919189305013204e-05,4.8919189305013204e-05,0.061650420278260565,0,0,0,0,0.0,0.0,0.0,0.0,0.0,0.0,0.0,4.8919189305013204e-05
hitter,694376,Shay Whitcomb,HOU,1,1,0,1.0,7.592912995346701e-06,0.0,7.592912995346701e-06,7.592912995346701e-06,7.592912995346701e-06,7.592912995346701e-06,7.592912995346701e-06,0.0909388925591561,0,0,0,0,0.0,0.0,0.0,0.0,0.0,0.0,0.0,7.592912995346701e-06
pitcher,672335,Cionel Perez,WSH,1,0,1,0.0,0.0,-0.022600000000000002,0.0,-0.022600000000000002,0.0,-0.022600000000000002,0.002232204823513273,-0.226,0,0,1,3,0.010801083706629622,0.0036003612355432076,0.05962346193736684,0.6217616635114611,1.1419310571640588,0,0.010801083706629622,-0.010801083706629622
pitcher,641755,Tyler Kinley,ATL,1,0,1,0.0,0.0,-0.022600000000000002,0.0,-0.022600000000000002,0.0,-0.022600000000000002,0.014211227634491896,-0.226,0,0,1,2,0.041750709849471296,0.020875354924735648,0.15416677173215543,0.38765654336249405,0.4058213189109998,0,0.041750709849471296,-0.041750709849471296
pitcher,674841,Andrew Alvarez,WSH,1,0,1,0.0,0.0,-0.022600000000000002,0.0,-0.022600000000000002,0.0,-0.022600000000000002,0.004174566335010121,-0.226,0,0,1,12,0.09861527915515572,0.00821793992959631,0.32115563240995315,0.5708288293627074,0.9970863749953942,0,0.09861527915515572,-0.09861527915515572
pitcher,687606,Paxton Schultz,WSH,1,0,1,0.0,0.0,-0.022600000000000002,0.0,-0.022600000000000002,0.0,-0.022600000000000002,0.03561614271421942,-0.226,0,0,1,1,0.0009435098095876213,0.0009435098095876213,0.003950415577663166,0.8028312243189182,1.8030633143505437,0,0.0009435098095876213,-0.0009435098095876213
hitter,683083,Nasim Nunez,WSH,3,0,3,0.0,0.0,-0.0678,0.0,-0.0678,0.0,-0.0226,0.0395878480879962,-0.678,0,0,2,16,0.08411741693274989,0.005257338558296868,0.20375809883846335,0.7299876521154531,1.630128182982799,0.08411741693274989,0,-0.08411741693274989
hitter,681624,Andy Pages,LAD,3,0,3,0.0,0.0,-0.0678,0.0,-0.0678,0.0,-0.0226,0.04986478424657392,-0.678,0,0,0,13,0.1914855427386884,0.014729657133745262,0.3349739535396197,0.7348396145703384,1.8482901746161333,0.1914855427386884,0,-0.1914855427386884
hitter,671277,Luis Garcia Jr.,WSH,4,0,4,0.0,0.0,-0.09040000000000001,0.0,-0.09040000000000001,0.0,-0.022600000000000002,0.01735761743854663,-0.904,0,0,2,3,0.02497164223736665,0.008323880745788883,0.06807830421121855,0.686910149226562,1.534649327485769,0.02497164223736665,0,-0.02497164223736665
hitter,682177,Daniel Schneemann,CLE,1,0,1,0.0,0.0,-0.022600000000000002,0.0,-0.022600000000000002,0.0,-0.022600000000000002,0.026296413312909217,-0.226,0,0,0,3,0.019826897378261293,0.006608965792753764,0.06532304300090769,0.5386645742349251,0.867266086109026,0.019826897378261293,0,-0.019826897378261293
pitcher,680755,Braydon Fisher,TOR,2,0,2,0.0,0.0,-0.045200000000000004,0.0,-0.045200000000000004,0.0,-0.022600000000000002,0.05456205328555502,-0.452,0,0,0,3,0.03170831998473862,0.010569439994912874,0.06791551196497625,0.7521050034459368,1.773888875565512,0,0.03170831998473862,-0.03170831998473862
hitter,671655,George Valera,CLE,2,0,2,0.0,0.0,-0.045200000000000004,0.0,-0.045200000000000004,0.0,-0.022600000000000002,0.036934574592484226,-0.452,0,0,0,0,0.0,0.0,0.0,0.0,0.0,0.0,0.0,0.0
hitter,681546,James Outman,MIN,1,0,1,0.0,0.0,-0.022600000000000002,0.0,-0.022600000000000002,0.0,-0.022600000000000002,0.0010525780159974518,-0.226,0,0,0,1,0.0009753805974700375,0.0009753805974700375,0.010641491284936244,0.5594597212222125,0.9292272408968838,0.0009753805974700375,0,-0.0009753805974700375
pitcher,607455,Anthony Banda,MIN,1,0,1,0.0,0.0,-0.022600000000000002,0.0,-0.022600000000000002,0.0,-0.022600000000000002,0.012111820324858746,-0.226,0,0,1,1,0.0016533417547153727,0.0016533417547153727,0.034917587923422255,0.2802686669018235,0.04265300540323125,0,0.0016533417547153727,-0.0016533417547153727
pitcher,595014,Blake Treinen,LAD,2,0,2,0.0,0.0,-0.045200000000000004,0.0,-0.045200000000000004,0.0,-0.022600000000000002,0.10891308286886314,-0.452,0,0,0,6,0.03234549063637444,0.005390915106062406,0.0872859336072521,0.6581837419764202,1.4128464126900873,0,0.03234549063637444,-0.03234549063637444
pitcher,676596,Josh Fleming,TOR,1,0,1,0.0,0.0,-0.022600000000000002,0.0,-0.022600000000000002,0.0,-0.022600000000000002,-0.0012750245605351318,-0.226,0,0,0,0,0.0,0.0,0.0,0.0,0.0,0.0,0.0,0.0
hitter,665926,Andres Gimenez,TOR,4,0,4,0.0,0.0,-0.09040000000000001,0.0,-0.09040000000000001,0.0,-0.022600000000000002,0.04259833100982576,-0.904,0,0,3,10,0.061486973390484784,0.006148697339048478,0.17270478894935862,0.6342513945485827,1.2420599171982891,0.061486973390484784,0,-0.061486973390484784
hitter,672386,Alejandro Kirk,TOR,1,0,1,0.0,0.0,-0.022600000000000002,0.0,-0.022600000000000002,0.0,-0.022600000000000002,0.004872245009505116,-0.226,0,0,0,5,0.08567476311626057,0.017134952623252115,0.17292263764667543,0.7835214153458524,2.1193756105662502,0.08567476311626057,0,-0.08567476311626057
pitcher,663893,Brendon Little,TOR,1,0,1,0.0,0.0,-0.022600000000000002,0.0,-0.022600000000000002,0.0,-0.022600000000000002,0.03777173995387306,-0.226,0,0,1,1,0.018413995816670362,0.018413995816670362,0.035967729356648936,0.6286317583074388,1.1447636323660868,0,0.018413995816670362,-0.018413995816670362
pitcher,453286,Max Scherzer,TOR,1,0,1,0.0,0.0,-0.022600000000000002,0.0,-0.022600000000000002,0.0,-0.022600000000000002,0.01770130600655251,-0.226,0,0,0,6,0.05124606662095966,0.008541011103493276,0.09428840540237016,0.7558544224845455,1.8724162681378995,0,0.05124606662095966,-0.05124606662095966
pitcher,642397,Gregory Soto,PIT,3,0,3,0.0,0.0,-0.0678,0.0,-0.0678,0.0,-0.0226,0.09151508665748298,-0.678,0,0,2,4,0.18838090182611178,0.047095225456527945,0.43792587135631755,0.478878722860975,0.7021457571863675,0,0.18838090182611178,-0.18838090182611178
fielder_challenger,642397,Gregory Soto,PIT,3,0,3,0.0,0.0,-0.0678,0.0,-0.0678,0.0,-0.0226,0.09151508665748298,-0.678,0,0,2,0,0.0,0.0,0.0,0.0,0.0,0.0,0.0,0.0
catcher,624431,Jose Trevino,CIN,1,0,1,0.0,0.0,-0.022600000000000002,0.0,-0.022600000000000002,0.0,-0.022600000000000002,0.04722774392404128,-0.226,0,0,0,0,0.0,0.0,0.0,0.0,0.0,0.0,0.0,0.0
pitcher,641941,Emilio Pagan,CIN,1,0,1,0.0,0.0,-0.022600000000000002,0.0,-0.022600000000000002,0.0,-0.022600000000000002,0.04722774392404128,-0.226,0,0,0,3,0.031506364338232375,0.010502121446077458,0.09589921174863258,0.533897904892885,0.8612647287677757,0,0.031506364338232375,-0.031506364338232375
fielder_challenger,624431,Jose Trevino,CIN,1,0,1,0.0,0.0,-0.022600000000000002,0.0,-0.022600000000000002,0.0,-0.022600000000000002,0.04722774392404128,-0.226,0,0,0,0,0.0,0.0,0.0,0.0,0.0,0.0,0.0,0.0
hitter,664731,P.J. Higgins,CIN,1,0,1,0.0,0.0,-0.022600000000000002,0.0,-0.022600000000000002,0.0,-0.022600000000000002,0.02104983478752137,-0.226,0,0,0,0,0.0,0.0,0.0,0.0,0.0,0.0,0.0,0.0
pitcher,693312,Kyle Nicolas,CIN,1,0,1,0.0,0.0,-0.022600000000000002,0.0,-0.022600000000000002,0.0,-0.022600000000000002,-1.6719449191793245e-07,-0.226,0,0,0,1,0.0036217170972633896,0.0036217170972633896,0.006387353794697848,0.8436376221374893,2.014160097236651,0,0.0036217170972633896,-0.0036217170972633896
pitcher,672782,Yoendrys Gomez,TB,3,0,3,0.0,0.0,-0.0678,0.0,-0.0678,0.0,-0.0226,0.0015193060015306827,-0.678,0,0,2,1,0.004156053055730991,0.004156053055730991,0.007304043782555933,0.830789974286308,1.9434272440077516,0,0.004156053055730991,-0.004156053055730991
hitter,663743,Nick Fortes,TB,1,0,1,0.0,0.0,-0.022600000000000002,0.0,-0.022600000000000002,0.0,-0.022600000000000002,0.029734008440508886,-0.226,0,0,1,6,0.042747789395923184,0.007124631565987197,0.13686145542096007,0.609431709772479,1.2026218158583701,0.042747789395923184,0,-0.042747789395923184
hitter,691718,Pete Crow-Armstrong,CHC,1,0,1,0.0,0.0,-0.022600000000000002,0.0,-0.022600000000000002,0.0,-0.022600000000000002,0.006181644240399686,-0.226,0,0,0,10,0.07647419650502296,0.007647419650502296,0.20807218909709677,0.6591420900064702,1.4448704933865182,0.07647419650502296,0,-0.07647419650502296
pitcher,671212,Joe Boyle,TB,2,0,2,0.0,0.0,-0.045200000000000004,0.0,-0.045200000000000004,0.0,-0.022600000000000002,0.04320881775169538,-0.452,0,0,0,3,0.01775623737883384,0.005918745792944613,0.05660562861680868,0.6324146281448176,1.1583605695196337,0,0.01775623737883384,-0.01775623737883384
hitter,802139,JJ Wetherholt,STL,1,0,1,0.0,0.0,-0.022600000000000002,0.0,-0.022600000000000002,0.0,-0.022600000000000002,0.012378838620778713,-0.226,0,0,0,17,0.15007818437505083,0.008828128492650049,0.3274331858769769,0.6937532130838313,1.4924817216451338,0.15007818437505083,0,-0.15007818437505083
hitter,682877,Juan Brito,CLE,1,0,1,0.0,0.0,-0.022600000000000002,0.0,-0.022600000000000002,0.0,-0.022600000000000002,0.016211597098021446,-0.226,0,0,0,0,0.0,0.0,0.0,0.0,0.0,0.0,0.0,0.0
hitter,701675,Nathan Church,STL,1,0,1,0.0,0.0,-0.022600000000000002,0.0,-0.022600000000000002,0.0,-0.022600000000000002,0.004940150119500553,-0.226,0,0,0,11,0.09854058359329983,0.008958234872118167,0.2202035026586947,0.6770097759567785,1.404081235660436,0.09854058359329983,0,-0.09854058359329983
fielder_challenger,669461,Matthew Liberatore,STL,1,0,1,0.0,0.0,-0.022600000000000002,0.0,-0.022600000000000002,0.0,-0.022600000000000002,0.02389768825950922,-0.226,0,0,0,0,0.0,0.0,0.0,0.0,0.0,0.0,0.0,0.0
hitter,676439,Hunter Feduccia,TB,1,0,1,0.0,0.0,-0.022600000000000002,0.0,-0.022600000000000002,0.0,-0.022600000000000002,0.005396680146694144,-0.226,0,0,0,3,0.012507228919070587,0.0041690763063568625,0.04711231211744096,0.6174635614285818,1.2330858384004149,0.012507228919070587,0,-0.012507228919070587
fielder_challenger,596001,Jakob Junis,TEX,1,0,1,0.0,0.0,-0.022600000000000002,0.0,-0.022600000000000002,0.0,-0.022600000000000002,0.005168705705304158,-0.226,0,0,1,0,0.0,0.0,0.0,0.0,0.0,0.0,0.0,0.0
hitter,669701,Josh Smith,TEX,2,0,2,0.0,0.0,-0.045200000000000004,0.0,-0.045200000000000004,0.0,-0.022600000000000002,0.018229767434653543,-0.452,0,0,0,2,0.01048101511830845,0.005240507559154225,0.027522134589326924,0.6602376856337868,1.2483248932133477,0.01048101511830845,0,-0.01048101511830845
hitter,694388,Joey Loperfido,HOU,2,0,2,0.0,0.0,-0.045200000000000004,0.0,-0.045200000000000004,0.0,-0.022600000000000002,0.05285063332666126,-0.452,0,0,2,2,0.012834058235273992,0.006417029117636996,0.0713493193969536,0.42380107073295525,0.5101909539582141,0.012834058235273992,0,-0.012834058235273992
pitcher,662253,Andres Munoz,SEA,1,0,1,0.0,0.0,-0.022600000000000002,0.0,-0.022600000000000002,0.0,-0.022600000000000002,0.0039913473305540625,-0.226,0,0,0,9,0.09588901739286775,0.010654335265874193,0.3332995023281772,0.48121718645271866,0.6939831799558659,0,0.09588901739286775,-0.09588901739286775
hitter,669224,Austin Wells,NYY,2,0,2,0.0,0.0,-0.045200000000000004,0.0,-0.045200000000000004,0.0,-0.022600000000000002,0.017654357419619626,-0.452,0,0,0,4,0.06721555269566211,0.016803888173915527,0.24686322218748002,0.498801505458892,0.7446829277285101,0.06721555269566211,0,-0.06721555269566211
hitter,672356,Gabriel Arias,CLE,2,0,2,0.0,0.0,-0.045200000000000004,0.0,-0.045200000000000004,0.0,-0.022600000000000002,0.025522446004223653,-0.452,0,0,1,6,0.024430748212076636,0.004071791368679439,0.05051056868804932,0.8552996345269711,2.6578925422124366,0.024430748212076636,0,-0.024430748212076636
pitcher,670059,Colin Holderman,CLE,1,0,1,0.0,0.0,-0.022600000000000002,0.0,-0.022600000000000002,0.0,-0.022600000000000002,0.016509776569487933,-0.226,0,0,1,6,0.03640538845509529,0.006067564742515882,0.09589573184277395,0.6540994375135635,1.3062625532177765,0,0.03640538845509529,-0.03640538845509529
hitter,672275,Patrick Bailey,SF,2,0,2,0.0,0.0,-0.045200000000000004,0.0,-0.045200000000000004,0.0,-0.022600000000000002,0.002067126455801427,-0.452,0,0,0,4,0.034993720710135984,0.008748430177533996,0.08082439895945781,0.6652774593230939,1.265946464818327,0.034993720710135984,0,-0.034993720710135984
pitcher,668873,Caleb Kilian,SF,1,0,1,0.0,0.0,-0.022600000000000002,0.0,-0.022600000000000002,0.0,-0.022600000000000002,0.012757694272260256,-0.226,0,0,1,4,0.04859787560937078,0.012149468902342695,0.1226823817370855,0.5766182967912661,1.0124187611264865,0,0.04859787560937078,-0.04859787560937078
fielder_challenger,645261,Sandy Alcantara,MIA,1,0,1,0.0,0.0,-0.022600000000000002,0.0,-0.022600000000000002,0.0,-0.022600000000000002,0.003574225767597583,-0.226,0,0,0,0,0.0,0.0,0.0,0.0,0.0,0.0,0.0,0.0
pitcher,605288,Adrian Houser,SF,2,0,2,0.0,0.0,-0.045200000000000004,0.0,-0.045200000000000004,0.0,-0.022600000000000002,0.08873385020213598,-0.452,0,0,1,10,0.050594133080176365,0.005059413308017636,0.13460320647819113,0.6792769748393376,1.398831004206699,0,0.050594133080176365,-0.050594133080176365
hitter,702222,Justin Crawford,PHI,3,0,3,0.0,0.0,-0.0678,0.0,-0.0678,0.0,-0.0226,0.08809493839608801,-0.678,0,0,1,7,0.040703333668184634,0.005814761952597805,0.09395101423856204,0.7318322395178226,1.5789090825258,0.040703333668184634,0,-0.040703333668184634
pitcher,676775,Keaton Winn,SF,1,0,1,0.0,0.0,-0.022600000000000002,0.0,-0.022600000000000002,0.0,-0.022600000000000002,0.0001907379106232856,-0.226,0,0,0,5,0.030050124781745263,0.006010024956349053,0.11929227755730772,0.5629704809788147,1.0043286687565989,0,0.030050124781745263,-0.030050124781745263
catcher,694208,Moises Ballesteros,CHC,2,0,2,0.0,0.0,-0.045200000000000004,0.0,-0.045200000000000004,0.0,-0.022600000000000002,0.029008613216316925,-0.452,0,0,1,0,0.0,0.0,0.0,0.0,0.0,0.0,0.0,0.0
fielder_challenger,571510,Matthew Boyd,CHC,1,0,1,0.0,0.0,-0.022600000000000002,0.0,-0.022600000000000002,0.0,-0.022600000000000002,0.01869461994041849,-0.226,0,0,0,0,0.0,0.0,0.0,0.0,0.0,0.0,0.0,0.0
fielder_challenger,694208,Moises Ballesteros,CHC,1,0,1,0.0,0.0,-0.022600000000000002,0.0,-0.022600000000000002,0.0,-0.022600000000000002,0.010313993275898437,-0.226,0,0,1,0,0.0,0.0,0.0,0.0,0.0,0.0,0.0,0.0
hitter,592206,Nick Castellanos,SD,1,0,1,0.0,0.0,-0.022600000000000002,0.0,-0.022600000000000002,0.0,-0.022600000000000002,0.012113966572455337,-0.226,0,0,0,0,0.0,0.0,0.0,0.0,0.0,0.0,0.0,0.0
hitter,687859,Troy Johnston,COL,4,0,4,0.0,0.0,-0.09040000000000001,0.0,-0.09040000000000001,0.0,-0.022600000000000002,0.12664207013950124,-0.904,0,0,1,5,0.0273133209761585,0.0054626641952317,0.052667167543429795,0.7796924249005077,2.116855588379475,0.0273133209761585,0,-0.0273133209761585
hitter,650489,Willi Castro,COL,2,0,2,0.0,0.0,-0.045200000000000004,0.0,-0.045200000000000004,0.0,-0.022600000000000002,0.03249244895833553,-0.452,0,0,1,11,0.062186006539562175,0.0056532733217783794,0.22079477880770954,0.6054225416121432,1.330286017900332,0.062186006539562175,0,-0.062186006539562175
hitter,690993,Colt Keith,DET,3,0,3,0.0,0.0,-0.0678,0.0,-0.0678,0.0,-0.0226,0.17335432454829422,-0.678,0,0,2,5,0.022485434421060543,0.004497086884212109,0.08958589963141872,0.6220964080216475,1.260655433779998,0.022485434421060543,0,-0.022485434421060543
hitter,665487,Fernando Tatis Jr.,SD,1,0,1,0.0,0.0,-0.022600000000000002,0.0,-0.022600000000000002,0.0,-0.022600000000000002,0.0064506395366524805,-0.226,0,0,0,10,0.09091484795729413,0.009091484795729413,0.2075054062824253,0.663336218123957,1.3977158844624407,0.09091484795729413,0,-0.09091484795729413
pitcher,642701,Dennis Santana,PIT,2,0,2,0.0,0.0,-0.045200000000000004,0.0,-0.045200000000000004,0.0,-0.022600000000000002,0.029360143381777837,-0.452,0,0,2,4,0.015957579569927653,0.003989394892481913,0.07125547479793966,0.6058249217201874,1.1368871867572792,0,0.015957579569927653,-0.015957579569927653
hitter,678391,Jorbit Vivas,WSH,1,0,1,0.0,0.0,-0.022600000000000002,0.0,-0.022600000000000002,0.0,-0.022600000000000002,0.009350718159486515,-0.226,0,0,0,12,0.0984054356209094,0.008200452968409117,0.17949693672379252,0.7600813916223993,1.9184274958933587,0.0984054356209094,0,-0.0984054356209094
pitcher,681895,Evan Sisk,PIT,1,0,1,0.0,0.0,-0.022600000000000002,0.0,-0.022600000000000002,0.0,-0.022600000000000002,0.0,-0.226,0,0,0,11,0.04612085607949348,0.004192805098135771,0.10004992964147179,0.7924333306699031,2.0560941701427096,0,0.04612085607949348,-0.04612085607949348
hitter,657656,Ramon Laureano,SD,2,0,2,0.0,0.0,-0.045200000000000004,0.0,-0.045200000000000004,0.0,-0.022600000000000002,0.07429353908712286,-0.452,0,0,1,2,0.007745661428635505,0.0038728307143177524,0.03104787906469819,0.5713682886818229,0.9675572352650921,0.007745661428635505,0,-0.007745661428635505
pitcher,700249,Cade Povich,BAL,1,0,1,0.0,0.0,-0.022600000000000002,0.0,-0.022600000000000002,0.0,-0.022600000000000002,6.626037347033393e-05,-0.226,0,0,0,7,0.036635525818849886,0.0052336465455499834,0.0816570180092263,0.7496201098876208,1.8039626756434557,0,0.036635525818849886,-0.036635525818849886
hitter,687637,Dylan Beavers,BAL,2,0,2,0.0,0.0,-0.045200000000000004,0.0,-0.045200000000000004,0.0,-0.022600000000000002,0.06811444459364382,-0.452,0,0,1,14,0.11120300254963664,0.007943071610688331,0.3238162175307455,0.6260362117091919,1.275630022346425,0.11120300254963664,0,-0.11120300254963664
catcher,606992,Eric Haase,SF,1,0,1,0.0,0.0,-0.022600000000000002,0.0,-0.022600000000000002,0.0,-0.022600000000000002,0.02833065990696504,-0.226,0,0,1,0,0.0,0.0,0.0,0.0,0.0,0.0,0.0,0.0
fielder_challenger,606992,Eric Haase,SF,1,0,1,0.0,0.0,-0.022600000000000002,0.0,-0.022600000000000002,0.0,-0.022600000000000002,0.02833065990696504,-0.226,0,0,1,0,0.0,0.0,0.0,0.0,0.0,0.0,0.0,0.0
pitcher,641835,Tim Mayza,PHI,1,0,1,0.0,0.0,-0.022600000000000002,0.0,-0.022600000000000002,0.0,-0.022600000000000002,0.007648661416253866,-0.226,0,0,0,2,0.007337452077608058,0.003668726038804029,0.04544287237549749,0.5591347733858535,1.003280589982536,0,0.007337452077608058,-0.007337452077608058
fielder_challenger,650911,Cristopher Sanchez,PHI,2,0,2,0.0,0.0,-0.045200000000000004,0.0,-0.045200000000000004,0.0,-0.022600000000000002,0.0514218948532959,-0.452,0,0,0,0,0.0,0.0,0.0,0.0,0.0,0.0,0.0,0.0
pitcher,689147,Orion Kerkering,PHI,1,0,1,0.0,0.0,-0.022600000000000002,0.0,-0.022600000000000002,0.0,-0.022600000000000002,0.0043823474505153,-0.226,0,0,1,6,0.15459512725043048,0.025765854541738412,0.3362442821649203,0.6251969763087691,1.211650738349456,0,0.15459512725043048,-0.15459512725043048
pitcher,621383,Tanner Banks,PHI,1,0,1,0.0,0.0,-0.022600000000000002,0.0,-0.022600000000000002,0.0,-0.022600000000000002,0.00959783788905097,-0.226,0,0,0,1,0.0005003224267148016,0.0005003224267148016,0.006408115609823475,0.6663793419198506,1.2688908731880613,0,0.0005003224267148016,-0.0005003224267148016
pitcher,668678,Zac Gallen,AZ,2,0,2,0.0,0.0,-0.045200000000000004,0.0,-0.045200000000000004,0.0,-0.022600000000000002,0.034362569395651965,-0.452,0,0,0,10,0.11262366889834456,0.011262366889834455,0.1895130790431354,0.7701929441146126,1.7535201553178656,0,0.11262366889834456,-0.11262366889834456
hitter,672695,Geraldo Perdomo,AZ,2,0,2,0.0,0.0,-0.045200000000000004,0.0,-0.045200000000000004,0.0,-0.022600000000000002,0.12318175089393224,-0.452,0,0,1,9,0.07444989122909747,0.008272210136566385,0.20935030560345164,0.5997744057018924,1.0692878590888748,0.07444989122909747,0,-0.07444989122909747
pitcher,665871,Javier Assad,CHC,2,0,2,0.0,0.0,-0.045200000000000004,0.0,-0.045200000000000004,0.0,-0.022600000000000002,0.026985554333964712,-0.452,0,0,0,5,0.08414590484211233,0.016829180968422466,0.18837105542173146,0.6530739269287726,1.2582854837182968,0,0.08414590484211233,-0.08414590484211233
pitcher,641793,Zack Littell,WSH,2,0,2,0.0,0.0,-0.045200000000000004,0.0,-0.045200000000000004,0.0,-0.022600000000000002,0.04384916550145679,-0.452,0,0,0,12,0.11896496507938807,0.009913747089949005,0.2573808822916977,0.7101771908584817,1.5906472921745731,0,0.11896496507938807,-0.11896496507938807
pitcher,647315,Zach Pop,PHI,1,0,1,0.0,0.0,-0.022600000000000002,0.0,-0.022600000000000002,0.0,-0.022600000000000002,0.004492539908730775,-0.226,0,0,0,0,0.0,0.0,0.0,0.0,0.0,0.0,0.0,0.0
fielder_challenger,647315,Zach Pop,PHI,1,0,1,0.0,0.0,-0.022600000000000002,0.0,-0.022600000000000002,0.0,-0.022600000000000002,0.004492539908730775,-0.226,0,0,0,0,0.0,0.0,0.0,0.0,0.0,0.0,0.0,0.0
pitcher,676395,Robert Garcia,TEX,2,0,2,0.0,0.0,-0.045200000000000004,0.0,-0.045200000000000004,0.0,-0.022600000000000002,0.012151334572087391,-0.452,0,0,0,5,0.0630666466098115,0.0126133293219623,0.1545295903010061,0.5537935513750911,0.9173833273428631,0,0.0630666466098115,-0.0630666466098115
catcher,553869,Elias Diaz,KC,3,0,3,0.0,0.0,-0.0678,0.0,-0.0678,0.0,-0.0226,0.033620226527317165,-0.678,0,0,1,0,0.0,0.0,0.0,0.0,0.0,0.0,0.0,0.0
fielder_challenger,553869,Elias Diaz,KC,3,0,3,0.0,0.0,-0.0678,0.0,-0.0678,0.0,-0.0226,0.033620226527317165,-0.678,0,0,1,0,0.0,0.0,0.0,0.0,0.0,0.0,0.0,0.0
hitter,502671,Paul Goldschmidt,NYY,1,0,1,0.0,0.0,-0.022600000000000002,0.0,-0.022600000000000002,0.0,-0.022600000000000002,0.013674100617126372,-0.226,0,0,0,10,0.08204011852322776,0.008204011852322775,0.19823888368229076,0.6529021466351588,1.2684874016406875,0.08204011852322776,0,-0.08204011852322776
pitcher,683409,Angel Chivilli,NYY,1,0,1,0.0,0.0,-0.022600000000000002,0.0,-0.022600000000000002,0.0,-0.022600000000000002,9.697204041547725e-05,-0.226,0,0,1,0,0.0,0.0,0.0,0.0,0.0,0.0,0.0,0.0
fielder_challenger,701542,Will Warren,NYY,1,0,1,0.0,0.0,-0.022600000000000002,0.0,-0.022600000000000002,0.0,-0.022600000000000002,0.003723986129764323,-0.226,0,0,0,0,0.0,0.0,0.0,0.0,0.0,0.0,0.0,0.0
pitcher,661563,Luis Gil,NYY,1,0,1,0.0,0.0,-0.022600000000000002,0.0,-0.022600000000000002,0.0,-0.022600000000000002,0.0264370907168735,-0.226,0,0,0,2,0.007934374298951058,0.003967187149475529,0.027155447601302396,0.6495425147122261,1.2735451872246304,0,0.007934374298951058,-0.007934374298951058
pitcher,687396,Brent Headrick,NYY,1,0,1,0.0,0.0,-0.022600000000000002,0.0,-0.022600000000000002,0.0,-0.022600000000000002,0.0001106389525458093,-0.226,0,0,0,8,0.09635703848382264,0.01204462981047783,0.29092272656206736,0.5239245893057368,0.8746267327086459,0,0.09635703848382264,-0.09635703848382264
hitter,660162,Yoan Moncada,LAA,3,0,3,0.0,0.0,-0.0678,0.0,-0.0678,0.0,-0.0226,0.10548309303376827,-0.678,0,0,1,5,0.02088506642227681,0.004177013284455362,0.04205319016853071,0.8151834182132431,1.9849996328645871,0.02088506642227681,0,-0.02088506642227681
pitcher,622663,Luis Severino,ATH,3,0,3,0.0,0.0,-0.0678,0.0,-0.0678,0.0,-0.0226,0.0857358892709415,-0.678,0,0,0,16,0.08771960015317165,0.005482475009573228,0.23104470638225894,0.7076093980685794,1.6397458519046035,0,0.08771960015317165,-0.08771960015317165
pitcher,623211,Huascar Brazoban,NYM,1,0,1,0.0,0.0,-0.022600000000000002,0.0,-0.022600000000000002,0.0,-0.022600000000000002,0.005711035372208351,-0.226,0,0,0,4,0.019010717993268336,0.004752679498317084,0.08363720736041053,0.5869068644403191,1.0323910457723848,0,0.019010717993268336,-0.019010717993268336
hitter,665742,Juan Soto,NYM,2,0,2,0.0,0.0,-0.045200000000000004,0.0,-0.045200000000000004,0.0,-0.022600000000000002,0.016712610662311417,-0.452,0,0,1,6,0.030838815709594826,0.005139802618265805,0.11983735348141822,0.570884621679221,1.0040397646978747,0.030838815709594826,0,-0.030838815709594826
hitter,683146,Brett Baty,NYM,1,0,1,0.0,0.0,-0.022600000000000002,0.0,-0.022600000000000002,0.0,-0.022600000000000002,0.02683013130319678,-0.226,0,0,1,8,0.0614550595941465,0.007681882449268313,0.188569656933304,0.6114450726499844,1.1497860197197378,0.0614550595941465,0,-0.0614550595941465
hitter,701807,Carson Benge,NYM,1,0,1,0.0,0.0,-0.022600000000000002,0.0,-0.022600000000000002,0.0,-0.022600000000000002,0.03213337886131806,-0.226,0,0,0,12,0.12578478383390412,0.01048206531949201,0.3340329256531335,0.5776568013265294,1.0389739092881516,0.12578478383390412,0,-0.12578478383390412
pitcher,682052,Jacob Lopez,ATH,2,0,2,0.0,0.0,-0.045200000000000004,0.0,-0.045200000000000004,0.0,-0.022600000000000002,0.059455139604626894,-0.452,0,0,1,21,0.14366741224517887,0.006841305345008518,0.34019443661647675,0.6860797592736014,1.5056781358813878,0,0.14366741224517887,-0.14366741224517887
hitter,606466,Ketel Marte,AZ,2,0,2,0.0,0.0,-0.045200000000000004,0.0,-0.045200000000000004,0.0,-0.022600000000000002,0.07629613913087391,-0.452,0,0,1,15,0.22354613095943665,0.014903075397295776,0.448006783465083,0.7412538767112836,1.891871067214632,0.22354613095943665,0,-0.22354613095943665
pitcher,664875,Justin Lawrence,PIT,1,0,1,0.0,0.0,-0.022600000000000002,0.0,-0.022600000000000002,0.0,-0.022600000000000002,0.05466697573117624,-0.226,0,0,0,0,0.0,0.0,0.0,0.0,0.0,0.0,0.0,0.0
pitcher,682227,Brandon Williamson,CIN,1,0,1,0.0,0.0,-0.022600000000000002,0.0,-0.022600000000000002,0.0,-0.022600000000000002,0.05206731049749702,-0.226,0,0,0,10,0.06510346476551718,0.0065103464765517175,0.1476870933908973,0.7644248667804887,1.7718269499768646,0,0.06510346476551718,-0.06510346476551718
hitter,655316,Andruw Monasterio,BOS,1,0,1,0.0,0.0,-0.022600000000000002,0.0,-0.022600000000000002,0.0,-0.022600000000000002,0.01728866468240159,-0.226,0,0,0,9,0.08301647927405012,0.009224053252672235,0.23279206028387384,0.5855858102055472,1.2089720499476828,0.08301647927405012,0,-0.08301647927405012
pitcher,547973,Aroldis Chapman,BOS,2,0,2,0.0,0.0,-0.045200000000000004,0.0,-0.045200000000000004,0.0,-0.022600000000000002,0.023339663868318986,-0.452,0,0,1,9,0.049746213863676274,0.00552735709596403,0.23662737925816135,0.5050991495983937,0.7865899538842577,0,0.049746213863676274,-0.049746213863676274
hitter,679529,Spencer Torkelson,DET,3,0,3,0.0,0.0,-0.0678,0.0,-0.0678,0.0,-0.0226,0.010006906140691652,-0.678,0,0,0,18,0.13669782901012434,0.007594323833895796,0.3093466762279507,0.7256050341521049,1.689748766632316,0.13669782901012434,0,-0.13669782901012434
hitter,686797,Brooks Lee,MIN,1,0,1,0.0,0.0,-0.022600000000000002,0.0,-0.022600000000000002,0.0,-0.022600000000000002,0.013903343342624774,-0.226,0,0,0,7,0.034460370360261235,0.0049229100514658905,0.08695368526667849,0.7045160154172727,1.477456885604599,0.034460370360261235,0,-0.034460370360261235
pitcher,691769,Philip Abner,AZ,1,0,1,0.0,0.0,-0.022600000000000002,0.0,-0.022600000000000002,0.0,-0.022600000000000002,0.00040235523882698344,-0.226,0,0,0,0,0.0,0.0,0.0,0.0,0.0,0.0,0.0,0.0
hitter,666152,David Hamilton,MIL,1,0,1,0.0,0.0,-0.022600000000000002,0.0,-0.022600000000000002,0.0,-0.022600000000000002,0.02157439039078879,-0.226,0,0,0,5,0.07068667379959621,0.014137334759919244,0.10496576925913959,0.7360130485863113,1.8570715298198486,0.07068667379959621,0,-0.07068667379959621
pitcher,702153,Brian Fitzpatrick,MIL,1,0,1,0.0,0.0,-0.022600000000000002,0.0,-0.022600000000000002,0.0,-0.022600000000000002,5.497993339820262e-05,-0.226,0,0,1,0,0.0,0.0,0.0,0.0,0.0,0.0,0.0,0.0
hitter,675659,Greg Jones,MIL,1,0,1,0.0,0.0,-0.022600000000000002,0.0,-0.022600000000000002,0.0,-0.022600000000000002,0.023012614298850986,-0.226,0,0,1,0,0.0,0.0,0.0,0.0,0.0,0.0,0.0,0.0
hitter,663604,Brandon Lockridge,MIL,2,0,2,0.0,0.0,-0.045200000000000004,0.0,-0.045200000000000004,0.0,-0.022600000000000002,0.03680669270896619,-0.452,0,0,0,3,0.013314033148374593,0.0044380110494581975,0.05333566811369661,0.5426002887630442,0.8782809421338507,0.013314033148374593,0,-0.013314033148374593
pitcher,592332,Kevin Gausman,TOR,2,0,2,0.0,0.0,-0.045200000000000004,0.0,-0.045200000000000004,0.0,-0.022600000000000002,0.021752633019786527,-0.452,0,0,0,17,0.13937332022296545,0.008198430601350908,0.32300333707561435,0.6737829309612199,1.5719126375662016,0,0.13937332022296545,-0.13937332022296545
hitter,802415,Chandler Simpson,TB,1,0,1,0.0,0.0,-0.022600000000000002,0.0,-0.022600000000000002,0.0,-0.022600000000000002,0.018490511970989942,-0.226,0,0,0,11,0.0905460668610004,0.008231460623727309,0.2903843167519452,0.6260224636612451,1.3783766642820428,0.0905460668610004,0,-0.0905460668610004
hitter,661388,William Contreras,MIL,1,0,1,0.0,0.0,-0.022600000000000002,0.0,-0.022600000000000002,0.0,-0.022600000000000002,0.018148859320588892,-0.226,0,0,0,18,0.14362788756988865,0.007979327087216036,0.34131274287877533,0.6735479125060858,1.4760423950404136,0.14362788756988865,0,-0.14362788756988865
hitter,671976,Tristan Peters,CWS,1,0,1,0.0,0.0,-0.022600000000000002,0.0,-0.022600000000000002,0.0,-0.022600000000000002,0.01723578621449151,-0.226,0,0,0,4,0.03073216393840032,0.00768304098460008,0.05777549645708065,0.7482464398719962,1.5793104050985463,0.03073216393840032,0,-0.03073216393840032
hitter,672820,Lenyn Sosa,CWS,1,0,1,0.0,0.0,-0.022600000000000002,0.0,-0.022600000000000002,0.0,-0.022600000000000002,0.002037171041066193,-0.226,0,0,1,1,0.013548261237725364,0.013548261237725364,0.01739495311666095,0.9038205678672706,2.430311491650107,0.013548261237725364,0,-0.013548261237725364
hitter,682663,Agustin Ramirez,MIA,5,0,5,0.0,0.0,-0.11300000000000002,0.0,-0.11300000000000002,0.0,-0.022600000000000002,0.10680413645057643,-1.1300000000000001,0,0,1,3,0.027996380375379822,0.009332126791793275,0.04129833218990811,0.8226771985463698,1.9332667965101518,0.027996380375379822,0,-0.027996380375379822
hitter,650859,Luis Rengifo,MIL,1,0,1,0.0,0.0,-0.022600000000000002,0.0,-0.022600000000000002,0.0,-0.022600000000000002,0.024210676044695352,-0.226,0,0,0,7,0.057076725881060435,0.008153817983008634,0.1425718083518848,0.649250000328046,1.3697132822770042,0.057076725881060435,0,-0.057076725881060435
hitter,641343,Jake Bauers,MIL,1,0,1,0.0,0.0,-0.022600000000000002,0.0,-0.022600000000000002,0.0,-0.022600000000000002,0.009058037125501905,-0.226,0,0,0,13,0.1024378605126391,0.007879835424049162,0.2421374861274283,0.7195607032987394,1.7564014649511006,0.1024378605126391,0,-0.1024378605126391
hitter,663993,Nathaniel Lowe,CIN,1,0,1,0.0,0.0,-0.022600000000000002,0.0,-0.022600000000000002,0.0,-0.022600000000000002,0.05163366367338129,-0.226,0,0,1,12,0.08326736488555517,0.006938947073796264,0.2048482657096019,0.6482270521498769,1.3299569337062587,0.08326736488555517,0,-0.08326736488555517
hitter,668715,Spencer Steer,CIN,2,0,2,0.0,0.0,-0.045200000000000004,0.0,-0.045200000000000004,0.0,-0.022600000000000002,0.1282479840791867,-0.452,0,0,0,11,0.14889022312392156,0.013535474829447414,0.24748534552448415,0.7118894891641747,1.847990099851364,0.14889022312392156,0,-0.14889022312392156
pitcher,663542,Bryan Hudson,CWS,2,0,2,0.0,0.0,-0.045200000000000004,0.0,-0.045200000000000004,0.0,-0.022600000000000002,0.03587120130772134,-0.452,0,0,0,16,0.12981121636060716,0.008113201022537948,0.3525540429377593,0.645451090734161,1.3149110367081625,0,0.12981121636060716,-0.12981121636060716
fielder_challenger,500779,Jose Quintana,COL,1,0,1,0.0,0.0,-0.022600000000000002,0.0,-0.022600000000000002,0.0,-0.022600000000000002,0.036574084566616816,-0.226,0,0,0,0,0.0,0.0,0.0,0.0,0.0,0.0,0.0,0.0
hitter,688363,Graham Pauley,MIA,2,0,2,0.0,0.0,-0.045200000000000004,0.0,-0.045200000000000004,0.0,-0.022600000000000002,0.047807357967689645,-0.452,0,0,1,3,0.028554508230091768,0.00951816941003059,0.05377699334534769,0.7275601271649116,1.509184178188373,0.028554508230091768,0,-0.028554508230091768
pitcher,808963,Roki Sasaki,LAD,2,0,2,0.0,0.0,-0.045200000000000004,0.0,-0.045200000000000004,0.0,-0.022600000000000002,0.04966722336095997,-0.452,0,0,0,14,0.13508392347885181,0.009648851677060843,0.28592678522448883,0.6557579461342856,1.301429673193672,0,0.13508392347885181,-0.13508392347885181
hitter,663656,Kyle Tucker,LAD,1,0,1,0.0,0.0,-0.022600000000000002,0.0,-0.022600000000000002,0.0,-0.022600000000000002,0.045941658067599866,-0.226,0,0,1,12,0.06094459091400144,0.0050787159095001195,0.27744010651288414,0.573794985205574,1.0817855336948987,0.06094459091400144,0,-0.06094459091400144
pitcher,808967,Yoshinobu Yamamoto,LAD,1,0,1,0.0,0.0,-0.022600000000000002,0.0,-0.022600000000000002,0.0,-0.022600000000000002,0.035474716784248184,-0.226,0,0,0,21,0.1561645598198462,0.007436407610468866,0.4162723034326422,0.6440287953868497,1.281031019360628,0,0.1561645598198462,-0.1561645598198462
hitter,500743,Miguel Rojas,LAD,1,0,1,0.0,0.0,-0.022600000000000002,0.0,-0.022600000000000002,0.0,-0.022600000000000002,0.07176969454872884,-0.226,0,0,1,10,0.11353629768539716,0.011353629768539717,0.20447122398374717,0.7479852288540936,1.975662654794813,0.11353629768539716,0,-0.11353629768539716
pitcher,669165,Kyle Hurt,LAD,1,0,1,0.0,0.0,-0.022600000000000002,0.0,-0.022600000000000002,0.0,-0.022600000000000002,0.00031833566267835955,-0.226,0,0,1,4,0.014070987389521988,0.003517746847380497,0.0816329571194681,0.5077269803969651,0.7902205114922612,0,0.014070987389521988,-0.014070987389521988
hitter,808975,Hyeseong Kim,LAD,1,0,1,0.0,0.0,-0.022600000000000002,0.0,-0.022600000000000002,0.0,-0.022600000000000002,0.04744164604263268,-0.226,0,0,1,1,0.005395943850957348,0.005395943850957348,0.012168180987413846,0.7114289709931717,1.42675074441828,0.005395943850957348,0,-0.005395943850957348
fielder_challenger,676395,Robert Garcia,TEX,1,0,1,0.0,0.0,-0.022600000000000002,0.0,-0.022600000000000002,0.0,-0.022600000000000002,0.010250959575530127,-0.226,0,0,0,0,0.0,0.0,0.0,0.0,0.0,0.0,0.0,0.0
pitcher,455119,Chris Martin,TEX,1,0,1,0.0,0.0,-0.022600000000000002,0.0,-0.022600000000000002,0.0,-0.022600000000000002,0.0014232682915904342,-0.226,0,0,1,2,0.019933163474142503,0.009966581737071252,0.023932475424368715,0.9165250999733645,2.6035459920691713,0,0.019933163474142503,-0.019933163474142503
pitcher,671922,Cade Smith,CLE,2,0,2,0.0,0.0,-0.045200000000000004,0.0,-0.045200000000000004,0.0,-0.022600000000000002,0.020349441126402135,-0.452,0,0,0,11,0.19089079454512758,0.017353708595011598,0.5143272318377606,0.642051098374041,1.3808609358013133,0,0.19089079454512758,-0.19089079454512758
fielder_challenger,621242,Edwin Diaz,LAD,1,0,1,0.0,0.0,-0.022600000000000002,0.0,-0.022600000000000002,0.0,-0.022600000000000002,0.03862466836555145,-0.226,0,0,1,0,0.0,0.0,0.0,0.0,0.0,0.0,0.0,0.0
hitter,657757,Gavin Sheets,SD,1,0,1,0.0,0.0,-0.022600000000000002,0.0,-0.022600000000000002,0.0,-0.022600000000000002,0.02119911830734114,-0.226,0,0,0,11,0.10769430063157612,0.00979039096650692,0.25293738990430037,0.6187904732038028,1.3491128299451538,0.10769430063157612,0,-0.10769430063157612
pitcher,663158,Robert Suarez,ATL,2,0,2,0.0,0.0,-0.045200000000000004,0.0,-0.045200000000000004,0.0,-0.022600000000000002,0.13443815940176496,-0.452,0,0,1,3,0.0669477468162015,0.0223159156054005,0.14607015485648922,0.5396133867731933,0.8711677495282464,0,0.0669477468162015,-0.0669477468162015
hitter,641598,Mitch Garver,SEA,1,0,1,0.0,0.0,-0.022600000000000002,0.0,-0.022600000000000002,0.0,-0.022600000000000002,0.019443858322354124,-0.226,0,0,0,2,0.018382155283019473,0.009191077641509737,0.0797159912994646,0.47199926721576474,0.6608948031249309,0.018382155283019473,0,-0.018382155283019473
pitcher,700712,Walbert Urena,LAA,1,0,1,0.0,0.0,-0.022600000000000002,0.0,-0.022600000000000002,0.0,-0.022600000000000002,0.006477825467411685,-0.226,0,0,0,2,0.010756316735600522,0.005378158367800261,0.01614285076167088,0.8555198319467116,2.1010339451377105,0,0.010756316735600522,-0.010756316735600522
fielder_challenger,605447,Jordan Romano,LAA,1,0,1,0.0,0.0,-0.022600000000000002,0.0,-0.022600000000000002,0.0,-0.022600000000000002,-4.587919816150877e-05,-0.226,0,0,1,0,0.0,0.0,0.0,0.0,0.0,0.0,0.0,0.0
hitter,679845,Nick Loftin,KC,1,0,1,0.0,0.0,-0.022600000000000002,0.0,-0.022600000000000002,0.0,-0.022600000000000002,0.0010680888552113688,-0.226,0,0,0,7,0.05413843320833854,0.007734061886905506,0.10912401812976796,0.7010385333988826,1.4576817176310715,0.05413843320833854,0,-0.05413843320833854
pitcher,670167,John Schreiber,KC,2,0,2,0.0,0.0,-0.045200000000000004,0.0,-0.045200000000000004,0.0,-0.022600000000000002,0.03226918246996047,-0.452,0,0,1,4,0.011229969145798824,0.002807492286449706,0.1050616244325584,0.42251042595817767,0.5154148966692993,0,0.011229969145798824,-0.011229969145798824
pitcher,696147,Sam Bachman,LAA,1,0,1,0.0,0.0,-0.022600000000000002,0.0,-0.022600000000000002,0.0,-0.022600000000000002,0.040004826730258514,-0.226,0,0,0,5,0.131343681184544,0.026268736236908802,0.49342552592977296,0.4377345620807608,0.5474266868944345,0,0.131343681184544,-0.131343681184544
hitter,669326,Bryce Teodosio,LAA,2,0,2,0.0,0.0,-0.045200000000000004,0.0,-0.045200000000000004,0.0,-0.022600000000000002,0.0025404300609094266,-0.452,0,0,1,1,0.0068889688248601234,0.0068889688248601234,0.010348269931362841,0.8402042695573068,1.994811544105782,0.0068889688248601234,0,-0.0068889688248601234
pitcher,656638,Alex Lange,KC,1,0,1,0.0,0.0,-0.022600000000000002,0.0,-0.022600000000000002,0.0,-0.022600000000000002,0.0025013308619144525,-0.226,0,0,0,3,0.018426848846781693,0.006142282948927231,0.029736797784993635,0.8245293956526064,1.973702291013477,0,0.018426848846781693,-0.018426848846781693
pitcher,689296,Anthony Nunez,BAL,1,0,1,0.0,0.0,-0.022600000000000002,0.0,-0.022600000000000002,0.0,-0.022600000000000002,0.005992265423798493,-0.226,0,0,1,8,0.07081092703303268,0.008851365879129085,0.16701205114225234,0.6845966241703193,1.4526485048360964,0,0.07081092703303268,-0.07081092703303268
hitter,642215,Weston Wilson,BAL,1,0,1,0.0,0.0,-0.022600000000000002,0.0,-0.022600000000000002,0.0,-0.022600000000000002,0.03562906578880132,-0.226,0,0,0,2,0.013127887950156318,0.006563943975078159,0.04880151787910428,0.6560910600158163,1.284193733514921,0.013127887950156318,0,-0.013127887950156318
pitcher,701474,Duncan Davitt,CWS,1,0,1,0.0,0.0,-0.022600000000000002,0.0,-0.022600000000000002,0.0,-0.022600000000000002,0.014922635326988405,-0.226,0,0,0,0,0.0,0.0,0.0,0.0,0.0,0.0,0.0,0.0
hitter,695020,Tanner Murray,CWS,1,0,1,0.0,0.0,-0.022600000000000002,0.0,-0.022600000000000002,0.0,-0.022600000000000002,0.006240951250089555,-0.226,0,0,0,1,0.0023986253895708137,0.0023986253895708137,0.00649369335856409,0.7698584612832882,1.6556341320452344,0.0023986253895708137,0,-0.0023986253895708137
hitter,643217,Andrew Benintendi,CWS,1,0,1,0.0,0.0,-0.022600000000000002,0.0,-0.022600000000000002,0.0,-0.022600000000000002,0.07582243135784139,-0.226,0,0,1,6,0.10237210982818243,0.01706201830469707,0.15249748054984874,0.764712397534611,2.2307984093277833,0.10237210982818243,0,-0.10237210982818243
fielder_challenger,622554,Seranthony Dominguez,CWS,1,0,1,0.0,0.0,-0.022600000000000002,0.0,-0.022600000000000002,0.0,-0.022600000000000002,0.09579912190836426,-0.226,0,0,1,0,0.0,0.0,0.0,0.0,0.0,0.0,0.0,0.0
pitcher,690986,Kyle Harrison,MIL,2,0,2,0.0,0.0,-0.045200000000000004,0.0,-0.045200000000000004,0.0,-0.022600000000000002,0.03844110166574244,-0.452,0,0,0,17,0.21418733734486756,0.012599255137933385,0.374551229739053,0.7165560580866153,1.552776441948126,0,0.21418733734486756,-0.21418733734486756
pitcher,663738,Daniel Lynch IV,KC,1,0,1,0.0,0.0,-0.022600000000000002,0.0,-0.022600000000000002,0.0,-0.022600000000000002,0.0002770210032545517,-0.226,0,0,0,6,0.042598051858311343,0.007099675309718557,0.12327392886159222,0.6183852457193904,1.1496840759717815,0,0.042598051858311343,-0.042598051858311343
fielder_challenger,518585,Fernando Cruz,NYY,1,0,1,0.0,0.0,-0.022600000000000002,0.0,-0.022600000000000002,0.0,-0.022600000000000002,0.02042934487303022,-0.226,0,0,1,0,0.0,0.0,0.0,0.0,0.0,0.0,0.0,0.0
hitter,687363,Victor Scott II,STL,1,0,1,0.0,0.0,-0.022600000000000002,0.0,-0.022600000000000002,0.0,-0.022600000000000002,0.12949431318823373,-0.226,0,0,0,5,0.018996779253529994,0.0037993558507059986,0.046628529026992695,0.7328497484829029,1.6243191619843018,0.018996779253529994,0,-0.018996779253529994
pitcher,676467,Colton Gordon,HOU,1,0,1,0.0,0.0,-0.022600000000000002,0.0,-0.022600000000000002,0.0,-0.022600000000000002,0.0008197928742776743,-0.226,0,0,0,0,0.0,0.0,0.0,0.0,0.0,0.0,0.0,0.0
hitter,543877,Christian Vazquez,HOU,1,0,1,0.0,0.0,-0.022600000000000002,0.0,-0.022600000000000002,0.0,-0.022600000000000002,0.07517215605010741,-0.226,0,0,0,9,0.024591797025696534,0.0027324218917440593,0.07996633420547537,0.7132531529795914,1.5516222949604983,0.024591797025696534,0,-0.024591797025696534
pitcher,624133,Ranger Suarez,BOS,1,0,1,0.0,0.0,-0.022600000000000002,0.0,-0.022600000000000002,0.0,-0.022600000000000002,0.0038833218865937935,-0.226,0,0,0,6,0.03413842777602312,0.00568973796267052,0.1347617514482461,0.540382226134569,0.8840870798497233,0,0.03413842777602312,-0.03413842777602312
pitcher,687911,Bryan King,HOU,1,0,1,0.0,0.0,-0.022600000000000002,0.0,-0.022600000000000002,0.0,-0.022600000000000002,0.09438614591737371,-0.226,0,0,0,8,0.08806588668082119,0.011008235835102648,0.22154229511278406,0.5998456601508011,1.2107356348562042,0,0.08806588668082119,-0.08806588668082119
hitter,666176,Jo Adell,LAA,1,0,1,0.0,0.0,-0.022600000000000002,0.0,-0.022600000000000002,0.0,-0.022600000000000002,0.02087751490901335,-0.226,0,0,0,8,0.07300943062648083,0.009126178828310103,0.22604354222180822,0.6267386880455479,1.3000520113728062,0.07300943062648083,0,-0.07300943062648083
pitcher,682610,Roddery Munoz,HOU,1,0,1,0.0,0.0,-0.022600000000000002,0.0,-0.022600000000000002,0.0,-0.022600000000000002,0.01673691948940667,-0.226,0,0,1,0,0.0,0.0,0.0,0.0,0.0,0.0,0.0,0.0
fielder_challenger,682610,Roddery Munoz,HOU,1,0,1,0.0,0.0,-0.022600000000000002,0.0,-0.022600000000000002,0.0,-0.022600000000000002,0.01673691948940667,-0.226,0,0,1,0,0.0,0.0,0.0,0.0,0.0,0.0,0.0,0.0
hitter,669397,Nick Allen,HOU,1,0,1,0.0,0.0,-0.022600000000000002,0.0,-0.022600000000000002,0.0,-0.022600000000000002,0.01185221844564031,-0.226,0,0,0,2,0.00993968279464101,0.004969841397320505,0.04206900558117831,0.5007973219225892,0.7523977257220797,0.00993968279464101,0,-0.00993968279464101
hitter,668670,Jake Rogers,DET,2,0,2,0.0,0.0,-0.045200000000000004,0.0,-0.045200000000000004,0.0,-0.022600000000000002,0.10840121372346656,-0.452,0,0,1,2,0.019735724307154447,0.009867862153577224,0.03477369719071133,0.8045449815726294,1.9084975398234552,0.019735724307154447,0,-0.019735724307154447
pitcher,688297,Chris Roycroft,STL,1,0,1,0.0,0.0,-0.022600000000000002,0.0,-0.022600000000000002,0.0,-0.022600000000000002,0.0006015116272470467,-0.226,0,0,0,0,0.0,0.0,0.0,0.0,0.0,0.0,0.0,0.0
pitcher,675848,Juan Mejia,COL,1,0,1,0.0,0.0,-0.022600000000000002,0.0,-0.022600000000000002,0.0,-0.022600000000000002,0.0031637856333528447,-0.226,0,0,1,7,0.04501493538679682,0.006430705055256689,0.15096826714099987,0.6213840369895998,1.1828581615283287,0,0.04501493538679682,-0.04501493538679682
hitter,669257,Will Smith,LAD,1,0,1,0.0,0.0,-0.022600000000000002,0.0,-0.022600000000000002,0.0,-0.022600000000000002,0.011187222382655015,-0.226,0,0,0,8,0.11769300319817803,0.014711625399772254,0.23161016061996115,0.6622763982136224,1.3408822053584153,0.11769300319817803,0,-0.11769300319817803
hitter,592663,J.T. Realmuto,PHI,1,0,1,0.0,0.0,-0.022600000000000002,0.0,-0.022600000000000002,0.0,-0.022600000000000002,0.020080365483966967,-0.226,0,0,0,17,0.31424587631826656,0.018485051548133326,0.48698880952717494,0.7321449528256666,1.6772822099875133,0.31424587631826656,0,-0.31424587631826656
hitter,608070,Jose Ramirez,CLE,1,0,1,0.0,0.0,-0.022600000000000002,0.0,-0.022600000000000002,0.0,-0.022600000000000002,0.027096199266976775,-0.226,0,0,0,22,0.20802481809371312,0.009455673549714232,0.4190598690261457,0.7371704448679588,1.9295781540776347,0.20802481809371312,0,-0.20802481809371312
pitcher,674444,Steven Cruz,KC,1,0,1,0.0,0.0,-0.022600000000000002,0.0,-0.022600000000000002,0.0,-0.022600000000000002,0.0018449317603118163,-0.226,0,0,0,2,0.036515571179223376,0.018257785589611688,0.04254127416445752,0.8943899161421333,2.378487039867637,0,0.036515571179223376,-0.036515571179223376
hitter,521692,Salvador Perez,KC,1,0,1,0.0,0.0,-0.022600000000000002,0.0,-0.022600000000000002,0.0,-0.022600000000000002,0.027196284495799028,-0.226,0,0,0,6,0.026799251528344312,0.004466541921390719,0.07892528430016948,0.6776078357691246,1.4567172500001098,0.026799251528344312,0,-0.026799251528344312
hitter,646240,Rafael Devers,SF,1,0,1,0.0,0.0,-0.022600000000000002,0.0,-0.022600000000000002,0.0,-0.022600000000000002,0.048048180445366795,-0.226,0,0,0,10,0.10461118319996823,0.010461118319996823,0.24760532374655125,0.6465412238437469,1.432112809798419,0.10461118319996823,0,-0.10461118319996823
hitter,691785,Marcelo Mayer,BOS,1,0,1,0.0,0.0,-0.022600000000000002,0.0,-0.022600000000000002,0.0,-0.022600000000000002,0.03402341856882418,-0.226,0,0,0,2,0.05758738584274336,0.02879369292137168,0.07816591086887409,0.7558124567688012,1.6562251902769158,0.05758738584274336,0,-0.05758738584274336
pitcher,686580,Justin Slaten,BOS,1,0,1,0.0,0.0,-0.022600000000000002,0.0,-0.022600000000000002,0.0,-0.022600000000000002,0.014933278987328769,-0.226,0,0,0,9,0.14399208119535556,0.015999120132817284,0.32499914753370074,0.5915861714327822,1.0569051743644824,0,0.14399208119535556,-0.14399208119535556
pitcher,663436,Davis Martin,CWS,3,0,3,0.0,0.0,-0.0678,0.0,-0.0678,0.0,-0.0226,0.044206037208391225,-0.678,0,0,1,17,0.11849291174462562,0.006970171279095625,0.33229831440650953,0.6634927458205984,1.3648947314716733,0,0.11849291174462562,-0.11849291174462562
pitcher,683000,Riley Cornelio,WSH,2,0,2,0.0,0.0,-0.045200000000000004,0.0,-0.045200000000000004,0.0,-0.022600000000000002,0.023130180714935944,-0.452,0,0,1,3,0.039252034134650754,0.013084011378216917,0.0974072274885381,0.659303596406523,1.6397231402606947,0,0.039252034134650754,-0.039252034134650754
hitter,686894,Joey Wiemer,WSH,1,0,1,0.0,0.0,-0.022600000000000002,0.0,-0.022600000000000002,0.0,-0.022600000000000002,0.0,-0.226,0,0,1,1,0.011910610199765267,0.011910610199765267,0.016774448721645796,0.8267521271706952,1.9220861736273567,0.011910610199765267,0,-0.011910610199765267
pitcher,643377,Griffin Jax,TB,1,0,1,0.0,0.0,-0.022600000000000002,0.0,-0.022600000000000002,0.0,-0.022600000000000002,0.008441754695498377,-0.226,0,0,0,8,0.06788894718332686,0.008486118397915857,0.15517768449026959,0.6388827074350165,1.2039745647906788,0,0.06788894718332686,-0.06788894718332686
pitcher,669947,Jesse Scholtens,TB,1,0,1,0.0,0.0,-0.022600000000000002,0.0,-0.022600000000000002,0.0,-0.022600000000000002,0.000764985982549593,-0.226,0,0,1,3,0.019591029758644116,0.006530343252881372,0.04646659089002497,0.6978739912489497,1.397916473414994,0,0.019591029758644116,-0.019591029758644116
pitcher,669432,Trevor Rogers,BAL,2,0,2,0.0,0.0,-0.045200000000000004,0.0,-0.045200000000000004,0.0,-0.022600000000000002,0.03860348616674075,-0.452,0,0,0,25,0.1857207089795928,0.0074288283591837125,0.4926225838501177,0.6791116487988437,1.4452748336122982,0,0.1857207089795928,-0.1857207089795928
hitter,668939,Adley Rutschman,BAL,1,0,1,0.0,0.0,-0.022600000000000002,0.0,-0.022600000000000002,0.0,-0.022600000000000002,0.005479232999791472,-0.226,0,0,0,9,0.056730294092358094,0.00630336601026201,0.17339659529074022,0.6085792001690301,1.1261016768226833,0.056730294092358094,0,-0.056730294092358094
hitter,700337,Edgar Quero,CWS,1,0,1,0.0,0.0,-0.022600000000000002,0.0,-0.022600000000000002,0.0,-0.022600000000000002,0.039415303683384945,-0.226,0,0,0,9,0.05588173243757638,0.006209081381952931,0.1468189569647381,0.6860951332707524,1.4754065537683219,0.05588173243757638,0,-0.05588173243757638
hitter,683737,Michael Busch,CHC,1,0,1,0.0,0.0,-0.022600000000000002,0.0,-0.022600000000000002,0.0,-0.022600000000000002,0.11743840949657791,-0.226,0,0,1,13,0.07902966208153721,0.006079204775502862,0.28664273501284765,0.6147230945036745,1.196756002573761,0.07902966208153721,0,-0.07902966208153721
pitcher,656686,Corbin Martin,CHC,1,0,1,0.0,0.0,-0.022600000000000002,0.0,-0.022600000000000002,0.0,-0.022600000000000002,0.0006894144933138335,-0.226,0,0,1,0,0.0,0.0,0.0,0.0,0.0,0.0,0.0,0.0
pitcher,682254,Mason Montgomery,PIT,1,0,1,0.0,0.0,-0.022600000000000002,0.0,-0.022600000000000002,0.0,-0.022600000000000002,0.06040505763885212,-0.226,0,0,0,5,0.09788435067332932,0.019576870134665865,0.161315378411658,0.6996192847148984,1.5110574393346594,0,0.09788435067332932,-0.09788435067332932
hitter,663698,Joey Bart,PIT,1,0,1,0.0,0.0,-0.022600000000000002,0.0,-0.022600000000000002,0.0,-0.022600000000000002,0.0037122899041486246,-0.226,0,0,1,2,0.038332291701686505,0.019166145850843253,0.0495438160532472,0.8267034120180923,2.094453163667364,0.038332291701686505,0,-0.038332291701686505
hitter,665804,Miguel Amaya,CHC,1,0,1,0.0,0.0,-0.022600000000000002,0.0,-0.022600000000000002,0.0,-0.022600000000000002,0.14214220084025242,-0.226,0,0,1,1,0.0010207010398624937,0.0010207010398624937,0.0017366369411615998,0.9450827767521373,2.8840841238202053,0.0010207010398624937,0,-0.0010207010398624937
hitter,621020,Dansby Swanson,CHC,1,0,1,0.0,0.0,-0.022600000000000002,0.0,-0.022600000000000002,0.0,-0.022600000000000002,0.004872245009505116,-0.226,0,0,0,3,0.02224860188400537,0.00741620062800179,0.04930195568384255,0.745974768304051,1.603347414439904,0.02224860188400537,0,-0.02224860188400537
pitcher,676428,Brant Hurter,DET,1,0,1,0.0,0.0,-0.022600000000000002,0.0,-0.022600000000000002,0.0,-0.022600000000000002,0.04433958110622788,-0.226,0,0,0,4,0.029600863943414147,0.007400215985853537,0.06562506650358256,0.7197312667449566,1.5595717830042588,0,0.029600863943414147,-0.029600863943414147
pitcher,595345,Steven Okert,HOU,1,0,1,0.0,0.0,-0.022600000000000002,0.0,-0.022600000000000002,0.0,-0.022600000000000002,0.027727478783903692,-0.226,0,0,0,5,0.012420782589973462,0.0024841565179946927,0.05475519973435793,0.7368018858396599,2.1676856617898705,0,0.012420782589973462,-0.012420782589973462
pitcher,656986,Bennett Sousa,HOU,1,0,1,0.0,0.0,-0.022600000000000002,0.0,-0.022600000000000002,0.0,-0.022600000000000002,0.004438103666442081,-0.226,0,0,1,6,0.039691161194301904,0.00661519353238365,0.10668285480782153,0.6458477291766271,1.283852271977324,0,0.039691161194301904,-0.039691161194301904
pitcher,518876,Merrill Kelly,AZ,1,0,1,0.0,0.0,-0.022600000000000002,0.0,-0.022600000000000002,0.0,-0.022600000000000002,0.023001085199445215,-0.226,0,0,0,14,0.06742796630205153,0.004816283307289395,0.23582466148872158,0.6309475966642293,1.2048589655544168,0,0.06742796630205153,-0.06742796630205153
fielder_challenger,669062,Erik Miller,SF,1,0,1,0.0,0.0,-0.022600000000000002,0.0,-0.022600000000000002,0.0,-0.022600000000000002,0.0008260061241045155,-0.226,0,0,1,0,0.0,0.0,0.0,0.0,0.0,0.0,0.0,0.0
pitcher,682274,Yaramil Hiraldo,BAL,1,0,1,0.0,0.0,-0.022600000000000002,0.0,-0.022600000000000002,0.0,-0.022600000000000002,0.03685894209552132,-0.226,0,0,0,2,0.0197638806103586,0.0098819403051793,0.0490263353471426,0.6262074719589952,1.1462629099535788,0,0.0197638806103586,-0.0197638806103586
hitter,663586,Austin Riley,ATL,1,0,1,0.0,0.0,-0.022600000000000002,0.0,-0.022600000000000002,0.0,-0.022600000000000002,0.005397885940235714,-0.226,0,0,1,10,0.15518403397735075,0.015518403397735076,0.24775922824560614,0.744033629006889,1.804474690138751,0.15518403397735075,0,-0.15518403397735075
pitcher,554430,Zack Wheeler,PHI,1,0,1,0.0,0.0,-0.022600000000000002,0.0,-0.022600000000000002,0.0,-0.022600000000000002,0.11962599077993719,-0.226,0,0,0,11,0.07454529109113779,0.0067768446446488904,0.27252279707172056,0.5400283253774902,0.9207950308718363,0,0.07454529109113779,-0.07454529109113779
pitcher,628452,Raisel Iglesias,ATL,1,0,1,0.0,0.0,-0.022600000000000002,0.0,-0.022600000000000002,0.0,-0.022600000000000002,0.010825250246821683,-0.226,0,0,0,6,0.12679204530489113,0.02113200755081519,0.231126897257025,0.6439889648514735,1.4960368108814717,0,0.12679204530489113,-0.12679204530489113
catcher,681807,David Fry,CLE,2,0,2,0.0,0.0,-0.045200000000000004,0.0,-0.045200000000000004,0.0,-0.022600000000000002,0.0034394113872743028,-0.452,0,0,1,0,0.0,0.0,0.0,0.0,0.0,0.0,0.0,0.0
fielder_challenger,681807,David Fry,CLE,2,0,2,0.0,0.0,-0.045200000000000004,0.0,-0.045200000000000004,0.0,-0.022600000000000002,0.0034394113872743028,-0.452,0,0,1,0,0.0,0.0,0.0,0.0,0.0,0.0,0.0,0.0
pitcher,663465,Kolby Allard,CLE,1,0,1,0.0,0.0,-0.022600000000000002,0.0,-0.022600000000000002,0.0,-0.022600000000000002,0.00013926184912700992,-0.226,0,0,1,0,0.0,0.0,0.0,0.0,0.0,0.0,0.0,0.0
fielder_challenger,674370,Osvaldo Bido,ATL,1,0,1,0.0,0.0,-0.022600000000000002,0.0,-0.022600000000000002,0.0,-0.022600000000000002,0.002458852057491301,-0.226,0,0,1,0,0.0,0.0,0.0,0.0,0.0,0.0,0.0,0.0
pitcher,643410,Mark Leiter Jr.,ATH,2,0,2,0.0,0.0,-0.045200000000000004,0.0,-0.045200000000000004,0.0,-0.022600000000000002,0.04200019087389584,-0.452,0,0,0,0,0.0,0.0,0.0,0.0,0.0,0.0,0.0,0.0
pitcher,665660,Elvis Alvarado,ATH,1,0,1,0.0,0.0,-0.022600000000000002,0.0,-0.022600000000000002,0.0,-0.022600000000000002,0.010007718606808075,-0.226,0,0,0,4,0.02510237250784578,0.006275593126961445,0.0973287000442552,0.5424142076006366,0.9007608892291041,0,0.02510237250784578,-0.02510237250784578
fielder_challenger,665660,Elvis Alvarado,ATH,1,0,1,0.0,0.0,-0.022600000000000002,0.0,-0.022600000000000002,0.0,-0.022600000000000002,0.010007718606808075,-0.226,0,0,0,0,0.0,0.0,0.0,0.0,0.0,0.0,0.0,0.0
pitcher,677958,Kumar Rocker,TEX,1,0,1,0.0,0.0,-0.022600000000000002,0.0,-0.022600000000000002,0.0,-0.022600000000000002,0.01787996501464756,-0.226,0,0,0,13,0.07260008156129204,0.005584621658560926,0.14497464053652706,0.7603672795116532,1.7966940492754917,0,0.07260008156129204,-0.07260008156129204
pitcher,669372,J.T. Ginn,ATH,1,0,1,0.0,0.0,-0.022600000000000002,0.0,-0.022600000000000002,0.0,-0.022600000000000002,5.78304902554283e-06,-0.226,0,0,1,7,0.07549470324300815,0.010784957606144022,0.1778029852544608,0.5899740349718072,1.0281762672059047,0,0.07549470324300815,-0.07549470324300815
hitter,543510,James McCann,AZ,1,0,1,0.0,0.0,-0.022600000000000002,0.0,-0.022600000000000002,0.0,-0.022600000000000002,0.0017044392516903928,-0.226,0,0,1,2,0.006523593722226312,0.003261796861113156,0.02959693102874761,0.6388527730795281,1.4535755572533544,0.006523593722226312,0,-0.006523593722226312
pitcher,674370,Osvaldo Bido,CWS,1,0,1,0.0,0.0,-0.022600000000000002,0.0,-0.022600000000000002,0.0,-0.022600000000000002,0.00021874823432499468,-0.226,0,0,0,0,0.0,0.0,0.0,0.0,0.0,0.0,0.0,0.0
fielder_challenger,674370,Osvaldo Bido,CWS,1,0,1,0.0,0.0,-0.022600000000000002,0.0,-0.022600000000000002,0.0,-0.022600000000000002,0.00021874823432499468,-0.226,0,0,0,0,0.0,0.0,0.0,0.0,0.0,0.0,0.0,0.0
pitcher,657044,Ryan Thompson,AZ,1,0,1,0.0,0.0,-0.022600000000000002,0.0,-0.022600000000000002,0.0,-0.022600000000000002,0.012243374239788163,-0.226,0,0,0,3,0.01822412005609729,0.006074706685365763,0.054106069402715284,0.6008309837725614,1.0659342469166577,0,0.01822412005609729,-0.01822412005609729
hitter,656716,Zach McKinstry,DET,1,0,1,0.0,0.0,-0.022600000000000002,0.0,-0.022600000000000002,0.0,-0.022600000000000002,0.012111822813459776,-0.226,0,0,0,7,0.04119502350890339,0.00588500335841477,0.12503662296536697,0.6843784311313656,1.5635035627482405,0.04119502350890339,0,-0.04119502350890339
hitter,689414,Liam Hicks,MIA,1,1,0,1.0,-0.0009950365682823703,0.0,-0.0009950365682823703,-0.0009950365682823703,-0.0009950365682823703,-0.0009950365682823703,-0.0009950365682823703,0.10702080562648203,0,0,0,13,0.10784142239751296,0.00829549403057792,0.26273571246326305,0.689263503585214,1.6605311987832787,0.10784142239751296,0,-0.10883645896579533
