role,player_id,player_name,challenge_team_abbr,missed_opportunities,missed_xwpa,missed_xwpa_per_opportunity,missed_wpa_if_overturned,avg_missed_overturn_probability,avg_zone_distance_inches,missed_batting_xwpa,missed_fielding_xwpa
hitter,680757,Steven Kwan,CLE,34,0.39714523673447616,0.011680742256896358,0.7944019084503304,0.7345229526047063,1.7867978752875842,0.39714523673447616,0
pitcher,650633,Michael King,SD,24,0.3932643161755966,0.01638601317398319,0.8759809068040549,0.612484571228813,1.170098998096893,0,0.3932643161755966
hitter,545361,Mike Trout,LAA,35,0.3224295326163159,0.00921227236046617,0.6705561540005724,0.7204878740724653,1.6750222463810265,0.3224295326163159,0
pitcher,671096,Andrew Abbott,CIN,34,0.313654290885931,0.009225126202527382,0.7754951962085863,0.6411809388268379,1.2592099901989968,0,0.313654290885931
hitter,592663,J.T. Realmuto,PHI,16,0.3133793677088021,0.01958621048180013,0.4666140762610599,0.7543994844924329,1.7589679322322314,0.3133793677088021,0
hitter,596019,Francisco Lindor,NYM,26,0.29718298853609076,0.011430114943695798,0.4763709575468633,0.7849603545269278,2.0137485376556383,0.29718298853609076,0
pitcher,682120,Tim Herrin,CLE,10,0.2772680823128679,0.027726808231286794,0.5663834433779331,0.5404934024983329,0.9275963251038846,0,0.2772680823128679
pitcher,681035,Christian Scott,NYM,15,0.2618282155570263,0.01745521437046842,0.5281014854770818,0.642524328253296,1.404681744933584,0,0.2618282155570263
pitcher,663687,Hogan Harris,ATH,13,0.250482549283323,0.01926788840640946,0.6069638974805098,0.5801509237956385,1.0737650927466278,0,0.250482549283323
pitcher,669358,Shane Baz,BAL,36,0.2450801628231944,0.006807782300644289,0.6335215184552128,0.6495268431995016,1.3251826343597015,0,0.2450801628231944
hitter,677588,José Tena,WSH,8,0.24140867664684268,0.030176084580855335,0.3285473757531916,0.7758755348469732,1.7841631740614958,0.24140867664684268,0
hitter,665877,José Fermín,STL,18,0.2403790471972802,0.01335439151096001,0.47356024324095464,0.703133200580798,1.6677994865158234,0.2403790471972802,0
pitcher,607625,Seth Lugo,KC,25,0.23889768338646528,0.009555907335458611,0.539109534693326,0.6488953579878747,1.2765833003905602,0,0.23889768338646528
pitcher,656302,Dylan Cease,TOR,18,0.23804711284030775,0.01322483960223932,0.5727007605714087,0.6126958879848201,1.3098429410510772,0,0.23804711284030775
hitter,553993,Eugenio Suárez,CIN,22,0.2364955247623725,0.010749796580107841,0.48113387976411714,0.683829779067405,1.447817110231419,0.2364955247623725,0
pitcher,672282,Reid Detmers,LAA,35,0.23074555258363366,0.006592730073818105,0.581828130434011,0.6998011415520528,1.573243464574422,0,0.23074555258363366
hitter,691026,Masyn Winn,STL,28,0.22941626602355455,0.008193438072269806,0.48589598377152476,0.6940664545781602,1.5554457418204184,0.22941626602355455,0
hitter,668227,Randy Arozarena,SEA,21,0.22857668553601024,0.010884604073143345,0.5181934345425521,0.6952557688404277,1.6205039100928424,0.22857668553601024,0
hitter,606466,Ketel Marte,AZ,16,0.2258449899746913,0.014115311873418206,0.4511354755518542,0.7555128652510262,1.9824853547487975,0.2258449899746913,0
hitter,672960,Kazuma Okamoto,TOR,21,0.22316004133757172,0.010626668635122464,0.450827193137254,0.6813234942556092,1.4622363257871864,0.22316004133757172,0
hitter,680574,Matt McLain,CIN,19,0.22275047594612468,0.011723709260322351,0.40885110808342934,0.7449237900070268,1.7568394814234896,0.22275047594612468,0
hitter,608701,Rob Refsnyder,SEA,12,0.2176861183601684,0.01814050986334737,0.43678622438262443,0.6828921365226807,1.5787074741295726,0.2176861183601684,0
hitter,694497,Evan Carter,TEX,13,0.2164546881120108,0.01665036062400083,0.4507070149864937,0.6235645182209114,1.2336486994753615,0.2164546881120108,0
pitcher,663855,Jordan Hicks,CWS,4,0.21395955047580803,0.05348988761895201,0.2965848434152605,0.7847782063191566,1.8524605858759893,0,0.21395955047580803
pitcher,690997,Nolan McLean,NYM,23,0.2139409275253436,0.009301779457623635,0.5089900911860133,0.665600014393192,1.4112080564573295,0,0.2139409275253436
hitter,666018,Jonathan Aranda,TB,20,0.21327679511473097,0.010663839755736548,0.5045279167466353,0.6670121092550636,1.4853605182965945,0.21327679511473097,0
pitcher,656550,Grant Holmes,ATL,15,0.2131943835173287,0.014212958901155247,0.40267394876411433,0.6661579643536943,1.3552060923305496,0,0.2131943835173287
pitcher,668909,Gavin Williams,CLE,20,0.2131800827394683,0.010659004136973415,0.45605237957995426,0.6843428917652068,1.469985165350088,0,0.2131800827394683
pitcher,700712,Walbert Ureña,LAA,23,0.21287417972481323,0.009255399118470141,0.5209670756220717,0.6635751678240659,1.373270011793677,0,0.21287417972481323
pitcher,690986,Kyle Harrison,MIL,17,0.2122776372539681,0.01248691983846871,0.37187535321469833,0.7165560580866153,1.552776441948126,0,0.2122776372539681
pitcher,678022,Jack Perkins,ATH,18,0.21200808071599253,0.01177822670644403,0.4768065368025095,0.6660696535509072,1.477412226426029,0,0.21200808071599253
hitter,687462,Spencer Horwitz,PIT,18,0.21195796770014425,0.011775442650008013,0.34683060769590945,0.7793632781258777,2.17732517330192,0.21195796770014425,0
hitter,624413,Pete Alonso,BAL,22,0.21108463980908473,0.009594756354958397,0.5600622419275854,0.6492710045633018,1.3570680023963553,0.21108463980908473,0
pitcher,694973,Paul Skenes,PIT,20,0.2092122475088249,0.010460612375441245,0.5871453704483935,0.5896821093022294,1.1021787282211435,0,0.2092122475088249
hitter,690976,Alex Freeland,LAD,11,0.20905314570708922,0.0190048314279172,0.29743128326175944,0.7966543541374214,2.0070532930733904,0.20905314570708922,0
hitter,608070,José Ramírez,CLE,22,0.20778045729732167,0.009444566240787348,0.4127910671559171,0.7463594506287325,1.958616400336801,0.20778045729732167,0
hitter,677800,Wilyer Abreu,BOS,27,0.20746645362687272,0.007683942726921212,0.39551901927429733,0.7678622634303681,1.8716178153196779,0.20746645362687272,0
pitcher,663574,Tony Santillan,CIN,9,0.2065917083754663,0.0229546342639407,0.37411432536212286,0.6510292778964198,1.3091694706303922,0,0.2065917083754663
pitcher,642397,Gregory Soto,PIT,5,0.20522968906836675,0.04104593781367335,0.4881968676875742,0.46854978036151856,0.6677448045245387,0,0.20522968906836675
pitcher,693821,Bryce Elder,ATL,17,0.2036313402067893,0.011978314129811136,0.3880807644403391,0.7103900571412366,1.6232392453082274,0,0.2036313402067893
pitcher,593958,Eduardo Rodriguez,AZ,27,0.2010286790676453,0.007445506632135011,0.6435151046303822,0.5771760748247989,1.0178222415067824,0,0.2010286790676453
pitcher,640455,Sean Manaea,NYM,23,0.20084692047281508,0.008732474803165873,0.4590395270390165,0.6704405198509982,1.384510471410815,0,0.20084692047281508
hitter,660670,Ronald Acuña Jr.,ATL,20,0.19952912768386472,0.009976456384193236,0.3875352656233608,0.7443269986506098,1.8206616411958596,0.19952912768386472,0
pitcher,643511,Tyler Rogers,TOR,6,0.1979535488346619,0.03299225813911032,0.461648238995086,0.6169313321218949,1.429766705946524,0,0.1979535488346619
pitcher,660825,Eduard Bazardo,SEA,12,0.19664144249454962,0.0163867868745458,0.48566649723985283,0.5007770455287398,0.7905653888509119,0,0.19664144249454962
pitcher,605280,Clay Holmes,NYM,8,0.1965258313385325,0.02456572891731656,0.3393231990121294,0.6862291127279109,1.5560913159928245,0,0.1965258313385325
hitter,681624,Andy Pages,LAD,14,0.19621246375693752,0.014015175982638394,0.3401832596467891,0.7525472421005442,1.986394284465859,0.19621246375693752,0
hitter,650402,Gleyber Torres,DET,20,0.19526854655617026,0.009763427327808513,0.39006523646962865,0.7392990645682592,1.709332848035735,0.19526854655617026,0
pitcher,656641,Jacob Latz,TEX,9,0.19420149718371812,0.021577944131524238,0.5751428973973157,0.5031547658644956,0.7574537989045926,0,0.19420149718371812
pitcher,605488,Jeffrey Springs,ATH,24,0.1939639450939549,0.008081831045581455,0.41941485859750366,0.6997890865098731,1.503044193499276,0,0.1939639450939549
pitcher,669022,MacKenzie Gore,TEX,21,0.19365302166596707,0.009221572460284147,0.712646287396552,0.49643102516350157,0.767945516955981,0,0.19365302166596707
hitter,805999,A.J. Ewing,NYM,23,0.19271996422091536,0.008379128879170233,0.43736512848701103,0.6876194484727964,1.5650626774436158,0.19271996422091536,0
pitcher,671922,Cade Smith,CLE,11,0.19067522446846186,0.017334111315314715,0.5129709257647023,0.642051098374041,1.3808609358013133,0,0.19067522446846186
pitcher,669432,Trevor Rogers,BAL,25,0.18910669217645887,0.007564267687058355,0.4976840998458982,0.6791116487988437,1.4452748336122982,0,0.18910669217645887
hitter,702284,Cole Young,SEA,20,0.18753253451431143,0.009376626725715572,0.48973236774986256,0.6057734754997423,1.1723784719106896,0.18753253451431143,0
pitcher,650911,Cristopher Sánchez,PHI,18,0.18361313068930402,0.010200729482739111,0.42339993645014673,0.6318983660930277,1.261668986322942,0,0.18361313068930402
hitter,593428,Xander Bogaerts,SD,16,0.18203774079542995,0.011377358799714372,0.3981200102702484,0.6547728131659801,1.499230045830247,0.18203774079542995,0
hitter,802139,JJ Wetherholt,STL,18,0.18187337463345388,0.010104076368525216,0.4067153992497265,0.6820701550796443,1.448474758754698,0.18187337463345388,0
hitter,643289,Mauricio Dubón,ATL,14,0.1794465042605525,0.012817607447182322,0.3066205494803224,0.7389489368065749,1.7320714835819866,0.1794465042605525,0
pitcher,687570,Connor Prielipp,MIN,21,0.17915161192850348,0.008531029139452547,0.5436587697409226,0.589303663462533,1.0554890899417135,0,0.17915161192850348
pitcher,680694,Kyle Bradish,BAL,19,0.17845961795893087,0.009392611471522677,0.4043468945152616,0.6647610369862826,1.4168295983883097,0,0.17845961795893087
pitcher,608379,Michael Wacha,KC,20,0.1781051247434996,0.00890525623717498,0.4191284737874911,0.6671270058343459,1.4116629376614163,0,0.1781051247434996
pitcher,702070,Noah Cameron,KC,22,0.17693502102487974,0.008042500955676352,0.3775302192561002,0.6824633920278269,1.4499382572862534,0,0.17693502102487974
pitcher,680736,Justin Wrobleski,LAD,28,0.17663485942079646,0.006308387836457016,0.4576019025973919,0.6756502211554389,1.4286054422750654,0,0.17663485942079646
pitcher,669276,Dylan Lee,ATL,10,0.17421734878419493,0.01742173487841949,0.3769668439498092,0.6055521500940813,1.1135540686426677,0,0.17421734878419493
hitter,686217,Sal Frelick,MIL,13,0.17234536789759144,0.01325733599212242,0.3271047099983112,0.6895221914809556,1.459721190428381,0.17234536789759144,0
pitcher,669923,George Kirby,SEA,20,0.1694289684455468,0.008471448422277341,0.45810479529313486,0.636663801794449,1.2869912067320184,0,0.1694289684455468
hitter,663757,Trent Grisham,NYY,16,0.16830219162084845,0.010518886976303028,0.3948094319980257,0.6500591291399067,1.322310562074942,0.16830219162084845,0
pitcher,669387,Carmen Mlodzinski,PIT,15,0.1674221555661774,0.01116147703774516,0.40934455588436264,0.5922224460570741,1.0826630288822308,0,0.1674221555661774
hitter,608324,Alex Bregman,CHC,18,0.1669338536531911,0.00927410298073284,0.37000340753659705,0.70808616466941,1.55096056967182,0.1669338536531911,0
hitter,671218,Heliot Ramos,SF,4,0.16689974811080752,0.04172493702770188,0.2357580057891142,0.6643956201416852,1.3165233152392446,0.16689974811080752,0
pitcher,801139,Payton Tolle,BOS,22,0.1655073026177807,0.007523059209899124,0.4235344829321254,0.6499623016219255,1.2664855438238443,0,0.1655073026177807
hitter,805367,Chase Meidroth,CWS,25,0.1637092826660504,0.0065483713066420155,0.3623163013038338,0.7314788122546652,1.7766872930585955,0.1637092826660504,0
pitcher,667755,José Soriano,LAA,18,0.16363499628910777,0.009090833127172654,0.44546023414990077,0.6740851964310721,1.3738106135111847,0,0.16363499628910777
pitcher,677952,Braxton Ashcraft,PIT,16,0.16270531004243982,0.010169081877652489,0.3256517164783178,0.6887534855846207,1.5495363128797712,0,0.16270531004243982
pitcher,687064,Brandon Young,BAL,22,0.16258485581961732,0.007390220719073515,0.40247975143488995,0.6846677641354441,1.467975417220912,0,0.16258485581961732
hitter,693304,Nick Gonzales,PIT,21,0.1622137347527238,0.0077244635596535145,0.3736818277764445,0.7261599099017029,1.6972646181887239,0.1622137347527238,0
pitcher,657097,Jacob Webb,CHC,16,0.16217978573185565,0.010136236608240978,0.5107317533292985,0.5720661509494044,1.0826480725809202,0,0.16217978573185565
pitcher,808967,Yoshinobu Yamamoto,LAD,22,0.16136569675678977,0.007334804398035899,0.4228061572497285,0.6521711228257037,1.3093218326942142,0,0.16136569675678977
pitcher,685299,Tanner Gordon,COL,13,0.16064154002552442,0.012357041540424956,0.27855886130224916,0.7252139921806661,1.5493715114422715,0,0.16064154002552442
hitter,664040,Brandon Lowe,PIT,18,0.1606107513813612,0.008922819521186733,0.37033715879142076,0.6555992162598203,1.4388795393166551,0.1606107513813612,0
hitter,702616,Jackson Holliday,BAL,11,0.16040281385707084,0.01458207398700644,0.29785711117950997,0.6654832301340501,1.5360231972202505,0.16040281385707084,0
hitter,693307,Dillon Dingler,DET,18,0.16026961419782876,0.00890386745543493,0.4028967233416727,0.6608131657972541,1.3535789064017154,0.16026961419782876,0
hitter,663586,Austin Riley,ATL,11,0.15991527342394019,0.014537752129449107,0.25714965431908765,0.749357670354994,1.804246007154844,0.15991527342394019,0
hitter,650490,Yandy Díaz,TB,16,0.15937027489601335,0.009960642181000835,0.2676171575695962,0.7849212707275206,1.9853371196450136,0.15937027489601335,0
pitcher,669461,Matthew Liberatore,STL,14,0.15806855616720467,0.011290611154800333,0.3455725817317542,0.6573689502327162,1.2740948968358201,0,0.15806855616720467
hitter,686527,Dominic Canzone,SEA,12,0.15720468834351659,0.013100390695293049,0.33532088696087525,0.6270635630362371,1.381196521081139,0.15720468834351659,0
pitcher,664285,Framber Valdez,DET,22,0.15610708217082608,0.007095776462310277,0.36368486907657055,0.6841302478268716,1.430969176760277,0,0.15610708217082608
pitcher,800048,Parker Messick,CLE,26,0.1552053734143276,0.0059694374390126,0.4872744643537421,0.6205791696494523,1.2280814234214579,0,0.1552053734143276
pitcher,689147,Orion Kerkering,PHI,6,0.15475745250197862,0.02579290875032977,0.3365091677866672,0.6251969763087691,1.211650738349456,0,0.15475745250197862
pitcher,691725,Andrew Painter,PHI,21,0.15414223578064806,0.0073401064657451455,0.36811459756654247,0.7087541890873477,1.6562073059483418,0,0.15414223578064806
hitter,695734,Daylen Lile,WSH,15,0.1541289360599185,0.010275262403994567,0.26330988502807356,0.7855590584355626,1.9575876056921608,0.1541289360599185,0
hitter,670623,Isaac Paredes,HOU,17,0.1539988317632362,0.009058754809602129,0.3646692560317581,0.6788234221801167,1.5134318962783355,0.1539988317632362,0
hitter,682998,Corbin Carroll,AZ,17,0.1537435502628753,0.00904373825075737,0.34160856736369827,0.6971009458981916,1.5528045543660618,0.1537435502628753,0
pitcher,670990,Yohan Ramírez,PIT,15,0.15212921718183978,0.010141947812122652,0.45556396323025716,0.6008279503545542,1.2079543431075324,0,0.15212921718183978
hitter,686611,Dylan Crews,WSH,13,0.15184859032524667,0.011680660794249743,0.2943910704971143,0.6927974449913705,1.4086762983732635,0.15184859032524667,0
hitter,682985,Riley Greene,DET,13,0.1498591920785001,0.011527630159884623,0.2830254195484514,0.7393708382509273,1.7543305069270072,0.1498591920785001,0
pitcher,693645,Cam Schlittler,NYY,16,0.14912657236052745,0.009320410772532966,0.29311566584775184,0.7099415726944786,1.594231330220669,0,0.14912657236052745
pitcher,641778,Eric Lauer,LAD,17,0.14849518242746595,0.008735010731027408,0.3393249538800407,0.6728514212991965,1.3763697998500266,0,0.14849518242746595
hitter,650333,Luis Arraez,PHI,14,0.14768648617048125,0.010549034726462946,0.24046386345179105,0.7806699712122375,2.025928718030691,0.14768648617048125,0
hitter,672640,Otto Lopez,MIA,19,0.14749495685453343,0.007762892466028075,0.3981137033079558,0.6803351176096838,1.4268657698930114,0.14749495685453343,0
hitter,668715,Spencer Steer,CIN,10,0.14728985791899554,0.014728985791899555,0.2280318389515249,0.7435591333410423,1.9897042308923638,0.14728985791899554,0
hitter,661388,William Contreras,MIL,19,0.14717245714928368,0.00774591879733072,0.35132349058985907,0.672308798511901,1.4622662192246103,0.14717245714928368,0
pitcher,656945,Tanner Scott,LAD,10,0.14686080558004672,0.014686080558004671,0.3139113911748516,0.6454169124204634,1.2868607476912828,0,0.14686080558004672
hitter,694192,Jackson Chourio,MIL,14,0.14657341485612113,0.01046952963258008,0.32200153045473157,0.7053671310781809,1.6515697217439362,0.14657341485612113,0
pitcher,621112,Paul Blackburn,NYY,8,0.14645258171682476,0.018306572714603096,0.28534161034484484,0.6476870926116784,1.2390047648773161,0,0.14645258171682476
pitcher,687562,Jake Bennett,BOS,15,0.1459612156647811,0.009730747710985406,0.3794400574612365,0.6285871567964991,1.1996609538931045,0,0.1459612156647811
pitcher,607067,Colin Rea,CHC,14,0.14523305266476438,0.010373789476054598,0.34589849207055073,0.6182779621626847,1.1550189853888921,0,0.14523305266476438
hitter,679529,Spencer Torkelson,DET,19,0.1448489286904401,0.007623627825812637,0.3318113294225738,0.7175982897133469,1.6519745323840187,0.1448489286904401,0
pitcher,682052,Jacob Lopez,ATH,21,0.1438714615858469,0.006851021980278424,0.3439882756363569,0.6818315873511727,1.4917999852952915,0,0.1438714615858469
pitcher,666277,George Soriano,STL,7,0.14383153993418174,0.02054736284774025,0.3452080812127497,0.6293816712815946,1.402946195786861,0,0.14383153993418174
pitcher,702273,Noah Schultz,CWS,14,0.14338976708740203,0.010242126220528716,0.28004731616653866,0.7137209394765873,1.5657046555489806,0,0.14338976708740203
pitcher,686580,Justin Slaten,BOS,9,0.1424187126282605,0.015824301403140055,0.32300037747085114,0.5915861714327822,1.0569051743644824,0,0.1424187126282605
hitter,543807,George Springer,TOR,18,0.14176689345832863,0.007875938525462702,0.28632233660751577,0.7282142310514202,1.7570698527821178,0.14176689345832863,0
pitcher,694738,Landen Roupp,SF,20,0.14175366603450965,0.007087683301725482,0.3816086008983417,0.6471872757599826,1.3043058162627128,0,0.14175366603450965
pitcher,808963,Roki Sasaki,LAD,16,0.14109241209717607,0.008818275756073505,0.3183700236399272,0.6434811682623591,1.2546930110954426,0,0.14109241209717607
hitter,621493,Taylor Ward,BAL,17,0.14055640768059324,0.008268023981211367,0.3252434156430406,0.7122437858456965,1.7052269059685863,0.14055640768059324,0
pitcher,676282,Joey Cantillo,CLE,16,0.14022034363548996,0.008763771477218123,0.289761766110886,0.721662115492517,1.6642217140358053,0,0.14022034363548996
hitter,808982,Jung Hoo Lee,SF,20,0.1401006865126755,0.0070050343256337745,0.32514317456774616,0.699169133705488,1.5742730912880774,0.1401006865126755,0
pitcher,641743,Anthony Kay,CWS,21,0.1400646786007521,0.006669746600035815,0.38349047300645295,0.6467228859037939,1.2962404615017125,0,0.1400646786007521
hitter,666969,Adolis García,PHI,6,0.13979258301169326,0.023298763835282208,0.22975743246991862,0.6686530995302857,1.4597456969430642,0.13979258301169326,0
pitcher,592332,Kevin Gausman,TOR,18,0.13970447497140642,0.0077613597206336905,0.33167407406720595,0.6698744255845573,1.543741523558371,0,0.13970447497140642
pitcher,607536,Kyle Freeland,COL,15,0.139678414705009,0.009311894313667267,0.35564575447329255,0.6594812021229227,1.4068785900253113,0,0.139678414705009
hitter,695578,James Wood,WSH,14,0.13926312318005032,0.009947365941432166,0.3289779087013518,0.631796976207555,1.2496687104443769,0.13926312318005032,0
pitcher,676879,Aaron Ashby,MIL,13,0.13919622390891476,0.010707401839147288,0.36727627216272785,0.5826889505198944,1.0856742876271643,0,0.13919622390891476
pitcher,696270,Ryan Johnson,LAA,19,0.13905543173038684,0.007318706933178255,0.34232477747824575,0.694721606839774,1.4964124160186538,0,0.13905543173038684
hitter,690924,Braxton Fulford,COL,8,0.13852453467428494,0.017315566834285617,0.21218555039657494,0.7586222316683839,1.7034364269687885,0.13852453467428494,0
hitter,678246,Miguel Vargas,CWS,11,0.13849022186313226,0.01259002016937566,0.2574963446403759,0.7414453004808788,1.7515966640403882,0.13849022186313226,0
pitcher,682254,Mason Montgomery,PIT,6,0.13844604870033442,0.023074341450055737,0.22988216994934807,0.689556442724157,1.4557241246986772,0,0.13844604870033442
pitcher,669467,Andre Pallante,STL,18,0.13814904892309174,0.007674947162393985,0.3592371025896073,0.6443205036925889,1.2726628730593923,0,0.13814904892309174
hitter,670541,Yordan Alvarez,HOU,15,0.1381477908034943,0.009209852720232952,0.29023049395408923,0.7276482186548204,1.6997680015318692,0.1381477908034943,0
pitcher,682243,Bryce Miller,SEA,18,0.13706663751323292,0.007614813195179607,0.3522047354212734,0.6370454230178023,1.3671544085086014,0,0.13706663751323292
pitcher,666157,Nick Lodolo,CIN,19,0.1366905696757513,0.0071942405092500685,0.3423741100883738,0.6660538181198843,1.3823128647402663,0,0.1366905696757513
pitcher,701542,Will Warren,NYY,17,0.1361646133300688,0.00800968313706287,0.34871471919068053,0.619720886517239,1.1717391691728545,0,0.1361646133300688
pitcher,702275,JR Ritchie,ATL,8,0.13542735249698545,0.01692841906212318,0.2709863066978012,0.644775257592939,1.2480283881648515,0,0.13542735249698545
hitter,669003,Garrett Mitchell,MIL,13,0.13458199487738268,0.010352461144414052,0.289994538339307,0.7269552205724756,1.7163538718910956,0.13458199487738268,0
hitter,668930,Brice Turang,MIL,21,0.1341191970202466,0.006386628429535553,0.3585015311790412,0.6483601204410695,1.390140264204266,0.1341191970202466,0
pitcher,676974,Max Meyer,MIA,15,0.13347708946230988,0.008898472630820659,0.26871235434636703,0.6992377935998618,1.46002425470236,0,0.13347708946230988
pitcher,679883,Luinder Avila,KC,13,0.13344090792850286,0.01026468522526945,0.3006295608795758,0.6842401712847239,1.410718950548057,0,0.13344090792850286
hitter,664034,Ty France,SD,18,0.13336301018108568,0.007409056121171427,0.30138579373462465,0.6958991412409304,1.5244130210453326,0.13336301018108568,0
pitcher,696147,Sam Bachman,LAA,5,0.13333691903871966,0.026667383807743934,0.4967397909019443,0.4377345620807608,0.5474266868944345,0,0.13333691903871966
pitcher,663542,Bryan Hudson,CWS,18,0.13234130852116238,0.007352294917842355,0.38714732334651014,0.6230167531214202,1.2328177473868955,0,0.13234130852116238
pitcher,663567,Peter Lambert,HOU,24,0.13189782363836297,0.005495742651598457,0.5252887002829211,0.574871047014208,1.0455032806880515,0,0.13189782363836297
hitter,687551,Drew Gilbert,SF,13,0.1310865157730278,0.010083578136386754,0.253680156169096,0.7142998533841521,1.533703343373523,0.1310865157730278,0
pitcher,671737,Taj Bradley,MIN,19,0.13106748624744907,0.0068982887498657405,0.41535963344787774,0.5707077659279082,0.9868199011448091,0,0.13106748624744907
pitcher,696149,Bubba Chandler,PIT,20,0.13104746284105728,0.0065523731420528645,0.459808466547974,0.6156601627815526,1.2844066155722684,0,0.13104746284105728
hitter,660844,Leo Rivas,SEA,9,0.13033510586569366,0.014481678429521519,0.2526052116994023,0.6811143085288176,1.4090317720579886,0.13033510586569366,0
pitcher,669302,Logan Gilbert,SEA,19,0.12999365274578528,0.006841771197146594,0.4214479562615551,0.6039625509553188,1.1448594422857823,0,0.12999365274578528
hitter,683953,Travis Bazzana,CLE,10,0.12992031320161063,0.012992031320161062,0.3532587816018676,0.5664171998001156,1.0166716334542958,0.12992031320161063,0
hitter,669257,Will Smith,LAD,10,0.12977690585847523,0.012977690585847523,0.2611705603767514,0.6602155102518329,1.3200771639036888,0.12977690585847523,0
pitcher,628452,Raisel Iglesias,ATL,7,0.12929756019973082,0.018471080028532975,0.2520853497722363,0.6089517844136549,1.34544958749225,0,0.12929756019973082
hitter,681082,Bryson Stott,PHI,17,0.12922295906845765,0.007601350533438685,0.3421252110925038,0.6420733394794448,1.275378176718705,0.12922295906845765,0
hitter,683734,Andrew Vaughn,MIL,14,0.1286179278194469,0.009186994844246206,0.29546181590297277,0.6427705205181384,1.2898714814091703,0.1286179278194469,0
hitter,805300,Jakob Marsee,MIA,16,0.12819454448800185,0.008012159030500116,0.2981399227449548,0.7042326564314827,1.5499228298217869,0.12819454448800185,0
pitcher,663556,Shane McClanahan,TB,14,0.12801663125315713,0.009144045089511223,0.312327391774987,0.6642703479102947,1.4189285980867532,0,0.12801663125315713
hitter,678554,Curtis Mead,WSH,15,0.12789821949872496,0.008526547966581664,0.3306681854271309,0.6733719307474135,1.5390942095188622,0.12789821949872496,0
pitcher,676477,Garrett Whitlock,BOS,8,0.1276930042901658,0.015961625536270726,0.2516320477733418,0.6490102626587774,1.2803858431018442,0,0.1276930042901658
hitter,701807,Carson Benge,NYM,11,0.127636006667796,0.011603273333436,0.3172835542843038,0.5969883190822519,1.1029954494195555,0.127636006667796,0
pitcher,642547,Freddy Peralta,NYM,10,0.12762660318353614,0.012762660318353613,0.25047434342236463,0.7311880554711155,1.7308009782410214,0,0.12762660318353614
pitcher,686218,Emmet Sheehan,LAD,13,0.12709357221451864,0.009776428631886049,0.3286370465420026,0.6209850341217777,1.1671771854348663,0,0.12709357221451864
pitcher,571945,Miles Mikolas,WSH,17,0.12637988349413964,0.0074341107937729205,0.3131039123452293,0.6878155322524218,1.5316593713824578,0,0.12637988349413964
hitter,814439,Ryan Waldschmidt,AZ,8,0.12614157951291002,0.015767697439113753,0.345567676006074,0.6141630864422251,1.3956936348648645,0.12614157951291002,0
pitcher,621111,Walker Buehler,SD,14,0.12570345829786586,0.008978818449847562,0.30058181529815264,0.6476304714997313,1.328581046575518,0,0.12570345829786586
hitter,669364,Xavier Edwards,MIA,18,0.1256707249577257,0.006981706942095872,0.3690255514154878,0.6102182273785259,1.157507518217245,0.1256707249577257,0
pitcher,622088,Tejay Antone,CIN,7,0.12536080930587098,0.017908687043695855,0.24848837708161853,0.6599451928034069,1.352832853977452,0,0.12536080930587098
hitter,680777,Ryan Jeffers,MIN,11,0.12468675323978906,0.011335159385435369,0.3136601578398955,0.655907757525494,1.4309161439142917,0.12468675323978906,0
hitter,641355,Cody Bellinger,NYY,5,0.12461198520446941,0.02492239704089388,0.1728880878076703,0.8461356986068846,2.1140194109382953,0.12461198520446941,0
pitcher,656730,Trevor Megill,MIL,10,0.12339285675569248,0.012339285675569248,0.3852627494744218,0.5824528290427926,1.0491659355302794,0,0.12339285675569248
hitter,670770,TJ Friedl,CIN,8,0.12223863027874468,0.015279828784843085,0.17923040221854536,0.8023111868494702,2.0960758010710765,0.12223863027874468,0
pitcher,668674,Lucas Erceg,KC,4,0.1220656707989817,0.030516417699745425,0.22030466659374925,0.6780658049157068,1.3539635499750664,0,0.1220656707989817
hitter,645277,Ozzie Albies,ATL,16,0.12191573792515471,0.0076197336203221696,0.18522481530335802,0.8425179260923215,2.2671362144392426,0.12191573792515471,0
pitcher,813349,Connelly Early,BOS,13,0.12170611313423303,0.00936200870263331,0.26944111755827227,0.6604289449579087,1.2984855803349609,0,0.12170611313423303
pitcher,663992,Richard Lovelady,WSH,3,0.12071659318804194,0.04023886439601398,0.49712722173672036,0.31466108053814756,0.1610047075998473,0,0.12071659318804194
pitcher,641793,Zack Littell,WSH,13,0.12030261631411023,0.00925404740877771,0.2903775289272891,0.6763063214187425,1.4685578547410558,0,0.12030261631411023
hitter,805808,Kevin McGonigle,DET,18,0.1200237131667253,0.006667984064818073,0.29084791741238636,0.6846881226122119,1.5008792456617164,0.1200237131667253,0
pitcher,656271,Brock Burke,CIN,11,0.1199343028016366,0.010903118436512418,0.2605193162945446,0.6588933175650781,1.4139718078687098,0,0.1199343028016366
pitcher,663436,Davis Martin,CWS,16,0.11877226254322365,0.007423266408951478,0.3280069759140905,0.6628852564652687,1.3694466868372572,0,0.11877226254322365
pitcher,622491,Luis Castillo,SEA,7,0.11776235255337192,0.016823193221910275,0.24182208174328684,0.7033951917747246,1.5357321635438257,0,0.11776235255337192
pitcher,694819,Jacob Misiorowski,MIL,17,0.11729456769179097,0.006899680452458292,0.2965203485140361,0.6743512320282935,1.4164033758048096,0,0.11729456769179097
hitter,687637,Dylan Beavers,BAL,16,0.11725420883093425,0.007328388051933391,0.33594250589534,0.6550902501428765,1.3791962884577267,0.11725420883093425,0
pitcher,695243,Mason Miller,SD,15,0.11670129848804217,0.007780086565869478,0.39382168381837335,0.5302078884054705,0.8832654111288213,0,0.11670129848804217
pitcher,663776,Patrick Sandoval,BOS,13,0.11656275259172032,0.008966365583978486,0.26994755535132137,0.6589459295189981,1.3301019584251892,0,0.11656275259172032
hitter,682928,CJ Abrams,WSH,15,0.11571395799274148,0.007714263866182765,0.2573031624906426,0.6835554257958537,1.5298090142970198,0.11571395799274148,0
pitcher,681190,Randy Vásquez,SD,16,0.11543698205749159,0.007214811378593224,0.37185216657466724,0.6075712787660823,1.3146812938720216,0,0.11543698205749159
pitcher,621237,José Alvarado,PHI,11,0.11492124141256407,0.010447385582960371,0.26144681229426425,0.6639583876551931,1.4673197250961465,0,0.11492124141256407
hitter,500743,Miguel Rojas,LAD,10,0.1147687525822804,0.01147687525822804,0.20673932009268248,0.7479852288540936,1.975662654794813,0.1147687525822804,0
pitcher,571510,Matthew Boyd,CHC,13,0.11434951240928029,0.008796116339175406,0.34375461934399987,0.5978330424235672,1.1700033175002509,0,0.11434951240928029
hitter,657757,Gavin Sheets,SD,12,0.11391455137700493,0.009492879281417078,0.2586246643262071,0.6459672522829325,1.4768215406736018,0.11391455137700493,0
pitcher,547179,Michael Lorenzen,COL,15,0.11338384201697976,0.007558922801131985,0.3454240799342903,0.5539776412962444,0.9330543372285504,0,0.11338384201697976
pitcher,672456,Keider Montero,DET,17,0.11333678337461156,0.006666869610271268,0.2702425474955891,0.6779523719218672,1.518901621582087,0,0.11333678337461156
pitcher,687075,Brandon Sproat,MIL,17,0.11227438055514083,0.00660437532677299,0.27889727926452035,0.6573498997151528,1.3326488492744313,0,0.11227438055514083
pitcher,668678,Zac Gallen,AZ,10,0.11209952852243453,0.011209952852243453,0.18903855535118844,0.7701929441146126,1.7535201553178656,0,0.11209952852243453
pitcher,676440,Tanner Bibee,CLE,18,0.11197695137530918,0.0062209417430727325,0.28914650284316057,0.6694104655098624,1.4022142366104642,0,0.11197695137530918
hitter,686555,Isaac Collins,KC,17,0.11196783580901254,0.006586343282883091,0.3078883522967986,0.6669491594910202,1.4685388230221725,0.11196783580901254,0
hitter,665750,Leody Taveras,BAL,10,0.1119335050952319,0.011193350509523189,0.24567976685335985,0.6657963647016005,1.4075605152225932,0.1119335050952319,0
pitcher,657746,Joe Ryan,MIN,14,0.11094212001608256,0.007924437144005897,0.31773867871177464,0.6490662011030356,1.3255094058199801,0,0.11094212001608256
pitcher,695076,Rhett Lowder,CIN,17,0.11046870278171494,0.0064981589871597025,0.33118555398232885,0.6336428294848147,1.2889858232180795,0,0.11046870278171494
hitter,702332,Caleb Durbin,BOS,8,0.11042102877259846,0.013802628596574808,0.2064551834677588,0.7063491603194592,1.5555545350888054,0.11042102877259846,0
pitcher,696136,Jordan Wicks,CHC,2,0.10922547328251767,0.05461273664125883,0.13289901792758196,0.7812563619814301,1.7974625013765069,0,0.10922547328251767
pitcher,681517,Kyle Leahy,STL,14,0.10886138046804551,0.007775812890574679,0.257159959327472,0.671111786273405,1.3962385642992756,0,0.10886138046804551
hitter,666126,Carlos Cortes,ATH,13,0.10880863066272972,0.008369894666363824,0.24507820107346565,0.6963336729449037,1.5881987961775246,0.10880863066272972,0
pitcher,605135,Chris Bassitt,BAL,15,0.10872874949046832,0.007248583299364554,0.2916330286421863,0.6620189704199057,1.344183036007991,0,0.10872874949046832
hitter,701762,Nick Kurtz,ATH,13,0.10827278631711731,0.008328675870547485,0.2345950235891242,0.6776213695235327,1.5176997310986802,0.10827278631711731,0
pitcher,691799,Grant Taylor,CWS,9,0.10821732161138276,0.012024146845709195,0.27444318562521697,0.5833470175626461,1.1522983405531244,0,0.10821732161138276
hitter,656775,Cedric Mullins,TB,14,0.1081695059113126,0.007726393279379471,0.19831002770365666,0.7692234404062928,2.0190246339057105,0.1081695059113126,0
hitter,691406,Junior Caminero,TB,17,0.10809049300531189,0.006358264294430111,0.28210588255059443,0.6684305489291203,1.4666399528414493,0.10809049300531189,0
pitcher,678606,José A. Ferrer,SEA,10,0.10799496709011691,0.010799496709011692,0.24298335138451727,0.6477594068854536,1.4623150625939785,0,0.10799496709011691
hitter,663538,Nico Hoerner,CHC,8,0.10789969998607284,0.013487462498259105,0.2951389791191216,0.5264943650241432,1.0363438455905456,0.10789969998607284,0
pitcher,664353,José Urquidy,PIT,2,0.1070894275884416,0.0535447137942208,0.1296088844777018,0.8721565953436128,2.3951619656514467,0,0.1070894275884416
hitter,689414,Liam Hicks,MIA,13,0.10624415032700561,0.0081726269482312,0.25953772805258635,0.689263503585214,1.6605311987832787,0.10624415032700561,0
pitcher,677960,Ryan Weathers,NYY,17,0.10620184570626102,0.006247167394485943,0.301139798489816,0.6339890023306255,1.250474942390589,0,0.10620184570626102
pitcher,625643,Reynaldo López,ATL,11,0.10610406938423478,0.00964582448947589,0.35646437921114305,0.5151755484568499,0.8483194373756369,0,0.10610406938423478
hitter,680700,Richie Palacios,TB,13,0.10548697593535646,0.00811438276425819,0.24039204635388942,0.7363190013978631,1.9490659574819718,0.10548697593535646,0
pitcher,645261,Sandy Alcantara,MIA,15,0.10527195927804676,0.007018130618536451,0.3114158436145217,0.59631967889161,1.0812579178777182,0,0.10527195927804676
hitter,691594,Javier Sanoja,MIA,12,0.10503849070555096,0.008753207558795913,0.2470569020074894,0.6878708244628314,1.7934058970176794,0.10503849070555096,0
pitcher,607259,Nick Martinez,TB,13,0.10472247168541322,0.008055574745031786,0.2544543196255209,0.6571517262156663,1.3967990030437383,0,0.10472247168541322
hitter,646240,Rafael Devers,SF,9,0.10464216009686615,0.011626906677429572,0.23688088807466604,0.6561643506661679,1.4878289153114117,0.10464216009686615,0
pitcher,527048,Martín Pérez,ATL,15,0.10454446582549208,0.006969631055032805,0.3627683186994267,0.5900470975611325,1.087438669124372,0,0.10454446582549208
hitter,701675,Nathan Church,STL,12,0.10409450416986153,0.008674542014155127,0.22780390286092111,0.6961318591291875,1.491532716366046,0.10409450416986153,0
hitter,691019,Kyle Teel,CWS,6,0.10400781000574351,0.017334635000957253,0.17415722581702414,0.70971189345621,1.494313565148915,0.10400781000574351,0
hitter,641343,Jake Bauers,MIL,13,0.1038665162520056,0.007989732019385047,0.24292017175532543,0.7195607032987394,1.7564014649511006,0.1038665162520056,0
pitcher,656876,Drew Rasmussen,TB,14,0.10302645825979723,0.007359032732842659,0.32841808527708277,0.6134450844329477,1.326078014716565,0,0.10302645825979723
pitcher,543135,Nathan Eovaldi,TEX,15,0.10292091200563354,0.006861394133708902,0.25215512959748176,0.6822871898719952,1.4706767103923482,0,0.10292091200563354
pitcher,543243,Sonny Gray,BOS,19,0.10286453037425022,0.005413922651276328,0.28764843705282717,0.6745399718457383,1.4240617226780408,0,0.10286453037425022
hitter,666139,Josh Lowe,LAA,5,0.10270590781077465,0.020541181562154932,0.1584302098073834,0.7676599385190668,1.8097355289654076,0.10270590781077465,0
pitcher,674841,Andrew Alvarez,WSH,13,0.10268464529381072,0.00789881886875467,0.34972978649704894,0.564039493407215,0.9808310770264493,0,0.10268464529381072
hitter,671056,Iván Herrera,STL,18,0.10262308177577947,0.005701282320876637,0.20377963444519676,0.7587426097435778,1.6980513561492332,0.10262308177577947,0
hitter,666182,Bo Bichette,NYM,19,0.10249065583196525,0.005394245043787644,0.30087407686961914,0.7005824288158611,1.653526943968857,0.10249065583196525,0
pitcher,691587,Eury Pérez,MIA,14,0.10243845426976556,0.007317032447840397,0.24487659989582156,0.7015930266241632,1.6077077296828748,0,0.10243845426976556
hitter,676391,Ernie Clement,TOR,12,0.10239807578474587,0.008533172982062156,0.2600878843476512,0.6471376427651129,1.2993513516793238,0.10239807578474587,0
hitter,621439,Byron Buxton,MIN,9,0.10221790142886396,0.011357544603207106,0.15295241395350398,0.8180661369815942,2.0780251236532856,0.10221790142886396,0
hitter,687401,Joey Ortiz,MIL,12,0.10200099094561275,0.008500082578801063,0.1847689878049395,0.7778268655372265,1.9733000568650738,0.10200099094561275,0
pitcher,695505,Chase Burns,CIN,17,0.10169215951835403,0.005981891736373766,0.28479402229453893,0.658247584731547,1.3912249368267486,0,0.10169215951835403
hitter,592626,Joc Pederson,TEX,6,0.10158080353423232,0.016930133922372054,0.1690231319577343,0.7300463544280857,2.4635592899681438,0.10158080353423232,0
pitcher,670970,Adrian Morejon,SD,12,0.10091123398191412,0.008409269498492843,0.26875311880233155,0.6227365683740106,1.3681956571315783,0,0.10091123398191412
hitter,669004,MJ Melendez,NYM,5,0.10088608797308753,0.020177217594617505,0.15883702849027187,0.7089798118821816,1.9371920911907399,0.10088608797308753,0
pitcher,687396,Brent Headrick,NYY,8,0.10064084301510645,0.012580105376888306,0.3007798878476245,0.5239245893057368,0.8746267327086459,0,0.10064084301510645
pitcher,666200,Jesús Luzardo,PHI,16,0.10008439148151345,0.0062552744675945906,0.2592886367022151,0.6870752667820288,1.4383673189395516,0,0.10008439148151345
hitter,663728,Cal Raleigh,SEA,5,0.1000063075368774,0.02000126150737548,0.15211242450431559,0.79885967886724,1.9882312017853487,0.1000063075368774,0
hitter,665487,Fernando Tatis Jr.,SD,11,0.09985799392968045,0.009077999448152768,0.22301871099795173,0.6706955243458205,1.4116766672920547,0.09985799392968045,0
pitcher,678906,Kai-Wei Teng,HOU,13,0.09878443051352871,0.007598802347194516,0.2231379902682335,0.7129537151846304,1.6090114017918973,0,0.09878443051352871
pitcher,682842,Abner Uribe,MIL,9,0.09856168855371414,0.01095129872819046,0.29989141098360284,0.5308967269960729,0.8496494700706245,0,0.09856168855371414
pitcher,693686,Spencer Miles,TOR,9,0.09847183221222446,0.010941314690247162,0.23354196777301706,0.6469362435953157,1.332785256527285,0,0.09847183221222446
hitter,643217,Andrew Benintendi,CWS,6,0.0983247350705163,0.01638745584508605,0.14756065485105785,0.764712397534611,2.2307984093277833,0.0983247350705163,0
hitter,691458,Blaze Jordan,STL,4,0.09827469715515687,0.024568674288789217,0.21439709861641854,0.7194406276045457,1.6333953485675803,0.09827469715515687,0
hitter,678391,Jorbit Vivas,WSH,11,0.09774515655973905,0.00888592332361264,0.17529096139527395,0.7554813496234334,1.9254813518357474,0.09774515655973905,0
pitcher,678394,Brayan Bello,BOS,13,0.09749260541220174,0.00749943118555398,0.3188001046381187,0.5942234963069859,1.0684444764990713,0,0.09749260541220174
hitter,686948,Drake Baldwin,ATL,15,0.09706079297891455,0.006470719531927637,0.21744511027314756,0.7144954928332804,1.5785627523804615,0.09706079297891455,0
pitcher,656794,Sean Newcomb,CWS,8,0.09653104493052607,0.012066380616315759,0.21629401135682264,0.6205557970944856,1.1855164460468748,0,0.09653104493052607
pitcher,681916,Dylan Smith,SF,12,0.09588432591780172,0.007990360493150142,0.3462354542705549,0.5879718893491178,1.2628142527187693,0,0.09588432591780172
hitter,671289,Tyler Freeman,COL,7,0.09581221618488231,0.013687459454983187,0.16458646103720972,0.7886437907705405,2.1654850189533708,0.09581221618488231,0
pitcher,656427,Jack Flaherty,DET,10,0.09570072639555989,0.009570072639555989,0.2520949404079088,0.5838869049089004,1.0513754746644104,0,0.09570072639555989
pitcher,683352,Mitch Bratt,AZ,8,0.09565243077652702,0.011956553847065877,0.18998594086938408,0.6793329146802345,1.3922153388849325,0,0.09565243077652702
pitcher,666974,Yennier Cano,BAL,11,0.0955970006768877,0.00869063642517161,0.3453560227408769,0.5237759055103735,0.8344784469450552,0,0.0955970006768877
hitter,691720,Kyle Karros,COL,8,0.09544478717347765,0.011930598396684707,0.18278336493812955,0.7382938397897068,1.7521470133481891,0.09544478717347765,0
hitter,664702,Myles Straw,TOR,12,0.09540659354291793,0.007950549461909828,0.24912468267709692,0.6597553685395802,1.6137779939440857,0.09540659354291793,0
hitter,665862,Jazz Chisholm Jr.,NYY,10,0.0950906527491645,0.009509065274916451,0.21443227127185158,0.6807056368420518,1.4582231158469359,0.0950906527491645,0
hitter,678489,Jorge Barrosa,AZ,10,0.0950714583660255,0.00950714583660255,0.19251159903996243,0.7151272854515407,1.7424520924012872,0.0950714583660255,0
hitter,807799,Masataka Yoshida,BOS,11,0.09503176350781321,0.00863925122798302,0.14317417672890564,0.8215959896178837,2.111072503743377,0.09503176350781321,0
pitcher,641302,Tyler Alexander,TEX,5,0.09499163507153653,0.018998327014307308,0.13926325008943155,0.7456127796724156,1.7501911145582034,0,0.09499163507153653
pitcher,662253,Andrés Muñoz,SEA,9,0.09498422155226759,0.010553802394696398,0.33232067102938745,0.48121718645271866,0.6939831799558659,0,0.09498422155226759
pitcher,656492,Foster Griffin,WSH,16,0.09490841060964147,0.005931775663102592,0.25986727704725543,0.668958057542831,1.3967523845384526,0,0.09490841060964147
pitcher,805299,Brandyn Garcia,AZ,8,0.09447472910995044,0.011809341138743806,0.1983991281207329,0.6809804878939993,1.5141288253691527,0,0.09447472910995044
pitcher,641927,Bailey Ober,MIN,9,0.09445438820591213,0.010494932022879126,0.17685955662024339,0.7111938741666097,1.5969468518625682,0,0.09445438820591213
pitcher,663554,Casey Mize,DET,10,0.09369257541638888,0.009369257541638889,0.24797966824672607,0.6445135299213538,1.3312370395905038,0,0.09369257541638888
pitcher,571578,Patrick Corbin,TOR,7,0.09248555871619757,0.01321222267374251,0.16766081015360224,0.6789333633775657,1.4683495470436132,0,0.09248555871619757
hitter,676475,Alec Burleson,STL,18,0.09241787549578093,0.005134326416432274,0.2446034766562491,0.7128261916351684,1.6911577266934614,0.09241787549578093,0
pitcher,669160,Dustin May,STL,12,0.09237633047739202,0.007698027539782669,0.2491459541858601,0.6277641992971412,1.1931954670557723,0,0.09237633047739202
hitter,802415,Chandler Simpson,TB,11,0.09237127154461373,0.008397388322237612,0.2928706146017035,0.6260224636612451,1.3783766642820428,0.09237127154461373,0
hitter,606192,Teoscar Hernández,LAD,11,0.09226334754006442,0.008387577049096765,0.2374404317815358,0.6706340730487641,1.6540632239164332,0.09226334754006442,0
pitcher,676962,Ben Brown,CHC,11,0.09225246545606539,0.008386587768733217,0.3070549226317057,0.5621955213662718,0.9551187229703555,0,0.09225246545606539
pitcher,519141,Drew Pomeranz,LAA,5,0.09186149568484604,0.01837229913696921,0.1998763447827111,0.5366290098893364,0.8730837872080054,0,0.09186149568484604
pitcher,601713,Nick Pivetta,SD,9,0.09175525730077576,0.010195028588975084,0.15607546924153987,0.8040470298687559,1.895419852869765,0,0.09175525730077576
pitcher,656529,Sam Hentges,SF,9,0.09165137628860551,0.010183486254289501,0.22027469078752845,0.6982815748768378,1.7886440824266896,0,0.09165137628860551
hitter,670764,Taylor Walls,TB,7,0.09163084135292857,0.013090120193275509,0.23638796330623033,0.6628835750716204,1.4796729484923914,0.09163084135292857,0
hitter,571448,Nolan Arenado,AZ,15,0.09158174494284169,0.006105449662856113,0.2085900597663263,0.7395221384838958,1.709687804660411,0.09158174494284169,0
hitter,605137,Josh Bell,MIN,12,0.09135264104300819,0.007612720086917349,0.2477404646262195,0.6488885739287437,1.426531660505785,0.09135264104300819,0
pitcher,675660,Shane Drohan,MIL,17,0.09131796481741822,0.005371644989259895,0.23714065497523976,0.6917714045552439,1.558944179152055,0,0.09131796481741822
hitter,680728,Adrian Del Castillo,AZ,6,0.09114348074741353,0.015190580124568922,0.17031273312172146,0.7373788489173584,2.2271433742956153,0.09114348074741353,0
hitter,694671,Wyatt Langford,TEX,14,0.09099765423285779,0.0064998324452041276,0.25971544623931214,0.7224586661996175,1.6282970003031563,0.09099765423285779,0
pitcher,672442,Yovanny Cruz,WSH,5,0.0909529559590069,0.01819059119180138,0.15568965157815384,0.6627888033654574,1.327114492125031,0,0.0909529559590069
hitter,665489,Vladimir Guerrero Jr.,TOR,12,0.09080515713988786,0.007567096428323989,0.13247159728194813,0.8451993399570049,2.297196866043129,0.09080515713988786,0
pitcher,696519,Samy Natera Jr.,LAA,5,0.09049084841519223,0.018098169683038446,0.17233131814760283,0.6301378618323465,1.4138834203555648,0,0.09049084841519223
pitcher,657612,Tim Hill,NYY,8,0.09039313984613809,0.011299142480767261,0.20553373314848078,0.7544901883919183,1.8863372847128348,0,0.09039313984613809
hitter,696285,Jacob Young,WSH,15,0.09030990219404303,0.006020660146269535,0.24128288575037887,0.7186142605709285,1.749870588767661,0.09030990219404303,0
pitcher,605130,Scott Barlow,ATH,4,0.09023790086969354,0.022559475217423384,0.27448328105406783,0.5862023563873167,1.1261753861001242,0,0.09023790086969354
pitcher,663903,Brady Singer,CIN,17,0.09023094547801296,0.005307702675177233,0.35631479239489405,0.569911148784099,1.019152375688737,0,0.09023094547801296
pitcher,681217,Chase Silseth,TEX,6,0.09022152416947024,0.015036920694911707,0.21057555230432523,0.6874310944744737,1.4174752383081108,0,0.09022152416947024
hitter,668804,Bryan Reynolds,PIT,11,0.09011357033824188,0.00819214275802199,0.1699189730293122,0.7453788470740538,1.7605475513612505,0.09011357033824188,0
pitcher,660271,Shohei Ohtani,LAD,13,0.08982994844445842,0.00690999603418911,0.2091014824485839,0.7077380183465963,1.5623328637590235,0,0.08982994844445842
pitcher,622663,Luis Severino,ATH,16,0.0894093847827905,0.005588086548924406,0.23389763312073045,0.7076093980685794,1.6397458519046035,0,0.0894093847827905
pitcher,700241,Michael McGreevy,STL,19,0.08924298005017359,0.0046969989500091364,0.3145090365991546,0.6063451990939661,1.143308530586002,0,0.08924298005017359
pitcher,680732,Sean Burke,CWS,12,0.08914931579192328,0.00742910964932694,0.2478460664263867,0.6085376985367829,1.1637958414854803,0,0.08914931579192328
hitter,683083,Nasim Nuñez,WSH,18,0.08912627201463803,0.004951459556368779,0.22985958467987577,0.7128262675546302,1.5578870831146103,0.08912627201463803,0
hitter,672515,Gabriel Moreno,AZ,15,0.08907686288182465,0.005938457525454977,0.2649155726178332,0.6920592000406839,1.4998378145246776,0.08907686288182465,0
hitter,683002,Gunnar Henderson,BAL,11,0.08898539720186982,0.008089581563806347,0.22491680939697486,0.6623121626770669,1.3696264139207708,0.08898539720186982,0
hitter,672386,Alejandro Kirk,TOR,6,0.08894582840968063,0.014824304734946772,0.18619362774767712,0.7458038381742845,1.9198801792316715,0.08894582840968063,0
hitter,650333,Luis Arraez,SF,12,0.08880819164275172,0.0074006826368959765,0.16037518967479666,0.7781008717687699,2.134570809481563,0.08880819164275172,0
pitcher,804267,Zac Thornton,NYM,6,0.08839423585122148,0.014732372641870247,0.13088669564709854,0.7543833233223948,1.7983223387333354,0,0.08839423585122148
pitcher,676684,Will Vest,DET,4,0.08790736027243053,0.02197684006810763,0.13552080782991444,0.7483886286792522,1.6085488519334086,0,0.08790736027243053
pitcher,607200,Erick Fedde,CWS,11,0.08762430105051344,0.007965845550046676,0.25927075880901296,0.671380211523032,1.3439467303761359,0,0.08762430105051344
hitter,655316,Andruw Monasterio,BOS,9,0.08702627722730921,0.009669586358589912,0.238463828263969,0.5855858102055472,1.2089720499476828,0.08702627722730921,0
pitcher,656492,Foster Griffin,CLE,8,0.08689930252905048,0.01086241281613131,0.14433855740179866,0.7673969601305174,1.8352694870240451,0,0.08689930252905048
pitcher,579328,Yusei Kikuchi,LAA,12,0.08688697657072221,0.0072405813808935175,0.3123860260330023,0.5159218011920009,0.8038739393698774,0,0.08688697657072221
hitter,810938,Ben Williamson,TB,6,0.08687160615721419,0.014478601026202366,0.24409205482064314,0.621118376176243,1.2157245952028881,0.08687160615721419,0
hitter,701678,Hao-Yu Lee,DET,8,0.08663978332099305,0.010829972915124131,0.17103995791271076,0.707712333314281,1.515026624462951,0.08663978332099305,0
hitter,664983,Jake McCarthy,COL,12,0.08654165568456872,0.007211804640380726,0.23725702733313153,0.672912922808567,1.4048516993401374,0.08654165568456872,0
hitter,630105,Jake Cronenworth,SD,8,0.08636631567664922,0.010795789459581153,0.1873480101729493,0.6927804928063221,1.4285349977560406,0.08636631567664922,0
hitter,663886,Tyler Stephenson,CIN,10,0.0862397135518349,0.008623971355183491,0.17036960005240845,0.7503196626326476,1.7431010790172898,0.0862397135518349,0
pitcher,594798,Jacob deGrom,TEX,17,0.08589712026227651,0.0050527717801339125,0.2600069378629085,0.6693899755713378,1.4320893332251243,0,0.08589712026227651
pitcher,687911,Bryan King,HOU,8,0.0857829222732803,0.010722865284160037,0.21864106776479575,0.5998456601508011,1.2107356348562042,0,0.0857829222732803
hitter,605141,Mookie Betts,LAD,14,0.08561679134283941,0.0061154850959171,0.1732303227366152,0.7716501445574868,1.9578647642340634,0.08561679134283941,0
pitcher,681892,Kody Funderburk,MIN,8,0.0852464534305861,0.010655806678823262,0.16997279863291223,0.7121643250777929,1.588824411408136,0,0.0852464534305861
hitter,663993,Nathaniel Lowe,CIN,11,0.08507645257333771,0.007734222961212519,0.19627740041817426,0.6606597324058355,1.3795522238536386,0.08507645257333771,0
pitcher,622608,Antonio Senzatela,COL,6,0.08506384100960827,0.014177306834934712,0.1561872959270733,0.6721971475906696,1.5077325748126278,0,0.08506384100960827
hitter,806198,Cooper Pratt,MIL,3,0.08492064062349561,0.02830688020783187,0.13506213976718506,0.6619697580074629,1.279634077280333,0.08492064062349561,0
hitter,683737,Michael Busch,CHC,15,0.08485759240075968,0.005657172826717312,0.3096624024133044,0.6196485394514751,1.220079355877913,0.08485759240075968,0
hitter,681715,Heriberto Hernández,MIA,17,0.08379119451836627,0.004928893795198015,0.28625521333900694,0.6101549706640647,1.1625042183472065,0.08379119451836627,0
hitter,656305,Matt Chapman,SF,10,0.08345890634000751,0.008345890634000751,0.21482874541236846,0.6602309276193956,1.4304323830403802,0.08345890634000751,0
pitcher,656848,Michael Petersen,MIA,13,0.08345558717288792,0.006419660551760609,0.2676199655186786,0.661721702107015,1.5198516151945483,0,0.08345558717288792
pitcher,665871,Javier Assad,CHC,5,0.0822758968856632,0.016455179377132638,0.18471587331894054,0.6530739269287726,1.2582854837182968,0,0.0822758968856632
pitcher,805673,Zebby Matthews,MIN,11,0.08223365259296775,0.007475786599360704,0.18315314560441606,0.6844930659390022,1.401291335512221,0,0.08223365259296775
hitter,677942,Blaze Alexander,BAL,8,0.08197314766962362,0.010246643458702952,0.11400760865214535,0.8435838176024073,2.1640230238487037,0.08197314766962362,0
hitter,800325,Luis Lara,MIL,12,0.08189132724774185,0.006824277270645155,0.16354175376685437,0.7419974597913807,1.6394128896492886,0.08189132724774185,0
hitter,682657,Angel Martínez,CLE,10,0.08183321439406688,0.008183321439406688,0.19140415340153155,0.6520386856314515,1.4141947918088864,0.08183321439406688,0
hitter,669357,Nolan Gorman,STL,4,0.08177448510615906,0.020443621276539765,0.13107381604106427,0.7636066549489775,2.1475897679930243,0.08177448510615906,0
hitter,660688,Keibert Ruiz,WSH,9,0.08171436586980488,0.009079373985533875,0.21034088498604375,0.6296269024731247,1.2881295743085226,0.08171436586980488,0
pitcher,686799,Jack Kochanowicz,LAA,13,0.08159091077969068,0.006276223906130052,0.2062774253829222,0.6786513034611564,1.3814573913605774,0,0.08159091077969068
pitcher,702193,Andrew Morris,MIN,11,0.0811865270870841,0.0073805933715530994,0.31228943932439,0.5213209250503694,0.8369438373783392,0,0.0811865270870841
hitter,575929,Willson Contreras,BOS,9,0.08116093445712531,0.009017881606347257,0.2246215489300814,0.6786238902418289,1.5310950977560869,0.08116093445712531,0
hitter,516782,Starling Marte,KC,7,0.08109341836884959,0.011584774052692799,0.12479067019276419,0.8115626260038106,2.2468224465291415,0.08109341836884959,0
hitter,605170,Victor Caratini,MIN,14,0.08090240987106705,0.0057787435622190745,0.19677258634087338,0.7548268409660726,1.8368576392841531,0.08090240987106705,0
hitter,669477,Casey Schmitt,SF,11,0.08080027218011782,0.00734547928910162,0.2110654464131187,0.6553452505539723,1.3400365031802492,0.08080027218011782,0
hitter,502671,Paul Goldschmidt,NYY,10,0.08056216853394749,0.008056216853394749,0.19427741162742948,0.6529021466351588,1.2684874016406875,0.08056216853394749,0
pitcher,663969,Tyler Phillips,MIA,15,0.08049314457488695,0.005366209638325796,0.21957044488256372,0.681596952016154,1.4488691657545707,0,0.08049314457488695
pitcher,681293,Spencer Arrighetti,HOU,11,0.08048864065164829,0.007317149150149845,0.2692709199645932,0.5958592546843693,1.125073469708667,0,0.08048864065164829
hitter,686765,Nick Sogard,BOS,8,0.07968642457693555,0.009960803072116943,0.17914472388992098,0.6542554296652473,1.3035337860205383,0.07968642457693555,0
pitcher,666661,Juan Morillo,AZ,6,0.07948146252329448,0.01324691042054908,0.17237598990714476,0.6570238788392123,1.3411023384429164,0,0.07948146252329448
hitter,673548,Seiya Suzuki,CHC,12,0.07939700361964316,0.006616416968303597,0.31364016883275964,0.5808611469675498,1.1007890497978514,0.07939700361964316,0
hitter,703197,Michael Arroyo,SEA,2,0.0792316000666651,0.03961580003333255,0.08656180238825786,0.9259260327600508,2.6510395888836173,0.0792316000666651,0
pitcher,664991,Grant Wolfram,BAL,6,0.0791157241008218,0.013185954016803633,0.12845090847232551,0.8123793446120505,2.021260348805725,0,0.0791157241008218
hitter,691718,Pete Crow-Armstrong,CHC,11,0.07890675452564763,0.007173341320513421,0.24040587418780643,0.6270364658351227,1.3258609042519092,0.07890675452564763,0
pitcher,676083,Janson Junk,MIA,11,0.07864449908840651,0.007149499917127864,0.25108103689831696,0.5797396608630551,1.0383876002789063,0,0.07864449908840651
hitter,681393,Connor Norby,COL,9,0.07856774847541036,0.00872974983060115,0.21324073296661974,0.5882095464482844,1.1559557880562952,0.07856774847541036,0
hitter,624431,Jose Trevino,CIN,7,0.07841377917696134,0.011201968453851619,0.15965899332803218,0.7095450518624763,1.5615743860312101,0.07841377917696134,0
pitcher,807739,Kade Anderson,SEA,8,0.07821845833152347,0.009777307291440433,0.21304261622576792,0.6084576815786672,1.0990463152898633,0,0.07821845833152347
hitter,676724,Jared Young,NYM,8,0.07797723070245823,0.009747153837807278,0.21290976258983862,0.5783318307269217,1.0293664609590296,0.07797723070245823,0
pitcher,519242,Chris Sale,ATL,14,0.07783478020891113,0.005559627157779366,0.27223050741530563,0.6508710543846112,1.3476339127532884,0,0.07783478020891113
pitcher,684007,Shota Imanaga,CHC,14,0.077808670180531,0.005557762155752215,0.1984375689500801,0.6959018569926104,1.4596298871453317,0,0.077808670180531
pitcher,677865,Justin Bruihl,STL,12,0.07763973768363576,0.00646997814030298,0.24764419574342242,0.5813957424459069,1.1450167242378961,0,0.07763973768363576
hitter,690984,Petey Halpin,CLE,6,0.07759105389035362,0.012931842315058936,0.15382278853661285,0.6502464548820734,1.2336781201528353,0.07759105389035362,0
pitcher,686613,Hunter Brown,HOU,14,0.07731032618963422,0.005522166156402444,0.26493559599367855,0.6140553991792455,1.200452009173187,0,0.07731032618963422
hitter,701398,Sal Stewart,CIN,7,0.0768256104078811,0.010975087201125873,0.14095524530172962,0.738682957954839,1.7330679108298928,0.0768256104078811,0
hitter,672695,Geraldo Perdomo,AZ,9,0.0765815233827926,0.008509058153643622,0.21276112071856787,0.5997744057018924,1.0692878590888748,0.0765815233827926,0
hitter,683146,Brett Baty,NYM,9,0.07627326604972487,0.008474807338858319,0.20692878100180892,0.6436265547378303,1.28947074914465,0.07627326604972487,0
hitter,662139,Daulton Varsho,HOU,8,0.07621247473020203,0.009526559341275253,0.17170452864991476,0.7080735606484998,1.563782271880599,0.07621247473020203,0
pitcher,669372,J.T. Ginn,ATH,7,0.07614856866245118,0.01087836695177874,0.17910371419978344,0.5899740349718072,1.0281762672059047,0,0.07614856866245118
hitter,683357,Owen Caissie,MIA,5,0.0760170070145523,0.01520340140291046,0.29277787980065056,0.5277622283960346,0.8384596308899152,0.0760170070145523,0
pitcher,554430,Zack Wheeler,PHI,11,0.07593313028235794,0.0069030118438507225,0.2747659933102895,0.5400283253774902,0.9207950308718363,0,0.07593313028235794
pitcher,656605,Mitch Keller,PIT,11,0.075769045906375,0.006888095082397727,0.26545324437481893,0.6254493752228117,1.2306335867423466,0,0.075769045906375
hitter,691777,Max Muncy,ATH,9,0.07576569471341062,0.00841841052371229,0.16443646088400943,0.68801198411956,1.5290890930090564,0.07576569471341062,0
hitter,670231,John Rave,KC,4,0.07575990844763242,0.018939977111908105,0.2091852280206533,0.5133293656717455,0.7931190188027829,0.07575990844763242,0
hitter,694728,Brice Matthews,HOU,6,0.07574411407966558,0.012624019013277596,0.1843616371241541,0.5849993863907414,1.0427303988064052,0.07574411407966558,0
hitter,662139,Daulton Varsho,TOR,12,0.07558809385093299,0.006299007820911082,0.2027965722601124,0.7026618172413954,1.8167337931164296,0.07558809385093299,0
pitcher,661395,Jhoan Duran,PHI,4,0.07556460478828662,0.018891151197071656,0.1687385909926173,0.5923683189394766,1.0763424629761447,0,0.07556460478828662
hitter,677587,Brayan Rocchio,CLE,13,0.07554741336721682,0.005811339489785909,0.2513975242935026,0.6200779465266836,1.2107657032206616,0.07554741336721682,0
hitter,666160,Mickey Moniak,COL,5,0.0755122483951315,0.015102449679026301,0.1554203790137103,0.6527123279636627,1.3015839572584489,0.0755122483951315,0
pitcher,666171,Ryan Zeferjahn,LAA,7,0.07502793171211068,0.010718275958872954,0.2074975208170977,0.5783007628445693,1.0186040749038443,0,0.07502793171211068
hitter,668885,Austin Martin,MIN,12,0.07496016603886281,0.006246680503238567,0.2565933991262327,0.579881630838997,1.176717973527716,0.07496016603886281,0
hitter,694203,Denzer Guzman,LAA,6,0.07472456157085393,0.012454093595142322,0.17817524485480285,0.7074915484520504,1.6221998759478076,0.07472456157085393,0
pitcher,518585,Fernando Cruz,NYY,4,0.07471700050997818,0.018679250127494544,0.13682792380022346,0.6689807620117303,1.2824953121398495,0,0.07471700050997818
pitcher,663947,Tyler Holton,DET,11,0.07471021701138714,0.006791837910126103,0.1569342182822393,0.7429972605319537,1.6977193266468311,0,0.07471021701138714
hitter,572233,Christian Walker,HOU,9,0.07468330570642853,0.00829814507849206,0.1987164905902814,0.6712081266290415,1.5441082983958294,0.07468330570642853,0
hitter,571970,Max Muncy,LAD,10,0.07462371513434359,0.007462371513434358,0.19674931020185255,0.6553355334328921,1.3762126606830667,0.07462371513434359,0
pitcher,687473,Ryan Gusto,MIA,8,0.07461241729060514,0.009326552161325642,0.19328728952724822,0.592465324424554,1.0541375825691766,0,0.07461241729060514
hitter,665019,Kody Clemens,MIN,10,0.07423288902109063,0.007423288902109063,0.13312551421457838,0.7821239949479105,1.87153380209059,0.07423288902109063,0
pitcher,596133,Luke Weaver,NYM,5,0.07384070556934454,0.014768141113868908,0.1895672502565342,0.5882199121945957,1.050597759983107,0,0.07384070556934454
pitcher,677958,Kumar Rocker,TEX,13,0.07357978535258103,0.005659983488660079,0.1459910898226676,0.7603672795116532,1.7966940492754917,0,0.07357978535258103
pitcher,663623,Jake Irvin,WSH,11,0.0730976202233074,0.006645238202118855,0.25826789455612303,0.5663338260360922,0.9905823269101592,0,0.0730976202233074
hitter,686469,Vinnie Pasquantino,KC,9,0.07300409652995386,0.008111566281105985,0.13571863507047877,0.7595039078399726,1.84667709158908,0.07300409652995386,0
hitter,669743,Alex Call,LAD,6,0.0727876011765825,0.012131266862763751,0.15069956912963783,0.6621337791076126,1.3477221030722175,0.0727876011765825,0
hitter,695600,Carter Jensen,KC,14,0.07265819134551962,0.005189870810394259,0.3124334192287867,0.5373853007021816,0.9037037129469423,0.07265819134551962,0
hitter,696030,Alejandro Osuna,TEX,8,0.07256684871679517,0.009070856089599396,0.1448991634370476,0.7399508668265377,1.7935101372474975,0.07256684871679517,0
pitcher,683769,Hunter Gaddis,CLE,8,0.07203440219053708,0.009004300273817135,0.15391496384449396,0.7129823729131954,1.6517721583337153,0,0.07203440219053708
pitcher,621074,Michael Rucker,SEA,2,0.07201777249549476,0.03600888624774738,0.1550080386797299,0.5072384574848716,0.7718275541996449,0,0.07201777249549476
pitcher,682227,Brandon Williamson,CIN,11,0.07201093303014783,0.006546448457286166,0.1622482562059287,0.7598098648694379,1.7411989991420869,0,0.07201093303014783
pitcher,676917,Cade Cavalli,WSH,11,0.0717022352923748,0.006518385026579527,0.20618206998924982,0.6491426818050695,1.3615701911200246,0,0.0717022352923748
hitter,666152,David Hamilton,MIL,5,0.0715553542695373,0.014311070853907459,0.10564257361619968,0.7360130485863113,1.8570715298198486,0.0715553542695373,0
pitcher,677944,Slade Cecconi,CLE,10,0.07128757476673304,0.0071287574766733044,0.22651745482505325,0.6179332917978226,1.2261799205904296,0,0.07128757476673304
hitter,656811,Ryan O'Hearn,PIT,8,0.07128387213988814,0.008910484017486018,0.25684154398687464,0.5708577110428932,1.0098260656571592,0.07128387213988814,0
hitter,665923,Esteury Ruiz,MIA,7,0.07105571216780084,0.010150816023971549,0.14103703460722256,0.7057430061340544,1.4777320826148934,0.07105571216780084,0
hitter,669242,Tommy Edman,LAD,7,0.07054581608659305,0.01007797372665615,0.1436237325818601,0.7038499479630163,1.607577197218409,0.07054581608659305,0
hitter,666176,Jo Adell,LAA,8,0.07011226701636437,0.008764033377045547,0.2219130819990503,0.6267386880455479,1.3000520113728062,0.07011226701636437,0
hitter,689414,Liam Hicks,TB,6,0.07009784486022039,0.011682974143370065,0.13606495221478948,0.7342004941000742,1.9029154114684401,0.07009784486022039,0
pitcher,689296,Anthony Nunez,BAL,8,0.07001950533431377,0.00875243816678922,0.1651983769779684,0.6845966241703193,1.4526485048360964,0,0.07001950533431377
hitter,592885,Christian Yelich,MIL,10,0.0698684580285033,0.006986845802850331,0.24751606527292574,0.5795166386708598,1.0369726859423456,0.0698684580285033,0
hitter,668952,Ryan Kreidler,MIN,8,0.06983475034124624,0.00872934379265578,0.20200659949410715,0.6100435062853932,1.1145129678562926,0.06983475034124624,0
pitcher,663460,Kris Bubic,KC,5,0.06978086226672937,0.013956172453345874,0.17529359673512546,0.513361066834668,0.8474323722456607,0,0.06978086226672937
pitcher,621381,Matt Strahm,KC,3,0.06970731620664518,0.023235772068881725,0.2637861892924799,0.6597660026139679,1.6764094686980036,0,0.06970731620664518
pitcher,518876,Merrill Kelly,AZ,15,0.06956644111517635,0.004637762741011756,0.25784739467177165,0.61622553950837,1.1563608942763266,0,0.06956644111517635
hitter,682668,Luisangel Acuña,CWS,7,0.06944859172189896,0.00992122738884271,0.12590634907584752,0.7510462896449779,1.693601636114565,0.06944859172189896,0
hitter,691016,Tyler Soderstrom,ATH,6,0.0694235350299595,0.011570589171659916,0.18343056558710674,0.6950368554314775,1.533398402322195,0.0694235350299595,0
pitcher,669020,Ryan Rolison,CHC,8,0.06930235809444485,0.008662794761805606,0.17897958528134086,0.6067528258442074,1.1289752050360007,0,0.06930235809444485
pitcher,677161,Zack Kelly,BOS,7,0.06906078602306358,0.009865826574723369,0.13697451077442943,0.7258315555498577,1.9068476463824438,0,0.06906078602306358
hitter,700932,Kyle Manzardo,CLE,7,0.06896362729628162,0.00985194675661166,0.14224546488433187,0.6956955719653622,1.493043826264294,0.06896362729628162,0
hitter,573262,Mike Yastrzemski,ATL,10,0.06859484469632793,0.006859484469632793,0.13227328381266434,0.771843854046529,1.7661855137369535,0.06859484469632793,0
pitcher,701656,Logan Henderson,MIL,9,0.06786585037632085,0.007540650041813428,0.16280184724961622,0.6579757798101462,1.3048800197324475,0,0.06786585037632085
hitter,691723,Coby Mayo,BAL,9,0.06781421693483716,0.007534912992759685,0.11148409016265676,0.8192277325997064,2.0425890989167486,0.06781421693483716,0
pitcher,702752,Jonathan Pintaro,NYM,3,0.06770073487365211,0.0225669116245507,0.13875320621958948,0.5363586908667016,0.8684757018657843,0,0.06770073487365211
hitter,804668,Rafael Flores Jr.,PIT,2,0.06744912467143989,0.033724562335719944,0.12036511784437759,0.5441415621246779,0.9389942337088852,0.06744912467143989,0
pitcher,643377,Griffin Jax,TB,7,0.06728692930280933,0.009612418471829904,0.14541925096279784,0.651903100443106,1.248305576544515,0,0.06728692930280933
hitter,657136,Connor Wong,BOS,7,0.06711314302785804,0.009587591861122577,0.1564745750286086,0.6583303615108039,1.4345853537558813,0.06711314302785804,0
pitcher,656849,David Peterson,CHC,8,0.06704002847339116,0.008380003559173895,0.25274269704117547,0.5270159730198392,0.8394082817325434,0,0.06704002847339116
hitter,677649,Ezequiel Duran,TEX,15,0.06698907196924278,0.004465938131282852,0.21196206868700307,0.6569625058032862,1.3312335584751904,0.06698907196924278,0
hitter,665161,Jeremy Peña,HOU,9,0.06692698205368672,0.007436331339298524,0.11645868652506863,0.801747824939335,2.0874759944018866,0.06692698205368672,0
pitcher,693433,Bryan Woo,SEA,14,0.06660896484760763,0.004757783203400545,0.24553716089879277,0.5814906680334823,1.0130385695316517,0,0.06660896484760763
pitcher,681347,Mike Burrows,HOU,12,0.06652873707881873,0.0055440614232348945,0.21641926223772828,0.6493782966662063,1.313502241852241,0,0.06652873707881873
pitcher,815081,Mark Manfredi,COL,3,0.0665173591112461,0.02217245303708203,0.07821369468759465,0.8637813514184526,2.503836327908451,0,0.0665173591112461
pitcher,641329,Bryan Baker,TB,7,0.06643203928103893,0.009490291325862705,0.21562846489695014,0.5280033015913486,0.8770236767140079,0,0.06643203928103893
hitter,691783,Jordan Lawlar,AZ,7,0.06641275878032833,0.009487536968618333,0.14943133970305736,0.6745234794737615,1.3558948419367343,0.06641275878032833,0
pitcher,814490,Ethan Pecko,HOU,9,0.06637671479482231,0.007375190532758034,0.1364801941639221,0.7348157091222047,1.67189791946912,0,0.06637671479482231
pitcher,663158,Robert Suarez,ATL,3,0.06625576154229658,0.022085253847432193,0.14473500976158094,0.5396133867731933,0.8711677495282464,0,0.06625576154229658
hitter,607043,Brandon Nimmo,TEX,6,0.06614696596191036,0.01102449432698506,0.15916071103969287,0.6080156544854545,1.1040560305873262,0.06614696596191036,0
pitcher,686973,Louis Varland,TOR,6,0.0660963396027312,0.011016056600455201,0.2325749046140225,0.5021368613414859,0.7573765992449948,0,0.0660963396027312
hitter,669224,Austin Wells,NYY,4,0.06601525657365759,0.016503814143414397,0.24362691012201157,0.498801505458892,0.7446829277285101,0.06601525657365759,0
hitter,647304,Josh Naylor,SEA,7,0.06564617870759555,0.009378025529656508,0.14184929313410952,0.7707075349820264,2.077315526127527,0.06564617870759555,0
pitcher,688107,Robert Gasser,MIL,8,0.06558157539881744,0.00819769692485218,0.15577717297566934,0.6792218904156955,1.4631417658900496,0,0.06558157539881744
hitter,808959,Munetaka Murakami,CWS,9,0.06537143327692611,0.007263492586325124,0.2150554582343853,0.5861377301606038,1.0580851167691885,0.06537143327692611,0
pitcher,663362,Matt Waldron,SD,2,0.06528383979298671,0.03264191989649336,0.09844387153432343,0.710457386398748,1.430289954868549,0,0.06528383979298671
hitter,664023,Ian Happ,CHC,13,0.06523140863713199,0.005017800664394769,0.1744288913936033,0.6836989303181198,1.6528941074975232,0.06523140863713199,0
pitcher,500779,Jose Quintana,COL,11,0.06522110056005376,0.005929190960004887,0.2115555089646577,0.5941695855490586,1.1145780918355126,0,0.06522110056005376
pitcher,676604,Tyler Zuber,MIA,10,0.06494064929036969,0.006494064929036969,0.16574663090899577,0.6942878023625272,1.538569153719059,0,0.06494064929036969
pitcher,668941,JoJo Romero,STL,5,0.0647631204809219,0.012952624096184381,0.15143977949914988,0.5999100212460006,1.2358732151235678,0,0.0647631204809219
pitcher,622554,Seranthony Domínguez,CWS,6,0.06466796548305848,0.010777994247176412,0.22680979815548186,0.5362275630302918,1.0311028488585283,0,0.06466796548305848
pitcher,608372,Tomoyuki Sugano,COL,12,0.06465109412207175,0.005387591176839312,0.15184405547058544,0.7296939127874236,1.755074009395357,0,0.06465109412207175
hitter,696100,Hunter Goodman,COL,8,0.0645421283558864,0.0080677660444858,0.10381410879998451,0.7985908085962743,1.9449516173889352,0.0645421283558864,0
hitter,670042,Luke Raley,SEA,11,0.06447365608755179,0.005861241462504708,0.19278869978523244,0.6350960159992397,1.2650564112657279,0.06447365608755179,0
hitter,805779,Jacob Wilson,ATH,11,0.06437931899696636,0.0058526653633605786,0.15790503056758948,0.6997904628922221,1.4920064563151898,0.06437931899696636,0
hitter,660271,Shohei Ohtani,LAD,6,0.06394445058178762,0.010657408430297936,0.20568333174215253,0.6075066779929683,1.1747400557075673,0.06394445058178762,0
hitter,663656,Kyle Tucker,LAD,13,0.0636251862796562,0.004894245098435093,0.2770772625113346,0.5980613334644013,1.1764469899089502,0.0636251862796562,0
hitter,518692,Freddie Freeman,LAD,6,0.06359751736525622,0.010599586227542703,0.14316288882575806,0.6522642561077866,1.253428115629104,0.06359751736525622,0
hitter,694371,Tommy Troy,AZ,5,0.06344312983869774,0.012688625967739547,0.0985894655017377,0.7891391546278499,2.0270103826730788,0.06344312983869774,0
hitter,656941,Kyle Schwarber,PHI,9,0.06336250954545038,0.007040278838383375,0.21832541225119947,0.5823629492048026,1.0307943640928174,0.06336250954545038,0
hitter,641857,Ryan McMahon,NYY,8,0.06332990271594541,0.007916237839493176,0.1640420321964151,0.6281839142360851,1.2080534088215644,0.06332990271594541,0
pitcher,687312,Gabriel Hughes,COL,10,0.06327990912906672,0.0063279909129066725,0.16943486510605116,0.6689336023277281,1.380420665462434,0,0.06327990912906672
pitcher,686796,Blake Walston,AZ,1,0.06317190064990325,0.06317190064990325,0.2821285347704742,0.2814698686308056,0.04711332158074466,0,0.06317190064990325
pitcher,676395,Robert Garcia,TEX,5,0.06304210974679277,0.012608421949358553,0.15458465997980064,0.5537935513750911,0.9173833273428631,0,0.06304210974679277
hitter,665926,Andrés Giménez,TOR,10,0.06250409939739449,0.006250409939739449,0.17524008738050945,0.6342513945485827,1.2420599171982891,0.06250409939739449,0
hitter,682622,Noelvi Marte,CIN,2,0.06248492509645547,0.031242462548227736,0.07617078218325887,0.8168251195310168,2.377428532931387,0.06248492509645547,0
hitter,800050,Chase DeLauter,CLE,9,0.062329528939865174,0.0069255032155405745,0.1850847587492975,0.5850301694586217,1.023365658485667,0.062329528939865174,0
pitcher,621366,Ryan Borucki,SF,2,0.06222155245166994,0.03111077622583497,0.09735524504436385,0.768195105075461,1.6556476886961762,0,0.06222155245166994
pitcher,689254,Mason Fluharty,TOR,7,0.06203846866252659,0.008862638380360941,0.09518855200356566,0.8362765605093274,2.2071057956610125,0,0.06203846866252659
pitcher,681870,Erik Sabrowski,CLE,4,0.06200930726351547,0.015502326815878868,0.18085203086573437,0.5691514153905672,0.978571913133311,0,0.06200930726351547
pitcher,694346,Trey Gibson,BAL,8,0.061972490993138826,0.007746561374142353,0.15222392397130882,0.6966871249126072,1.771571463840942,0,0.061972490993138826
hitter,650489,Willi Castro,COL,11,0.06150333513179228,0.005591212284708389,0.21923068552466912,0.6054225416121432,1.330286017900332,0.06150333513179228,0
hitter,621493,Taylor Ward,SEA,6,0.061263923935106414,0.010210653989184403,0.08542504165866413,0.8339085420610758,2.1701324487928937,0.061263923935106414,0
pitcher,680570,Grayson Rodriguez,LAA,9,0.06124203766148019,0.006804670851275577,0.17416213845597217,0.5951702328885723,1.1202789123345158,0,0.06124203766148019
hitter,682626,Francisco Alvarez,NYM,8,0.06121695206793669,0.007652119008492086,0.21136957869707534,0.577149786793834,1.0634201815906872,0.06121695206793669,0
hitter,669707,Jared Triolo,PIT,10,0.061130468552701815,0.0061130468552701815,0.150009862113812,0.7040559406078499,1.8410602896000607,0.061130468552701815,0
pitcher,605400,Aaron Nola,PHI,13,0.06105162946669326,0.004696279189745635,0.2333017652360834,0.6125358784824211,1.1744874339518008,0,0.06105162946669326
pitcher,694477,Chad Patrick,MIL,11,0.06085937498477438,0.005532670453161307,0.21506218345353328,0.6035495682876788,1.2807074999560824,0,0.06085937498477438
pitcher,664141,JT Brubaker,SF,3,0.060824351085517904,0.020274783695172636,0.08098947206012747,0.9142890622137658,3.4078817429246526,0,0.060824351085517904
hitter,678662,Ezequiel Tovar,COL,11,0.060310571110304204,0.005482779191845837,0.12691347505371925,0.7760699311076746,1.9454013748961962,0.060310571110304204,0
pitcher,666142,Cole Ragans,KC,9,0.060265621307766234,0.006696180145307359,0.144720810857557,0.6789629515176031,1.427682834909801,0,0.060265621307766234
hitter,806367,Turner Hill,SF,7,0.05985582459475931,0.008550832084965616,0.13372791576872423,0.6595092240105903,1.3185227196112412,0.05985582459475931,0
hitter,641933,Tyler O'Neill,BAL,9,0.059626573091242696,0.006625174787915855,0.1230590667433064,0.7719466507038883,2.171005245144545,0.059626573091242696,0
hitter,666624,Christopher Morel,MIA,3,0.05955988749948146,0.01985329583316049,0.11326924899066526,0.6763310071257372,1.485423197147372,0.05955988749948146,0
pitcher,608566,Germán Márquez,SD,7,0.05941720134174382,0.008488171620249117,0.182457294998311,0.5430849244907799,0.8873253783719689,0,0.05941720134174382
pitcher,668970,Gavin Hollowell,CHC,5,0.05918477008407913,0.011836954016815827,0.12633158453766508,0.7393483927551425,1.7032081838550468,0,0.05918477008407913
pitcher,690829,Ben Joyce,LAA,4,0.05883613001397833,0.014709032503494583,0.12737488151233567,0.6663210574964915,1.393525779593128,0,0.05883613001397833
pitcher,608718,Brent Suter,LAA,5,0.05869273430930997,0.011738546861861994,0.10390353099278493,0.6868857416649677,1.4034097166736892,0,0.05869273430930997
pitcher,702885,Cesar Perdomo,SF,5,0.05867181161138866,0.011734362322277732,0.08231776084500303,0.8327797766909214,2.2798303838897533,0,0.05867181161138866
pitcher,808825,Andrew Sears,DET,3,0.05865019921076153,0.01955006640358718,0.11831387149485084,0.5520158870901312,0.9324963681917846,0,0.05865019921076153
hitter,680869,Zack Gelof,ATH,4,0.058623119797914174,0.014655779949478543,0.11987815604982123,0.6923249780272963,1.3846212204076815,0.058623119797914174,0
hitter,691785,Marcelo Mayer,BOS,2,0.05858193667688272,0.02929096833844136,0.07955194247849807,0.7558124567688012,1.6562251902769158,0.05858193667688272,0
hitter,673962,Josh Jung,TEX,8,0.0579780801442849,0.007247260018035612,0.13707059474656075,0.7132403719909153,1.7089964654264533,0.0579780801442849,0
pitcher,667652,Jack Ralston,MIA,3,0.05795836976140382,0.019319456587134607,0.13627989499923976,0.5366200353571328,0.8614640205657027,0,0.05795836976140382
pitcher,605447,Jordan Romano,COL,4,0.05788814310817341,0.014472035777043353,0.09149741656233101,0.7782452059939838,1.7620515510214911,0,0.05788814310817341
pitcher,694361,Will Klein,LAD,4,0.057684289568480374,0.014421072392120093,0.1735764792427389,0.5885607172112315,1.0933681929683943,0,0.057684289568480374
hitter,542303,Marcell Ozuna,PIT,9,0.05727343840979346,0.00636371537886594,0.13434475194092144,0.734620141012529,1.7453327734490967,0.05727343840979346,0
hitter,668939,Adley Rutschman,BAL,8,0.057060244637127326,0.007132530579640916,0.16812184864339041,0.6071441880369788,1.1271956440250746,0.057060244637127326,0
pitcher,592662,Robbie Ray,SF,8,0.056986383647498036,0.0071232979559372545,0.1545745978222406,0.6017324025787985,1.1181386182309696,0,0.056986383647498036
hitter,686780,Pedro Pagés,STL,5,0.05687360339939696,0.011374720679879392,0.11871464686315805,0.6620951883199895,1.304465660194591,0.05687360339939696,0
hitter,664761,Alec Bohm,PHI,10,0.05678703821899726,0.0056787038218997265,0.15224473218260082,0.6587609417980751,1.383875265929873,0.05678703821899726,0
pitcher,592662,Robbie Ray,SD,7,0.0565114466941178,0.0080730638134454,0.1499686950962162,0.6743474072013702,1.9229230994190054,0,0.0565114466941178
hitter,678882,Ceddanne Rafaela,BOS,8,0.056490170481965016,0.007061271310245627,0.10715000757683119,0.7661778345568531,1.7589575324112865,0.056490170481965016,0
hitter,650859,Luis Rengifo,MIL,7,0.056325105552763814,0.00804644365039483,0.13600632792307682,0.649250000328046,1.3697132822770042,0.056325105552763814,0
hitter,666211,Taylor Trammell,HOU,6,0.05619550421512429,0.009365917369187382,0.13859144151275546,0.6277089917889432,1.2738699476188717,0.05619550421512429,0
hitter,694197,Angel Genao,CLE,9,0.05609026077897908,0.006232251197664342,0.12286703729490975,0.7392549158938293,1.648619302435045,0.05609026077897908,0
pitcher,694918,Blade Tidwell,SF,9,0.05606897428531322,0.006229886031701468,0.1339812863307746,0.6844373967864255,1.5156951589251422,0,0.05606897428531322
pitcher,675512,Troy Melton,DET,12,0.05599684784310746,0.0046664039869256215,0.19142267080497605,0.63601205474936,1.2290386633398167,0,0.05599684784310746
pitcher,676263,Jack Dreyer,LAD,7,0.055887032942745114,0.007983861848963587,0.15756007617886167,0.6675281108634612,1.3483952814012952,0,0.055887032942745114
hitter,642350,Jose Siri,LAA,9,0.055720373457860045,0.006191152606428894,0.15450075544943226,0.6698544841798557,1.4554882910167701,0.055720373457860045,0
hitter,700250,Ben Rice,NYY,10,0.05565463155545909,0.005565463155545909,0.1768417240648412,0.6451056529173427,1.2966685161416316,0.05565463155545909,0
hitter,645302,Victor Robles,SEA,3,0.05549369727725242,0.01849789909241747,0.103001265308029,0.6569249921582209,1.244795523048087,0.05549369727725242,0
hitter,665833,Oneil Cruz,PIT,9,0.05544279130061437,0.006160310144512708,0.15224619946027237,0.6579781001055208,1.559844641660811,0.05544279130061437,0
hitter,642715,Willy Adames,SF,12,0.05533924915459126,0.004611604096215938,0.19691259049689308,0.6524986072914563,1.400558686078269,0.05533924915459126,0
hitter,677594,Julio Rodríguez,SEA,8,0.055299308506895815,0.006912413563361977,0.1234123901568664,0.724077637965193,1.5384858927154317,0.055299308506895815,0
hitter,687093,Vaughn Grissom,LAA,9,0.05508797069440699,0.006120885632711888,0.20903476593881867,0.5198146915235461,0.8144640355853356,0.05508797069440699,0
pitcher,641816,Tyler Mahle,SF,9,0.05487116940152568,0.00609679660016952,0.16778997247391608,0.6523916663327448,1.33064023959717,0,0.05487116940152568
pitcher,592773,Ryne Stanek,STL,9,0.05428123432893789,0.006031248258770877,0.16347217765931144,0.6138213629820972,1.1448242056233662,0,0.05428123432893789
hitter,669134,Luis Campusano,SD,8,0.05400527282501529,0.0067506591031269115,0.13501908051836703,0.6689281572997327,1.4980096063933293,0.05400527282501529,0
pitcher,669084,DL Hall,MIL,7,0.05399858054888473,0.007714082935554961,0.1680712203553431,0.6389968309252075,1.3119466519710532,0,0.05399858054888473
pitcher,669373,Tarik Skubal,DET,5,0.05379005263876233,0.010758010527752467,0.14112683722850272,0.6460790984049412,1.4818349202766903,0,0.05379005263876233
hitter,807712,Luke Keaschall,MIN,8,0.05367995864008715,0.006709994830010894,0.17259463890643204,0.5900054997728321,1.0361610469186124,0.05367995864008715,0
hitter,641487,J.P. Crawford,SEA,6,0.05353880164087573,0.008923133606812622,0.15224334423959682,0.6086655282123815,1.2363059259766465,0.05353880164087573,0
hitter,679845,Nick Loftin,KC,7,0.053510434378183466,0.007644347768311924,0.10874553527835504,0.7010385333988826,1.4576817176310715,0.053510434378183466,0
pitcher,680730,Mitchell Parker,WSH,7,0.05343158632526493,0.007633083760752133,0.1292400609876425,0.6563636001058664,1.2905370213481666,0,0.05343158632526493
hitter,700337,Edgar Quero,CWS,9,0.05330933805641858,0.005923259784046509,0.14442222158640655,0.6860951332707524,1.4754065537683219,0.05330933805641858,0
pitcher,673513,Yuki Matsui,SD,7,0.05313765374424943,0.007591093392035633,0.1552985878584876,0.6216628400020515,1.2642587919298873,0,0.05313765374424943
pitcher,657277,Logan Webb,SF,9,0.05312085120103691,0.005902316800115212,0.20011679681228312,0.588673586236093,1.0622318119365108,0,0.05312085120103691
pitcher,837227,Tatsuya Imai,HOU,11,0.052894198358618055,0.004808563487147096,0.15501273099370472,0.6738546933255489,1.4640319686378704,0,0.052894198358618055
pitcher,623454,Drew Anderson,DET,8,0.05285637920054034,0.006607047400067543,0.21281928228490665,0.5217892191512372,0.8431619500053256,0,0.05285637920054034
pitcher,687377,Orlando Ribalta,WSH,4,0.05270745098279839,0.013176862745699597,0.1576967346023304,0.5544831030655394,1.0044622450209433,0,0.05270745098279839
hitter,676914,Davis Schneider,TOR,7,0.05246766739723411,0.0074953810567477295,0.14553330115399565,0.6986244230709631,1.5463949596193451,0.05246766739723411,0
pitcher,605288,Adrian Houser,SF,11,0.052351431244146644,0.0047592210221951495,0.15045156807640953,0.674806694937549,1.376164268837215,0,0.052351431244146644
hitter,667472,Dane Myers,CIN,10,0.05218973560632306,0.005218973560632306,0.0927060750742819,0.8125279552562337,2.026372824466965,0.05218973560632306,0
hitter,664728,Kyle Isbel,KC,8,0.052187431620621734,0.006523428952577717,0.1319325857136184,0.6986877215090241,1.522001159890035,0.052187431620621734,0
hitter,683748,Victor Mesa Jr.,TB,5,0.052131599427807124,0.010426319885561424,0.0820847559069241,0.8011283780854285,2.1874003392547747,0.052131599427807124,0
pitcher,608331,Max Fried,NYY,11,0.0520886006830037,0.0047353273348185185,0.16000607069333062,0.7217509928088159,1.7483501813828228,0,0.0520886006830037
hitter,681198,TJ Rumfield,COL,4,0.05196002830664204,0.01299000707666051,0.07430543328626127,0.7698829487109862,1.8687837010843549,0.05196002830664204,0
hitter,657041,Lane Thomas,KC,8,0.05189705088396837,0.006487131360496046,0.16243319357364144,0.6469819082501027,1.2664895498956799,0.05189705088396837,0
pitcher,656212,Charlie Barnes,LAD,1,0.05178119647425375,0.05178119647425375,0.06907083558707805,0.7848767032651816,1.7207364769515623,0,0.05178119647425375
pitcher,552640,Andrew Kittredge,BAL,3,0.05175538662388713,0.01725179554129571,0.08520207691832415,0.7181868145253674,1.9628600166221277,0,0.05175538662388713
hitter,663837,Matt Vierling,DET,6,0.05161693942155489,0.008602823236925815,0.1294798156574166,0.641926730263135,1.2259146137796908,0.05161693942155489,0
pitcher,664126,Pete Fairbanks,MIA,5,0.05160848482358913,0.010321696964717826,0.16839325748108314,0.5201511838408386,0.8109341027087194,0,0.05160848482358913
pitcher,650644,Aaron Civale,CHC,4,0.05158388372071912,0.01289597093017978,0.06855457367076996,0.886530306618464,2.449940358343564,0,0.05158388372071912
hitter,679822,Justin Foscue,TEX,9,0.05137120158306505,0.005707911287007228,0.16823084466011895,0.6269824222574216,1.2170507751711186,0.05137120158306505,0
hitter,669392,Samad Taylor,SD,10,0.05130310049743411,0.0051303100497434116,0.15369571718663017,0.737150906530557,1.6699335463400815,0.05130310049743411,0
hitter,682987,Spencer Jones,NYY,6,0.0512885984723013,0.00854809974538355,0.11672403123470096,0.6876618698990459,1.4689974663096572,0.0512885984723013,0
hitter,687749,Jase Bowen,SD,4,0.0512724949156239,0.012818123728905974,0.08189074833124518,0.7667448728915927,1.8546223866965414,0.0512724949156239,0
pitcher,656546,Jeff Hoffman,TOR,8,0.051229056626546636,0.0064036320783183295,0.19114914084746137,0.6251899291580861,1.2258715257216979,0,0.051229056626546636
hitter,593871,Jorge Polanco,NYM,4,0.05120950277388287,0.012802375693470718,0.15339056704269496,0.635332598740671,1.3734188598902348,0.05120950277388287,0
hitter,543309,Kyle Higashioka,TEX,8,0.05106559340848898,0.006383199176061122,0.126438063966293,0.6798598504995665,1.3924016179284306,0.05106559340848898,0
pitcher,676106,Emerson Hancock,SEA,13,0.05105853633770521,0.003927579718285016,0.20077449799723754,0.6218293388686843,1.1732883807732843,0,0.05105853633770521
pitcher,606996,Kyle Hart,SD,8,0.05091677704992095,0.006364597131240119,0.12000178467586485,0.7252860408116061,1.6359361861684323,0,0.05091677704992095
pitcher,680573,Simeon Woods Richardson,MIN,7,0.050835747215500486,0.007262249602214355,0.09859944171289156,0.7360122901679906,1.5642598552307276,0,0.050835747215500486
pitcher,547973,Aroldis Chapman,BOS,9,0.05064764734725062,0.005627516371916736,0.2378868438011036,0.5050991495983937,0.7865899538842577,0,0.05064764734725062
pitcher,472610,Luis García,MIN,2,0.05060529432700797,0.025302647163503986,0.10100258579132115,0.589044959433473,1.1804127306574874,0,0.05060529432700797
pitcher,453286,Max Scherzer,TOR,6,0.050446216416715685,0.008407702736119281,0.09341152175550016,0.7558544224845455,1.8724162681378995,0,0.050446216416715685
pitcher,663372,Ryan Feltner,COL,11,0.05004252274487747,0.004549320249534316,0.215478070296947,0.5883678957892736,1.0738707773165617,0,0.05004252274487747
pitcher,519141,Drew Pomeranz,CHC,4,0.050014092871959806,0.012503523217989952,0.159143489781227,0.53775378192554,0.9630725435706491,0,0.050014092871959806
pitcher,623149,Paul Sewald,AZ,5,0.049873174653691184,0.009974634930738236,0.2036803032830084,0.44061710668928294,0.5704607878939367,0,0.049873174653691184
pitcher,650644,Aaron Civale,ATH,9,0.0498556395662721,0.005539515507363566,0.14231219124430122,0.6770680172573885,1.5135631804025829,0,0.0498556395662721
pitcher,800600,Jackson Kent,WSH,9,0.04974632587533142,0.005527369541703491,0.10278214447002401,0.752578847775526,1.6938424996356618,0,0.04974632587533142
hitter,592518,Manny Machado,SD,7,0.049314793409797414,0.007044970487113916,0.14272330580372375,0.6545517128155802,1.4057513861177764,0.049314793409797414,0
pitcher,688297,Chris Roycroft,ATH,2,0.049308761099446666,0.024654380549723333,0.057749748537024415,0.91051780666547,2.6282745564029937,0,0.049308761099446666
hitter,673357,Luis Robert Jr.,NYM,6,0.04879127870205781,0.0081318797836763,0.10996629504244335,0.6733340819486613,1.4049017373319443,0.04879127870205781,0
hitter,694384,Nolan Schanuel,LAA,9,0.048791264060525974,0.005421251562280664,0.17581017792962678,0.6270441803831207,1.2903694486798218,0.048791264060525974,0
hitter,691023,Jordan Walker,STL,9,0.04877008846223819,0.005418898718026466,0.14109498134078563,0.6601531164588557,1.300116113222564,0.04877008846223819,0
hitter,663494,Bryan Torres,STL,5,0.048562362104113924,0.009712472420822784,0.09259530005273492,0.724348278707789,1.827307247437015,0.048562362104113924,0
hitter,671732,Lawrence Butler,ATH,7,0.04852061970456079,0.006931517100651542,0.12471755820761304,0.6675484908339853,1.402142127489025,0.04852061970456079,0
pitcher,670280,David Bednar,NYY,4,0.04849161877733185,0.012122904694332963,0.12570105274222054,0.5804700865337313,1.0014177484795623,0,0.04849161877733185
hitter,686452,Drew Millas,WSH,4,0.04848871528481263,0.012122178821203157,0.05921188261088528,0.8734486745823901,2.4507893459219763,0.04848871528481263,0
hitter,681393,Connor Norby,MIA,9,0.04838390028521162,0.005375988920579069,0.16684092695495467,0.6266406729133683,1.236873905697169,0.04838390028521162,0
pitcher,700669,Gordon Graceffo,STL,5,0.048374632709272385,0.009674926541854477,0.09961453080779065,0.7267776639882337,1.5728082787652873,0,0.048374632709272385
pitcher,665795,Edward Cabrera,CHC,6,0.04831480085503899,0.008052466809173165,0.09044875813501546,0.7548653286140677,1.7407160005538553,0,0.04831480085503899
hitter,677951,Bobby Witt Jr.,KC,7,0.04831057497867572,0.006901510711239388,0.12770413830132332,0.6601560642074525,1.3945854497863297,0.04831057497867572,0
hitter,620443,Luis Torrens,NYM,9,0.048306992433168223,0.005367443603685358,0.13285258339116854,0.6728245551175642,1.6396219570312578,0.048306992433168223,0
pitcher,640448,Kyle Finnegan,DET,6,0.04814976229072942,0.008024960381788236,0.12585841947065352,0.6685592311670545,1.4359092592087588,0,0.04814976229072942
pitcher,669330,Tyler Wells,BAL,5,0.048146970444467745,0.009629394088893548,0.11228081210541441,0.7043737725716473,1.4579648226138464,0,0.048146970444467745
pitcher,669620,Brady Basso,ATH,5,0.04792321879517886,0.009584643759035772,0.1343225596157267,0.6333813880147792,1.28424314637954,0,0.04792321879517886
hitter,543760,Marcus Semien,NYM,8,0.04762380485183171,0.0059529756064789635,0.10547793728786753,0.7469157866102087,1.6356219318944756,0.04762380485183171,0
pitcher,681895,Evan Sisk,PIT,10,0.047588365455118006,0.0047588365455118005,0.10158295716159665,0.776487036827952,1.9628213625568407,0,0.047588365455118006
pitcher,680742,Jonathan Bowlan,PHI,8,0.04755332922575302,0.005944166153219127,0.12221963209590539,0.7134504254637171,1.567251383110802,0,0.04755332922575302
pitcher,663878,Nate Pearson,KC,3,0.04735951916795769,0.015786506389319232,0.11558154977726451,0.6152432330293739,1.1716999184954284,0,0.04735951916795769
hitter,686681,Michael Massey,KC,5,0.04723356734712319,0.009446713469424637,0.09604392797240571,0.7103577282870072,1.6657916011165725,0.04723356734712319,0
hitter,695506,Jac Caglianone,KC,6,0.046933780686706325,0.00782229678111772,0.11846179682967012,0.6253323309984733,1.1659592682277635,0.046933780686706325,0
pitcher,668873,Caleb Kilian,SF,4,0.04690132066021951,0.011725330165054877,0.11968186227775408,0.5766182967912661,1.0124187611264865,0,0.04690132066021951
pitcher,800311,Didier Fuentes,ATL,5,0.04677740899568365,0.009355481799136731,0.10514436420416023,0.6969551901455364,1.4740326611838255,0,0.04677740899568365
hitter,681297,Colton Cowser,BAL,6,0.046564727108204,0.007760787851367333,0.09601350411238047,0.7280735129844681,1.7571355010399279,0.046564727108204,0
hitter,666397,Edouard Julien,COL,4,0.046323094818079474,0.011580773704519869,0.15611429196389917,0.5474702325159039,0.9154668050584776,0.046323094818079474,0
hitter,671277,Luis García Jr.,NYY,3,0.04630765869747995,0.015435886232493317,0.057629455266750826,0.8466691069598404,2.173052195409324,0.04630765869747995,0
pitcher,543037,Gerrit Cole,NYY,7,0.046269685063232674,0.006609955009033239,0.1515143737897166,0.617094596416535,1.1526145797820342,0,0.046269685063232674
pitcher,694297,Brandon Pfaadt,AZ,8,0.04596002749677252,0.005745003437096565,0.15315412358645863,0.6377075120322625,1.2873081985891988,0,0.04596002749677252
pitcher,696062,Wilber Dotel,PIT,3,0.04593356596960269,0.015311188656534231,0.08684065459981394,0.6611942314979157,1.252348810988475,0,0.04593356596960269
hitter,669127,Shea Langeliers,ATH,8,0.04577941916231929,0.0057224273952899115,0.16066015184873383,0.5552584183018187,0.9463729967193938,0.04577941916231929,0
pitcher,657514,Brennan Bernardino,COL,7,0.04561144701318666,0.006515921001883808,0.12817690133074416,0.6620468093652153,1.6208641408107387,0,0.04561144701318666
pitcher,663738,Daniel Lynch IV,KC,8,0.045608710497167984,0.005701088812145998,0.1643763709717187,0.5810885532671387,1.024014702835201,0,0.045608710497167984
hitter,694208,Moisés Ballesteros,CHC,6,0.04556862378609873,0.007594770631016455,0.07507575883279219,0.8108134410703888,2.322718729863233,0.04556862378609873,0
hitter,641680,Jonah Heim,ATH,6,0.04551267311689601,0.007585445519482668,0.12615163144748884,0.6355914579744653,1.323502495966736,0.04551267311689601,0
pitcher,543056,Danny Coulombe,BOS,3,0.04537393650095895,0.015124645500319651,0.11927586037246485,0.5699650838071717,1.0170343582706511,0,0.04537393650095895
pitcher,687330,Kevin Kelly,TB,5,0.04509337619475316,0.009018675238950632,0.12048182215882353,0.5773142291907194,0.9906599038446625,0,0.04509337619475316
hitter,687231,Darell Hernaiz,ATH,8,0.04461014966034563,0.005576268707543203,0.12393376795342685,0.6609427599837902,1.443699018223501,0.04461014966034563,0
hitter,665561,Rafael Marchán,PHI,6,0.04459280146615449,0.007432133577692415,0.08216345279719525,0.756417751922411,1.7985943831854438,0.04459280146615449,0
pitcher,690953,Mick Abel,MIN,5,0.04458229708460568,0.008916459416921136,0.10396868176228147,0.6882354293412523,1.4221209225502909,0,0.04458229708460568
hitter,699393,Pedro Ramírez,CHC,8,0.04442161185457674,0.005552701481822093,0.15661735681440436,0.6127175733099243,1.2311729962191968,0.04442161185457674,0
pitcher,624133,Ranger Suarez,BOS,8,0.04437779910194955,0.0055472248877436936,0.15190828793308914,0.6000657969971583,1.1606116512803355,0,0.04437779910194955
pitcher,668933,Graham Ashcraft,CIN,5,0.04417599709184921,0.008835199418369842,0.1387758959491895,0.5859314823769772,1.0172013541302345,0,0.04417599709184921
hitter,805811,Bryce Eldridge,SF,6,0.04417477673534789,0.0073624627892246485,0.10690288699107886,0.6380279354707913,1.1953258293475006,0.04417477673534789,0
pitcher,681810,Austin Warren,NYM,3,0.044103285233570086,0.014701095077856696,0.06481986750009877,0.7712957873450215,1.688679392521255,0,0.044103285233570086
hitter,650859,Luis Rengifo,SD,4,0.043889762904281086,0.010972440726070272,0.07847291882800393,0.7077593369220753,1.4395870496206937,0.043889762904281086,0
pitcher,695418,Brad Lord,WSH,7,0.04379420859660278,0.006256315513800397,0.14657134572829406,0.6170833097661348,1.2915428081019087,0,0.04379420859660278
hitter,691002,Yohandy Morales,WSH,4,0.043693990030943486,0.010923497507735871,0.1016895754227929,0.6081712198157043,1.0981770372374586,0.043693990030943486,0
pitcher,660604,Alan Rangel,PHI,6,0.04354776652708039,0.007257961087846731,0.09359022989099297,0.6961231939635405,1.5253759318527529,0,0.04354776652708039
pitcher,605242,Michael Fulmer,NYY,2,0.043483447339908575,0.021741723669954287,0.20267217116378955,0.2909302148994853,0.08143933524099611,0,0.043483447339908575
pitcher,696146,Hagen Smith,CWS,7,0.04342493658576332,0.00620356236939476,0.14451508444929717,0.6231685812446142,1.2556047740867466,0,0.04342493658576332
hitter,673237,Yainer Diaz,HOU,2,0.04341106815528796,0.02170553407764398,0.08158372564334526,0.6815972847252647,1.3241757294035787,0.04341106815528796,0
pitcher,675848,Juan Mejia,COL,6,0.043286067155221056,0.007214344525870176,0.14751864368700038,0.5776404413958666,1.0013309198266473,0,0.043286067155221056
hitter,663743,Nick Fortes,TB,5,0.04324244963388375,0.008648489926776751,0.10959627687805532,0.6722474190227083,1.4235749187318525,0.04324244963388375,0
hitter,673490,Ha-Seong Kim,ATL,7,0.04306483673015861,0.006152119532879801,0.11700062083228363,0.6967763073659846,1.6898034505725212,0.04306483673015861,0
pitcher,686993,Justin Sterner,ATH,4,0.04279651305257578,0.010699128263143945,0.06866282197432638,0.8277010434193501,2.0213032927004853,0,0.04279651305257578
hitter,656716,Zach McKinstry,DET,8,0.042732613728083214,0.005341576716010402,0.1298958348993915,0.7013112611183093,1.6038722835532389,0.042732613728083214,0
pitcher,693313,Carson Seymour,SF,3,0.042690441807851066,0.01423014726928369,0.07885736845009916,0.7091618315831667,1.465854576745877,0,0.042690441807851066
hitter,663968,Jake Mangum,PIT,7,0.042502783350960874,0.00607182619299441,0.09099167075821679,0.7543318960560826,1.923992870496347,0.042502783350960874,0
pitcher,615698,Cal Quantrill,TEX,11,0.04244067602466688,0.0038582432749697166,0.1900694535048017,0.6015332943572701,1.2213560696982277,0,0.04244067602466688
pitcher,641755,Tyler Kinley,ATL,2,0.042439051476318344,0.021219525738159172,0.1561171049657049,0.38765654336249405,0.4058213189109998,0,0.042439051476318344
hitter,672580,Maikel Garcia,KC,8,0.04240163604435839,0.005300204505544799,0.09777921390909122,0.7156173480320506,1.7136408621318882,0.04240163604435839,0
pitcher,666374,Matt Brash,SEA,2,0.04213498309297444,0.02106749154648722,0.07415642289956814,0.6134438801769205,1.2671869190210763,0,0.04213498309297444
hitter,687957,Dustin Harris,SD,2,0.04208713376063261,0.021043566880316306,0.06380164799873478,0.7709680118174854,1.760978166880345,0.04208713376063261,0
hitter,702222,Justin Crawford,PHI,8,0.041880873854523555,0.005235109231815444,0.09853907383573364,0.7378402459389349,1.593895020032486,0.041880873854523555,0
pitcher,667755,José Soriano,TOR,4,0.04136723689276189,0.010341809223190472,0.0941290735749401,0.6339998910879387,1.1693374871681437,0,0.04136723689276189
hitter,688363,Graham Pauley,MIA,5,0.04130129033687227,0.008260258067374454,0.10069774371049184,0.6563192044703694,1.2680774366755458,0.04130129033687227,0
pitcher,690928,Hunter Dobbins,STL,5,0.04126531929706577,0.008253063859413153,0.08392064866339438,0.753106235532705,1.844063391055613,0,0.04126531929706577
pitcher,642528,Jonathan Loáisiga,AZ,5,0.04120389958873742,0.008240779917747484,0.12037692911731263,0.6098097639305743,1.0994331426360713,0,0.04120389958873742
pitcher,693855,Ian Seymour,TB,6,0.04119009706839671,0.006865016178066118,0.1385044551981677,0.6594706736614849,1.42795281488016,0,0.04119009706839671
hitter,664774,LaMonte Wade Jr.,HOU,6,0.04107690335441639,0.006846150559069398,0.1208364958591071,0.5776725639707853,0.9903073204851993,0.04107690335441639,0
pitcher,687223,Carson Palmquist,WSH,3,0.04080274427279641,0.013600914757598804,0.0913098307229882,0.6537569777572022,1.8407991006137,0,0.04080274427279641
hitter,506702,Sandy León,ATL,4,0.0404342341913449,0.010108558547836224,0.04781972999015083,0.9086325871880025,2.6574460806947564,0.0404342341913449,0
pitcher,596001,Jakob Junis,TEX,6,0.040256534866358676,0.006709422477726446,0.1731064187122373,0.4711034213525105,0.6684312232443647,0,0.040256534866358676
pitcher,592332,Kevin Gausman,CHC,6,0.04012171055851919,0.006686951759753198,0.08968278853022926,0.699541620046627,1.4516442158487923,0,0.04012171055851919
pitcher,687273,Quinn Mathews,STL,6,0.039921922496993036,0.0066536537494988396,0.15283214104487064,0.510177376401315,0.8007095627553916,0,0.039921922496993036
hitter,687263,Zach Neto,LAA,8,0.03991405208917027,0.004989256511146283,0.09942865837621491,0.7058712358560145,1.4575021897572369,0.03991405208917027,0
hitter,695657,Colson Montgomery,CWS,5,0.0398430769710619,0.00796861539421238,0.07128283247679001,0.7695869661891702,2.0515754735067837,0.0398430769710619,0
pitcher,695380,Alex Hoppe,BAL,2,0.03982692827422073,0.019913464137110364,0.09865163196585663,0.5656037657817832,0.9481037434956703,0,0.03982692827422073
pitcher,702021,Will Dion,WSH,6,0.039824408496893844,0.006637401416148974,0.14262782765150572,0.5773414854211358,1.0134915902631307,0,0.039824408496893844
hitter,621020,Dansby Swanson,CHC,4,0.03956056421389286,0.009890141053473215,0.07285342965165709,0.7641960520475077,1.6728809853378315,0.03956056421389286,0
hitter,803011,Sam Antonacci,CWS,11,0.03949914369335947,0.0035908312448508606,0.17377514822645967,0.6203085071901769,1.2075177951093752,0.03949914369335947,0
pitcher,656986,Bennett Sousa,HOU,5,0.03920959628521216,0.007841919257042432,0.0850763880092219,0.7020182102500443,1.4736848995115874,0,0.03920959628521216
pitcher,621345,A.J. Minter,MIN,6,0.03920201476181377,0.006533669126968962,0.11675320202864102,0.6379570657704975,1.3937359472603557,0,0.03920201476181377
pitcher,681402,Gus Varland,WSH,4,0.03915001808667511,0.009787504521668778,0.0967123533074685,0.6014774181943383,1.1437261724659686,0,0.03915001808667511
hitter,680779,Henry Davis,PIT,3,0.03912844891191312,0.01304281630397104,0.13303475785849855,0.4399530426677709,0.5560786769119441,0.03912844891191312,0
hitter,691781,Brady House,WSH,5,0.03908911729770527,0.007817823459541054,0.07546590764581818,0.748647980575275,1.6397141871799281,0.03908911729770527,0
pitcher,592155,Cam Booser,TB,3,0.03894950632338293,0.012983168774460978,0.09739609306620539,0.5093940370525104,0.7970524816480831,0,0.03894950632338293
hitter,695731,Braden Montgomery,CWS,4,0.03886782642011207,0.009716956605028018,0.08084302185557132,0.7191401884145989,1.6366224997181502,0.03886782642011207,0
pitcher,656288,Griffin Canning,SD,6,0.03872396871808041,0.006453994786346735,0.0927936446847355,0.6896953110442606,1.684877723222012,0,0.03872396871808041
hitter,807713,Matt Shaw,CHC,6,0.03867746866698709,0.006446244777831182,0.09849197490563122,0.692636087705876,1.459132170492398,0.03867746866698709,0
hitter,676356,Jonny DeLuca,TB,9,0.03849645576500621,0.004277383973889579,0.12770677068299202,0.6896410550523415,1.556370237770584,0.03849645576500621,0
pitcher,656849,David Peterson,NYM,6,0.03843031945525325,0.0064050532425422085,0.09683654014521678,0.671182331753848,1.4024108130175976,0,0.03843031945525325
hitter,661531,Brian Serven,ATH,4,0.03820085943905141,0.009550214859762853,0.09761059418519025,0.6792908774183979,1.3646352040477698,0.03820085943905141,0
hitter,595978,Austin Hedges,CLE,5,0.03800500117181044,0.007601000234362087,0.09013068352013323,0.6921101105819819,1.6644515852798576,0.03800500117181044,0
pitcher,605483,Blake Snell,LAD,6,0.037851777273863504,0.006308629545643918,0.1021092685521936,0.6621657100565567,1.391638215705514,0,0.037851777273863504
hitter,571771,Enrique Hernández,LAD,4,0.03783128495919991,0.009457821239799977,0.05533943769607941,0.8211174907459364,2.08750511801871,0.03783128495919991,0
pitcher,683000,Riley Cornelio,WSH,3,0.037813587730509926,0.01260452924350331,0.09515537166804992,0.659303596406523,1.6397231402606947,0,0.037813587730509926
pitcher,677020,Josh Walker,BAL,3,0.03781238457233679,0.012604128190778928,0.07493805612039012,0.6545448499429538,1.2625137735373038,0,0.03781238457233679
pitcher,700249,Cade Povich,BAL,7,0.03779570960158309,0.005399387085940442,0.08337046866706985,0.7496201098876208,1.8039626756434557,0,0.03779570960158309
pitcher,445276,Kenley Jansen,DET,5,0.037681188262057366,0.007536237652411473,0.1328558105585428,0.5557471425112415,0.9702561079015084,0,0.037681188262057366
hitter,669289,Santiago Espinal,LAD,3,0.037580923815217604,0.012526974605072535,0.07718854181129273,0.7322529292056102,2.397174342664073,0.037580923815217604,0
pitcher,669711,Greg Weissert,BOS,5,0.03748989568180806,0.007497979136361611,0.07164752080078418,0.7606879654513546,1.6864033030893821,0,0.03748989568180806
pitcher,679885,Justin Martinez,AZ,2,0.03730592909444515,0.018652964547222574,0.11745689129606851,0.6826329629183931,2.8634668625516007,0,0.03730592909444515
pitcher,670059,Colin Holderman,CLE,6,0.03709793760988675,0.006182989601647791,0.09745544060940484,0.6540994375135635,1.3062625532177765,0,0.03709793760988675
pitcher,674444,Steven Cruz,KC,2,0.03699927242516732,0.01849963621258366,0.04305770445196683,0.8943899161421333,2.378487039867637,0,0.03699927242516732
pitcher,605156,Aaron Brooks,TB,1,0.03697360505020611,0.03697360505020611,0.1475066471859675,0.35021326935612235,0.2864235806841897,0,0.03697360505020611
pitcher,668984,Casey Legumina,TB,2,0.03690011561600502,0.01845005780800251,0.0658263162417238,0.6152270804520346,1.1415035928818236,0,0.03690011561600502
pitcher,656546,Jeff Hoffman,MIN,2,0.036867073346702785,0.018433536673351392,0.09004290110824775,0.5172621742580757,0.8018915669769231,0,0.036867073346702785
hitter,608348,Carson Kelly,CHC,8,0.036742092363700046,0.004592761545462506,0.11405931796687727,0.6532826628289897,1.3283445114126249,0.036742092363700046,0
pitcher,663554,Casey Mize,SD,8,0.03661159073157896,0.00457644884144737,0.07928074144702701,0.7636584060572885,1.7088210802705253,0,0.03661159073157896
pitcher,686934,Alex McFarlane,PHI,3,0.03654320074712109,0.01218106691570703,0.053044979602392545,0.8312353796754289,1.9785925386537544,0,0.03654320074712109
hitter,663698,Joey Bart,PIT,2,0.0364442446963895,0.01822212234819475,0.047578947530112825,0.8267034120180923,2.094453163667364,0.0364442446963895,0
hitter,519317,Giancarlo Stanton,NYY,1,0.03643027328090925,0.03643027328090925,0.06928862543036918,0.6424111037077257,1.1893833412712338,0.03643027328090925,0
pitcher,683363,Matt Wilkinson,SF,4,0.03637717502284955,0.009094293755712388,0.07600927985007677,0.660345159047675,1.3070040129726532,0,0.03637717502284955
pitcher,682608,Peyton Gray,TEX,5,0.036308053593622845,0.007261610718724569,0.095301093420476,0.6480697167723904,1.2631036028156515,0,0.036308053593622845
hitter,545121,Ildemaro Vargas,AZ,7,0.03600684146254824,0.005143834494649749,0.10076002856424479,0.6423070407424669,1.4111355607001062,0.03600684146254824,0
pitcher,683003,Jared Jones,PIT,9,0.0359787207131059,0.003997635634789544,0.1787971190053188,0.5921066326598577,1.1220156398501462,0,0.0359787207131059
pitcher,807743,Sean Sullivan,COL,3,0.0359506837101329,0.011983561236710967,0.09855448296114253,0.6612259688940286,1.3019247722916303,0,0.0359506837101329
pitcher,669270,Joel Kuhnel,SF,5,0.03580886996222536,0.007161773992445072,0.1629932550533063,0.45612320764865866,0.6139964038591592,0,0.03580886996222536
pitcher,664299,Cristian Javier,HOU,4,0.03574081549099249,0.008935203872748123,0.09302050652372684,0.6468728694599248,1.3292568394001814,0,0.03574081549099249
pitcher,642547,Freddy Peralta,TB,4,0.035714761807602344,0.008928690451900586,0.11209634521160727,0.5227370403716007,0.8287280815829849,0,0.035714761807602344
pitcher,673540,Kodai Senga,NYM,5,0.035625847637055105,0.007125169527411021,0.07239978193733632,0.739085031040905,1.6186738674128989,0,0.035625847637055105
hitter,672275,Patrick Bailey,SF,4,0.03553556979132604,0.00888389244783151,0.08164502101621803,0.6652774593230939,1.265946464818327,0.03553556979132604,0
hitter,668904,Royce Lewis,MIN,10,0.0354974322443146,0.0035497432244314597,0.08269050113196255,0.7801640462155414,1.8647712761695316,0.0354974322443146,0
hitter,656537,Derek Hill,CWS,2,0.03547323694477117,0.017736618472385585,0.04187682634597323,0.8901980912683685,2.509010040646262,0.03547323694477117,0
pitcher,670036,Matt Festa,CLE,4,0.03528575510795686,0.008821438776989215,0.08460292787253904,0.6859795346265491,1.5570779889657733,0,0.03528575510795686
hitter,592450,Aaron Judge,NYY,6,0.0352544464786423,0.005875741079773717,0.09189740683513659,0.7030667919766787,1.6148651778497953,0.0352544464786423,0
pitcher,656464,Kevin Ginkel,AZ,5,0.03525012436793227,0.007050024873586453,0.11355419429256552,0.6146064898284871,1.3261259881982828,0,0.03525012436793227
pitcher,666711,Joel Peguero,SF,2,0.035184393801559855,0.017592196900779927,0.07527140311216096,0.5642546739734613,0.9550709745275052,0,0.035184393801559855
pitcher,677955,Jaden Hill,COL,4,0.03501243703361922,0.008753109258404805,0.156701824050007,0.5049740280900182,0.9365362204743712,0,0.03501243703361922
hitter,687952,Christian Encarnacion-Strand,BAL,6,0.03499701855882944,0.005832836426471573,0.15399096663778467,0.5324795702259956,0.9103162513422675,0.03499701855882944,0
pitcher,685801,Hunter Bigge,TB,5,0.03496240363775214,0.006992480727550428,0.24793725842013198,0.40180594592901364,0.43548301089824404,0,0.03496240363775214
hitter,686797,Brooks Lee,MIN,7,0.03494320762866564,0.004991886804095091,0.0882581052176086,0.7045160154172727,1.477456885604599,0.03494320762866564,0
pitcher,670329,Rico Garcia,BAL,5,0.03481213090190539,0.006962426180381077,0.12152144000480045,0.5737850402975283,0.9986770775954199,0,0.03481213090190539
pitcher,669713,Hayden Wesneski,HOU,6,0.034811123814869456,0.005801853969144909,0.11742902309133285,0.5705735414509502,0.9832254019995772,0,0.034811123814869456
hitter,681508,Mickey Gasper,BOS,4,0.034691686786998924,0.008672921696749731,0.08494060865238631,0.6446245973751646,1.38164082863105,0.034691686786998924,0
pitcher,571927,Steven Matz,TB,4,0.03451354020927144,0.00862838505231786,0.07588818022367017,0.6716888069068221,1.5510037146618205,0,0.03451354020927144
pitcher,592791,Jameson Taillon,CHC,5,0.034351539453499336,0.006870307890699867,0.11612158410657986,0.5879664317815526,1.116999609991222,0,0.034351539453499336
hitter,670032,Nicky Lopez,TEX,6,0.03422723290411204,0.005704538817352007,0.14890557294569665,0.5411012810140926,1.142803716356828,0.03422723290411204,0
hitter,608841,Joey Meneses,ATH,1,0.03421964112157562,0.03421964112157562,0.05446579194685369,0.6921476921978026,1.357634409774267,0.03421964112157562,0
pitcher,664854,Ryan Helsley,BAL,3,0.034012915922509365,0.011337638640836456,0.1950815248881803,0.37184777220453075,0.3427796603168858,0,0.034012915922509365
hitter,701162,Ben Malgeri,DET,3,0.033942771265713746,0.011314257088571249,0.10025082287717862,0.49214884313816337,0.7261127829113692,0.033942771265713746,0
hitter,686475,Tyler Tolbert,KC,3,0.03392945611987706,0.011309818706625688,0.07617830904025838,0.5820209639777031,1.003738580789184,0.03392945611987706,0
pitcher,594027,Tyron Guerrero,BOS,6,0.033855299010926716,0.005642549835154453,0.11929114359742032,0.5742292172985936,1.0245449859899558,0,0.033855299010926716
pitcher,666808,Camilo Doval,NYY,4,0.03383838961019135,0.008459597402547838,0.07868382681864552,0.7070534671814188,1.5683544850407989,0,0.03383838961019135
pitcher,665622,Luis Medina,ATH,5,0.03382200977125951,0.006764401954251901,0.14948796267577594,0.6059334190499299,1.3948721446938135,0,0.03382200977125951
pitcher,676254,Ryan Walker,SF,5,0.03382150235853835,0.0067643004717076695,0.14409700094460237,0.5511603895824183,0.951084187223573,0,0.03382150235853835
pitcher,542888,Shawn Armstrong,CLE,5,0.03373840420427639,0.006747680840855278,0.0938590138391747,0.7418011003739238,1.7713918640987916,0,0.03373840420427639
pitcher,683175,Connor Phillips,CIN,4,0.033615618914356195,0.008403904728589049,0.1049756494694798,0.635523830078535,1.7760154400608614,0,0.033615618914356195
pitcher,699134,Bradgley Rodriguez,SD,8,0.03360287479035239,0.004200359348794049,0.10444025218530645,0.6822424104316545,1.399950407812534,0,0.03360287479035239
pitcher,650556,Bryan Abreu,HOU,4,0.033581907464470775,0.008395476866117694,0.16081457646006178,0.4791050857322093,0.7946616890385275,0,0.033581907464470775
hitter,703607,Henry Bolte,ATH,7,0.03354094225535412,0.004791563179336302,0.11811568387047616,0.629628713191004,1.2132264372999668,0.03354094225535412,0
pitcher,674003,Cody Bradford,TEX,6,0.033409184177691016,0.005568197362948502,0.07068012603503193,0.7241063567531995,1.5760161712654928,0,0.033409184177691016
pitcher,669854,Ronel Blanco,HOU,4,0.033361587139881146,0.008340396784970287,0.07651780514268425,0.6774470172342543,1.5352790630731437,0,0.033361587139881146
hitter,547180,Bryce Harper,PHI,2,0.03311483131357765,0.016557415656788824,0.056239675123028465,0.683547849030675,1.3499839393894104,0.03311483131357765,0
hitter,521692,Salvador Perez,KC,7,0.033003312349051794,0.004714758907007399,0.09641422655510368,0.6668194579638467,1.400133826126463,0.033003312349051794,0
hitter,643396,Isiah Kiner-Falefa,BOS,5,0.03290360284175324,0.006580720568350648,0.05829069033776085,0.8071527592078385,1.9970591895508392,0.03290360284175324,0
hitter,624641,Edmundo Sosa,PHI,4,0.032628986759368636,0.008157246689842159,0.05739564846955118,0.7534298855557147,1.6554363469945996,0.032628986759368636,0
hitter,695490,Edwin Arroyo,CIN,2,0.03247278460270524,0.01623639230135262,0.04604128550981343,0.8111534028683598,1.8531002704395751,0.03247278460270524,0
pitcher,695611,Gage Jump,ATH,7,0.03226991745750152,0.004609988208214503,0.1154899129701004,0.6433607303364999,1.290444535341127,0,0.03226991745750152
pitcher,680755,Braydon Fisher,TOR,3,0.0320550514697657,0.010685017156588567,0.06862548564758031,0.7521050034459368,1.773888875565512,0,0.0320550514697657
pitcher,678061,Ray Kerr,ATL,3,0.03202939227439408,0.010676464091464694,0.14762453113735935,0.47890896913094005,0.7065972212702136,0,0.03202939227439408
pitcher,663767,Chase Shugart,PHI,5,0.03199848569646884,0.0063996971392937686,0.05891948209781206,0.8099393912581094,1.9918128769003587,0,0.03199848569646884
pitcher,665665,Reiver Sanmartin,SF,2,0.03198631218546194,0.01599315609273097,0.04232430827828171,0.8539781666178071,2.088155452095174,0,0.03198631218546194
pitcher,641941,Emilio Pagán,CIN,3,0.031952311516682964,0.010650770505560988,0.0973052576200214,0.533897904892885,0.8612647287677757,0,0.031952311516682964
pitcher,683004,Jack Leiter,TEX,6,0.03192838376192884,0.0053213972936548065,0.07464882855436178,0.7215667765584878,1.540342911589632,0,0.03192838376192884
pitcher,672782,Yoendrys Gómez,MIN,4,0.031883009785457286,0.007970752446364322,0.100477776183095,0.6456905361117097,1.7554035281384808,0,0.031883009785457286
pitcher,664208,Phil Maton,CHC,2,0.031836992705666825,0.015918496352833413,0.09178298844953164,0.49722907132559147,0.7414483902860498,0,0.031836992705666825
hitter,694673,Abimelec Ortiz,WSH,5,0.031783789752352326,0.0063567579504704656,0.11628111063147731,0.5777733105397571,1.0160803481736216,0.031783789752352326,0
hitter,682674,Victor Bericoto,SF,6,0.03176352655881024,0.0052939210931350405,0.06782699219382361,0.7545902634837315,1.7161010656674582,0.03176352655881024,0
hitter,665742,Juan Soto,NYM,6,0.03172808556941803,0.005288014261569672,0.12181563680491908,0.570884621679221,1.0040397646978747,0.03172808556941803,0
hitter,691788,Joe Mack,MIA,6,0.03171845474890245,0.005286409124817075,0.13153890216429395,0.5278422201391622,0.8457668836734179,0.03171845474890245,0
pitcher,667463,John King,MIA,4,0.031654814676239235,0.007913703669059809,0.07463649893084734,0.6278894075373596,1.1651629920468016,0,0.031654814676239235
pitcher,676775,Keaton Winn,SF,5,0.03162854392428532,0.006325708784857063,0.12146339525164632,0.5629704809788147,1.0043286687565989,0,0.03162854392428532
hitter,678545,Osleivis Basabe,SF,7,0.03159775677471595,0.00451396525353085,0.12387452318765708,0.6316098752181317,1.3847319039459076,0.03159775677471595,0
pitcher,687209,Zach Maxwell,CIN,4,0.03142168787449049,0.007855421968622623,0.06616388268989107,0.681846647369632,1.5738525459638646,0,0.03142168787449049
hitter,669065,Kyle Stowers,MIA,9,0.03141660654553672,0.003490734060615191,0.10812351285779839,0.6789718291305753,1.3869940399746357,0.03141660654553672,0
pitcher,595014,Blake Treinen,LAD,6,0.03139200736385943,0.005232001227309904,0.08608924946441587,0.6581837419764202,1.4128464126900873,0,0.03139200736385943
hitter,668709,JJ Bleday,CIN,6,0.031370805199820447,0.005228467533303408,0.1841826343275376,0.42983476697000117,0.5233736556844677,0.031370805199820447,0
pitcher,621121,Lance McCullers Jr.,HOU,6,0.031175692275813575,0.005195948712635596,0.08362146948077204,0.6524302860629978,1.27676864770784,0,0.031175692275813575
hitter,678011,Anthony Seigler,BOS,6,0.031130837331336515,0.005188472888556086,0.07904871354602579,0.7161725248226417,1.6431534928801588,0.031130837331336515,0
hitter,681351,Logan O'Hoppe,LAA,7,0.031101292119846684,0.004443041731406669,0.08806763647177282,0.6968782125388862,1.5796789819095332,0.031101292119846684,0
hitter,671083,Buddy Kennedy,SF,3,0.03107200344757922,0.010357334482526407,0.047159039138009506,0.8042966668058145,2.5794329530520153,0.03107200344757922,0
hitter,823550,Sung-Mun Song,SD,4,0.031057538368823825,0.007764384592205956,0.08976227543192683,0.5744104981087407,1.0608438084864615,0.031057538368823825,0
pitcher,811315,Brody Hopkins,TB,1,0.030859347697612168,0.030859347697612168,0.13172362831060824,0.29477190724076435,0.09576043137091617,0,0.030859347697612168
pitcher,681911,Alex Vesia,LAD,5,0.03071800330989655,0.00614360066197931,0.10166805708767068,0.5790385487442171,1.0267897264129722,0,0.03071800330989655
pitcher,820862,José Fermin,LAA,9,0.030629929596228806,0.0034033255106920898,0.19138746941570847,0.5250291897325566,0.8323230444547391,0,0.030629929596228806
pitcher,608337,Lucas Giolito,SD,5,0.03058866590831918,0.006117733181663836,0.07914322473357716,0.6684340769615073,1.3139162006080114,0,0.03058866590831918
hitter,671976,Tristan Peters,CWS,5,0.030574245140242387,0.006114849028048477,0.06993675341320457,0.6955876854136094,1.404417197504522,0.030574245140242387,0
hitter,677870,Leo Jiménez,MIA,9,0.03036472689095527,0.0033738585434394744,0.11206062444373491,0.6827106267004422,1.6664130553549208,0.03036472689095527,0
pitcher,694795,Josh Ekness,MIA,2,0.03020807907947961,0.015104039539739805,0.07018997862080603,0.6004600258433301,1.0707901402405124,0,0.03020807907947961
pitcher,571948,Hoby Milner,CHC,5,0.030065735217302596,0.006013147043460519,0.10161254953280335,0.6833389998591295,1.432397308840679,0,0.030065735217302596
hitter,681047,Christian Franklin,BAL,7,0.03004527730031064,0.004292182471472949,0.13509134900360253,0.5464573285626884,0.9615676251983531,0.03004527730031064,0
hitter,694377,Nick Yorke,PIT,4,0.030020202057861295,0.007505050514465324,0.060638252815824106,0.7567125309837575,1.9627631180392093,0.030020202057861295,0
hitter,694378,Jacob Gonzalez,PIT,3,0.029733060033774343,0.009911020011258114,0.05852323248041902,0.728967820557064,1.9761026088197895,0.029733060033774343,0
pitcher,680767,Victor Vodnik,MIA,4,0.029732405505892918,0.0074331013764732294,0.10119933413899143,0.6031597837060703,1.1455575246157164,0,0.029732405505892918
hitter,682663,Agustín Ramírez,MIA,3,0.029704850518432885,0.009901616839477628,0.04333947530081589,0.8226771985463698,1.9332667965101518,0.029704850518432885,0
pitcher,676428,Brant Hurter,DET,5,0.02969380669230269,0.005938761338460538,0.0741315106947909,0.6905603087537433,1.4423101630685626,0,0.02969380669230269
pitcher,670062,Julian Garcia,CIN,5,0.02967000856881017,0.005934001713762034,0.06059900187381495,0.767689746937998,1.8131073234636492,0,0.02967000856881017
hitter,701678,Hao-Yu  Lee,DET,7,0.029533298887028384,0.004219042698146912,0.06037650341790947,0.8023740843598791,2.091172410787096,0.029533298887028384,0
hitter,701538,Jackson Merrill,SD,6,0.029284668940477702,0.004880778156746284,0.08990290897391608,0.6578002856796195,1.2904489531900578,0.029284668940477702,0
pitcher,672841,Carlos Vargas,SEA,2,0.029253166849122443,0.014626583424561222,0.03765414130832301,0.8630890518990046,2.1728494851570037,0,0.029253166849122443
hitter,663330,Jahmai Jones,BOS,5,0.0291762974404301,0.00583525948808602,0.051812364858062565,0.7898962771555158,1.82209755973192,0.0291762974404301,0
hitter,699912,Jose Fernandez,AZ,3,0.028856709651330983,0.009618903217110328,0.1303867190082241,0.4022034166621717,0.44326687191320735,0.028856709651330983,0
hitter,669394,Jake Burger,TEX,11,0.02882479337953154,0.0026204357617755944,0.15907068414082853,0.5718506297730339,1.0046640606476298,0.02882479337953154,0
hitter,596115,Trevor Story,BOS,4,0.028808912600086636,0.007202228150021659,0.09155836868676542,0.6024747533370354,1.0921759488509362,0.028808912600086636,0
pitcher,669194,Ryne Nelson,AZ,8,0.028782689560353465,0.003597836195044183,0.11669593937711284,0.6404154797837127,1.3363062509840486,0,0.028782689560353465
pitcher,670950,Trevor Richards,CWS,3,0.02847530741817645,0.00949176913939215,0.08253674728464297,0.6487105962284324,1.7429554864285732,0,0.02847530741817645
pitcher,678606,Jose A. Ferrer,SEA,2,0.028410256056904254,0.014205128028452127,0.04480343160492273,0.8137939383003812,2.0026702530396445,0,0.028410256056904254
hitter,701350,Roman Anthony,BOS,6,0.02838168279446743,0.004730280465744572,0.1343233849897407,0.5215776676651508,0.8172587549122788,0.02838168279446743,0
hitter,663647,Ke'Bryan Hayes,CIN,5,0.02832974409524225,0.005665948819048449,0.06918228467102547,0.6885054165600244,1.376933280589564,0.02832974409524225,0
pitcher,805427,Drew Sommers,DET,5,0.02832928287696676,0.005665856575393352,0.13384269937222765,0.4803917450821963,0.6913768066265311,0,0.02832928287696676
pitcher,607192,Tyler Glasnow,LAD,6,0.02828501547941874,0.0047141692465697905,0.1045802836494445,0.5763017149782569,1.0014304489179975,0,0.02828501547941874
hitter,687859,Troy Johnston,COL,5,0.028220730305064418,0.005644146061012883,0.05394286622688836,0.7796924249005077,2.116855588379475,0.028220730305064418,0
hitter,680776,Jarren Duran,BOS,7,0.028042290000568678,0.004006041428652668,0.06011618267782867,0.777046654337181,1.868880419151843,0.028042290000568678,0
hitter,656976,Pavin Smith,AZ,4,0.027891652188949553,0.006972913047237388,0.0906507872050083,0.6178970873093401,1.1937184313998934,0.027891652188949553,0
pitcher,665660,Elvis Alvarado,ATH,5,0.027829150072361256,0.005565830014472251,0.10786429126490464,0.569403701418843,0.981859723018354,0,0.027829150072361256
hitter,694374,Tim Tawa,AZ,6,0.027655465170942563,0.004609244195157094,0.0399001955071895,0.8888175131851782,2.433906214160913,0.027655465170942563,0
pitcher,664129,Geoff Hartlieb,ATH,2,0.027563891971429583,0.013781945985714791,0.044684725198523734,0.7379518010276818,1.5392760633883142,0,0.027563891971429583
pitcher,677976,Randy Dobnak,KC,6,0.027543719705066295,0.004590619950844382,0.1365400973881284,0.5018008380368507,0.7614976355011699,0,0.027543719705066295
pitcher,805123,AJ Blubaugh,HOU,3,0.027536479929585654,0.009178826643195219,0.145855414810382,0.40242123123319645,0.4425647253250129,0,0.027536479929585654
pitcher,699823,Tyler Davis,CWS,2,0.027494483688473882,0.013747241844236941,0.05969176349081212,0.6078779050469607,1.0925170282473184,0,0.027494483688473882
pitcher,682995,Hunter Barco,PIT,2,0.02748210815530457,0.013741054077652285,0.05834808549232967,0.6956166366802767,1.4280291143371644,0,0.02748210815530457
hitter,681807,David Fry,CLE,4,0.027413248542905156,0.006853312135726289,0.051131760110586955,0.7468853118597617,1.577882531487258,0.027413248542905156,0
hitter,695508,Cam Cauley,TEX,1,0.027401967861196978,0.027401967861196978,0.06604153171081542,0.5004034314436121,0.7512102945934815,0.027401967861196978,0
pitcher,695549,Jackson Jobe,DET,4,0.027129620143034393,0.006782405035758598,0.051275974107186706,0.7596681214033238,1.6931485426250397,0,0.027129620143034393
pitcher,641816,Tyler Mahle,ATL,5,0.02700048120461647,0.0054000962409232935,0.09558647240626728,0.5709595405462358,0.9841699971882146,0,0.02700048120461647
pitcher,621242,Edwin Díaz,LAD,1,0.026919907965757675,0.026919907965757675,0.07417829867367631,0.4471299564778046,0.5907947336269093,0,0.026919907965757675
pitcher,702566,Owen Murphy,ATL,2,0.026892991428513556,0.013446495714256778,0.07396089728911731,0.5174821621226999,0.8133927096628737,0,0.026892991428513556
hitter,664770,Nathan Lukes,TOR,4,0.026879093438396354,0.006719773359599088,0.05422966799552387,0.732295656088338,1.6705278187523895,0.026879093438396354,0
pitcher,669373,Tarik Skubal,LAD,6,0.026843759944833425,0.004473959990805571,0.07214819890112725,0.6972487900592687,1.5032800730425206,0,0.026843759944833425
hitter,660710,Rodolfo Durán,SD,4,0.026838634813114493,0.006709658703278623,0.0705246855852523,0.6285220373330924,1.1909968896232357,0.026838634813114493,0
hitter,687605,Andrew Pinckney,WSH,2,0.026703205268537235,0.013351602634268617,0.039495861253929176,0.8063041637266355,1.8640277930614115,0.026703205268537235,0
hitter,683766,Christian Koss,SF,2,0.026342840480633865,0.013171420240316933,0.03973169287471323,0.7825625756394298,1.7108529124134348,0.026342840480633865,0
hitter,691740,Daniel Susac,SF,3,0.026225018477016734,0.008741672825672245,0.051699014225148276,0.7013427046554476,1.5142173510870183,0.026225018477016734,0
pitcher,593974,Wandy Peralta,SD,2,0.02614008059350204,0.01307004029675102,0.052973922036381654,0.7207169289496942,1.4713725277272072,0,0.02614008059350204
hitter,666176,Jo Adell,CLE,5,0.026093542183150333,0.005218708436630066,0.06872890599731112,0.6701430719438652,1.488144658750151,0.026093542183150333,0
hitter,801501,Nate Furman,SF,2,0.026031627393459753,0.013015813696729876,0.03265838402772649,0.8803409825458768,2.24676088363199,0.026031627393459753,0
pitcher,622608,Antonio Senzatela,MIL,4,0.025940807218497862,0.0064852018046244655,0.0819366553443325,0.5947950657409189,1.1615938724659471,0,0.025940807218497862
pitcher,689149,Chad Dallas,TOR,3,0.02548879340356214,0.008496264467854047,0.045277584995078834,0.7213421757775592,1.7824589712253591,0,0.02548879340356214
pitcher,676760,Ron Marinaccio,SD,3,0.02547092810424882,0.00849030936808294,0.08514289287145316,0.5406372401778967,0.8744080634614626,0,0.02547092810424882
hitter,543877,Christian Vázquez,HOU,9,0.02546195523113211,0.0028291061367924568,0.08118428321634677,0.7132531529795914,1.5516222949604983,0.02546195523113211,0
hitter,672356,Gabriel Arias,CLE,6,0.025399798457033287,0.004233299742838881,0.051629074643962464,0.8552996345269711,2.6578925422124366,0.025399798457033287,0
hitter,665953,Andrés Chaparro,WSH,6,0.02513500563556262,0.004189167605927103,0.06307963832171642,0.715214088581292,1.478849857666553,0.02513500563556262,0
pitcher,641745,Brad Keller,PHI,3,0.02495765745666858,0.00831921915222286,0.06313185845455692,0.6652669573956549,1.561277658787987,0,0.02495765745666858
pitcher,680573,Simeon Woods Richardson,TOR,3,0.024918142300476204,0.008306047433492067,0.04869272877716828,0.7119731015463197,1.6128897891532101,0,0.024918142300476204
pitcher,703615,Jose Cabrera,AZ,2,0.02491483272572426,0.01245741636286213,0.05932480253104727,0.712429138414667,1.828140498921686,0,0.02491483272572426
pitcher,696131,Mason Black,KC,6,0.024824997754331755,0.004137499625721959,0.12993765804534685,0.5824667537016887,1.1883354913187276,0,0.024824997754331755
pitcher,594580,Sam Moll,CIN,4,0.024710287872888977,0.006177571968222244,0.06202696979073806,0.7246427830653364,1.7052939308419242,0,0.024710287872888977
hitter,671277,Luis García Jr.,WSH,3,0.024628824830572455,0.008209608276857485,0.06747476299715884,0.686910149226562,1.534649327485769,0.024628824830572455,0
pitcher,702474,Mike Paredes,MIN,4,0.024625387247073218,0.0061563468117683045,0.08654048444800388,0.6077165541032231,1.3750288998643079,0,0.024625387247073218
pitcher,683232,Nick Mears,KC,3,0.0245700454044306,0.0081900151348102,0.07063678490108932,0.6461755481024514,1.266693268524934,0,0.0245700454044306
pitcher,605280,Clay Holmes,CHC,7,0.02455305003554423,0.0035075785765063187,0.07539329618076548,0.6783420225681409,1.3645535402529405,0,0.02455305003554423
hitter,669701,Josh Smith,TOR,3,0.024425822948027746,0.008141940982675915,0.05041269317006164,0.7059476569683617,1.6926449010834723,0.024425822948027746,0
hitter,640902,Jhonny Pereda,SEA,5,0.024366978446572787,0.004873395689314558,0.05813723198708169,0.769226667674388,1.9780408323242527,0.024366978446572787,0
pitcher,695239,Robby Ahlstrom,TEX,4,0.024359622475101105,0.006089905618775276,0.06653940891794705,0.6561772433711828,1.502777358271331,0,0.024359622475101105
pitcher,694335,Matt Svanson,STL,3,0.024345583808099147,0.008115194602699716,0.046289428190889936,0.7590687622169598,1.6125200852842976,0,0.024345583808099147
hitter,642708,Amed Rosario,NYY,3,0.02432674497053827,0.008108914990179423,0.03518215848148709,0.8266306254379034,2.2283690143619785,0.02432674497053827,0
pitcher,680899,Erik Tolman,WSH,2,0.024286483752714628,0.012143241876357314,0.0641245432808129,0.586697305149106,1.033390670616254,0,0.024286483752714628
pitcher,669199,Lake Bachar,MIA,3,0.024238882394656415,0.008079627464885471,0.06973488295241531,0.6417882806196018,1.5999025310227548,0,0.024238882394656415
hitter,683011,Anthony Volpe,NYY,6,0.024158451707328665,0.004026408617888111,0.05812527716780075,0.7576844572783509,1.867091155934905,0.024158451707328665,0
pitcher,668390,Cole Winn,TEX,3,0.024156497718401858,0.008052165906133953,0.08806889657945038,0.5124606282909352,0.7967755115132458,0,0.024156497718401858
hitter,596103,Austin Slater,MIA,3,0.02415275595447483,0.00805091865149161,0.04680807291897321,0.717999505648006,1.4566736133874187,0.02415275595447483,0
pitcher,686790,Trevor McDonald,SF,4,0.024093161567807532,0.006023290391951883,0.11521195398407891,0.5216770163667872,0.8528871521442873,0,0.024093161567807532
hitter,694249,Cole Carrigg,COL,5,0.023966466586212314,0.004793293317242463,0.07728867059121608,0.6162507442906783,1.1476898493971928,0.023966466586212314,0
pitcher,669199,Lake Bachar,PIT,4,0.023929986432913868,0.005982496608228467,0.05259362443831722,0.7425724069597395,2.7508766608375597,0,0.023929986432913868
pitcher,679775,Kyle Backhus,PHI,1,0.02391790365458851,0.02391790365458851,0.0262244541710889,0.9385320701539346,2.794351090704669,0,0.02391790365458851
pitcher,687924,Julian Aguiar,CIN,2,0.023865936521261517,0.011932968260630759,0.06788293151906744,0.5101127677334957,0.7803516805962558,0,0.023865936521261517
pitcher,642207,Devin Williams,NYM,3,0.02376071812537849,0.007920239375126164,0.08283419471835132,0.50210079387559,0.7854118777159957,0,0.02376071812537849
hitter,609280,Miguel Andujar,SD,3,0.023721047472770047,0.007907015824256682,0.035095515445383696,0.8357598094753284,2.384801978788576,0.023721047472770047,0
pitcher,647336,Michael Soroka,AZ,5,0.023690881656743427,0.004738176331348686,0.07650476083041852,0.6110342215638992,1.1097956078628886,0,0.023690881656743427
hitter,676369,Nelson Velázquez,HOU,2,0.02366271050719109,0.011831355253595546,0.07368139199513146,0.6696636550570311,2.0069286988151713,0.02366271050719109,0
pitcher,667297,Tommy Nance,MIN,1,0.023625199534987193,0.023625199534987193,0.029145296911846752,0.8635169525670442,2.1336098381251247,0,0.023625199534987193
pitcher,683618,Edgardo Henriquez,LAD,4,0.023617672565056744,0.005904418141264186,0.047606821272413544,0.7923179711712344,2.0128539702602923,0,0.023617672565056744
pitcher,668834,Easton McGee,KC,2,0.023502383103137216,0.011751191551568608,0.06497449245056232,0.6302180666842118,1.2231707776433287,0,0.023502383103137216
pitcher,695380,Alex Hoppe,SEA,1,0.023485983783808208,0.023485983783808208,0.03939958115378284,0.7433273407040802,1.5475012050804295,0,0.023485983783808208
pitcher,476594,Robert Stock,NYM,3,0.02331929007871597,0.007773096692905324,0.07512020511575807,0.5983924924805097,1.0656689004628777,0,0.02331929007871597
pitcher,573204,Caleb Thielbar,CHC,6,0.02330421574034172,0.00388403595672362,0.07965010544931805,0.699991570181373,1.5308702625214259,0,0.02330421574034172
hitter,682829,Elly De La Cruz,CIN,5,0.023188401749466764,0.004637680349893353,0.12777762415912985,0.4996046637808719,0.7498422771674027,0.023188401749466764,0
hitter,678218,Brandon Valenzuela,TOR,6,0.022974065133557015,0.0038290108555928356,0.11251989113251411,0.5509928280718396,0.9512091430735943,0.022974065133557015,0
pitcher,685126,Brandon Eisert,PIT,2,0.022821484851334034,0.011410742425667017,0.029384489196049413,0.8745839180743649,2.207389612830182,0,0.022821484851334034
pitcher,657265,Peter Strzelecki,STL,3,0.022785213672535057,0.007595071224178352,0.05578854702107533,0.6361037656061609,1.1796759701053432,0,0.022785213672535057
pitcher,801403,Chase Dollander,COL,5,0.022737763407677268,0.004547552681535454,0.05751103466592963,0.7469041090266437,1.6906572243773987,0,0.022737763407677268
hitter,663698,Joey Bart,ATL,1,0.022716095115825452,0.022716095115825452,0.02710167482895859,0.8857971759652008,2.2863839831991517,0.022716095115825452,0
pitcher,676664,JP Sears,SD,4,0.02271017039791247,0.005677542599478117,0.07480111308723042,0.6370801377629629,1.21008564447527,0,0.02271017039791247
pitcher,664076,Garrett Cleavinger,TB,3,0.022621536193521825,0.007540512064507275,0.058719286093071865,0.606699882741777,1.0761852103840805,0,0.022621536193521825
pitcher,695684,Elmer Rodríguez,NYY,3,0.022604323262251372,0.007534774420750457,0.06094087306609269,0.6420921890020092,1.2692463862720684,0,0.022604323262251372
hitter,699024,Leo Bernal,STL,2,0.022576198603409793,0.011288099301704897,0.0380239165367382,0.7323305657404062,1.5637046184261432,0.022576198603409793,0
pitcher,669062,Erik Miller,SF,5,0.022553709562479075,0.004510741912495815,0.07665226238134373,0.681113631429055,1.5700716218848936,0,0.022553709562479075
hitter,694208,Moisés Ballesteros,LAA,3,0.022531080741552027,0.007510360247184009,0.048244444697212535,0.7229462425674513,2.2661217353204233,0.022531080741552027,0
pitcher,702352,Spencer Bivens,SF,2,0.022460437522253074,0.011230218761126537,0.03630691225041853,0.7327945008595288,1.609357131999757,0,0.022460437522253074
pitcher,572955,Pierce Johnson,CIN,6,0.022429177111563142,0.0037381961852605236,0.0851464379898638,0.6347641872314682,1.3197036298261533,0,0.022429177111563142
hitter,687529,Grant McCray,SF,1,0.022427070258917967,0.022427070258917967,0.03559331959929224,0.7192297441750533,1.455483074712987,0.022427070258917967,0
pitcher,669456,Shane Bieber,TOR,4,0.02232487722625126,0.005581219306562815,0.10564742328515458,0.4754057941451066,0.6798499634630829,0,0.02232487722625126
hitter,680977,Brendan Donovan,SEA,2,0.022234846472111495,0.011117423236055747,0.05656127872819705,0.6138210502945114,1.1091347494909565,0.022234846472111495,0
hitter,624424,Michael Conforto,CHC,4,0.022190091658983294,0.005547522914745823,0.07335389988938787,0.6225474721514307,1.2874649276448906,0.022190091658983294,0
pitcher,592791,Jameson Taillon,TOR,1,0.02218644197271906,0.02218644197271906,0.029513179637763065,0.8204810865001848,1.8897077167588856,0,0.02218644197271906
pitcher,594835,Marco Gonzales,TEX,3,0.02217542102084415,0.00739180700694805,0.06145356754357095,0.6174423451448665,1.561868453971199,0,0.02217542102084415
hitter,663368,Blake Perkins,MIL,3,0.022089256508167236,0.0073630855027224116,0.04887996533511857,0.6908856320349112,1.4304156329674642,0.022089256508167236,0
pitcher,690978,Dax Fulton,MIA,1,0.02207408488358649,0.02207408488358649,0.02960804176820217,0.8158318863732111,1.866269482985481,0,0.02207408488358649
hitter,701852,Drew Cavanaugh,SF,2,0.0220373106303148,0.0110186553151574,0.029761462485938528,0.8468442606222379,2.0351604348731946,0.0220373106303148,0
hitter,682818,Yohendrick Piñango,TOR,3,0.022024645369432893,0.007341548456477631,0.05158928635550823,0.6512978171600396,1.5400063377907731,0.022024645369432893,0
pitcher,669704,Kade Strowd,AZ,1,0.022005825135524983,0.022005825135524983,0.02762844290093558,0.8555653053034016,2.0842012205016114,0,0.022005825135524983
hitter,682177,Daniel Schneemann,CLE,3,0.021893751364538947,0.007297917121512982,0.06906866092341638,0.5386645742349251,0.867266086109026,0.021893751364538947,0
hitter,553869,Elias Díaz,TEX,3,0.021845496232965948,0.007281832077655316,0.04297732322636416,0.7627046920612487,1.6917261124765277,0.021845496232965948,0
hitter,690993,Colt Keith,DET,5,0.02175454474647992,0.004350908949295984,0.08780121573604066,0.6220964080216475,1.260655433779998,0.02175454474647992,0
hitter,668723,Ryan Vilade,TB,5,0.021388018955153725,0.004277603791030745,0.05624916484510061,0.6984018983149928,1.3930063341780883,0.021388018955153725,0
pitcher,605452,Joe Ross,TEX,1,0.021368347875087065,0.021368347875087065,0.022416402290239557,0.9767183879245781,3.5524008758763066,0,0.021368347875087065
pitcher,687309,Cooper Hjerpe,STL,1,0.021281394176581158,0.021281394176581158,0.024993221797015408,0.8977266983572262,2.379162764459311,0,0.021281394176581158
pitcher,695534,Chase Petty,CIN,3,0.021242100021868982,0.007080700007289661,0.06323982125205779,0.5908000552456135,1.0301059918485613,0,0.021242100021868982
hitter,691011,Drew Romo,CWS,2,0.02118722707171357,0.010593613535856784,0.07233762657690346,0.6101566618818103,1.2193646210083193,0.02118722707171357,0
hitter,660162,Yoán Moncada,LAA,5,0.021133953249541936,0.004226790649908387,0.042360873505687915,0.8151834182132431,1.9849996328645871,0.021133953249541936,0
pitcher,663558,Jovani Morán,BOS,4,0.021101415737704167,0.005275353934426042,0.07802672689509656,0.5457639609795805,0.8895210344079724,0,0.021101415737704167
pitcher,642100,Gabe Speier,SEA,2,0.020931616460251493,0.010465808230125747,0.028839142762966674,0.8221337085385017,2.1889232357117407,0,0.020931616460251493
hitter,691182,Adael Amador,COL,2,0.020819586150638555,0.010409793075319277,0.02667201044098011,0.890758218086152,2.3920260517964165,0.020819586150638555,0
pitcher,804267,Zach Thornton,NYM,4,0.02081859072572316,0.00520464768143079,0.0319167547849446,0.8699342459276109,2.521227392669722,0,0.02081859072572316
hitter,672761,Wenceel Pérez,DET,2,0.020740774780540434,0.010370387390270217,0.06002195940723426,0.5403353006883208,0.8739830145292471,0.020740774780540434,0
hitter,801126,Brock Rodden,SEA,3,0.020740747809224497,0.006913582603074832,0.02506984707858223,0.9278068252277093,3.020006903662121,0.020740747809224497,0
hitter,665052,Griffin Conine,MIA,2,0.020399362945356662,0.010199681472678331,0.036609793880935826,0.713054242898723,1.4377257097058285,0.020399362945356662,0
pitcher,682274,Yaramil Hiraldo,BAL,2,0.02036083323928855,0.010180416619644275,0.04997543882718203,0.6262074719589952,1.1462629099535788,0,0.02036083323928855
hitter,607208,Trea Turner,PHI,4,0.020325871290144723,0.005081467822536181,0.06497948644820248,0.6010264049751523,1.1103922696964115,0.020325871290144723,0
hitter,676609,José Caballero,NYY,6,0.020114135657006968,0.0033523559428344945,0.06460188249180251,0.6782075191364886,1.3837331541129456,0.020114135657006968,0
hitter,665966,Carlos Narváez,BOS,5,0.020054519712835974,0.004010903942567195,0.03556323260479608,0.8532629974034949,2.414716812784044,0.020054519712835974,0
hitter,804606,Konnor Griffin,PIT,3,0.020036512517421702,0.006678837505807234,0.060386401378278165,0.6308372285296411,1.2014220210532103,0.020036512517421702,0
pitcher,455119,Chris Martin,TEX,2,0.019960998915926537,0.009980499457963268,0.023981071415655197,0.9165250999733645,2.6035459920691713,0,0.019960998915926537
pitcher,573009,Joe Mantiply,TOR,1,0.01986150096992045,0.01986150096992045,0.02159446558561917,0.9473174412519917,2.917012347772712,0,0.01986150096992045
hitter,663457,Lars Nootbaar,AZ,3,0.01983882506390973,0.00661294168796991,0.04239139455149602,0.7545237504096233,1.6541003031067507,0.01983882506390973,0
hitter,668670,Jake Rogers,DET,2,0.019791782165075097,0.009895891082537548,0.034829252329097615,0.8045449815726294,1.9084975398234552,0.019791782165075097,0
hitter,676439,Hunter Feduccia,LAD,2,0.01963003013575362,0.00981501506787681,0.03738703667566157,0.6904811995884064,1.6163535644296683,0.01963003013575362,0
pitcher,683627,Anthony Molina,SF,5,0.01959106914252842,0.003918213828505684,0.06886226106519733,0.6365183904307558,1.2354535433577791,0,0.01959106914252842
hitter,687221,Dalton Rushing,LAD,4,0.019513621432952655,0.004878405358238164,0.056978324987998236,0.7183196660693343,1.6708046278336934,0.019513621432952655,0
hitter,699302,Héctor Rodríguez,CIN,3,0.019477039688852782,0.006492346562950928,0.03427454822484901,0.7920402865276513,1.8660683853055609,0.019477039688852782,0
pitcher,679358,Eric Orze,MIN,2,0.019277205440522614,0.009638602720261307,0.047850666861149915,0.5981651963128769,1.0505104087173462,0,0.019277205440522614
pitcher,676979,Garrett Crochet,BOS,2,0.01911048711453437,0.009555243557267185,0.024040899757386602,0.8954644351487342,2.384337302080813,0,0.01911048711453437
pitcher,657044,Ryan Thompson,AZ,3,0.019039385427124505,0.006346461809041502,0.055589701551949366,0.6008309837725614,1.0659342469166577,0,0.019039385427124505
hitter,545341,Randal Grichuk,CWS,5,0.019011840938689913,0.0038023681877379827,0.07998361503056942,0.5483862053008196,0.9006587098951361,0.019011840938689913,0
pitcher,663893,Brendon Little,TOR,1,0.018948812340072826,0.018948812340072826,0.03681849217022748,0.6286317583074388,1.1447636323660868,0,0.018948812340072826
pitcher,657424,Matt Gage,SF,2,0.018863377686682076,0.009431688843341038,0.04766353496270581,0.6548495423535734,1.4726588755806158,0,0.018863377686682076
pitcher,660761,José Suarez,ATH,4,0.018856712817141387,0.004714178204285347,0.059465720001193906,0.6669257909840162,1.3571482043741572,0,0.018856712817141387
pitcher,804636,Jonah Tong,NYM,4,0.018847858830517497,0.004711964707629374,0.11946988637399747,0.42531359796336127,0.5142598159381513,0,0.018847858830517497
hitter,641598,Mitch Garver,SEA,2,0.01884548993122733,0.009422744965613666,0.08069971518165542,0.47199926721576474,0.6608948031249309,0.01884548993122733,0
pitcher,669947,Jesse Scholtens,TB,3,0.01881986491069945,0.006273288303566483,0.045281137084168754,0.6978739912489497,1.397916473414994,0,0.01881986491069945
hitter,595879,Javier Báez,DET,3,0.018726741395588813,0.0062422471318629375,0.05408177112467513,0.6184808660418887,1.1350664945574556,0.018726741395588813,0
pitcher,607074,Carlos Rodón,NYY,5,0.01869691169977356,0.003739382339954712,0.06032593265306005,0.6846806730827987,1.395583433214646,0,0.01869691169977356
hitter,703492,Nick Morabito,NYM,1,0.018451355804630556,0.018451355804630556,0.03410754517566765,0.6552073160866069,1.2315062838368025,0.018451355804630556,0
hitter,687363,Victor Scott II,STL,5,0.018318663579202733,0.003663732715840547,0.045569363364569425,0.7328497484829029,1.6243191619843018,0.018318663579202733,0
hitter,663616,Trevor Larnach,MIN,5,0.0182740932226858,0.0036548186445371595,0.08476170336145725,0.5917872016061931,1.108749588389579,0.0182740932226858,0
pitcher,623211,Huascar Brazobán,NYM,4,0.018110593524782347,0.004527648381195587,0.081710438799665,0.5869068644403191,1.0323910457723848,0,0.018110593524782347
pitcher,700363,AJ Smith-Shawver,ATL,2,0.018100979015151623,0.009050489507575811,0.058839235238690835,0.5053624232626048,0.7661000751686009,0,0.018100979015151623
hitter,643446,Jeff McNeil,ATH,5,0.018093663375063976,0.003618732675012795,0.04191250759155449,0.8004023294721438,3.050925925068743,0.018093663375063976,0
pitcher,665152,Dean Kremer,MIN,3,0.01787426471731627,0.005958088239105423,0.07988580186215355,0.49723019813841485,0.7340838177931079,0,0.01787426471731627
pitcher,668964,Tobias Myers,NYM,4,0.0178279116268024,0.0044569779067006,0.07072985979552149,0.6020610379042628,1.2118722367095784,0,0.0178279116268024
hitter,813841,Jonah Cox,SF,2,0.017811156998158575,0.008905578499079287,0.04454885407601422,0.6006254191276683,1.0583536096996982,0.017811156998158575,0
hitter,660821,Jesús Sánchez,TOR,4,0.017700112727349716,0.004425028181837429,0.056767965863173064,0.662764754083949,1.311362264562204,0.017700112727349716,0
pitcher,665152,Dean Kremer,BAL,4,0.01766945013458187,0.004417362533645467,0.04274127103089964,0.7630296205550315,1.6675706864878643,0,0.01766945013458187
pitcher,669270,Joel Kuhnel,MIL,1,0.017641945636408002,0.017641945636408002,0.029990170455764797,0.765198996079633,1.6360481715066193,0,0.017641945636408002
hitter,693409,César Prieto,STL,1,0.01759586907521412,0.01759586907521412,0.02770999763382731,0.7407298340914849,1.537323999595774,0.01759586907521412,0
pitcher,684320,Yariel Rodríguez,TOR,2,0.017411491511544572,0.008705745755772286,0.05412978133986304,0.5331036325081878,0.8500805243515523,0,0.017411491511544572
pitcher,663568,Stephen Kolek,KC,3,0.017326744436732933,0.005775581478910978,0.0829726058743086,0.45348865218044065,0.6061392347388765,0,0.017326744436732933
pitcher,702056,Trey Yesavage,TOR,6,0.01726418301158275,0.0028773638352637917,0.0659615201144722,0.6432491551750402,1.2024549903359945,0,0.01726418301158275
hitter,668901,Mark Vientos,NYM,3,0.017222142623589367,0.005740714207863123,0.04068741105621365,0.6731023860399814,1.4083070032251939,0.017222142623589367,0
pitcher,548384,Brooks Raley,PHI,2,0.01720378278375799,0.008601891391878995,0.02955256769425868,0.7758983012732892,1.7527590689492427,0,0.01720378278375799
hitter,608369,Corey Seager,TEX,3,0.017198890417890605,0.005732963472630202,0.040030534857460026,0.7151047536164682,1.4813593577541677,0.017198890417890605,0
pitcher,701474,Duncan Davitt,SF,1,0.01719017091091119,0.01719017091091119,0.03221579057861207,0.6547087972455236,1.2298518190929943,0,0.01719017091091119
pitcher,701519,Travis Adams,MIN,2,0.01716388265629394,0.00858194132814697,0.02105721150691975,0.895620669375838,2.476402903172656,0,0.01716388265629394
hitter,675961,Alika Williams,ATH,2,0.017082636940419813,0.008541318470209907,0.027957280741907176,0.7882655303089134,1.738105427856235,0.017082636940419813,0
pitcher,676571,PJ Poulin,WSH,4,0.017000766216252784,0.004250191554063196,0.04128746389088073,0.7290995936308124,1.624506794312964,0,0.017000766216252784
pitcher,642701,Dennis Santana,PIT,4,0.016926429033360026,0.004231607258340007,0.07361709406246278,0.6058249217201874,1.1368871867572792,0,0.016926429033360026
pitcher,676742,Cam Sanders,BAL,3,0.01679975848940322,0.00559991949646774,0.11777719993864022,0.40798510238047553,0.454127298116235,0,0.01679975848940322
hitter,622761,Jorge Mateo,ATL,1,0.01676858505276703,0.01676858505276703,0.020575163317728157,0.8805785486644392,2.2484402166508537,0.01676858505276703,0
pitcher,671212,Joe Boyle,TB,3,0.016729746600153583,0.005576582200051194,0.05487966950280149,0.6324146281448176,1.1583605695196337,0,0.016729746600153583
pitcher,688692,Jared Simpson,WSH,2,0.016618255206490393,0.008309127603245196,0.04760909918342365,0.5772858786437426,1.0052840697952652,0,0.016618255206490393
pitcher,660787,Yerry De los Santos,NYY,3,0.016412526902403482,0.005470842300801161,0.11996371095249986,0.3279250665092227,0.2091428997529996,0,0.016412526902403482
hitter,694212,Samuel Basallo,BAL,3,0.0163769152652721,0.005458971755090701,0.05801026669602699,0.6048618996032359,1.3852794486412503,0.0163769152652721,0
hitter,624585,Jorge Soler,LAA,1,0.016307360985776016,0.016307360985776016,0.023547360419572283,0.7922367907748368,1.7538459835161362,0.016307360985776016,0
hitter,622268,Donovan Walton,ATH,2,0.01630149388335489,0.008150746941677445,0.044864593773716654,0.6687990667231594,1.5576543822573037,0.01630149388335489,0
hitter,676369,Nelson Velázquez,STL,2,0.01626687894793861,0.008133439473969306,0.048571948126069575,0.5801182302152197,1.0487327371840227,0.01626687894793861,0
pitcher,673929,Jordan Leasure,CWS,4,0.01622481121580115,0.0040562028039502875,0.14536499510256345,0.4704893475338409,0.6519233162540843,0,0.01622481121580115
pitcher,685126,Brandon Eisert,CWS,2,0.01619355634111782,0.00809677817055891,0.03227307677145419,0.742192814989673,2.480721699198082,0,0.01619355634111782
pitcher,682989,Victor Mederos,ATL,3,0.016137268686830603,0.0053790895622768675,0.04330658472352855,0.6618228259479427,1.3125869721707684,0,0.016137268686830603
hitter,664059,Sam Haggerty,TEX,1,0.015850069035512646,0.015850069035512646,0.04443981186091536,0.487085767409097,0.7112486835685594,0.015850069035512646,0
hitter,681481,Kerry Carpenter,DET,3,0.015795077185222713,0.005265025728407571,0.03515856395758454,0.7193184123281089,1.4650926831626851,0.015795077185222713,0
hitter,666310,Bo Naylor,CLE,3,0.0157615681738901,0.005253856057963367,0.04669661349810883,0.684263962126647,1.7235303076530402,0.0157615681738901,0
hitter,699013,Esmerlyn Valdez,PIT,4,0.015746858509284627,0.003936714627321157,0.060925458861171455,0.575839602354066,0.9855642771302834,0.015746858509284627,0
pitcher,669160,Dustin May,MIL,3,0.01572080550585054,0.0052402685019501795,0.04603792239290688,0.6234701969147574,1.155851867918173,0,0.01572080550585054
hitter,596142,Gary Sánchez,MIL,7,0.015561373026436762,0.002223053289490966,0.14691721090734522,0.5088052738100949,0.8126032230154996,0.015561373026436762,0
hitter,701358,Cam Smith,HOU,3,0.015521329660049045,0.005173776553349682,0.04143512598169771,0.6743432961320326,1.3888557227059917,0.015521329660049045,0
pitcher,671162,Connor Thomas,KC,3,0.015458956792412652,0.005152985597470884,0.08274994012597076,0.43011484054490695,0.5335327551969131,0,0.015458956792412652
pitcher,656638,Alex Lange,KC,3,0.01523776295682335,0.005079254318941117,0.02561205072152778,0.8245293956526064,1.973702291013477,0,0.01523776295682335
hitter,656537,Derek Hill,PHI,3,0.015157236129584292,0.005052412043194764,0.04023658439646349,0.6521855840271557,1.2286837802495874,0.015157236129584292,0
hitter,642201,Eli White,ATL,4,0.015109725468073883,0.0037774313670184707,0.03385735541725759,0.802247039270721,1.9043729920872172,0.015109725468073883,0
hitter,663604,Brandon Lockridge,MIL,3,0.015023834783235733,0.005007944927745245,0.056525649999868754,0.5426002887630442,0.8782809421338507,0.015023834783235733,0
hitter,677008,Heston Kjerstad,BAL,2,0.014936903348273592,0.007468451674136796,0.02032678429476298,0.8568209989959017,2.2324377354328258,0.014936903348273592,0
hitter,676572,Eric Wagaman,NYM,3,0.014930309892376852,0.004976769964125618,0.0652857748941349,0.5017877571045294,0.7557638670832736,0.014930309892376852,0
pitcher,676680,Tom Cosgrove,WSH,1,0.014913427283679654,0.014913427283679654,0.02724692358075509,0.68003941297061,1.3154647005497249,0,0.014913427283679654
pitcher,666129,Braxton Garrett,MIA,1,0.014886271735010725,0.014886271735010725,0.05739675539004746,0.38118644157689724,0.3866134305859448,0,0.014886271735010725
pitcher,656240,Scott Blewett,ATH,4,0.014848945360596274,0.0037122363401490685,0.028292674002437734,0.8259576878698425,2.05836145482898,0,0.014848945360596274
hitter,606115,Orlando Arcia,MIN,1,0.01473237150468259,0.01473237150468259,0.019807638465316864,0.8368482079958307,1.9762212711203127,0.01473237150468259,0
pitcher,681217,Chase Silseth,LAA,3,0.014463899936628999,0.004821299978876333,0.0446964090537747,0.6287475623725716,1.1899045029169484,0,0.014463899936628999
pitcher,676534,Calvin Faucher,MIA,2,0.014439093348690892,0.007219546674345446,0.024062044564057555,0.789188659731116,1.7776241958849577,0,0.014439093348690892
pitcher,675989,Cody Bolton,HOU,3,0.014437394674807619,0.00481246489160254,0.04612147716017498,0.6173636947450831,1.1266535768762211,0,0.014437394674807619
pitcher,689818,David Sandlin,CWS,3,0.014321480155797973,0.004773826718599324,0.037601224553131585,0.6640325507662723,1.2876466639820485,0,0.014321480155797973
hitter,642851,Austin Wynns,ATL,1,0.014295239550835798,0.014295239550835798,0.017055345179836978,0.9026601294572197,2.4203530715807173,0.014295239550835798,0
hitter,624428,Adam Frazier,LAA,2,0.014259491151219878,0.007129745575609939,0.03395014550122668,0.6687519144991239,1.3425597419723225,0.014259491151219878,0
pitcher,592836,Taijuan Walker,PHI,2,0.014234708666029033,0.007117354333014516,0.03471778148325949,0.6520557525489807,1.2589851610151956,0,0.014234708666029033
hitter,663993,Nathaniel Lowe,CLE,3,0.014193869672284583,0.0047312898907615275,0.033810360085769625,0.7332357939040878,1.634836330564121,0.014193869672284583,0
hitter,694376,Shay Whitcomb,SF,2,0.014157319055039985,0.007078659527519992,0.031139257442747037,0.7236767206810268,1.7441347958172546,0.014157319055039985,0
hitter,677595,Ronny Mauricio,NYM,2,0.014103632829470164,0.007051816414735082,0.04085744913442496,0.5755003007957331,0.9844875666645883,0.014103632829470164,0
pitcher,669165,Kyle Hurt,LAD,4,0.014066307843020327,0.003516576960755082,0.08198827170499715,0.5077269803969651,0.7902205114922612,0,0.014066307843020327
pitcher,681320,Nate Lavender,NYM,2,0.014021710009793848,0.007010855004896924,0.025245976507689227,0.7565143240639567,1.6521881364265663,0,0.014021710009793848
hitter,805904,Zach Cole,HOU,2,0.013944058021763184,0.006972029010881592,0.035913191605257744,0.6891335218594354,1.4449826459263193,0.013944058021763184,0
hitter,691176,Jasson Domínguez,NYY,3,0.013922719234379455,0.004640906411459819,0.06647572249800618,0.5397108231526818,0.9622432586798757,0.013922719234379455,0
hitter,703601,Max Clark,DET,4,0.013822450243526409,0.0034556125608816023,0.06783372735984135,0.5969608983120078,1.1095410030043955,0.013822450243526409,0
hitter,642215,Weston Wilson,BAL,2,0.013814916752910517,0.0069074583764552585,0.05003978212534976,0.6560910600158163,1.284193733514921,0.013814916752910517,0
hitter,671739,Michael Harris II,ATL,4,0.01378913219058704,0.00344728304764676,0.06132118271122619,0.6468764349560482,1.2703409295415349,0.01378913219058704,0
pitcher,664849,Danny Young,ATL,3,0.013727056060165697,0.004575685353388565,0.07528266352224239,0.45501491523328735,0.6052342227614864,0,0.013727056060165697
hitter,642215,Weston Wilson,SEA,3,0.013689416145365198,0.004563138715121733,0.05214423101016718,0.6185517928669916,1.3014821046249558,0.013689416145365198,0
pitcher,676617,Riley O'Brien,STL,2,0.013684238054244515,0.006842119027122257,0.06324290799422239,0.4226862745428615,0.5161564405047876,0,0.013684238054244515
pitcher,694360,Beck Way,KC,3,0.013617810313238627,0.004539270104412876,0.05637125821714151,0.583301651722231,1.1699792144864656,0,0.013617810313238627
hitter,667452,Corey Julks,DET,1,0.013602455950726402,0.013602455950726402,0.015103134930416817,0.9431628485160825,2.8567865792606226,0.013602455950726402,0
hitter,668939,Adley Rutschman,BOS,3,0.013515051068963783,0.004505017022987928,0.0359271956768446,0.6918627823167521,1.3895782710291336,0.013515051068963783,0
pitcher,656457,Tyler Gilbert,CWS,1,0.013505791889178834,0.013505791889178834,0.06126448348889235,0.34184480749423274,0.25868707232182153,0,0.013505791889178834
pitcher,690925,Clayton Beeter,WSH,3,0.013499745688831421,0.004499915229610474,0.1261371507722504,0.3676350945234757,0.3342909972524799,0,0.013499745688831421
hitter,641555,J.C. Escarra,NYY,1,0.013481679889773678,0.013481679889773678,0.04513345686161477,0.43913099193166427,0.5664827809508131,0.013481679889773678,0
pitcher,650960,Daniel Duarte,NYM,2,0.013443985387624141,0.006721992693812071,0.02454509325429277,0.7641141521286511,1.6316951775246151,0,0.013443985387624141
pitcher,608723,Austin Voth,TOR,1,0.013440084774496316,0.013440084774496316,0.016782713132426352,0.8809720292278173,2.2512505219082795,0,0.013440084774496316
pitcher,622491,Luis Castillo,CWS,2,0.013407349877503728,0.006703674938751864,0.04341234303176239,0.5508616883472923,0.9120366665722133,0,0.013407349877503728
pitcher,703725,Luis Gastelum,STL,3,0.013397944271761233,0.004465981423920411,0.07107378783290569,0.45078372130265376,0.6002100727188653,0,0.013397944271761233
pitcher,518886,Craig Kimbrel,TB,1,0.01324767813382284,0.01324767813382284,0.03629459864705298,0.5157660497541103,0.7973138343828801,0,0.01324767813382284
pitcher,595345,Steven Okert,HOU,5,0.013224518890387716,0.002644903778077543,0.055915068071526214,0.7368018858396599,2.1676856617898705,0,0.013224518890387716
hitter,814154,Scott Bandura,SF,1,0.01321045899967563,0.01321045899967563,0.05460102941639178,0.37192831761106093,0.35703512791914616,0.01321045899967563,0
hitter,694876,Cooper Ingle,CLE,2,0.013190571083352979,0.0065952855416764895,0.018365838236563736,0.8905959328846523,2.4336532416345875,0.013190571083352979,0
pitcher,690279,Mason Adams,COL,4,0.013179296068182321,0.0032948240170455802,0.07271499117915747,0.5124443382823978,0.7903748835832728,0,0.013179296068182321
hitter,694388,Joey Loperfido,HOU,2,0.013168035480569095,0.006584017740284547,0.07243532588304125,0.42380107073295525,0.5101909539582141,0.013168035480569095,0
hitter,666971,Lourdes Gurriel Jr.,AZ,1,0.01311378108587462,0.01311378108587462,0.018994060204039376,0.8058933309513696,1.817657656201742,0.01311378108587462,0
pitcher,689017,Landon Knack,LAD,1,0.01305717272519005,0.01305717272519005,0.017691600711338018,0.8401458397453874,1.9944851957655025,0,0.01305717272519005
hitter,672820,Lenyn Sosa,CWS,1,0.013041755888486458,0.013041755888486458,0.016834548355753487,0.9038205678672706,2.430311491650107,0.013041755888486458,0
pitcher,687931,Carson Whisenhunt,SF,2,0.012905890759422084,0.006452945379711042,0.06281245743755953,0.4124413117675406,0.4838474928744425,0,0.012905890759422084
pitcher,606303,Joel Payamps,ATL,1,0.012859573816939153,0.012859573816939153,0.03449137799350466,0.6211020834174544,1.1206714759080514,0,0.012859573816939153
pitcher,656756,Jordan Montgomery,TEX,3,0.012776294015196758,0.004258764671732252,0.030220955654861117,0.7595109017710421,2.225295757247216,0,0.012776294015196758
hitter,663967,César Salazar,HOU,2,0.012719537888317919,0.006359768944158959,0.017490427900708372,0.8811452895958779,2.327061475936633,0.012719537888317919,0
hitter,642086,Dominic Smith,ATL,4,0.012717357187852956,0.003179339296963239,0.022513282467588155,0.8697510814538882,2.6450467104070476,0.012717357187852956,0
hitter,676439,Hunter Feduccia,TB,3,0.012694600283208436,0.004231533427736145,0.04762331680561427,0.6174635614285818,1.2330858384004149,0.012694600283208436,0
pitcher,544150,Albert Suárez,BAL,4,0.01263531370462652,0.00315882842615663,0.020467070468898788,0.88193029857306,2.320303121918181,0,0.01263531370462652
pitcher,623437,Justin Topa,MIN,3,0.012510651645652982,0.004170217215217661,0.0423169046522642,0.6844518587882563,1.445885959137519,0,0.012510651645652982
hitter,686894,Joey Wiemer,WSH,1,0.01249840751508531,0.01249840751508531,0.017485420361152304,0.8267521271706952,1.9220861736273567,0.01249840751508531,0
pitcher,696522,Hayden Juenger,ATH,1,0.012427580607311299,0.012427580607311299,0.022193277522771004,0.7084281492362066,1.4158216348008867,0,0.012427580607311299
hitter,670224,Kameron Misner,KC,2,0.012346272834787016,0.006173136417393508,0.02202855638668899,0.8184661536776412,2.034156154096796,0.012346272834787016,0
hitter,682641,Luis Matos,MIL,1,0.012283426600034007,0.012283426600034007,0.027803030511423132,0.6031099454847778,1.0638301570223674,0.012283426600034007,0
pitcher,548384,Brooks Raley,NYM,1,0.01219746820838302,0.01219746820838302,0.03130240044309052,0.5515526816328483,0.9052096092245057,0,0.01219746820838302
pitcher,596133,Luke Weaver,PIT,1,0.01213600341910118,0.01213600341910118,0.020146859670652884,0.7452573536610505,1.555106845788548,0,0.01213600341910118
hitter,702176,Alan Roden,MIN,3,0.012109249787192088,0.004036416595730696,0.037785513082530864,0.6588034857613058,1.2815611136698122,0.012109249787192088,0
pitcher,621097,Jacob Waguespack,DET,4,0.011993754738764193,0.002998438684691048,0.06692629686701165,0.6031438783880498,1.1426310215461863,0,0.011993754738764193
hitter,672820,Lenyn Sosa,TOR,2,0.011942281729851147,0.005971140864925574,0.04111833990607684,0.6125857687348452,1.093710607477789,0.011942281729851147,0
hitter,669016,Brandon Marsh,PHI,5,0.011848973269457426,0.002369794653891485,0.06589392684939403,0.635133506153233,1.5555720972043652,0.011848973269457426,0
pitcher,680767,Victor Vodnik,COL,3,0.011774317247817358,0.003924772415939119,0.10404296067137608,0.37459702646370846,0.361576391297183,0,0.011774317247817358
pitcher,687765,Mitch Spence,KC,1,0.011655120732052516,0.011655120732052516,0.0408798037420568,0.4399234777794065,0.5688955323250653,0,0.011655120732052516
hitter,672724,Oswald Peraza,LAA,3,0.011629366312647018,0.003876455437549006,0.06936013036383369,0.45421986564730626,0.6109738184334224,0.011629366312647018,0
hitter,695720,Tommy White,ATH,3,0.011596768405920981,0.003865589468640327,0.04105538342012086,0.6661260635751427,1.5059135623249178,0.011596768405920981,0
pitcher,676742,Cam Sanders,PIT,2,0.011572573735846824,0.005786286867923412,0.02556378547535726,0.747289060113295,1.7633900707035206,0,0.011572573735846824
hitter,686668,Brenton Doyle,COL,3,0.011548657698800906,0.0038495525662669687,0.04917230926866095,0.7163040246189089,1.8464590506355922,0.011548657698800906,0
hitter,664954,Brett Sullivan,COL,2,0.011447128658160088,0.005723564329080044,0.02071169477450141,0.8093827769096942,1.9886042231714167,0.011447128658160088,0
pitcher,608718,Brent Suter,ATL,3,0.01134646996042769,0.0037821566534758967,0.01985432092858619,0.845879191219114,2.2780298011157747,0,0.01134646996042769
hitter,703520,Brett Bateman,TOR,3,0.011243285117501263,0.0037477617058337544,0.04232487388874645,0.6435062504089326,1.2862832297312128,0.011243285117501263,0
pitcher,687941,Alec Gamboa,BOS,2,0.011181607316111182,0.005590803658055591,0.02553601806349559,0.7172439091199672,1.7607374815503913,0,0.011181607316111182
hitter,514888,Jose Altuve,HOU,3,0.011071466096885953,0.0036904886989619842,0.025086241422297803,0.7687443564554194,1.6961504075565603,0.011071466096885953,0
pitcher,689266,Dylan Dodd,ATL,2,0.010955196736360308,0.005477598368180154,0.04365039813279903,0.5149423268536442,0.7958460819328599,0,0.010955196736360308
pitcher,681544,Wyatt Olds,BOS,1,0.010923200330617892,0.010923200330617892,0.020035953350890923,0.7091917734804152,1.4185964549149421,0,0.010923200330617892
hitter,695491,Joshua Báez,STL,2,0.010898738520107275,0.005449369260053637,0.017762939607675388,0.8488721480692719,2.114007545678353,0.010898738520107275,0
pitcher,688883,Peyton Pallette,CLE,1,0.010875260156730683,0.010875260156730683,0.022416402290239557,0.7436236228053431,1.5486663264966736,0,0.010875260156730683
pitcher,678020,Seth Halvorsen,COL,2,0.010846475841095996,0.005423237920547998,0.06145581381362264,0.45128066302169795,0.5916779628416613,0,0.010846475841095996
hitter,518595,Travis d'Arnaud,LAA,3,0.010803607543079715,0.003601202514359905,0.026544924881367726,0.7784287348075222,2.006117577536253,0.010803607543079715,0
pitcher,699151,Jedixson Paez,BOS,2,0.010668112235775773,0.005334056117887886,0.0238607149408801,0.7236573130096979,1.4779700517239713,0,0.010668112235775773
pitcher,670167,John Schreiber,KC,3,0.010640003657394863,0.0035466678857982875,0.0885196630290006,0.42077247104288934,0.5100053815004877,0,0.010640003657394863
pitcher,700712,Walbert Urena,LAA,2,0.010523995779152126,0.005261997889576063,0.015891338294730203,0.8555198319467116,2.1010339451377105,0,0.010523995779152126
pitcher,640454,Matt Krook,WSH,2,0.010521088712878952,0.005260544356439476,0.041415569049850776,0.657099272758846,1.7993081865673317,0,0.010521088712878952
pitcher,641778,Eric Lauer,TOR,2,0.010457071837724114,0.005228535918862057,0.015715141139752392,0.8622164171806969,2.1266536219131127,0,0.010457071837724114
hitter,669701,Josh Smith,TEX,2,0.010408589526585955,0.005204294763292977,0.027412013338010577,0.6602376856337868,1.2483248932133477,0.010408589526585955,0
hitter,621566,Matt Olson,ATL,1,0.010408308539007654,0.010408308539007654,0.017138688363305843,0.7633371926891561,1.6282976172712829,0.010408308539007654,0
hitter,691181,Emmanuel Rodriguez,MIN,2,0.01039013555203129,0.005195067776015645,0.030058341368929056,0.6519153863132539,1.2801337003458062,0.01039013555203129,0
hitter,669398,Gage Workman,DET,1,0.010371873026009063,0.010371873026009063,0.013393096618801725,0.8776490595961848,2.227765000022293,0.010371873026009063,0
pitcher,667297,Tommy Nance,TOR,1,0.010370019560727521,0.010370019560727521,0.017367816464296026,0.755900596326064,1.597750760066548,0,0.010370019560727521
pitcher,672335,Cionel Pérez,WSH,3,0.010347779624029491,0.003449259874676497,0.05909117606104847,0.6217616635114611,1.1419310571640588,0,0.010347779624029491
hitter,687957,Dustin Harris,HOU,1,0.010335974759962573,0.010335974759962573,0.024763122349627548,0.6953928103986492,1.3690903778394787,0.010335974759962573,0
pitcher,660853,Enyel De Los Santos,HOU,1,0.01027706438092365,0.01027706438092365,0.03024448353175979,0.5193725507365734,0.808146760173714,0,0.01027706438092365
hitter,669208,Ryan Bliss,SEA,1,0.010264945094602794,0.010264945094602794,0.011546798652445678,0.9438935153522848,2.8670714711493215,0.010264945094602794,0
hitter,665828,Oswaldo Cabrera,CIN,1,0.01017614936114032,0.01017614936114032,0.013862194621487856,0.8535085943099833,2.0717916368773293,0.01017614936114032,0
hitter,685133,Wade Meckler,LAA,4,0.010126074102470293,0.0025315185256175733,0.053357738999391335,0.5863741964258714,1.0238427286085963,0.010126074102470293,0
pitcher,696070,Kendry Rojas,MIN,2,0.010122850105981039,0.0050614250529905196,0.01410006263806951,0.8929664512198385,2.38882976193754,0,0.010122850105981039
hitter,657041,Lane Thomas,ATL,2,0.010110875624897526,0.005055437812448763,0.03457701934903412,0.6635112074443864,1.4442544295767892,0.010110875624897526,0
hitter,660821,Jesús Sánchez,AZ,2,0.010039125290038465,0.0050195626450192325,0.060760864785569524,0.3864405721034185,0.4007440986130897,0.010039125290038465,0
pitcher,663795,Justin Hagenman,NYM,1,0.010019352846038531,0.010019352846038531,0.01251302183991683,0.8952812872451887,2.35939509528971,0,0.010019352846038531
pitcher,664199,Taylor Clarke,AZ,4,0.009934376845871163,0.0024835942114677908,0.09272057509598708,0.5090957065465089,0.8114879678507863,0,0.009934376845871163
hitter,663457,Lars Nootbaar,STL,3,0.009884658550137617,0.003294886183379206,0.055853572033574064,0.5568781105148357,0.9281989890092315,0.009884658550137617,0
hitter,669397,Nick Allen,HOU,2,0.009796133734090244,0.004898066867045122,0.04179598273546006,0.5007973219225892,0.7523977257220797,0.009796133734090244,0
pitcher,689225,Beau Brieske,DET,2,0.009742977341007174,0.004871488670503587,0.018578367702685505,0.8106751992385348,1.9301340327372443,0,0.009742977341007174
hitter,805805,Walker Jenkins,MIN,1,0.009727646533401326,0.009727646533401326,0.018988283905945758,0.6942501793333191,1.3650488973509005,0.009727646533401326,0
pitcher,592779,Brock Stewart,LAD,3,0.009686953305482651,0.0032289844351608837,0.053853648826172495,0.5886990086143143,1.0498806012564983,0,0.009686953305482651
hitter,666023,Freddy Fermin,SD,3,0.009617291802273067,0.0032057639340910223,0.03402635855441499,0.6579657466911812,1.2613082566688738,0.009617291802273067,0
hitter,699625,Jimmy Crooks,STL,2,0.009564312506559704,0.004782156253279852,0.03315917189714357,0.692225222698033,1.9014108501690103,0.009564312506559704,0
pitcher,675911,Spencer Strider,ATL,2,0.009376725163299758,0.004688362581649879,0.032913788929293475,0.5729904905569705,0.9706942142808739,0,0.009376725163299758
pitcher,663978,Chris Paddack,CIN,3,0.009343969182548694,0.003114656394182898,0.042608443038264665,0.6370389654676336,1.6575208412128113,0,0.009343969182548694
pitcher,694037,Daniel Palencia,CHC,1,0.009255855420446392,0.009255855420446392,0.025583140040886077,0.5573238991490314,0.9227311681234411,0,0.009255855420446392
hitter,815873,Sean Keys,TOR,2,0.009215297900397648,0.004607648950198824,0.025589447630463114,0.6550064789531579,1.2439245597700666,0.009215297900397648,0
hitter,807727,Charles McAdoo,TOR,3,0.008990684097964132,0.0029968946993213772,0.025580664930066693,0.7668843649261482,1.8250398018156364,0.008990684097964132,0
hitter,680718,Addison Barger,TOR,2,0.00896969920526899,0.004484849602634495,0.029156592887907562,0.615369045806456,1.107350593762197,0.00896969920526899,0
hitter,669221,Sean Murphy,ATL,1,0.008960288485118513,0.008960288485118513,0.011841808247078284,0.8754842434439595,2.2127586658316347,0.008960288485118513,0
hitter,666624,Christopher Morel,NYM,1,0.008937398776569934,0.008937398776569934,0.013386700774934035,0.8197692741963415,1.8860888157305995,0.008937398776569934,0
hitter,663584,Hayden Senger,NYM,1,0.00886459724951657,0.00886459724951657,0.05249817768228976,0.31606854587500577,0.17107605604230391,0.00886459724951657,0
hitter,602104,Ramón Urías,STL,2,0.008626078900900926,0.004313039450450463,0.05034988718860628,0.42762868933851506,0.5313408118901988,0.008626078900900926,0
hitter,681987,Nate Eaton,BOS,1,0.008597467128599764,0.008597467128599764,0.009788412969401639,0.9435260565823571,2.8618834710289414,0.008597467128599764,0
pitcher,689546,Nick Davila,SEA,2,0.008580963588394077,0.0042904817941970385,0.015246802194943648,0.8493266415821876,2.290824209304021,0,0.008580963588394077
pitcher,693308,Nick Frasso,COL,2,0.008518641333465523,0.0042593206667327615,0.011964567684927707,0.9063766355013042,2.816781107581051,0,0.008518641333465523
hitter,683227,Cody Freeman,TEX,1,0.008518399131292464,0.008518399131292464,0.02152546236449434,0.7052254517865848,1.4042300404844852,0.008518399131292464,0
hitter,681546,James Outman,DET,3,0.008342371860858521,0.0027807906202861736,0.04144057547456448,0.5969135567228231,1.1387808756557418,0.008342371860858521,0
hitter,657656,Ramón Laureano,SD,2,0.0083368172828062,0.0041684086414031,0.032179387353099886,0.5713682886818229,0.9675572352650921,0.0083368172828062,0
hitter,669899,Ryan Ward,LAD,1,0.008012998319535617,0.008012998319535617,0.01943783264455634,0.6283136011203426,1.1437416912716443,0.008012998319535617,0
pitcher,628708,Yunior Marte,CIN,1,0.008005369829000554,0.008005369829000554,0.014980957066821177,0.7345763618849686,1.5134750780462638,0,0.008005369829000554
pitcher,661563,Luis Gil,NYY,2,0.007938485542078284,0.003969242771039142,0.027007098762904802,0.6495425147122261,1.2735451872246304,0,0.007938485542078284
pitcher,641835,Tim Mayza,PHI,2,0.007898329955097337,0.0039491649775486685,0.04610052353561722,0.5591347733858535,1.003280589982536,0,0.007898329955097337
hitter,669720,Austin Hays,SD,1,0.007888421677259524,0.007888421677259524,0.011929915676586078,0.826022011633901,1.9182694755479606,0.007888421677259524,0
hitter,828599,Lucas Spence,HOU,3,0.007864457404841749,0.002621485801613916,0.028840592508221186,0.7165597387048388,1.5629120467854989,0.007864457404841749,0
hitter,687597,Jordan Beck,COL,2,0.007746202209378478,0.003873101104689239,0.016410154134341742,0.7778026029520012,1.6897768525097312,0.007746202209378478,0
pitcher,676051,Codi Heuer,CLE,1,0.007721198741239405,0.007721198741239405,0.01599573133163623,0.6968561680995703,1.374278733982024,0,0.007721198741239405
pitcher,680802,Ryan Weiss,HOU,1,0.007702846205396682,0.007702846205396682,0.039578844889119336,0.3734920917880454,0.36205157549228506,0,0.007702846205396682
pitcher,801725,Luis De León,BAL,1,0.0076638592407508414,0.0076638592407508414,0.009161730815679281,0.926796438267057,2.653867404127275,0,0.0076638592407508414
pitcher,686930,Mason Barnett,ATH,1,0.007656458602286799,0.007656458602286799,0.017691600711338018,0.6538603642838292,1.2270386649844243,0,0.007656458602286799
pitcher,670245,Ryan Watson,LAA,2,0.007640754293492114,0.003820377146746057,0.025759495922982545,0.6282292570461018,1.1440647976306557,0,0.007640754293492114
pitcher,680689,Lyon Richardson,CIN,1,0.0075396389567297965,0.0075396389567297965,0.031787072255543,0.4372457438044225,0.5607392526564601,0,0.0075396389567297965
pitcher,656786,Parker Mushinski,COL,1,0.007535010792153537,0.007535010792153537,0.020405990558115317,0.5940521163541638,1.0355567006445168,0,0.007535010792153537
hitter,682927,Ronny Simon,PIT,2,0.007479953700565819,0.0037399768502829095,0.008527762317805505,0.9690797368044022,3.728192492083502,0.007479953700565819,0
pitcher,642048,Tayler Saucedo,LAA,2,0.007473862067541354,0.003736931033770677,0.022736593070836197,0.6595541413572962,1.2797234979347536,0,0.007473862067541354
pitcher,695001,Alimber Santa,HOU,1,0.007469647140999708,0.007469647140999708,0.013275125022769951,0.7637660896377452,1.6300793378436058,0,0.007469647140999708
pitcher,669211,Keegan Akin,BAL,2,0.007433248342194233,0.0037166241710971165,0.016635234132867105,0.7662806435863875,1.6680595256081494,0,0.007433248342194233
pitcher,472610,Luis García,NYM,1,0.007421395870011742,0.007421395870011742,0.009409192501388719,0.9378991946988123,2.7861626386684324,0,0.007421395870011742
hitter,677956,Rece Hinds,BAL,1,0.007403849558763664,0.007403849558763664,0.015690910585414497,0.6929684531973871,1.3605254815870698,0.007403849558763664,0
hitter,656555,Rhys Hoskins,CLE,2,0.0073700279527281224,0.0036850139763640612,0.009622631146916416,0.9305064012308896,2.7473832247655654,0.0073700279527281224,0
hitter,672016,Denzel Clarke,ATH,1,0.007333053783314633,0.007333053783314633,0.009170830146145725,0.9102246294014065,2.4872855597697203,0.007333053783314633,0
hitter,681146,Jonah Bride,TEX,1,0.007243033846584001,0.007243033846584001,0.01833863163275601,0.625637312691947,1.1351593131248006,0.007243033846584001,0
hitter,681230,BJ Murray Jr.,CHC,1,0.007236485913946771,0.007236485913946771,0.02534190401864944,0.5058821698924911,0.767647323835575,0.007236485913946771,0
pitcher,668984,Casey Legumina,SEA,1,0.007184497854453202,0.007184497854453202,0.01965213067474364,0.5971962980091774,1.0453473864660938,0,0.007184497854453202
pitcher,805345,Trent Harris,SF,1,0.007181161556045263,0.007181161556045263,0.03645225359290319,0.38702176683849504,0.40511363243387777,0,0.007181161556045263
pitcher,656234,Jake Bird,WSH,2,0.007158189961099589,0.0035790949805497947,0.04087251054118163,0.5559810139563016,0.9470487002000303,0,0.007158189961099589
hitter,672284,Jarred Kelenic,TEX,1,0.0070639388615675106,0.0070639388615675106,0.0074153436679856854,0.9812237053910324,3.717153991903311,0.0070639388615675106,0
pitcher,663941,Tristan Beck,SF,1,0.007027422115291251,0.007027422115291251,0.008488885530418266,0.9261472601435516,2.646720106241766,0,0.007027422115291251
hitter,668800,Andrew Knizner,SF,1,0.007012689355675199,0.007012689355675199,0.03735593306614857,0.37637114739488786,0.3712652600601043,0.007012689355675199,0
hitter,543510,James McCann,AZ,2,0.006910761080356961,0.0034553805401784806,0.030186219950747217,0.6388527730795281,1.4535755572533544,0.006910761080356961,0
hitter,669326,Bryce Teodosio,LAA,1,0.0068479985956171035,0.0068479985956171035,0.010299507706833078,0.8402042695573068,1.994811544105782,0.0068479985956171035,0
hitter,621438,Tyrone Taylor,NYM,2,0.006691918980108701,0.0033459594900543503,0.018435552231024444,0.760988159771009,1.674140682541252,0.006691918980108701,0
hitter,680664,Eduardo Valencia,DET,1,0.006649144381299765,0.006649144381299765,0.015905676460020834,0.6597573270297584,1.2466597305319045,0.006649144381299765,0
pitcher,641793,Zack Littell,AZ,1,0.006610895555734477,0.006610895555734477,0.027205994917360504,0.46514563756043387,0.6452670491303314,0,0.006610895555734477
hitter,665966,Carlos Narváez,BAL,1,0.006598134838606398,0.006598134838606398,0.009548224875483236,0.8584968238544838,2.102145613196934,0.006598134838606398,0
hitter,701785,Kaelen Culpepper,MIN,3,0.006594836041015653,0.0021982786803385512,0.05590172402038386,0.4809633373843151,0.6894735613008702,0.006594836041015653,0
pitcher,689441,Coleman Crow,MIL,2,0.006558357282169474,0.003279178641084737,0.045451997498985486,0.4950716778246008,0.7331805992526153,0,0.006558357282169474
hitter,656484,Tristan Gray,MIN,1,0.0065488058072871325,0.0065488058072871325,0.01634521255091298,0.6456382194354906,1.1999407086060292,0.0065488058072871325,0
hitter,668670,Jake Rogers,BOS,1,0.006535633558068894,0.006535633558068894,0.012010776750680074,0.7651239488426121,1.635734934163894,0.006535633558068894,0
hitter,670242,Matt Wallner,MIN,1,0.006531834797478315,0.006531834797478315,0.00971848884056925,0.9013984206127007,2.4096450588740503,0.006531834797478315,0
pitcher,684665,Luke Murphy,LAA,1,0.0064707996214928365,0.0064707996214928365,0.015269855786603226,0.6688331229277144,1.2771841333369638,0,0.0064707996214928365
pitcher,642376,Jefry Yan,NYM,2,0.006372102398071473,0.0031860511990357363,0.031581098831737375,0.5739107325665046,1.0171931610805132,0,0.006372102398071473
hitter,642851,Austin Wynns,ATH,1,0.006316915594285511,0.006316915594285511,0.010033174253883559,0.8257990763413219,1.9171065961925455,0.006316915594285511,0
hitter,805347,Jim Jarvis,ATL,1,0.00630920726096665,0.00630920726096665,0.02988791655577938,0.4275333334017783,0.5310583115670244,0.00630920726096665,0
hitter,682988,Tyler Locklear,AZ,1,0.006305628114523077,0.006305628114523077,0.00888992819460454,0.8720005313950508,2.1890729406897176,0.006305628114523077,0
pitcher,691951,Sam Aldegheri,LAA,2,0.006293184575780248,0.003146592287890124,0.008430707288868772,0.9310576622620408,2.707612905667828,0,0.006293184575780248
pitcher,623474,Jimmy Herget,COL,1,0.0062887907264563055,0.0062887907264563055,0.02375529114440167,0.5017442489353062,0.7552327680329158,0,0.0062887907264563055
pitcher,681867,Cooper Criswell,SEA,2,0.006242868731828323,0.0031214343659141616,0.0571927212406359,0.4352503209168408,0.5540329813694511,0,0.006242868731828323
pitcher,671106,Logan Allen,CLE,1,0.006242182694477237,0.006242182694477237,0.02955353959510809,0.42939199071450307,0.5367508182865324,0,0.006242182694477237
pitcher,680604,Blas Castaño,COL,1,0.006211651383027322,0.006211651383027322,0.026104313900514597,0.46817197154327167,0.654386630010094,0,0.006211651383027322
pitcher,676620,Blake Weiman,LAA,3,0.0061949441361667116,0.002064981378722237,0.07507362849672682,0.45715586809099795,0.6179957941426966,0,0.0061949441361667116
hitter,671218,Heliot Ramos,NYY,1,0.006180982594630111,0.006180982594630111,0.013037074305832452,0.7182861166857982,1.4519820173768654,0.006180982594630111,0
pitcher,691946,George Klassen,LAA,2,0.006134930963870369,0.0030674654819351846,0.038287109984552536,0.5428138596463412,0.895666242734529,0,0.006134930963870369
pitcher,681343,Shane Smith,CWS,1,0.006134867453776636,0.006134867453776636,0.021197979977310488,0.5364908054577346,0.859667401428589,0,0.006134867453776636
hitter,700246,Carson Williams,TB,1,0.006074957668899187,0.006074957668899187,0.013370373465403651,0.7042843389973343,1.4008378329828415,0.006074957668899187,0
pitcher,663423,Trent Thornton,CHC,4,0.006042605087201332,0.001510651271800333,0.04630209951472833,0.5960784783276796,1.0659709794423091,0,0.006042605087201332
pitcher,623381,Thomas Pannone,MIL,1,0.005910607252358315,0.005910607252358315,0.012709576729368566,0.7168226015124316,1.4465661309428137,0,0.005910607252358315
pitcher,489446,Kirby Yates,LAA,2,0.00580869960386303,0.002904349801931515,0.04841035848709413,0.42272711035761273,0.5043640808765122,0,0.00580869960386303
hitter,669236,Jeremiah Jackson,BAL,3,0.005668741156512189,0.001889580385504063,0.040652530391607156,0.5458505370456814,0.8916433465313798,0.005668741156512189,0
pitcher,622554,Seranthony Domínguez,SEA,1,0.005654099567734509,0.005654099567734509,0.015012636960379022,0.7511863525414941,1.5787121607720453,0,0.005654099567734509
pitcher,623465,Evan Phillips,LAD,1,0.005507269552199649,0.005507269552199649,0.007817221883958225,0.879169036914463,2.238438461653975,0,0.005507269552199649
pitcher,685464,Cade Winquest,STL,1,0.005491414646275213,0.005491414646275213,0.017485420361152193,0.5833305345415878,1.0023455412025246,0,0.005491414646275213
hitter,606992,Eric Haase,SF,2,0.005475423505119155,0.0027377117525595775,0.04063841671234153,0.6390076163313824,1.9753527642061586,0.005475423505119155,0
hitter,672275,Patrick Bailey,CLE,2,0.005457742486626739,0.0027288712433133694,0.024024037099479936,0.6948486996145875,2.003370926451499,0.005457742486626739,0
hitter,694224,Gabriel Gonzalez,MIN,1,0.005445270710576083,0.005445270710576083,0.005819422719915784,0.9781445896008845,3.600906746118629,0.005445270710576083,0
pitcher,681751,Lazaro Estrada,TOR,1,0.005403991593118299,0.005403991593118299,0.011755717161919144,0.7245054003658618,1.4751908919803922,0,0.005403991593118299
pitcher,668881,Hunter Greene,CIN,1,0.005385517096561567,0.005385517096561567,0.015203832490026825,0.6295511074800292,1.1477186582269816,0,0.005385517096561567
pitcher,681293,Spencer Arrighetti,TOR,1,0.005342324664220846,0.005342324664220846,0.005672329719473956,0.9805562901082187,3.6904473260281803,0,0.005342324664220846
hitter,666181,Will Benson,CIN,1,0.0052866656448418295,0.0052866656448418295,0.01514066321106644,0.6273165507399099,1.140541410764531,0.0052866656448418295,0
hitter,686668,Brenton Doyle,CWS,2,0.005235013296718469,0.0026175066483592347,0.027071584112486224,0.6694331045234447,1.796952129487907,0.005235013296718469,0
hitter,682997,Tyler Callihan,PIT,2,0.005194864307891119,0.0025974321539455596,0.01157800456490931,0.8148362795850814,1.9098117685082514,0.005194864307891119,0
pitcher,695378,Jack Sinclair,WSH,1,0.0051902381047349904,0.0051902381047349904,0.014633111658798104,0.6358757993139049,1.1681311800437735,0,0.0051902381047349904
hitter,682877,Juan Brito,CIN,1,0.005190096389974631,0.005190096389974631,0.01000084850825489,0.7741520899312575,1.6739299083547703,0.005190096389974631,0
pitcher,664353,José Urquidy,CWS,2,0.005080807635189881,0.0025404038175949406,0.009750256716964528,0.8575587069089873,2.09966169831022,0,0.005080807635189881
hitter,808975,Hyeseong Kim,LAD,1,0.005033511442011454,0.005033511442011454,0.011658738128431129,0.7114289709931717,1.42675074441828,0.005033511442011454,0
pitcher,671345,Jason Foley,SF,1,0.005019054780743227,0.005019054780743227,0.012374832915162948,0.689299681194008,1.3476354636725207,0,0.005019054780743227
hitter,694410,LuJames Groover,AZ,1,0.005001818990931315,0.005001818990931315,0.005727772803523212,0.9573664846854375,3.083659185992037,0.005001818990931315,0
hitter,703155,Lazaro Montes,SEA,1,0.004961135891041047,0.004961135891041047,0.009210469556516443,0.7928212392326568,1.7565118302202505,0.004961135891041047,0
pitcher,676755,Isaac Mattson,PIT,1,0.004847965215335179,0.004847965215335179,0.01965213067474364,0.5217077100450347,0.815164093306429,0,0.004847965215335179
hitter,670097,Zack Short,NYM,1,0.004743605544146854,0.004743605544146854,0.009797372981983077,0.7604551314444654,1.6163822769632876,0.004743605544146854,0
pitcher,682825,Luis Mey,CIN,3,0.004721869522663439,0.0015739565075544796,0.05053180930968721,0.4715200878176562,0.6606385718127097,0,0.004721869522663439
hitter,672012,Tyler Black,MIL,1,0.004576166096784528,0.004576166096784528,0.009199436159265245,0.7744684279820491,1.675287552410678,0.004576166096784528,0
pitcher,669330,Tyler Wells,TB,1,0.004490289775225999,0.004490289775225999,0.004891115391885026,0.9752441010419874,3.5052179980142713,0,0.004490289775225999
hitter,676694,Jake Meyers,HOU,2,0.004445357638144519,0.0022226788190722593,0.019889480959818018,0.6348757322432734,1.1716411478839264,0.004445357638144519,0
hitter,806956,Ethan Salas,SD,2,0.004430104966239904,0.002215052483119952,0.01730787646423515,0.6806873197784302,1.35173805971005,0.004430104966239904,0
hitter,666185,Dylan Carlson,CHC,1,0.004429528791379464,0.004429528791379464,0.01196514704135243,0.6760984043393816,1.3019241610756334,0.004429528791379464,0
pitcher,621016,Jose Cuas,KC,1,0.00442568880236219,0.00442568880236219,0.007848275869276666,0.8212587341920426,1.893674165412183,0,0.00442568880236219
pitcher,672582,Angel Zerpa,MIL,1,0.004357536168117549,0.004357536168117549,0.0143105946026999,0.7303468410163646,1.4972872568595887,0,0.004357536168117549
hitter,815589,Bo Davidson,SF,1,0.004350934915027093,0.004350934915027093,0.01155093656875772,0.6849143739878645,1.3323370488558264,0.004350934915027093,0
pitcher,806188,Cade Gibson,MIA,1,0.004294026687241991,0.004294026687241991,0.01568973939132201,0.5777761119196255,0.9852380476418379,0,0.004294026687241991
pitcher,672782,Yoendrys Gómez,TB,1,0.004286473537927499,0.004286473537927499,0.007461027480281157,0.830789974286308,1.9434272440077516,0,0.004286473537927499
pitcher,669684,Chris Murphy,CWS,2,0.004255319148042241,0.0021276595740211206,0.05065043193581023,0.43955157993033445,0.5461778703834319,0,0.004255319148042241
pitcher,663559,Bailey Falter,KC,1,0.004250468881588867,0.004250468881588867,0.014523765728106694,0.6021766556170262,1.0609071012857232,0,0.004250468881588867
hitter,806068,Colt Emerson,SEA,1,0.004195166900742847,0.004195166900742847,0.004634162688920168,0.972449397138227,3.4228452168961994,0.004195166900742847,0
pitcher,678576,Wilkin Ramos,SF,1,0.004190902501433135,0.004190902501433135,0.01095495535064106,0.6960653147743527,1.3714730039303005,0,0.004190902501433135
pitcher,684442,Kohl Drake,AZ,1,0.004093120189676648,0.004093120189676648,0.006381351766198362,0.870585031801915,2.179606040070369,0,0.004093120189676648
pitcher,680916,Franco Aleman,CLE,1,0.004085563680997261,0.004085563680997261,0.009463021851186276,0.7410079222219872,1.538410382245976,0,0.004085563680997261
pitcher,642232,Ryan Yarbrough,NYY,3,0.0040779358864404015,0.0013593119621468006,0.015956776394616012,0.7834614080973102,1.9821747233372502,0,0.0040779358864404015
hitter,650559,Bryan De La Cruz,PHI,2,0.0040696675426290406,0.0020348337713145203,0.03596455570099294,0.5381735574446881,0.8974947368638861,0.0040696675426290406,0
pitcher,682982,Daniel Espino,CLE,1,0.0040665629121468755,0.0040665629121468755,0.014468323447494519,0.5963353783360316,1.0426641264937508,0,0.0040665629121468755
pitcher,684974,Craig Yoho,MIL,2,0.0039568243841086636,0.0019784121920543318,0.032679940017215026,0.6025738955690624,1.0695692897582258,0,0.0039568243841086636
pitcher,605218,Carl Edwards Jr.,NYM,1,0.0039018875506728968,0.0039018875506728968,0.008228487239553023,0.8596557899432351,2.1093255123921297,0,0.0039018875506728968
hitter,663330,Jahmai Jones,DET,2,0.003892035237123583,0.0019460176185617916,0.004023180472785437,0.9952922670454429,4.924670938685615,0.003892035237123583,0
hitter,623168,Tyler Heineman,LAA,2,0.0038901738814178066,0.0019450869407089033,0.02567621873679246,0.669226269805668,1.9212490614363498,0.0038901738814178066,0
pitcher,669093,Jeremiah Estrada,SD,1,0.0038522454574903423,0.0038522454574903423,0.02551408153475304,0.4115883060449681,0.4819475474236845,0,0.0038522454574903423
hitter,806146,George Lombard Jr.,NYY,1,0.0038516908505280374,0.0038516908505280374,0.032045844514948074,0.34955348131013775,0.28424812007768185,0.0038516908505280374,0
hitter,622268,Donovan Walton,LAA,1,0.0035953741402909452,0.0035953741402909452,0.01027112240429462,0.6905238337215781,1.3519270551642086,0.0035953741402909452,0
pitcher,693312,Kyle Nicolas,CIN,1,0.003565122687841741,0.003565122687841741,0.006320270004292368,0.8436376221374893,2.014160097236651,0,0.003565122687841741
hitter,672642,Steward Berroa,PHI,1,0.0035626536904809895,0.0035626536904809895,0.009691890671899017,0.7080188213049821,1.414336000078138,0.0035626536904809895,0
pitcher,669062,Erik Miller,BOS,2,0.003508312944112806,0.001754156472056403,0.02851071450380993,0.5397310812817306,0.8806826257492861,0,0.003508312944112806
pitcher,699044,Miguel Ullola,HOU,1,0.0034887767730534024,0.0034887767730534024,0.015203832490026825,0.5579863507897697,0.9247453042236513,0,0.0034887767730534024
pitcher,669622,Anthony Bender,MIA,1,0.0034743756804203425,0.0034743756804203425,0.004963764514386182,0.9084228726597465,2.470896337501781,0,0.0034743756804203425
hitter,663697,Jonathan India,KC,1,0.0034391295417386713,0.0034391295417386713,0.010533022636096567,0.6750842422235411,1.2984536583684068,0.0034391295417386713,0
pitcher,702281,Robby Snelling,MIA,1,0.0033995592079707343,0.0033995592079707343,0.026879770715160678,0.38500910122369425,0.39874462844335223,0,0.0033995592079707343
pitcher,694462,Hurston Waldrep,ATL,1,0.003377758566892957,0.003377758566892957,0.013490222365838633,0.5920785360569887,1.0294234671028581,0,0.003377758566892957
pitcher,671111,Sammy Peralta,LAA,1,0.003374585718396915,0.003374585718396915,0.007058838871487949,0.7993199254658292,1.7865369764565457,0,0.003374585718396915
pitcher,670245,Ryan Watson,BOS,2,0.003353163183630023,0.0016765815918150114,0.007991692040264758,0.850040595552968,2.0961571813448785,0,0.003353163183630023
pitcher,675916,James Karinchak,ATL,2,0.003339885689529882,0.001669942844764941,0.0339857935086879,0.459826113013667,0.6290873033326885,0,0.003339885689529882
pitcher,668820,Max Kranick,WSH,1,0.0033133429466755218,0.0033133429466755218,0.004433400411885058,0.9288102103876132,2.6764162647038794,0,0.0033133429466755218
pitcher,673380,Dedniel Núñez,NYM,1,0.0032346800630878494,0.0032346800630878494,0.038061043701182073,0.2944564979435348,0.0946221348848173,0,0.0032346800630878494
pitcher,663978,Chris Paddack,TEX,1,0.0030653812835026847,0.0030653812835026847,0.016857207544227926,0.5101848704612582,0.7805588384072437,0,0.0030653812835026847
pitcher,571948,Hoby Milner,SEA,1,0.0029898578210182684,0.0029898578210182684,0.005763709822950269,0.8374414455758479,1.9794848053065417,0,0.0029898578210182684
pitcher,640454,Matt Krook,ATH,1,0.0029084752444015994,0.0029084752444015994,0.013593716019908442,0.5707655391038665,0.9637314092030556,0,0.0029084752444015994
pitcher,547184,Michael Kelly,ATH,1,0.0028662302719558094,0.0028662302719558094,0.006523506933410084,0.794806001135572,1.7656066451834649,0,0.0028662302719558094
pitcher,663362,Matt Waldron,WSH,1,0.002776537780593575,0.002776537780593575,0.006969027615627232,0.7705137939882787,1.6584109755563676,0,0.002776537780593575
hitter,649966,Luis Urías,TOR,1,0.002739214112803268,0.002739214112803268,0.015003292854049055,0.5337435959331651,0.8513848950686151,0.002739214112803268,0
pitcher,678020,Seth Halvorsen,LAD,1,0.0027079827249930633,0.0027079827249930633,0.05023180688538606,0.34748530631431024,0.277416541591073,0,0.0027079827249930633
pitcher,646241,Enmanuel De Jesus,DET,2,0.00264515043310425,0.001322575216552125,0.005400797910989132,0.9016076679357992,2.411432901610268,0,0.00264515043310425
pitcher,681006,Josh Simpson,SEA,1,0.0026049585225349737,0.0026049585225349737,0.03190935948827267,0.3218043194162339,0.1908808473088479,0,0.0026049585225349737
pitcher,518886,Craig Kimbrel,KC,1,0.0025885658301364814,0.0025885658301364814,0.002805413016842645,0.9846266687514051,3.869721211279387,0,0.0025885658301364814
pitcher,676568,Ricky Vanasco,DET,1,0.0025865707100170944,0.0025865707100170944,0.016228027524180233,0.5044520788065664,0.763356589415209,0,0.0025865707100170944
hitter,668670,Jake Rogers,CWS,1,0.002584186740140304,0.002584186740140304,0.005076566928839399,0.847808139549079,2.0381342962212177,0.002584186740140304,0
hitter,643376,Danny Jansen,TEX,1,0.0025415454045533345,0.0025415454045533345,0.015627072495476804,0.5140382567350547,0.7921258416681001,0.0025415454045533345,0
pitcher,605242,Michael Fulmer,LAA,1,0.0024821299801486693,0.0024821299801486693,0.019120653922397424,0.45305173305303204,0.6087390734839486,0,0.0024821299801486693
pitcher,605540,Brandon Woodruff,MIL,2,0.0024772008835139405,0.0012386004417569703,0.03880129251366771,0.4084128475380275,0.4721014014850353,0,0.0024772008835139405
pitcher,434378,Justin Verlander,DET,2,0.0024180795164262412,0.0012090397582131206,0.04091628567904082,0.4741756210113688,0.657524370776569,0,0.0024180795164262412
pitcher,663978,Chris Paddack,MIA,1,0.0024069388159375514,0.0024069388159375514,0.006725237016437319,0.7604304344757361,1.6162805984672488,0,0.0024069388159375514
pitcher,605452,Joe Ross,AZ,1,0.0023844446017251926,0.0023844446017251926,0.0026313827959469904,0.9822746817140335,3.7611577175265163,0,0.0023844446017251926
hitter,645305,Ali Sánchez,NYY,1,0.0023371959406727903,0.0023371959406727903,0.007825248100501017,0.7130467468453673,1.4326707452732457,0.0023371959406727903,0
pitcher,688642,Zach Agnos,COL,1,0.0022880289541262148,0.0022880289541262148,0.01027112240429462,0.6299175675448839,1.1488973958107618,0,0.0022880289541262148
hitter,695020,Tanner Murray,CWS,1,0.0022871790868596344,0.0022871790868596344,0.0063489312908388,0.7698584612832882,1.6556341320452344,0.0022871790868596344,0
hitter,677060,Chad Stevens,COL,1,0.002262225028534001,0.002262225028534001,0.022490070966815434,0.4013671661670435,0.45017114232987687,0.002262225028534001,0
hitter,605244,Aramis Garcia,AZ,1,0.002248640082795693,0.002248640082795693,0.0028922160366726263,0.9546528919645857,3.03525105439812,0.002248640082795693,0
pitcher,677961,Cole Wilcox,SEA,1,0.0022451193063534195,0.0022451193063534195,0.004872516436577934,0.8375393748692046,1.980024458881454,0,0.0022451193063534195
hitter,805672,Collin Price,HOU,1,0.0021914227781274316,0.0021914227781274316,0.009462665454295666,0.6497924270766565,1.2135951935587386,0.0021914227781274316,0
pitcher,676454,Brendan Cellucci,TOR,1,0.002189263476836006,0.002189263476836006,0.007043638046451917,0.7353646775343532,1.5165103496116785,0,0.002189263476836006
hitter,672284,Jarred Kelenic,CWS,1,0.0021493222827361777,0.0021493222827361777,0.010727966145878204,0.6105566984109774,1.0872396553343484,0.0021493222827361777,0
hitter,678577,Junior Perez,CWS,1,0.0021467533637413816,0.0021467533637413816,0.002611088825125618,0.9666211993021299,3.2744142766282227,0.0021467533637413816,0
hitter,678009,Parker Meadows,DET,1,0.002139377958451879,0.002139377958451879,0.013136456142453401,0.692272839249512,1.3580749542139152,0.002139377958451879,0
pitcher,681151,Jayden Murray,HOU,1,0.0020760580254342675,0.0020760580254342675,0.008246235046531297,0.6843291300647693,1.3303041496782697,0,0.0020760580254342675
pitcher,814305,Yunior Tur,ATH,1,0.002062591951274579,0.002062591951274579,0.01246431780882009,0.5622964672823503,0.9378655630498738,0,0.002062591951274579
pitcher,669438,Mason Englert,TB,1,0.0020589118999688495,0.0020589118999688495,0.011762524549304043,0.579247595873973,0.9897640994484833,0,0.0020589118999688495
hitter,696135,Kahlil Watson,CLE,1,0.0020533200312191817,0.0020533200312191817,0.016567315732287202,0.4791749646611268,0.6874887305557045,0.0020533200312191817,0
pitcher,621345,A.J. Minter,NYM,1,0.0020484420508498167,0.0020484420508498167,0.019065794390947577,0.43958810624197453,0.567874596275626,0,0.0020484420508498167
pitcher,669060,Bryse Wilson,MIL,1,0.0020437932907442446,0.0020437932907442446,0.005264797626858275,0.8055512413329172,1.816018603609141,0,0.0020437932907442446
hitter,622761,Jorge Mateo,TB,1,0.0020004328830349255,0.0020004328830349255,0.007807806359695961,0.6960732505165789,1.3715011372998998,0.0020004328830349255,0
pitcher,623352,Josh Hader,HOU,1,0.0019904698501455763,0.0019904698501455763,0.030312187180444816,0.31938887981334674,0.1825637389345376,0,0.0019904698501455763
pitcher,694363,Jared Shuster,STL,1,0.0019631544725039083,0.0019631544725039083,0.016211186043175813,0.48210042459415714,0.6962783164033564,0,0.0019631544725039083
pitcher,607455,Anthony Banda,MIN,1,0.0019567517137353066,0.0019567517137353066,0.03600015616900576,0.2802686669018235,0.04265300540323125,0,0.0019567517137353066
pitcher,607481,Aaron Bummer,ATL,1,0.0019000101024463732,0.0019000101024463732,0.013297809270198524,0.6824931827465494,1.3239399364446287,0,0.0019000101024463732
hitter,623205,Andrew Velazquez,KC,1,0.0018991321123076848,0.0018991321123076848,0.004480258182266494,0.8364332167353623,1.973943985070088,0.0018991321123076848,0
pitcher,690990,Cade Horton,CHC,1,0.0018768764212936848,0.0018768764212936848,0.00607108249970556,0.758552405788012,1.6085695795490658,0,0.0018768764212936848
pitcher,657571,Caleb Ferguson,CIN,2,0.0018307908166597005,0.0009153954083298502,0.0375507959881787,0.5793136260347556,1.1572878986958557,0,0.0018307908166597005
pitcher,805326,Tyler Schweitzer,CWS,2,0.0017400834160376825,0.0008700417080188413,0.020402623053129038,0.574514793263799,0.9805976493224526,0,0.0017400834160376825
pitcher,642585,Félix Bautista,BAL,1,0.0016104721690649109,0.0016104721690649109,0.0023403942719298215,0.9464881961390957,2.90464217777149,0,0.0016104721690649109
pitcher,694753,Khristian Curtis,PIT,1,0.001592985375273629,0.001592985375273629,0.006747562896842696,0.7143892751042399,1.4375986763108566,0,0.001592985375273629
hitter,682634,Kevin Alcántara,CHC,1,0.0015674303183002788,0.0015674303183002788,0.0065644908300891425,0.7202797124577254,1.459387121469304,0.0015674303183002788,0
pitcher,815083,Mitch Farris,LAA,1,0.0015340069889501848,0.0015340069889501848,0.009580202324249831,0.6146495512663226,1.1001743200069667,0,0.0015340069889501848
hitter,814430,Brett Callahan,DET,1,0.0015339172524897154,0.0015339172524897154,0.0052017675094820914,0.7777298550058477,1.6893642917854286,0.0015339172524897154,0
pitcher,684049,Brandan Bidois,PIT,1,0.0015141458013670454,0.0015141458013670454,0.008450728099717076,0.6487935906297351,1.2103053843264027,0,0.0015141458013670454
pitcher,573124,Taylor Rogers,MIN,1,0.0014952597168133974,0.0014952597168133974,0.00977491529774438,0.6071322012944392,1.0764550475135448,0,0.0014952597168133974
pitcher,666808,Camilo Doval,PIT,1,0.0014557901846325768,0.0014557901846325768,0.027823182144533942,0.3260417349874169,0.20539290521825393,0,0.0014557901846325768
pitcher,694646,Chayce McDermott,NYM,1,0.0014240786653878883,0.0014240786653878883,0.0028218860797478984,0.9010183621035864,2.4064434599668973,0,0.0014240786653878883
pitcher,489446,Kirby Yates,PIT,1,0.0014213889375450438,0.0014213889375450438,0.006131012950055137,0.7298135211072059,1.4952575008534992,0,0.0014213889375450438
pitcher,592866,Trevor Williams,TEX,1,0.0014000752980685785,0.0014000752980685785,0.0027981401128863437,0.9008333862748413,2.4048891878709355,0,0.0014000752980685785
pitcher,700327,Welinton Herrera,COL,1,0.0013945286683370419,0.0013945286683370419,0.015446020851350967,0.47463242247849474,0.6738318688379024,0,0.0013945286683370419
hitter,682515,Logan Porter,LAA,1,0.0013225030193361438,0.0013225030193361438,0.0032243934244987962,0.8690554331890605,2.169474624997786,0.0013225030193361438,0
hitter,681546,James Outman,MIN,1,0.001240053452262472,0.001240053452262472,0.011114577808867265,0.5594597212222125,0.9292272408968838,0.001240053452262472,0
pitcher,813349,Connelly Early,WSH,1,0.0012199512696594427,0.0012199512696594427,0.01626468671254311,0.4542025599718618,0.6122215109438827,0,0.0012199512696594427
hitter,690022,Ryan Ritter,COL,1,0.0011599972188109627,0.0011599972188109627,0.01990585194443885,0.3992839945852349,0.44366298260654125,0.0011599972188109627,0
pitcher,681982,Grant Anderson,MIL,1,0.0011493945000785799,0.0011493945000785799,0.012879997916989364,0.5148633404691644,0.7946031627465118,0,0.0011493945000785799
pitcher,680704,Nick Sandlin,LAA,1,0.001146882791940695,0.001146882791940695,0.004126441644513756,0.8068537825356045,1.8222712199204336,0,0.001146882791940695
hitter,691373,Jhostynxon Garcia,PIT,1,0.001130395271984357,0.001130395271984357,0.007807806359695961,0.6505401529609256,1.2160607656106812,0.001130395271984357,0
hitter,665804,Miguel Amaya,CHC,1,0.001098019749422564,0.001098019749422564,0.0018184485151972445,0.9450827767521373,2.8840841238202053,0.001098019749422564,0
hitter,695681,Christian Moore,LAA,1,0.0010950541492455671,0.0010950541492455671,0.0201483137547942,0.3941405013283416,0.42754450445667214,0.0010950541492455671,0
pitcher,606965,Chris Devenski,NYM,1,0.0010853918675400864,0.0010853918675400864,0.015450313179697028,0.4629998828178341,0.6387963662008547,0,0.0010853918675400864
pitcher,656234,Jake Bird,NYY,1,0.0010775913091857136,0.0010775913091857136,0.01227741487006695,0.524976609072603,0.8249922454288239,0,0.0010775913091857136
hitter,669720,Austin Hays,CWS,1,0.001067028454364126,0.001067028454364126,0.004629339513336217,0.7763679369135371,1.683468320607703,0.001067028454364126,0
hitter,683679,Jesus Rodriguez,SF,1,0.0010665257107199339,0.0010665257107199339,0.017389700955335985,0.4310440784995317,0.5418055429924933,0.0010665257107199339,0
pitcher,666129,Braxton Garrett,CHC,1,0.0010646485118196323,0.0010646485118196323,0.02569061184811572,0.3342645037229759,0.233280125973649,0,0.0010646485118196323
pitcher,471911,Carlos Carrasco,ATL,1,0.0010482553600038589,0.0010482553600038589,0.017485420361152193,0.4289760304028298,0.5354773928448537,0,0.0010482553600038589
hitter,664056,Harrison Bader,SF,1,0.000993942560256927,0.000993942560256927,0.011114577808867265,0.5484797735245949,0.8958976746044285,0.000993942560256927,0
pitcher,700842,Eduardo Rivera,BOS,1,0.0009819801579740036,0.0009819801579740036,0.001770419582945576,0.9396775734728259,2.8093746442626006,0,0.0009819801579740036
pitcher,676105,Jeff Criswell,COL,1,0.0009761202126619666,0.0009761202126619666,0.008792778769233511,0.6109717502817192,1.0885490703893872,0,0.0009761202126619666
pitcher,683155,Joey Estes,ATH,1,0.0009501131909539712,0.0009501131909539712,0.019513948993232666,0.39755090117285297,0.43823985047989034,0,0.0009501131909539712
hitter,668942,Josh Rojas,KC,1,0.0009170042181278265,0.0009170042181278265,0.00559475814122124,0.7231239486240268,1.4700080294445392,0.0009170042181278265,0
pitcher,672629,Gerardo Carrillo,AZ,1,0.0009130332063156704,0.0009130332063156704,0.004192735426173447,0.7883070917020216,1.7360632841034116,0,0.0009130332063156704
pitcher,687606,Paxton Schultz,WSH,1,0.0008324821512640766,0.0008324821512640766,0.0038121204354709393,0.8028312243189182,1.8030633143505437,0,0.0008324821512640766
pitcher,656222,Jalen Beeks,TEX,1,0.0007004556219984415,0.0007004556219984415,0.031041602378561017,0.2834199687273687,0.05432988562993479,0,0.0007004556219984415
pitcher,663878,Nate Pearson,HOU,1,0.0006908757331880108,0.0006908757331880108,0.007232609118769107,0.6470149808018191,1.2044578732390137,0,0.0006908757331880108
hitter,656582,Connor Joe,SEA,1,0.0006725922831318379,0.0006725922831318379,0.011972171455505609,0.5144596113870339,0.793390933115953,0.0006725922831318379,0
hitter,664731,P.J. Higgins,CIN,1,0.0006276156811101984,0.0006276156811101984,0.008160258151654443,0.6129217602437692,1.0947078383212414,0.0006276156811101984,0
pitcher,687792,DJ Herz,WSH,1,0.0006242554004998336,0.0006242554004998336,0.029666974517438716,0.2910699542975513,0.08235508165396421,0,0.0006242554004998336
pitcher,681799,Ethan Roberts,CHC,1,0.0005534706935523513,0.0005534706935523513,0.007285581581029765,0.6377777656229572,1.1742989717538936,0,0.0005534706935523513
hitter,641584,Jake Fraley,TB,1,0.0005348036661570006,0.0005348036661570006,0.003029779966822077,0.8258887221965915,1.9175740673591672,0.0005348036661570006,0
hitter,665861,Sebastián Rivero,LAA,1,0.0005341767162384626,0.0005341767162384626,0.006856264636415976,0.6517957825147956,1.2202066172640635,0.0005341767162384626,0
pitcher,676467,Colton Gordon,MIL,1,0.000529641114409834,0.000529641114409834,0.01685646640693389,0.420139407532212,0.508349146547451,0,0.000529641114409834
pitcher,621383,Tanner Banks,PHI,1,0.0005231366196598334,0.0005231366196598334,0.0064423516545353415,0.6663793419198506,1.2688908731880613,0,0.0005231366196598334
