role,player_id,player_name,challenge_team_abbr,attempts,overturns,confirms,overturn_rate,direct_wpa,option_wpa_proxy,total_xwpa,risk_adjusted_xwpa,xwpa_per_challenge,risk_adjusted_per_challenge,wpa_if_overturned,savant_challenge_runs,strikeout_flips,walk_flips,exhausting_fails,missed_opportunities,missed_xwpa,missed_xwpa_per_opportunity,missed_wpa_if_overturned,avg_missed_overturn_probability,avg_zone_distance_inches,missed_batting_xwpa,missed_fielding_xwpa,decision_xwpa
catcher,700337,Edgar Quero,CWS,39,16,23,0.41025641025641024,0.7281268146864067,-0.5198,0.7281268146864067,0.20832681468640668,0.01866991832529248,0.0053417131970873504,1.2240242649203639,0.3901365575940259,4,3,9,0,0.0,0.0,0.0,0.0,0.0,0.0,0.0,0.7281268146864067
fielder_challenger,700337,Edgar Quero,CWS,38,16,22,0.42105263157894735,0.7281268146864067,-0.49720000000000003,0.7281268146864067,0.23092681468640666,0.019161231965431756,0.006077021439115965,1.1280501712949451,0.6161365575940259,4,3,8,0,0.0,0.0,0.0,0.0,0.0,0.0,0.0,0.7281268146864067
catcher,681351,Logan O'Hoppe,LAA,27,17,10,0.6296296296296297,0.4318465797075044,-0.22600000000000003,0.4318465797075044,0.20584657970750436,0.015994317766944606,0.007623947396574236,0.6991199584303347,0.3733206744910542,1,2,1,0,0.0,0.0,0.0,0.0,0.0,0.0,0.0,0.4318465797075044
fielder_challenger,681351,Logan O'Hoppe,LAA,27,17,10,0.6296296296296297,0.4318465797075044,-0.22600000000000003,0.4318465797075044,0.20584657970750436,0.015994317766944606,0.007623947396574236,0.6991199584303347,0.3733206744910542,1,2,1,0,0.0,0.0,0.0,0.0,0.0,0.0,0.0,0.4318465797075044
catcher,696100,Hunter Goodman,COL,24,18,6,0.75,0.41373647901857863,-0.1356,0.41373647901857863,0.27813647901857863,0.017239019959107444,0.011589019959107444,0.5894291767341691,2.271604557268474,7,3,0,0,0.0,0.0,0.0,0.0,0.0,0.0,0.0,0.41373647901857863
fielder_challenger,696100,Hunter Goodman,COL,22,17,5,0.7727272727272727,0.4059972056706492,-0.11300000000000002,0.4059972056706492,0.2929972056706492,0.018454418439574963,0.013318054803211327,0.5748812433075305,2.4147457226899207,7,3,0,0,0.0,0.0,0.0,0.0,0.0,0.0,0.0,0.4059972056706492
catcher,669257,Will Smith,LAD,31,21,10,0.6774193548387096,0.40529238140245066,-0.22600000000000003,0.40529238140245066,0.17929238140245063,0.013073947787175829,0.0057836252065306655,0.7706516033722738,1.3039526748610113,6,2,2,0,0.0,0.0,0.0,0.0,0.0,0.0,0.0,0.40529238140245066
fielder_challenger,669257,Will Smith,LAD,30,21,9,0.7,0.40529238140245066,-0.20340000000000003,0.40529238140245066,0.20189238140245064,0.013509746046748355,0.006729746046748354,0.7334940749506664,1.5299526748610113,6,2,1,0,0.0,0.0,0.0,0.0,0.0,0.0,0.0,0.40529238140245066
pitcher,608371,Lucas Sims,CWS,3,2,1,0.6666666666666666,0.3830836855640312,-0.022600000000000002,0.3830836855640312,0.3604836855640312,0.12769456185467706,0.12016122852134374,0.4385280963816897,1.7188191859290018,1,1,1,0,0.0,0.0,0.0,0.0,0.0,0.0,0.0,0.3830836855640312
catcher,669127,Shea Langeliers,ATH,24,12,12,0.5,0.3748874033375069,-0.2712,0.3748874033375069,0.10368740333750692,0.015620308472396122,0.0043203084723961215,0.5702094636180897,0.06414313813705141,4,4,4,0,0.0,0.0,0.0,0.0,0.0,0.0,0.0,0.3748874033375069
catcher,521692,Salvador Perez,KC,25,19,6,0.76,0.3550888971189994,-0.1356,0.3550888971189994,0.21948889711899935,0.014203555884759975,0.008779555884759975,0.4751613169459747,2.748829032946024,2,3,0,0,0.0,0.0,0.0,0.0,0.0,0.0,0.0,0.3550888971189994
fielder_challenger,521692,Salvador Perez,KC,25,19,6,0.76,0.3550888971189994,-0.1356,0.3550888971189994,0.21948889711899935,0.014203555884759975,0.008779555884759975,0.4751613169459747,2.748829032946024,2,3,0,0,0.0,0.0,0.0,0.0,0.0,0.0,0.0,0.3550888971189994
catcher,663728,Cal Raleigh,SEA,26,15,11,0.5769230769230769,0.350460808039959,-0.24860000000000002,0.350460808039959,0.10186080803995899,0.013479261847690731,0.003917723386152269,0.6714417843483123,1.7208313013408105,5,1,4,0,0.0,0.0,0.0,0.0,0.0,0.0,0.0,0.350460808039959
catcher,664954,Brett Sullivan,COL,24,14,10,0.5833333333333334,0.3425832480464199,-0.22600000000000003,0.3425832480464199,0.11658324804641988,0.014274302001934162,0.004857635335267495,0.46197742233523303,1.3004830670131142,6,3,3,0,0.0,0.0,0.0,0.0,0.0,0.0,0.0,0.3425832480464199
fielder_challenger,664954,Brett Sullivan,COL,23,14,9,0.6086956521739131,0.3425832480464199,-0.20340000000000003,0.3425832480464199,0.13918324804641988,0.014894923828105212,0.006051445567235647,0.4246653086033709,1.5264830670131142,6,3,3,0,0.0,0.0,0.0,0.0,0.0,0.0,0.0,0.3425832480464199
catcher,608348,Carson Kelly,CHC,14,12,2,0.8571428571428571,0.3415215885674082,-0.045200000000000004,0.3415215885674082,0.29632158856740826,0.0243943991833863,0.021165827754814875,0.3715118470011821,3.7345275966000857,5,2,0,0,0.0,0.0,0.0,0.0,0.0,0.0,0.0,0.3415215885674082
fielder_challenger,608348,Carson Kelly,CHC,14,12,2,0.8571428571428571,0.3415215885674082,-0.045200000000000004,0.3415215885674082,0.29632158856740826,0.0243943991833863,0.021165827754814875,0.3715118470011821,3.7345275966000857,5,2,0,0,0.0,0.0,0.0,0.0,0.0,0.0,0.0,0.3415215885674082
catcher,680777,Ryan Jeffers,MIN,28,17,11,0.6071428571428571,0.33620621989295074,-0.24860000000000002,0.33620621989295074,0.08760621989295071,0.012007364996176812,0.0031287935676053828,0.5238381815342646,1.1472609320062748,11,0,4,0,0.0,0.0,0.0,0.0,0.0,0.0,0.0,0.33620621989295074
fielder_challenger,680777,Ryan Jeffers,MIN,28,17,11,0.6071428571428571,0.33620621989295074,-0.24860000000000002,0.33620621989295074,0.08760621989295071,0.012007364996176812,0.0031287935676053828,0.5238381815342646,1.1472609320062748,11,0,4,0,0.0,0.0,0.0,0.0,0.0,0.0,0.0,0.33620621989295074
catcher,663743,Nick Fortes,TB,30,19,11,0.6333333333333333,0.33499493293022564,-0.24860000000000002,0.33499493293022564,0.08639493293022563,0.011166497764340855,0.0028798310976741875,0.4865826051105522,0.3645231623242762,3,1,4,0,0.0,0.0,0.0,0.0,0.0,0.0,0.0,0.33499493293022564
fielder_challenger,663743,Nick Fortes,TB,30,19,11,0.6333333333333333,0.33499493293022564,-0.24860000000000002,0.33499493293022564,0.08639493293022563,0.011166497764340855,0.0028798310976741875,0.4865826051105522,0.3645231623242762,3,1,4,0,0.0,0.0,0.0,0.0,0.0,0.0,0.0,0.33499493293022564
fielder_challenger,669127,Shea Langeliers,ATH,22,11,11,0.5,0.32191776930651794,-0.24860000000000002,0.32191776930651794,0.07331776930651794,0.014632625877568998,0.003332625877568997,0.5072642590428244,0.03211552491906014,4,4,4,0,0.0,0.0,0.0,0.0,0.0,0.0,0.0,0.32191776930651794
fielder_challenger,663728,Cal Raleigh,SEA,24,14,10,0.5833333333333334,0.3190631303212908,-0.22600000000000003,0.3190631303212908,0.09306313032129081,0.01329429709672045,0.0038776304300537838,0.5473549806065977,1.6672820141754974,4,1,3,0,0.0,0.0,0.0,0.0,0.0,0.0,0.0,0.3190631303212908
catcher,671056,Ivan Herrera,STL,13,10,3,0.7692307692307693,0.31160591852484965,-0.0678,0.31160591852484965,0.24380591852484962,0.02396968604037305,0.01875430142498843,0.3366135531941532,1.6751298407234845,3,3,1,0,0.0,0.0,0.0,0.0,0.0,0.0,0.0,0.31160591852484965
fielder_challenger,671056,Ivan Herrera,STL,13,10,3,0.7692307692307693,0.31160591852484965,-0.0678,0.31160591852484965,0.24380591852484962,0.02396968604037305,0.01875430142498843,0.3366135531941532,1.6751298407234845,3,3,1,0,0.0,0.0,0.0,0.0,0.0,0.0,0.0,0.31160591852484965
catcher,661388,William Contreras,MIL,34,18,16,0.5294117647058824,0.2871287450530355,-0.36160000000000003,0.2871287450530355,-0.07447125494696455,0.00844496308979516,-0.0021903310278518985,0.8673538196714619,-1.2300512079566734,2,1,7,0,0.0,0.0,0.0,0.0,0.0,0.0,0.0,0.2871287450530355
fielder_challenger,661388,William Contreras,MIL,34,18,16,0.5294117647058824,0.2871287450530355,-0.36160000000000003,0.2871287450530355,-0.07447125494696455,0.00844496308979516,-0.0021903310278518985,0.8673538196714619,-1.2300512079566734,2,1,7,0,0.0,0.0,0.0,0.0,0.0,0.0,0.0,0.2871287450530355
catcher,595978,Austin Hedges,CLE,16,11,5,0.6875,0.2826171692130215,-0.11300000000000002,0.2826171692130215,0.16961716921302147,0.017663573075813843,0.010601073075813842,0.3656522637202766,1.362842055770171,5,2,1,0,0.0,0.0,0.0,0.0,0.0,0.0,0.0,0.2826171692130215
fielder_challenger,595978,Austin Hedges,CLE,16,11,5,0.6875,0.2826171692130215,-0.11300000000000002,0.2826171692130215,0.16961716921302147,0.017663573075813843,0.010601073075813842,0.3656522637202766,1.362842055770171,5,2,1,0,0.0,0.0,0.0,0.0,0.0,0.0,0.0,0.2826171692130215
catcher,682663,Agustin Ramirez,MIA,30,21,9,0.7,0.2803649660567428,-0.20340000000000003,0.2803649660567428,0.07696496605674279,0.009345498868558094,0.002565498868558093,0.3914866202084127,0.4692316349230113,2,1,1,0,0.0,0.0,0.0,0.0,0.0,0.0,0.0,0.2803649660567428
fielder_challenger,682663,Agustin Ramirez,MIA,30,21,9,0.7,0.2803649660567428,-0.20340000000000003,0.2803649660567428,0.07696496605674279,0.009345498868558094,0.002565498868558093,0.3914866202084127,0.4692316349230113,2,1,1,0,0.0,0.0,0.0,0.0,0.0,0.0,0.0,0.2803649660567428
catcher,689414,Liam Hicks,MIA,29,15,14,0.5172413793103449,0.25652426605864637,-0.3164,0.25652426605864637,-0.05987573394135366,0.008845664346849875,-0.0020646804807363333,0.6291795463632944,-0.3030204542509449,2,1,5,0,0.0,0.0,0.0,0.0,0.0,0.0,0.0,0.25652426605864637
fielder_challenger,689414,Liam Hicks,MIA,28,15,13,0.5357142857142857,0.25652426605864637,-0.2938,0.25652426605864637,-0.03727573394135366,0.009161580930665941,-0.001331276212191202,0.6252869791417395,-0.07702045425094489,2,1,5,0,0.0,0.0,0.0,0.0,0.0,0.0,0.0,0.25652426605864637
catcher,642851,Austin Wynns,ATH,17,10,7,0.5882352941176471,0.25020719414879744,-0.1582,0.25020719414879744,0.09200719414879742,0.014718070244046907,0.005412187891105731,0.38807414235888593,0.7433012186909405,3,1,4,0,0.0,0.0,0.0,0.0,0.0,0.0,0.0,0.25020719414879744
fielder_challenger,642851,Austin Wynns,ATH,17,10,7,0.5882352941176471,0.25020719414879744,-0.1582,0.25020719414879744,0.09200719414879742,0.014718070244046907,0.005412187891105731,0.38807414235888593,0.7433012186909405,3,1,4,0,0.0,0.0,0.0,0.0,0.0,0.0,0.0,0.25020719414879744
catcher,665561,Rafael Marchan,PHI,16,8,8,0.5,0.2396131157242978,-0.18080000000000002,0.2396131157242978,0.058813115724297794,0.014975819732768613,0.003675819732768612,0.46183134979135226,1.4322452072449283,3,3,1,0,0.0,0.0,0.0,0.0,0.0,0.0,0.0,0.2396131157242978
fielder_challenger,665561,Rafael Marchan,PHI,15,8,7,0.5333333333333333,0.2396131157242978,-0.1582,0.2396131157242978,0.0814131157242978,0.015974207714953188,0.00542754104828652,0.42974625408871686,1.6582452072449283,3,3,1,0,0.0,0.0,0.0,0.0,0.0,0.0,0.0,0.2396131157242978
catcher,686780,Pedro Pages,STL,20,12,8,0.6,0.23707805374843985,-0.18080000000000002,0.23707805374843985,0.056278053748439825,0.011853902687421992,0.0028139026874219914,0.4432892839910309,1.1965757021239691,4,3,2,0,0.0,0.0,0.0,0.0,0.0,0.0,0.0,0.23707805374843985
fielder_challenger,686780,Pedro Pages,STL,19,12,7,0.631578947368421,0.23707805374843985,-0.1582,0.23707805374843985,0.07887805374843983,0.012477792302549466,0.00415147651307578,0.4204144994681253,1.422575702123969,4,3,2,0,0.0,0.0,0.0,0.0,0.0,0.0,0.0,0.23707805374843985
catcher,666023,Freddy Fermin,SD,16,11,5,0.6875,0.21234939489638802,-0.11300000000000002,0.21234939489638802,0.099349394896388,0.013271837181024251,0.00620933718102425,0.3043072938814675,0.9149018116016674,5,0,0,0,0.0,0.0,0.0,0.0,0.0,0.0,0.0,0.21234939489638802
fielder_challenger,666023,Freddy Fermin,SD,16,11,5,0.6875,0.21234939489638802,-0.11300000000000002,0.21234939489638802,0.099349394896388,0.013271837181024251,0.00620933718102425,0.3043072938814675,0.9149018116016674,5,0,0,0,0.0,0.0,0.0,0.0,0.0,0.0,0.0,0.21234939489638802
catcher,672275,Patrick Bailey,SF,25,12,13,0.48,0.20889124750924448,-0.2938,0.20889124750924448,-0.08490875249075555,0.008355649900369778,-0.003396350099630222,0.6349117055941024,-0.808067917935493,3,0,5,0,0.0,0.0,0.0,0.0,0.0,0.0,0.0,0.20889124750924448
fielder_challenger,672275,Patrick Bailey,SF,25,12,13,0.48,0.20889124750924448,-0.2938,0.20889124750924448,-0.08490875249075555,0.008355649900369778,-0.003396350099630222,0.6349117055941024,-0.808067917935493,3,0,5,0,0.0,0.0,0.0,0.0,0.0,0.0,0.0,0.20889124750924448
catcher,605170,Victor Caratini,MIN,14,10,4,0.7142857142857143,0.20433319389892984,-0.09040000000000001,0.20433319389892984,0.11393319389892984,0.014595228135637846,0.008138085278494989,0.2944036482447596,0.8985603321049591,2,1,0,0,0.0,0.0,0.0,0.0,0.0,0.0,0.0,0.20433319389892984
fielder_challenger,605170,Victor Caratini,MIN,14,10,4,0.7142857142857143,0.20433319389892984,-0.09040000000000001,0.20433319389892984,0.11393319389892984,0.014595228135637846,0.008138085278494989,0.2944036482447596,0.8985603321049591,2,1,0,0,0.0,0.0,0.0,0.0,0.0,0.0,0.0,0.20433319389892984
catcher,682626,Francisco Alvarez,NYM,21,14,7,0.6666666666666666,0.19918811744323478,-0.1582,0.19918811744323478,0.04098811744323477,0.009485148449677846,0.001951815116344513,0.33871403350755647,0.8613410856607158,4,2,1,0,0.0,0.0,0.0,0.0,0.0,0.0,0.0,0.19918811744323478
pitcher,664854,Ryan Helsley,BAL,4,3,1,0.75,0.19379412382208405,-0.022600000000000002,0.19379412382208405,0.17119412382208404,0.04844853095552101,0.04279853095552101,0.2854662243271434,0.8547118723275327,2,2,1,3,0.03352981288530652,0.011176604295102173,0.19354958692087265,0.37184777220453075,0.3427796603168858,0,0.03352981288530652,0.16026431093677754
catcher,592663,J.T. Realmuto,PHI,10,7,3,0.7,0.1907155547514236,-0.0678,0.1907155547514236,0.1229155547514236,0.01907155547514236,0.01229155547514236,0.21769528352315132,0.9045238173406993,1,3,0,0,0.0,0.0,0.0,0.0,0.0,0.0,0.0,0.1907155547514236
pitcher,622491,Luis Castillo,SEA,3,3,0,1.0,0.18704882366173503,0.0,0.18704882366173503,0.18704882366173503,0.06234960788724501,0.06234960788724501,0.18704882366173503,2.0493388565014157,2,1,0,7,0.11796874071430702,0.016852677244901002,0.24210182883677464,0.7033951917747246,1.5357321635438257,0,0.11796874071430702,0.06908008294742801
catcher,668939,Adley Rutschman,BAL,7,6,1,0.8571428571428571,0.18677365999171114,-0.022600000000000002,0.18677365999171114,0.16417365999171113,0.026681951427387305,0.023453379998815877,0.2784457604967705,1.2052567738129403,1,2,1,0,0.0,0.0,0.0,0.0,0.0,0.0,0.0,0.18677365999171114
pitcher,678022,Jack Perkins,ATH,3,3,0,1.0,0.1850495484157466,0.0,0.1850495484157466,0.1850495484157466,0.06168318280524887,0.06168318280524887,0.1850495484157466,0.9878085103959902,1,1,0,18,0.21500489202836895,0.011944716223798274,0.48134841720534055,0.6660696535509072,1.477412226426029,0,0.21500489202836895,-0.029955343612622337
pitcher,592791,Jameson Taillon,CHC,5,4,1,0.8,0.18007531894170406,-0.022600000000000002,0.18007531894170406,0.15747531894170405,0.03601506378834081,0.03149506378834081,0.1992742562123975,1.8919173741060895,1,1,0,5,0.03437029461980729,0.006874058923961458,0.11609812207251613,0.5879664317815526,1.116999609991222,0,0.03437029461980729,0.14570502432189678
hitter,805808,Kevin McGonigle,DET,8,6,2,0.75,0.1736883063989192,-0.045200000000000004,0.1736883063989192,0.1284883063989192,0.0217110382998649,0.0160610382998649,0.28082764508983377,0.6406521514184755,0,2,0,17,0.12020696951334044,0.007070998206667085,0.26944146197377705,0.7042496262206054,1.5719442559790056,0.12020696951334044,0,0.053481336885578754
fielder_challenger,592663,J.T. Realmuto,PHI,7,6,1,0.8571428571428571,0.17239960095700008,-0.022600000000000002,0.17239960095700008,0.14979960095700007,0.024628514422428582,0.02139994299385715,0.1759918078698292,1.2503375253964157,1,2,0,0,0.0,0.0,0.0,0.0,0.0,0.0,0.0,0.17239960095700008
catcher,673237,Yainer Diaz,HOU,25,15,10,0.6,0.17034706068722275,-0.22600000000000003,0.17034706068722275,-0.05565293931277726,0.00681388242748891,-0.0022261175725110903,0.25154717473428256,0.15116370279210747,3,0,2,0,0.0,0.0,0.0,0.0,0.0,0.0,0.0,0.17034706068722275
fielder_challenger,673237,Yainer Diaz,HOU,24,15,9,0.625,0.17034706068722275,-0.20340000000000003,0.17034706068722275,-0.03305293931277726,0.0070977941953009474,-0.0013772058046990525,0.23482805532932796,0.3771637027921075,3,0,1,0,0.0,0.0,0.0,0.0,0.0,0.0,0.0,0.17034706068722275
hitter,624413,Pete Alonso,BAL,6,5,1,0.8333333333333334,0.1689281002095637,-0.022600000000000002,0.1689281002095637,0.1463281002095637,0.028154683368260616,0.024388016701593948,0.1785188648194899,1.168207695258763,2,1,0,23,0.21277872240235027,0.009251248800102186,0.570938137739706,0.6463761227397729,1.3415591993065024,0.21277872240235027,0,-0.04385062219278657
fielder_challenger,682626,Francisco Alvarez,NYM,19,12,7,0.631578947368421,0.1657069901149304,-0.1582,0.1657069901149304,0.007506990114930393,0.008721420532364757,0.00039510474289107333,0.3052329061792521,0.5489090956939943,4,2,1,0,0.0,0.0,0.0,0.0,0.0,0.0,0.0,0.1657069901149304
catcher,669134,Luis Campusano,SD,25,16,9,0.64,0.16365832675181569,-0.20340000000000003,0.16365832675181569,-0.03974167324818434,0.006546333070072627,-0.0015896669299273736,0.42233209185949583,0.2497047479958955,2,2,3,0,0.0,0.0,0.0,0.0,0.0,0.0,0.0,0.16365832675181569
fielder_challenger,669134,Luis Campusano,SD,25,16,9,0.64,0.16365832675181569,-0.20340000000000003,0.16365832675181569,-0.03974167324818434,0.006546333070072627,-0.0015896669299273736,0.42233209185949583,0.2497047479958955,2,2,3,0,0.0,0.0,0.0,0.0,0.0,0.0,0.0,0.16365832675181569
catcher,680779,Henry Davis,PIT,21,11,10,0.5238095238095238,0.16294799286813214,-0.22600000000000003,0.16294799286813214,-0.06305200713186788,0.007759428231815816,-0.0030024765300889467,0.45773149117160583,-0.4803744499548371,5,2,5,0,0.0,0.0,0.0,0.0,0.0,0.0,0.0,0.16294799286813214
fielder_challenger,680779,Henry Davis,PIT,18,11,7,0.6111111111111112,0.16294799286813214,-0.1582,0.16294799286813214,0.004747992868132121,0.009052666270451785,0.0002637773815628956,0.3657516861926129,0.19762555004516297,5,2,3,0,0.0,0.0,0.0,0.0,0.0,0.0,0.0,0.16294799286813214
pitcher,592773,Ryne Stanek,STL,4,2,2,0.5,0.16270890686218964,-0.045200000000000004,0.16270890686218964,0.11750890686218964,0.04067722671554741,0.02937722671554741,0.20248700888128657,0.3950263033534564,1,1,0,9,0.05434915751431983,0.0060387952793688705,0.163561050160724,0.6138213629820972,1.1448242056233662,0,0.05434915751431983,0.10835974934786981
hitter,681351,Logan O'Hoppe,LAA,2,1,1,0.5,0.16175487679578537,-0.022600000000000002,0.16175487679578537,0.13915487679578536,0.08087743839789269,0.06957743839789268,0.16229911343210635,1.5365225731556686,1,1,1,6,0.030897915022378774,0.005149652503729796,0.06414550487467424,0.7578321153997866,1.805829652770175,0.030897915022378774,0,0.1308569617734066
catcher,643376,Danny Jansen,TEX,11,8,3,0.7272727272727273,0.16080884874837598,-0.0678,0.16080884874837598,0.09300884874837598,0.014618986249852362,0.008455349886215997,0.25247269626319413,0.8479163519641855,4,1,0,0,0.0,0.0,0.0,0.0,0.0,0.0,0.0,0.16080884874837598
fielder_challenger,643376,Danny Jansen,TEX,11,8,3,0.7272727272727273,0.16080884874837598,-0.0678,0.16080884874837598,0.09300884874837598,0.014618986249852362,0.008455349886215997,0.25247269626319413,0.8479163519641855,4,1,0,0,0.0,0.0,0.0,0.0,0.0,0.0,0.0,0.16080884874837598
catcher,663886,Tyler Stephenson,CIN,16,11,5,0.6875,0.15585001222398825,-0.11300000000000002,0.15585001222398825,0.04285001222398823,0.009740625763999266,0.0026781257639992644,0.2666639948698316,0.3245961977177897,3,0,0,0,0.0,0.0,0.0,0.0,0.0,0.0,0.0,0.15585001222398825
fielder_challenger,663886,Tyler Stephenson,CIN,16,11,5,0.6875,0.15585001222398825,-0.11300000000000002,0.15585001222398825,0.04285001222398823,0.009740625763999266,0.0026781257639992644,0.2666639948698316,0.3245961977177897,3,0,0,0,0.0,0.0,0.0,0.0,0.0,0.0,0.0,0.15585001222398825
pitcher,500779,Jose Quintana,COL,3,1,2,0.3333333333333333,0.15467582449909767,-0.045200000000000004,0.15467582449909767,0.10947582449909767,0.05155860816636589,0.03649194149969922,0.20262878739702733,1.328641169874477,1,1,0,11,0.06621744482327789,0.006019767711207081,0.21344572210079837,0.5941695855490586,1.1145780918355126,0,0.06621744482327789,0.08845837967581978
hitter,593428,Xander Bogaerts,SD,7,6,1,0.8571428571428571,0.15177353889787898,-0.022600000000000002,0.15177353889787898,0.12917353889787897,0.021681934128268427,0.018453362699696996,0.15385055747274565,0.9599094739446455,2,0,0,16,0.1831589364923099,0.01144743353076937,0.39934176177531405,0.6547728131659801,1.499230045830247,0.1831589364923099,0,-0.03138539759443093
pitcher,800048,Parker Messick,CLE,6,4,2,0.6666666666666666,0.15161816740013706,-0.045200000000000004,0.15161816740013706,0.10641816740013706,0.02526969456668951,0.017736361233356177,0.20568064361078686,0.6767775971343221,3,1,0,25,0.1553304615253199,0.006213218461012796,0.4668352338586975,0.6305777581793887,1.2630921311973706,0,0.1553304615253199,-0.003712294125182841
pitcher,605400,Aaron Nola,PHI,3,2,1,0.6666666666666666,0.1512465795223827,-0.022600000000000002,0.1512465795223827,0.12864657952238273,0.0504155265074609,0.04288219317412758,0.16100301455513225,1.9017766594120733,2,2,0,13,0.06070805486703887,0.004669850374387606,0.2331085499047712,0.6125358784824211,1.1744874339518008,0,0.06070805486703887,0.09053852465534384
pitcher,605488,Jeffrey Springs,ATH,7,5,2,0.7142857142857143,0.1479002451148137,-0.045200000000000004,0.1479002451148137,0.1027002451148137,0.021128606444973386,0.014671463587830528,0.20649256242956476,0.9049022933315277,4,2,1,24,0.19332728088149168,0.008055303370062153,0.41818225517087565,0.6997890865098731,1.503044193499276,0,0.19332728088149168,-0.045427035766677976
pitcher,663687,Hogan Harris,ATH,4,2,2,0.5,0.1436849215427819,-0.045200000000000004,0.1436849215427819,0.09848492154278189,0.035921230385695474,0.024621230385695473,0.16229330147931825,0.23479259036139272,1,1,1,14,0.2515093949359831,0.017964956781141652,0.6163958404216465,0.5814010944525722,1.071837053223091,0,0.2515093949359831,-0.10782447339320123
hitter,607208,Trea Turner,PHI,3,1,2,0.3333333333333333,0.13773386013718697,-0.045200000000000004,0.13773386013718697,0.09253386013718697,0.04591128671239566,0.03084462004572899,0.16613130352820626,0.1814942472965952,1,1,0,4,0.02039924344340432,0.00509981086085108,0.06522936100879435,0.6010264049751523,1.1103922696964115,0.02039924344340432,0,0.11733461669378265
catcher,669224,Austin Wells,NYY,24,14,10,0.5833333333333334,0.13680119962815693,-0.22600000000000003,0.13680119962815693,-0.0891988003718431,0.005700049984506538,-0.0037166166821601294,0.2940582378976019,-0.15349188887948667,3,1,2,0,0.0,0.0,0.0,0.0,0.0,0.0,0.0,0.13680119962815693
catcher,641680,Jonah Heim,ATL,17,9,8,0.5294117647058824,0.13649193282754407,-0.18080000000000002,0.13649193282754407,-0.04430806717245593,0.00802893722514965,-0.002606356892497408,0.30331144395036685,-0.3690571539484295,3,1,2,0,0.0,0.0,0.0,0.0,0.0,0.0,0.0,0.13649193282754407
fielder_challenger,641680,Jonah Heim,ATL,17,9,8,0.5294117647058824,0.13649193282754407,-0.18080000000000002,0.13649193282754407,-0.04430806717245593,0.00802893722514965,-0.002606356892497408,0.30331144395036685,-0.3690571539484295,3,1,2,0,0.0,0.0,0.0,0.0,0.0,0.0,0.0,0.13649193282754407
hitter,671056,Ivan Herrera,STL,9,6,3,0.6666666666666666,0.134934758648908,-0.0678,0.134934758648908,0.067134758648908,0.014992750960989778,0.0074594176276564445,0.18140608316193882,0.8765161977022012,1,2,1,18,0.10302504588732235,0.005723613660406798,0.2041205509832328,0.7587426097435778,1.6980513561492332,0.10302504588732235,0,0.03190971276158565
fielder_challenger,669224,Austin Wells,NYY,22,13,9,0.5909090909090909,0.13356460036138149,-0.20340000000000003,0.13356460036138149,-0.06983539963861854,0.006071118198244613,-0.003174336347209934,0.2690281819593408,0.03619991939781012,3,1,1,0,0.0,0.0,0.0,0.0,0.0,0.0,0.0,0.13356460036138149
pitcher,641743,Anthony Kay,CWS,5,3,2,0.6,0.13222273793595152,-0.045200000000000004,0.13222273793595152,0.08702273793595151,0.026444547587190302,0.017404547587190303,0.1829992653693981,0.9302856810744932,1,0,1,20,0.13418855433924323,0.006709427716962162,0.36472059388471645,0.649915680664825,1.311006714232277,0,0.13418855433924323,-0.0019658164032917147
pitcher,621242,Edwin Diaz,LAD,5,3,2,0.6,0.12800914782379003,-0.045200000000000004,0.12800914782379003,0.08280914782379002,0.025601829564758004,0.016561829564758004,0.30321032972925377,0.2545346987932736,2,0,1,1,0.026726251137707234,0.026726251137707234,0.07374518784036077,0.4471299564778046,0.5907947336269093,0,0.026726251137707234,0.10128289668608279
hitter,683357,Owen Caissie,MIA,2,1,1,0.5,0.12727472995858646,-0.022600000000000002,0.12727472995858646,0.10467472995858645,0.06363736497929323,0.05233736497929323,0.19535547426297706,0.3634881081886945,1,0,0,5,0.07569115209972428,0.015138230419944856,0.2922458510509316,0.5277622283960346,0.8384596308899152,0.07569115209972428,0,0.05158357785886218
catcher,665966,Carlos Narvaez,BOS,11,4,7,0.36363636363636365,0.12616615644288418,-0.1582,0.12616615644288418,-0.03203384355711584,0.011469650585716744,-0.0029121675961014397,0.24959304955106726,-0.0458756795426872,4,1,1,0,0.0,0.0,0.0,0.0,0.0,0.0,0.0,0.12616615644288418
pitcher,677955,Jaden Hill,COL,2,1,1,0.5,0.12466230774519793,-0.022600000000000002,0.12466230774519793,0.10206230774519792,0.062331153872598966,0.05103115387259896,0.14263221837359175,0.2630654438560772,1,0,0,4,0.03483452368763315,0.008708630921908288,0.15596905442046882,0.5049740280900182,0.9365362204743712,0,0.03483452368763315,0.08982778405756478
catcher,543510,James McCann,AZ,19,12,7,0.631578947368421,0.12385224707888995,-0.1582,0.12385224707888995,-0.03434775292111006,0.006518539319941576,-0.0018077764695321084,0.22481971743500145,0.8036792924869964,3,1,1,0,0.0,0.0,0.0,0.0,0.0,0.0,0.0,0.12385224707888995
fielder_challenger,543510,James McCann,AZ,19,12,7,0.631578947368421,0.12385224707888995,-0.1582,0.12385224707888995,-0.03434775292111006,0.006518539319941576,-0.0018077764695321084,0.22481971743500145,0.8036792924869964,3,1,1,0,0.0,0.0,0.0,0.0,0.0,0.0,0.0,0.12385224707888995
pitcher,641745,Brad Keller,PHI,1,1,0,1.0,0.12347696960592736,0.0,0.12347696960592736,0.12347696960592736,0.12347696960592736,0.12347696960592736,0.12347696960592736,0.6334942472965952,1,1,0,3,0.024886433815174323,0.008295477938391442,0.06305732691742527,0.6652669573956549,1.561277658787987,0,0.024886433815174323,0.09859053579075303
catcher,623168,Tyler Heineman,TOR,16,10,6,0.625,0.12343687105915606,-0.1356,0.12343687105915606,-0.012163128940843954,0.007714804441197254,-0.0007601955588027471,0.25574584860276073,0.31368213106812,4,1,3,0,0.0,0.0,0.0,0.0,0.0,0.0,0.0,0.12343687105915606
fielder_challenger,623168,Tyler Heineman,TOR,16,10,6,0.625,0.12343687105915606,-0.1356,0.12343687105915606,-0.012163128940843954,0.007714804441197254,-0.0007601955588027471,0.25574584860276073,0.31368213106812,4,1,3,0,0.0,0.0,0.0,0.0,0.0,0.0,0.0,0.12343687105915606
catcher,686948,Drake Baldwin,ATL,20,12,8,0.6,0.1228874321713288,-0.18080000000000002,0.1228874321713288,-0.05791256782867122,0.00614437160856644,-0.002895628391433561,0.3346124093632264,0.5761979263403016,5,4,3,0,0.0,0.0,0.0,0.0,0.0,0.0,0.0,0.1228874321713288
fielder_challenger,686948,Drake Baldwin,ATL,19,12,7,0.631578947368421,0.1228874321713288,-0.1582,0.1228874321713288,-0.03531256782867122,0.0064677595879646735,-0.0018585562015090114,0.33213160095680255,0.8021979263403016,5,4,2,0,0.0,0.0,0.0,0.0,0.0,0.0,0.0,0.1228874321713288
catcher,620443,Luis Torrens,NYM,7,5,2,0.7142857142857143,0.1222747889335231,-0.045200000000000004,0.1222747889335231,0.0770747889335231,0.0174678269905033,0.011010684133360442,0.13458582871861552,0.504814324639135,1,0,0,0,0.0,0.0,0.0,0.0,0.0,0.0,0.0,0.1222747889335231
fielder_challenger,620443,Luis Torrens,NYM,7,5,2,0.7142857142857143,0.1222747889335231,-0.045200000000000004,0.1222747889335231,0.0770747889335231,0.0174678269905033,0.011010684133360442,0.13458582871861552,0.504814324639135,1,0,0,0,0.0,0.0,0.0,0.0,0.0,0.0,0.0,0.1222747889335231
fielder_challenger,664854,Ryan Helsley,BAL,1,1,0,1.0,0.12208305503338845,0.0,0.12208305503338845,0.12208305503338845,0.12208305503338845,0.12208305503338845,0.12208305503338845,0.7128371131047604,1,1,0,0,0.0,0.0,0.0,0.0,0.0,0.0,0.0,0.12208305503338845
catcher,693307,Dillon Dingler,DET,15,13,2,0.8666666666666667,0.121930338121913,-0.045200000000000004,0.121930338121913,0.07673033812191302,0.008128689208127534,0.005115355874794201,0.13546993533055907,0.9421070519091488,3,0,0,0,0.0,0.0,0.0,0.0,0.0,0.0,0.0,0.121930338121913
fielder_challenger,693307,Dillon Dingler,DET,15,13,2,0.8666666666666667,0.121930338121913,-0.045200000000000004,0.121930338121913,0.07673033812191302,0.008128689208127534,0.005115355874794201,0.13546993533055907,0.9421070519091488,3,0,0,0,0.0,0.0,0.0,0.0,0.0,0.0,0.0,0.121930338121913
fielder_challenger,665966,Carlos Narvaez,BOS,10,3,7,0.3,0.12116728371688051,-0.1582,0.12116728371688051,-0.0370327162831195,0.012116728371688052,-0.00370327162831195,0.2445941768250636,-0.16835212758091453,3,1,1,0,0.0,0.0,0.0,0.0,0.0,0.0,0.0,0.12116728371688051
pitcher,656546,Jeff Hoffman,TOR,2,2,0,1.0,0.11722175649980182,0.0,0.11722175649980182,0.11722175649980182,0.05861087824990091,0.05861087824990091,0.11722175649980182,0.5204332385665713,1,0,0,7,0.05040790078017647,0.007201128682882353,0.18309657708712468,0.6222651867691393,1.2295642642140827,0,0.05040790078017647,0.06681385571962535
catcher,641598,Mitch Garver,SEA,11,10,1,0.9090909090909091,0.11680041938335142,-0.022600000000000002,0.11680041938335142,0.09420041938335143,0.010618219943941038,0.008563674489395585,0.12672599124392467,0.9173270580629375,2,0,1,0,0.0,0.0,0.0,0.0,0.0,0.0,0.0,0.11680041938335142
fielder_challenger,641598,Mitch Garver,SEA,11,10,1,0.9090909090909091,0.11680041938335142,-0.022600000000000002,0.11680041938335142,0.09420041938335143,0.010618219943941038,0.008563674489395585,0.12672599124392467,0.9173270580629375,2,0,1,0,0.0,0.0,0.0,0.0,0.0,0.0,0.0,0.11680041938335142
pitcher,608372,Tomoyuki Sugano,COL,6,3,3,0.5,0.11176548472738945,-0.0678,0.11176548472738945,0.043965484727389446,0.01862758078789824,0.007327580787898241,0.22679788841424192,0.3157807613559739,2,2,0,12,0.06365359275231719,0.005304466062693099,0.15085921848580386,0.7296939127874236,1.755074009395357,0,0.06365359275231719,0.04811189197507226
hitter,687597,Jordan Beck,COL,5,3,2,0.6,0.11122520319026774,-0.045200000000000004,0.11122520319026774,0.06602520319026774,0.022245040638053548,0.013205040638053547,0.14987133434855812,0.5406030585708521,2,1,0,2,0.008154828269184285,0.004077414134592143,0.016938123632010027,0.7778026029520012,1.6897768525097312,0.008154828269184285,0,0.10307037492108345
catcher,678218,Brandon Valenzuela,TOR,13,7,6,0.5384615384615384,0.10975758305700131,-0.1356,0.10975758305700131,-0.0258424169429987,0.008442891004384716,-0.0019878782263845155,0.243239921485132,-0.07558127155322482,1,1,1,0,0.0,0.0,0.0,0.0,0.0,0.0,0.0,0.10975758305700131
fielder_challenger,678218,Brandon Valenzuela,TOR,13,7,6,0.5384615384615384,0.10975758305700131,-0.1356,0.10975758305700131,-0.0258424169429987,0.008442891004384716,-0.0019878782263845155,0.243239921485132,-0.07558127155322482,1,1,1,0,0.0,0.0,0.0,0.0,0.0,0.0,0.0,0.10975758305700131
catcher,665804,Miguel Amaya,CHC,18,12,6,0.6666666666666666,0.1086719906928546,-0.1356,0.1086719906928546,-0.026928009307145406,0.0060373328162697006,-0.0014960005170636336,0.2099667777306279,0.05762441705485649,1,0,1,0,0.0,0.0,0.0,0.0,0.0,0.0,0.0,0.1086719906928546
pitcher,668933,Graham Ashcraft,CIN,3,3,0,1.0,0.10831573359725216,0.0,0.10831573359725216,0.10831573359725216,0.03610524453241739,0.03610524453241739,0.10831573359725216,0.7393934681874955,1,0,0,5,0.04419833384275587,0.008839666768551174,0.13874111511577802,0.5859314823769772,1.0172013541302345,0,0.04419833384275587,0.06411739975449629
catcher,694212,Samuel Basallo,BAL,16,6,10,0.375,0.10830327603460452,-0.22600000000000003,0.10830327603460452,-0.11769672396539552,0.006768954752162782,-0.00735604524783722,0.27718956219531093,-0.8835877776012491,3,1,1,0,0.0,0.0,0.0,0.0,0.0,0.0,0.0,0.10830327603460452
hitter,808959,Munetaka Murakami,CWS,9,5,4,0.5555555555555556,0.1071877234950191,-0.09040000000000001,0.1071877234950191,0.016787723495019086,0.011909747055002121,0.0018653026105576761,0.297851151208456,-0.4071992808673034,0,0,2,9,0.06560862891144648,0.007289847656827386,0.21540305345762434,0.5861377301606038,1.0580851167691885,0.06560862891144648,0,0.04157909458357262
catcher,660688,Keibert Ruiz,WSH,13,7,6,0.5384615384615384,0.10622818797609242,-0.1356,0.10622818797609242,-0.029371812023907595,0.008171399075084032,-0.0022593701556851997,0.30512677904943875,-0.1545554687769965,2,0,2,0,0.0,0.0,0.0,0.0,0.0,0.0,0.0,0.10622818797609242
pitcher,686799,Jack Kochanowicz,LAA,5,4,1,0.8,0.10490342326226121,-0.022600000000000002,0.10490342326226121,0.0823034232622612,0.02098068465245224,0.01646068465245224,0.10794274628361683,0.22369541795558037,0,1,0,13,0.08152930094030825,0.006271484687716019,0.20622079092694062,0.6786513034611564,1.3814573913605774,0,0.08152930094030825,0.02337412232195296
pitcher,669461,Matthew Liberatore,STL,3,2,1,0.6666666666666666,0.10457313598261397,-0.022600000000000002,0.10457313598261397,0.08197313598261396,0.034857711994204656,0.027324378660871323,0.12744792050551956,0.8162993958728724,1,1,0,14,0.15580669439047348,0.011129049599319535,0.3419712581770082,0.6573689502327162,1.2740948968358201,0,0.15580669439047348,-0.05123355840785951
hitter,671218,Heliot Ramos,SF,5,3,2,0.6,0.10388120983419771,-0.045200000000000004,0.10388120983419771,0.05868120983419771,0.020776241966839543,0.011736241966839542,0.12492807808954198,0.29631618098322904,2,1,0,4,0.1676987245143393,0.04192468112858482,0.2366954848958907,0.6643956201416852,1.3165233152392446,0.1676987245143393,0,-0.06381751468014157
pitcher,690953,Mick Abel,MIN,4,3,1,0.75,0.10384946903530873,-0.022600000000000002,0.10384946903530873,0.08124946903530872,0.025962367258827182,0.02031236725882718,0.13411043126151617,0.7224739189664336,2,1,0,5,0.04422653942478575,0.00884530788495715,0.1032390336042836,0.6882354293412523,1.4221209225502909,0,0.04422653942478575,0.05962292961052298
hitter,665750,Leody Taveras,BAL,1,1,0,1.0,0.10360789341647171,0.0,0.10360789341647171,0.10360789341647171,0.10360789341647171,0.10360789341647171,0.10360789341647171,1.1564477456471478,1,1,0,10,0.11152059616029637,0.011152059616029638,0.24469214017276503,0.6657963647016005,1.4075605152225932,0.11152059616029637,0,-0.007912702743824662
pitcher,664126,Pete Fairbanks,MIA,5,4,1,0.8,0.10359453216289705,-0.022600000000000002,0.10359453216289705,0.08099453216289704,0.02071890643257941,0.01619890643257941,0.10374698594789611,0.5775906675790363,1,0,0,4,0.050847273958728796,0.012711818489682199,0.15850310373023968,0.5066448815287407,0.7701217292778305,0,0.050847273958728796,0.05274725820416825
pitcher,693433,Bryan Woo,SEA,6,5,1,0.8333333333333334,0.10270063132787621,-0.022600000000000002,0.10270063132787621,0.0801006313278762,0.01711677188797937,0.0133501052213127,0.11268846035041619,0.5980419777010645,2,0,1,14,0.06697437013863138,0.0047838835813308125,0.2461731642774359,0.5814906680334823,1.0130385695316517,0,0.06697437013863138,0.03572626118924484
fielder_challenger,665804,Miguel Amaya,CHC,17,11,6,0.6470588235294118,0.10184976565060974,-0.1356,0.10184976565060974,-0.03375023434939027,0.005991162685329985,-0.00198530790290531,0.20314455268838305,-0.06603527620013142,1,0,1,0,0.0,0.0,0.0,0.0,0.0,0.0,0.0,0.10184976565060974
pitcher,593958,Eduardo Rodriguez,AZ,8,7,1,0.875,0.10131948220206077,-0.022600000000000002,0.10131948220206077,0.07871948220206076,0.012664935275257597,0.009839935275257596,0.11161415930281365,1.2613269209582834,1,2,0,27,0.20167630560843125,0.007469492800312268,0.6437763522809383,0.5771760748247989,1.0178222415067824,0,0.20167630560843125,-0.10035682340637048
catcher,664731,P.J. Higgins,CIN,4,4,0,1.0,0.10081289990777625,0.0,0.10081289990777625,0.10081289990777625,0.025203224976944064,0.025203224976944064,0.10081289990777625,0.9785751281705548,2,1,0,0,0.0,0.0,0.0,0.0,0.0,0.0,0.0,0.10081289990777625
fielder_challenger,664731,P.J. Higgins,CIN,4,4,0,1.0,0.10081289990777625,0.0,0.10081289990777625,0.10081289990777625,0.025203224976944064,0.025203224976944064,0.10081289990777625,0.9785751281705548,2,1,0,0,0.0,0.0,0.0,0.0,0.0,0.0,0.0,0.10081289990777625
hitter,641857,Ryan McMahon,NYY,2,2,0,1.0,0.10005543461694621,0.0,0.10005543461694621,0.10005543461694621,0.05002771730847311,0.05002771730847311,0.10005543461694621,0.34843014858714927,0,0,0,8,0.06356976667992524,0.007946220834990655,0.16432287844908247,0.6281839142360851,1.2080534088215644,0.06356976667992524,0,0.036485667937020974
catcher,672386,Alejandro Kirk,TOR,3,2,1,0.6666666666666666,0.09876840871875814,-0.022600000000000002,0.09876840871875814,0.07616840871875813,0.03292280290625271,0.025389469572919376,0.13598287233749595,0.1428691188020964,2,0,0,0,0.0,0.0,0.0,0.0,0.0,0.0,0.0,0.09876840871875814
fielder_challenger,672386,Alejandro Kirk,TOR,3,2,1,0.6666666666666666,0.09876840871875814,-0.022600000000000002,0.09876840871875814,0.07616840871875813,0.03292280290625271,0.025389469572919376,0.13598287233749595,0.1428691188020964,2,0,0,0,0.0,0.0,0.0,0.0,0.0,0.0,0.0,0.09876840871875814
pitcher,801403,Chase Dollander,COL,6,4,2,0.6666666666666666,0.098377882769287,-0.045200000000000004,0.098377882769287,0.05317788276928699,0.016396313794881167,0.008862980461547832,0.10920965888328193,0.5200588205172041,2,2,1,5,0.022774929054780343,0.004554985810956069,0.05750570879140221,0.7469041090266437,1.6906572243773987,0,0.022774929054780343,0.07560295371450665
pitcher,689520,Cody Laweryson,MIN,3,3,0,1.0,0.09763858240089439,0.0,0.09763858240089439,0.09763858240089439,0.03254619413363146,0.03254619413363146,0.09763858240089439,0.8817352624014488,3,0,0,0,0.0,0.0,0.0,0.0,0.0,0.0,0.0,0.09763858240089439
pitcher,667755,Jose Soriano,LAA,6,4,2,0.6666666666666666,0.09735866737613952,-0.045200000000000004,0.09735866737613952,0.052158667376139514,0.01622644456268992,0.008693111229356586,0.09978399179362851,0.48733206650283906,1,1,0,18,0.16414546033082505,0.009119192240601391,0.44623869385500325,0.6740851964310721,1.3738106135111847,0,0.16414546033082505,-0.06678679295468554
fielder_challenger,694212,Samuel Basallo,BAL,15,5,10,0.3333333333333333,0.09718815226398206,-0.22600000000000003,0.09718815226398206,-0.12881184773601798,0.0064792101509321375,-0.008587456515734532,0.2660744384246885,-0.9587741786992733,3,1,1,0,0.0,0.0,0.0,0.0,0.0,0.0,0.0,0.09718815226398206
catcher,596142,Gary Sanchez,MIL,7,6,1,0.8571428571428571,0.09674831205923574,-0.022600000000000002,0.09674831205923574,0.07414831205923575,0.013821187437033677,0.01059261600846225,0.13250915136247662,0.5206261279849898,0,0,0,0,0.0,0.0,0.0,0.0,0.0,0.0,0.0,0.09674831205923574
fielder_challenger,596142,Gary Sanchez,MIL,7,6,1,0.8571428571428571,0.09674831205923574,-0.022600000000000002,0.09674831205923574,0.07414831205923575,0.013821187437033677,0.01059261600846225,0.13250915136247662,0.5206261279849898,0,0,0,0,0.0,0.0,0.0,0.0,0.0,0.0,0.0,0.09674831205923574
pitcher,671737,Taj Bradley,MIN,9,5,4,0.5555555555555556,0.09562407519354538,-0.09040000000000001,0.09562407519354538,0.005224075193545369,0.010624897243727264,0.0005804527992828187,0.13839500139729433,0.09645570033362749,2,0,0,19,0.13173792002544885,0.006933574738181518,0.4170296283242998,0.5707077659279082,0.9868199011448091,0,0.13173792002544885,-0.03611384483190347
hitter,690976,Alex Freeland,LAD,2,1,1,0.5,0.09464075501536962,-0.022600000000000002,0.09464075501536962,0.0720407550153696,0.04732037750768481,0.0360203775076848,0.1580054726027484,0.2260634456265391,1,1,0,11,0.20924285751019325,0.019022077955472113,0.29751964273531584,0.7966543541374214,2.0070532930733904,0.20924285751019325,0,-0.11460210249482364
hitter,543760,Marcus Semien,NYM,5,4,1,0.8,0.09392050119104761,-0.022600000000000002,0.09392050119104761,0.0713205011910476,0.018784100238209523,0.01426410023820952,0.09403949061752798,0.28883046092668574,0,0,0,8,0.04776350736497986,0.005970438420622483,0.10568990940560294,0.7469157866102087,1.6356219318944756,0.04776350736497986,0,0.04615699382606775
hitter,645277,Ozzie Albies,ATL,2,2,0,1.0,0.09345183937336976,0.0,0.09345183937336976,0.09345183937336976,0.04672591968668488,0.04672591968668488,0.09345183937336976,0.9482039415680259,2,1,0,16,0.12270084236706795,0.007668802647941747,0.18588535317862753,0.8425179260923215,2.2671362144392426,0.12270084236706795,0,-0.02924900299369819
fielder_challenger,660688,Keibert Ruiz,WSH,12,6,6,0.5,0.09052756533682878,-0.1356,0.09052756533682878,-0.045072434663171235,0.007543963778069065,-0.0037560362219309362,0.2894261564101751,-0.2715046333067885,2,0,2,0,0.0,0.0,0.0,0.0,0.0,0.0,0.0,0.09052756533682878
pitcher,650644,Aaron Civale,ATH,6,5,1,0.8333333333333334,0.09032994143145029,-0.022600000000000002,0.09032994143145029,0.06772994143145028,0.015054990238575048,0.01128832357190838,0.11686118736558543,0.7643842886675247,1,1,0,9,0.04995440154664536,0.005550489060738374,0.14257312640071262,0.6770680172573885,1.5135631804025829,0,0.04995440154664536,0.040375539884804926
hitter,668804,Bryan Reynolds,PIT,5,1,4,0.2,0.0899436624471828,-0.09040000000000001,0.0899436624471828,-0.0004563375528172098,0.01798873248943656,-9.126751056344195e-05,0.1493147920549611,0.08036829572648929,1,1,1,11,0.09084352411898962,0.00825850219263542,0.17086570794107012,0.7453788470740538,1.7605475513612505,0.09084352411898962,0,-0.0008998616718068203
hitter,672515,Gabriel Moreno,AZ,3,2,1,0.6666666666666666,0.08856051720190056,-0.022600000000000002,0.08856051720190056,0.06596051720190055,0.02952017240063352,0.021986839067300184,0.15264550874448118,0.2228234588609019,0,0,1,15,0.08905176321637744,0.005936784214425162,0.2650018202492892,0.6920592000406839,1.4998378145246776,0.08905176321637744,0,-0.0004912460144768788
pitcher,641816,Tyler Mahle,SF,6,4,2,0.6666666666666666,0.08833767272961109,-0.045200000000000004,0.08833767272961109,0.04313767272961108,0.014722945454935181,0.007189612121601847,0.21348745071091435,0.4914879318076456,2,0,0,9,0.05484080879236911,0.006093423199152123,0.1677481924746761,0.6523916663327448,1.33064023959717,0,0.05484080879236911,0.03349686393724197
hitter,677587,Brayan Rocchio,CLE,4,2,2,0.5,0.08406077647113597,-0.045200000000000004,0.08406077647113597,0.03886077647113596,0.021015194117783992,0.00971519411778399,0.10762425501793027,0.08746230734651989,1,1,1,13,0.07606927312541437,0.005851482548108798,0.25248654826949984,0.6200779465266836,1.2107657032206616,0.07606927312541437,0,0.007991503345721601
hitter,691781,Brady House,WSH,4,3,1,0.75,0.08374602966032992,-0.022600000000000002,0.08374602966032992,0.06114602966032991,0.02093650741508248,0.015286507415082478,0.08348224718258122,0.622995930089998,2,0,0,5,0.03939324153389326,0.007878648306778651,0.07589302709932261,0.748647980575275,1.6397141871799281,0.03939324153389326,0,0.04435278812643666
pitcher,657514,Brennan Bernardino,COL,5,5,0,1.0,0.08363528850980248,0.0,0.08363528850980248,0.08363528850980248,0.016727057701960497,0.016727057701960497,0.08363528850980248,0.9830564935876065,2,0,0,7,0.04511471588107406,0.006444959411582009,0.1277576056493021,0.6620468093652153,1.6208641408107387,0,0.04511471588107406,0.03852057262872842
pitcher,657746,Joe Ryan,MIN,3,3,0,1.0,0.08283102098242451,0.0,0.08283102098242451,0.08283102098242451,0.027610340327474836,0.027610340327474836,0.08283102098242451,0.7167843185593699,1,0,0,14,0.11118381373503908,0.00794170098107422,0.31834138199500567,0.6490662011030356,1.3255094058199801,0,0.11118381373503908,-0.02835279275261457
hitter,660670,Ronald Acuna Jr.,ATL,11,4,7,0.36363636363636365,0.0820441423150895,-0.1582,0.0820441423150895,-0.07615585768491051,0.007458558392280864,-0.006923259789537319,0.19791820972906654,-0.6106614906513904,2,1,3,20,0.20109383236356815,0.010054691618178407,0.38973680167171026,0.7443269986506098,1.8206616411958596,0.20109383236356815,0,-0.11904969004847865
hitter,676914,Davis Schneider,TOR,6,5,1,0.8333333333333334,0.08126961461866525,-0.022600000000000002,0.08126961461866525,0.058669614618665246,0.013544935769777541,0.009778269103110875,0.08859403924896503,0.3499213229071527,0,0,0,7,0.052812380676414375,0.007544625810916339,0.1460796342093101,0.6986244230709631,1.5463949596193451,0.052812380676414375,0,0.028457233942250873
catcher,666310,Bo Naylor,CLE,11,4,7,0.36363636363636365,0.08024699349897169,-0.1582,0.08024699349897169,-0.07795300650102832,0.007295181227179245,-0.0070866369546389385,0.3008500198323667,-0.835377517189946,2,0,2,0,0.0,0.0,0.0,0.0,0.0,0.0,0.0,0.08024699349897169
pitcher,700241,Michael McGreevy,STL,3,3,0,1.0,0.0801537443422512,0.0,0.0801537443422512,0.0801537443422512,0.0267179147807504,0.0267179147807504,0.0801537443422512,0.751345047730299,1,1,0,19,0.09094338136443214,0.004786493756022745,0.3175897443699882,0.6063451990939661,1.143308530586002,0,0.09094338136443214,-0.010789637022180942
hitter,676609,Jose Caballero,NYY,11,6,5,0.5454545454545454,0.07982121105247972,-0.11300000000000002,0.07982121105247972,-0.03317878894752029,0.007256473732043611,-0.0030162535406836628,0.19096907661753068,-0.20256961166709875,1,1,3,6,0.020643022409885636,0.0034405037349809395,0.06544157386206934,0.6782075191364886,1.3837331541129456,0.020643022409885636,0,0.05917818864259408
hitter,545361,Mike Trout,LAA,6,5,1,0.8333333333333334,0.07949414609326436,-0.022600000000000002,0.07949414609326436,0.05689414609326435,0.013249024348877392,0.009482357682210724,0.10292388333890048,0.42338720863400053,2,2,0,35,0.32338605298947054,0.009239601513984872,0.6705182860754803,0.7204878740724653,1.6750222463810265,0.32338605298947054,0,-0.24389190689620618
hitter,694384,Nolan Schanuel,LAA,11,3,8,0.2727272727272727,0.07906161209630809,-0.18080000000000002,0.07906161209630809,-0.10173838790369193,0.007187419281482554,-0.009248944354881085,0.22691452670218737,-1.279464969823157,1,0,3,9,0.04879520336880982,0.005421689263201091,0.17588337352412048,0.6270441803831207,1.2903694486798218,0.04879520336880982,0,0.03026640872749827
hitter,596142,Gary Sanchez,MIL,11,5,6,0.45454545454545453,0.07879636054793078,-0.1356,0.07879636054793078,-0.05680363945206923,0.007163305504357343,-0.005163967222915385,0.22493106847482275,-0.8643743624910238,1,0,2,7,0.015625787109658413,0.0022322553013797734,0.14701803763266608,0.5088052738100949,0.8126032230154996,0.015625787109658413,0,0.06317057343827237
pitcher,670990,Yohan Ramirez,PIT,7,4,3,0.5714285714285714,0.07851332429630953,-0.0678,0.07851332429630953,0.010713324296309522,0.011216189185187075,0.0015304748994727888,0.3487607789545791,0.22483290753599386,1,1,2,15,0.15323219001076935,0.01021547933405129,0.45745490158349067,0.6008279503545542,1.2079543431075324,0,0.15323219001076935,-0.07471886571445982
pitcher,641778,Eric Lauer,TOR,4,4,0,1.0,0.07833580680625184,0.0,0.07833580680625184,0.07833580680625184,0.01958395170156296,0.01958395170156296,0.07833580680625184,0.9522564534998722,2,0,0,2,0.010456795599901486,0.005228397799950743,0.01571481772623448,0.8622164171806969,2.1266536219131127,0,0.010456795599901486,0.06787901120635036
hitter,668227,Randy Arozarena,SEA,3,2,1,0.6666666666666666,0.07797012632111228,-0.022600000000000002,0.07797012632111228,0.055370126321112274,0.025990042107037425,0.018456708773704093,0.0818740991859575,0.3406561291255331,1,1,0,21,0.22865421548914916,0.01088829597567377,0.5177991686788639,0.6952557688404277,1.6205039100928424,0.22865421548914916,0,-0.15068408916803688
pitcher,681293,Spencer Arrighetti,HOU,4,3,1,0.75,0.07732376762355442,-0.022600000000000002,0.07732376762355442,0.054723767623554416,0.019330941905888605,0.013680941905888604,0.08753137787817089,0.6878724770323816,2,0,0,11,0.08131332971286878,0.007392120882988071,0.2704435255099598,0.5958592546843693,1.125073469708667,0,0.08131332971286878,-0.0039895620893143635
catcher,686452,Drew Millas,WSH,18,7,11,0.3888888888888889,0.07555877931572236,-0.24860000000000002,0.07555877931572236,-0.17304122068427766,0.004197709961984575,-0.009613401149126536,0.2537687952927419,-1.8691710541167048,1,0,3,0,0.0,0.0,0.0,0.0,0.0,0.0,0.0,0.07555877931572236
fielder_challenger,686452,Drew Millas,WSH,18,7,11,0.3888888888888889,0.07555877931572236,-0.24860000000000002,0.07555877931572236,-0.17304122068427766,0.004197709961984575,-0.009613401149126536,0.2537687952927419,-1.8691710541167048,1,0,3,0,0.0,0.0,0.0,0.0,0.0,0.0,0.0,0.07555877931572236
hitter,592518,Manny Machado,SD,6,3,3,0.5,0.074158642158995,-0.0678,0.074158642158995,0.0063586421589949945,0.012359773693165833,0.0010597736931658324,0.09033940130495936,-0.1419651613137117,1,0,1,6,0.04060777866670894,0.006767963111118157,0.12157399415491899,0.6602051924902625,1.4535149519984423,0.04060777866670894,0,0.03355086349228605
pitcher,664076,Garrett Cleavinger,TB,2,1,1,0.5,0.07343986591277774,-0.022600000000000002,0.07343986591277774,0.05083986591277773,0.03671993295638887,0.025419932956388867,0.11070540872578921,0.23636493863040417,1,0,0,3,0.02270298172940062,0.007567660576466874,0.05885595350643513,0.606699882741777,1.0761852103840805,0,0.02270298172940062,0.050736884183377115
pitcher,677053,Andrew Nardi,MIA,5,4,1,0.8,0.07275487377378981,-0.022600000000000002,0.07275487377378981,0.050154873773789806,0.014550974754757962,0.01003097475475796,0.0732267191354842,0.2198240048352931,0,0,0,0,0.0,0.0,0.0,0.0,0.0,0.0,0.0,0.07275487377378981
hitter,701398,Sal Stewart,CIN,6,4,2,0.6666666666666666,0.07228980960173464,-0.045200000000000004,0.07228980960173464,0.027089809601734634,0.012048301600289107,0.004514968266955772,0.08953778790671049,0.0575298265218054,1,0,0,7,0.07660650383597983,0.010943786262282833,0.1406068248925732,0.738682957954839,1.7330679108298928,0.07660650383597983,0,-0.004316694234245189
pitcher,605540,Brandon Woodruff,MIL,5,4,1,0.8,0.07204778016277158,-0.022600000000000002,0.07204778016277158,0.04944778016277158,0.014409556032554316,0.009889556032554316,0.07243291854721584,0.531373341014702,1,1,0,2,0.002363351262407014,0.001181675631203507,0.038522354761902966,0.4084128475380275,0.4721014014850353,0,0.002363351262407014,0.06968442890036457
pitcher,642547,Freddy Peralta,NYM,6,3,3,0.5,0.0717723159487576,-0.0678,0.0717723159487576,0.003972315948757597,0.011962052658126268,0.0006620526581262663,0.17148501973909186,0.06319696711012293,1,1,1,10,0.12920392923105323,0.012920392923105322,0.2523769841200138,0.7311880554711155,1.7308009782410214,0,0.12920392923105323,-0.057431613282295624
pitcher,681870,Erik Sabrowski,CLE,1,1,0,1.0,0.0712962071839543,0.0,0.0712962071839543,0.0712962071839543,0.0712962071839543,0.0712962071839543,0.0712962071839543,0.42876497714340145,1,1,0,4,0.06194958930200585,0.015487397325501463,0.1807052460607012,0.5691514153905672,0.978571913133311,0,0.06194958930200585,0.009346617881948446
hitter,696100,Hunter Goodman,COL,7,2,5,0.2857142857142857,0.0704809003353019,-0.11300000000000002,0.0704809003353019,-0.042519099664698114,0.01006870004790027,-0.006074157094956873,0.10139193686637739,-0.3017014782198687,1,0,3,8,0.065326413330369,0.008165801666296124,0.10487092280821,0.7985908085962743,1.9449516173889352,0.065326413330369,0,0.005154487004932901
pitcher,680573,Simeon Woods Richardson,MIN,4,3,1,0.75,0.07029676382202923,-0.022600000000000002,0.07029676382202923,0.04769676382202923,0.01757419095550731,0.011924190955507308,0.09172808171889676,0.3945961981109517,1,0,0,7,0.05107700265673524,0.007296714665247892,0.09896592182411376,0.7360122901679906,1.5642598552307276,0,0.05107700265673524,0.019219761165293996
catcher,676439,Hunter Feduccia,TB,11,5,6,0.45454545454545453,0.06994021447479842,-0.1356,0.06994021447479842,-0.06565978552520159,0.006358201315890766,-0.005969071411381963,0.12378459328766217,-0.9062480163088957,0,0,2,0,0.0,0.0,0.0,0.0,0.0,0.0,0.0,0.06994021447479842
fielder_challenger,676439,Hunter Feduccia,TB,11,5,6,0.45454545454545453,0.06994021447479842,-0.1356,0.06994021447479842,-0.06565978552520159,0.006358201315890766,-0.005969071411381963,0.12378459328766217,-0.9062480163088957,0,0,2,0,0.0,0.0,0.0,0.0,0.0,0.0,0.0,0.06994021447479842
pitcher,660271,Shohei Ohtani,LAD,7,5,2,0.7142857142857143,0.0696274597256551,-0.045200000000000004,0.0696274597256551,0.02442745972565509,0.00994677996080787,0.003489637103665013,0.10487629062524023,0.3969045964710804,1,1,0,13,0.09049699749582167,0.00696130749967859,0.21037782228039764,0.7077380183465963,1.5623328637590235,0,0.09049699749582167,-0.020869537770166577
hitter,656555,Rhys Hoskins,CLE,3,2,1,0.6666666666666666,0.06935796652902193,-0.022600000000000002,0.06935796652902193,0.04675796652902193,0.023119322176340645,0.01558598884300731,0.08149186204347308,0.39502550755434856,2,0,1,2,0.007459867496590013,0.0037299337482950066,0.009721154177776636,0.9305064012308896,2.7473832247655654,0.007459867496590013,0,0.061898099032431916
hitter,656537,Derek Hill,CWS,2,2,0,1.0,0.06891310030757629,0.0,0.06891310030757629,0.06891310030757629,0.034456550153788144,0.034456550153788144,0.06891310030757629,0.38719162791584605,1,0,0,2,0.035655601551422354,0.017827800775711177,0.04206683633954156,0.8901980912683685,2.509010040646262,0.035655601551422354,0,0.033257498756153935
hitter,642086,Dominic Smith,ATL,4,1,3,0.25,0.06867477305959047,-0.0678,0.06867477305959047,0.0008747730595904599,0.017168693264897616,0.00021869326489761497,0.16621532009694964,-0.4493372600174891,1,1,1,4,0.013299995364293772,0.003324998841073443,0.023261375628861134,0.8697510814538882,2.6450467104070476,0.013299995364293772,0,0.055374777695296695
pitcher,691725,Andrew Painter,PHI,3,2,1,0.6666666666666666,0.06822599759300219,-0.022600000000000002,0.06822599759300219,0.045625997593002184,0.022741999197667395,0.01520866586433406,0.08827816126548577,0.6171036945475847,1,1,0,21,0.15480199947061601,0.007371523784315048,0.36916124030994907,0.7087541890873477,1.6562073059483418,0,0.15480199947061601,-0.08657600187761383
pitcher,571927,Steven Matz,TB,6,3,3,0.5,0.06731784277678954,-0.0678,0.06731784277678954,-0.0004821572232104679,0.011219640462798256,-8.035953720174464e-05,0.10409075286367397,-0.0531985243759677,1,0,0,5,0.035334042114879394,0.007066808422975879,0.07975839554676921,0.6977354122835345,1.6005553828377317,0,0.035334042114879394,0.031983800661910144
pitcher,676254,Ryan Walker,SF,5,2,3,0.4,0.06729852754881638,-0.0678,0.06729852754881638,-0.000501472451183628,0.013459705509763276,-0.0001002944902367256,0.09272950757667409,-0.11964867815659772,1,1,3,5,0.03378034519971895,0.00675606903994379,0.14420450510750196,0.5511603895824183,0.951084187223573,0,0.03378034519971895,0.033518182349097425
pitcher,673540,Kodai Senga,NYM,6,3,3,0.5,0.06703763768109372,-0.0678,0.06703763768109372,-0.0007623623189062859,0.01117293961351562,-0.00012706038648438098,0.0875770009087618,0.03622596836417949,1,1,0,5,0.03644705922051161,0.007289411844102323,0.07373111283454287,0.739085031040905,1.6186738674128989,0,0.03644705922051161,0.030590578460582107
catcher,695600,Carter Jensen,KC,10,3,7,0.3,0.06690763796839366,-0.1582,0.06690763796839366,-0.09129236203160634,0.006690763796839366,-0.009129236203160635,0.40663594487549953,-1.2753484957798893,1,0,2,0,0.0,0.0,0.0,0.0,0.0,0.0,0.0,0.06690763796839366
fielder_challenger,695600,Carter Jensen,KC,10,3,7,0.3,0.06690763796839366,-0.1582,0.06690763796839366,-0.09129236203160634,0.006690763796839366,-0.009129236203160635,0.40663594487549953,-1.2753484957798893,1,0,2,0,0.0,0.0,0.0,0.0,0.0,0.0,0.0,0.06690763796839366
pitcher,605447,Jordan Romano,LAA,3,1,2,0.3333333333333333,0.0668060623773542,-0.045200000000000004,0.0668060623773542,0.0216060623773542,0.02226868745911807,0.0072020207924514,0.25798044843431905,-0.2536226400353498,0,0,1,0,0.0,0.0,0.0,0.0,0.0,0.0,0.0,0.0668060623773542
hitter,680728,Adrian Del Castillo,AZ,1,1,0,1.0,0.0660979304123534,0.0,0.0660979304123534,0.0660979304123534,0.0660979304123534,0.0660979304123534,0.0660979304123534,0.6635449943933053,1,0,0,6,0.09146493560724982,0.015244155934541636,0.1708177364135666,0.7373788489173584,2.2271433742956153,0.09146493560724982,0,-0.025367005194896416
hitter,553993,Eugenio Suarez,CIN,2,2,0,1.0,0.06591297987638334,0.0,0.06591297987638334,0.06591297987638334,0.03295648993819167,0.03295648993819167,0.06591297987638334,1.5941861642677821,2,0,0,22,0.2368031624513521,0.010763780111425095,0.4824896894446681,0.683829779067405,1.447817110231419,0.2368031624513521,0,-0.17089018257496877
pitcher,693645,Cam Schlittler,NYY,4,3,1,0.75,0.06556124184957907,-0.022600000000000002,0.06556124184957907,0.042961241849579064,0.016390310462394767,0.010740310462394766,0.07739364561769074,0.10568402498324629,1,0,0,16,0.15077583640325457,0.00942348977520341,0.29505857169935673,0.7099415726944786,1.594231330220669,0,0.15077583640325457,-0.0852145945536755
fielder_challenger,668939,Adley Rutschman,BAL,6,5,1,0.8333333333333334,0.06469060495832268,-0.022600000000000002,0.06469060495832268,0.04209060495832268,0.010781767493053781,0.007015100826387114,0.15636270546338207,0.49241966070817983,0,1,1,0,0.0,0.0,0.0,0.0,0.0,0.0,0.0,0.06469060495832268
pitcher,681217,Chase Silseth,LAA,2,2,0,1.0,0.06389461181273137,0.0,0.06389461181273137,0.06389461181273137,0.031947305906365686,0.031947305906365686,0.06389461181273137,0.3489665057771474,0,0,0,3,0.014469881378816628,0.004823293792938876,0.04475927397471191,0.6287475623725716,1.1899045029169484,0,0.014469881378816628,0.049424730433914744
hitter,457705,Andrew McCutchen,TEX,2,2,0,1.0,0.06297405093066634,0.0,0.06297405093066634,0.06297405093066634,0.03148702546533317,0.03148702546533317,0.06297405093066634,0.6271423371080517,1,1,0,0,0.0,0.0,0.0,0.0,0.0,0.0,0.0,0.06297405093066634
hitter,672761,Wenceel Perez,DET,2,1,1,0.5,0.06273848563116557,-0.022600000000000002,0.06273848563116557,0.04013848563116557,0.03136924281558279,0.020069242815582786,0.06415913507298754,0.28268618134344414,1,1,0,2,0.020761874266814265,0.010380937133407132,0.06007034522378524,0.5403353006883208,0.8739830145292471,0.020761874266814265,0,0.04197661136435131
pitcher,681190,Randy Vasquez,SD,5,4,1,0.8,0.06241697631275761,-0.022600000000000002,0.06241697631275761,0.03981697631275761,0.012483395262551522,0.007963395262551522,0.08236518955808508,0.4761395274632264,1,0,0,16,0.11604329548178789,0.007252705967611743,0.37206155307557753,0.6075712787660823,1.3146812938720216,0,0.11604329548178789,-0.05362631916903028
catcher,680728,Adrian Del Castillo,AZ,5,5,0,1.0,0.06234664454193027,0.0,0.06234664454193027,0.06234664454193027,0.012469328908386054,0.012469328908386054,0.06234664454193027,0.6660520855236401,0,1,0,0,0.0,0.0,0.0,0.0,0.0,0.0,0.0,0.06234664454193027
fielder_challenger,680728,Adrian Del Castillo,AZ,5,5,0,1.0,0.06234664454193027,0.0,0.06234664454193027,0.06234664454193027,0.012469328908386054,0.012469328908386054,0.06234664454193027,0.6660520855236401,0,1,0,0,0.0,0.0,0.0,0.0,0.0,0.0,0.0,0.06234664454193027
hitter,672580,Maikel Garcia,KC,7,5,2,0.7142857142857143,0.06213446490779165,-0.045200000000000004,0.06213446490779165,0.016934464907791644,0.00887635212968452,0.0024192092725416636,0.07826706148968762,0.1610767978980558,1,0,2,7,0.03939690605297627,0.005628129436139467,0.09200040919615804,0.6979133152789433,1.6739983958772555,0.03939690605297627,0,0.022737558854815376
pitcher,670970,Adrian Morejon,SD,3,1,2,0.3333333333333333,0.06188657140903675,-0.045200000000000004,0.06188657140903675,0.016686571409036746,0.020628857136345585,0.005562190469678915,0.13582872429554604,-0.03238465383535949,1,0,1,12,0.10069147119860417,0.008390955933217014,0.26875197724022454,0.6227365683740106,1.3681956571315783,0,0.10069147119860417,-0.038804899789567415
hitter,686469,Vinnie Pasquantino,KC,3,3,0,1.0,0.06181014981221819,0.0,0.06181014981221819,0.06181014981221819,0.020603383270739396,0.020603383270739396,0.06181014981221819,0.5351788743668193,0,1,0,9,0.07325341403286542,0.008139268225873936,0.1356527446508219,0.7595039078399726,1.84667709158908,0.07325341403286542,0,-0.011443264220647231
pitcher,681343,Shane Smith,CWS,4,3,1,0.75,0.061618220772994,-0.022600000000000002,0.061618220772994,0.039018220772994,0.0154045551932485,0.0097545551932485,0.07944754750280442,0.5265856712490388,0,0,0,1,0.006202297303896269,0.006202297303896269,0.02132366684730652,0.5364908054577346,0.859667401428589,0,0.006202297303896269,0.05541592346909773
hitter,670042,Luke Raley,SEA,4,3,1,0.75,0.06139477839546248,-0.022600000000000002,0.06139477839546248,0.03879477839546248,0.01534869459886562,0.00969869459886562,0.08606472461188575,0.1712373283747199,1,0,0,11,0.06523528328379442,0.005930480298526766,0.19415049701946646,0.6350960159992397,1.2650564112657279,0.06523528328379442,0,-0.0038405048883319443
pitcher,660825,Eduard Bazardo,SEA,4,3,1,0.75,0.0609954195905979,-0.022600000000000002,0.0609954195905979,0.0383954195905979,0.015248854897649475,0.009598854897649474,0.07826248026434951,0.10100129521567644,0,0,0,11,0.18261882386257555,0.01660171126023414,0.4351368917685691,0.509370754644145,0.8201285051969142,0,0.18261882386257555,-0.12162340427197765
pitcher,669160,Dustin May,STL,2,2,0,1.0,0.06082231243738223,0.0,0.06082231243738223,0.06082231243738223,0.030411156218691116,0.030411156218691116,0.06082231243738223,0.48588280759116853,1,0,0,12,0.09307536984611423,0.007756280820509519,0.24987904376566963,0.6277641992971412,1.1931954670557723,0,0.09307536984611423,-0.032253057408731994
hitter,543807,George Springer,TOR,2,2,0,1.0,0.060809851031575254,0.0,0.060809851031575254,0.060809851031575254,0.030404925515787627,0.030404925515787627,0.060809851031575254,0.631422517275751,2,1,0,18,0.1423992879464298,0.007911071552579434,0.2869867574046573,0.7282142310514202,1.7570698527821178,0.1423992879464298,0,-0.08158943691485455
hitter,575929,Willson Contreras,BOS,4,1,3,0.25,0.060173844816675204,-0.0678,0.060173844816675204,-0.007626155183324802,0.015043461204168801,-0.0019065387958312006,0.10832253392037405,-0.044505752703404816,1,1,1,9,0.08133429295846988,0.00903714366205221,0.22470205361619233,0.6786238902418289,1.5310950977560869,0.08133429295846988,0,-0.02116044814179467
pitcher,686218,Emmet Sheehan,LAD,2,2,0,1.0,0.05946985846247699,0.0,0.05946985846247699,0.05946985846247699,0.029734929231238494,0.029734929231238494,0.05946985846247699,0.6719558776613264,2,0,0,13,0.12745952322556897,0.009804578709659152,0.32934502482655237,0.6209850341217777,1.1671771854348663,0,0.12745952322556897,-0.06798966476309198
pitcher,656550,Grant Holmes,ATL,4,3,1,0.75,0.058353421998731086,-0.022600000000000002,0.058353421998731086,0.035753421998731084,0.014588355499682772,0.008938355499682771,0.1303701960865339,0.46264664017958346,0,2,0,15,0.21373314670645235,0.014248876447096824,0.40319085704511665,0.6661579643536943,1.3552060923305496,0,0.21373314670645235,-0.15537972470772127
hitter,605137,Josh Bell,MIN,6,3,3,0.5,0.0582348876016231,-0.0678,0.0582348876016231,-0.009565112398376907,0.009705814600270516,-0.0015941853997294845,0.09145730349025644,0.09335664485670972,0,2,1,12,0.09265064299297296,0.00772088691608108,0.25044540025947765,0.6488885739287437,1.426531660505785,0.09265064299297296,0,-0.03441575539134986
pitcher,687075,Brandon Sproat,MIL,6,6,0,1.0,0.05814776438068758,0.0,0.05814776438068758,0.05814776438068758,0.00969129406344793,0.00969129406344793,0.05814776438068758,0.443202624075005,0,0,0,17,0.11243395662732458,0.006613762154548505,0.27878497786302053,0.6573498997151528,1.3326488492744313,0,0.11243395662732458,-0.054286192246637
catcher,672515,Gabriel Moreno,AZ,7,5,2,0.7142857142857143,0.057519138617392995,-0.045200000000000004,0.057519138617392995,0.012319138617392991,0.008217019802484713,0.0017598769453418559,0.10327245567514165,-0.027156690157820212,0,0,0,0,0.0,0.0,0.0,0.0,0.0,0.0,0.0,0.057519138617392995
fielder_challenger,672515,Gabriel Moreno,AZ,7,5,2,0.7142857142857143,0.057519138617392995,-0.045200000000000004,0.057519138617392995,0.012319138617392991,0.008217019802484713,0.0017598769453418559,0.10327245567514165,-0.027156690157820212,0,0,0,0,0.0,0.0,0.0,0.0,0.0,0.0,0.0,0.057519138617392995
catcher,663698,Joey Bart,PIT,9,5,4,0.5555555555555556,0.05725160828495804,-0.09040000000000001,0.05725160828495804,-0.03314839171504197,0.006361289809439782,-0.003683154635004663,0.2975293484153788,-0.41522077360784765,0,1,1,0,0.0,0.0,0.0,0.0,0.0,0.0,0.0,0.05725160828495804
catcher,668670,Jake Rogers,DET,6,5,1,0.8333333333333334,0.05685504309796302,-0.022600000000000002,0.05685504309796302,0.03425504309796302,0.00947584051632717,0.005709173849660503,0.10128791131282816,0.6604356662568868,1,1,0,0,0.0,0.0,0.0,0.0,0.0,0.0,0.0,0.05685504309796302
hitter,621043,Carlos Correa,HOU,2,1,1,0.5,0.056803633640790996,-0.022600000000000002,0.056803633640790996,0.034203633640790994,0.028401816820395498,0.017101816820395497,0.07904519712150332,0.4074942472965952,1,1,1,0,0.0,0.0,0.0,0.0,0.0,0.0,0.0,0.056803633640790996
hitter,695657,Colson Montgomery,CWS,2,1,1,0.5,0.056748452802238614,-0.022600000000000002,0.056748452802238614,0.03414845280223861,0.028374226401119307,0.017074226401119306,0.07324561993172371,0.08106079829181487,0,0,0,5,0.03923240697639043,0.007846481395278087,0.06991480027343261,0.7695869661891702,2.0515754735067837,0.03923240697639043,0,0.017516045825848182
pitcher,702273,Noah Schultz,CWS,6,3,3,0.5,0.0566677893288311,-0.0678,0.0566677893288311,-0.011132210671168909,0.009444631554805183,-0.0018553684451948181,0.11908858512111342,0.05952738933893434,1,1,1,15,0.14508223046838312,0.009672148697892208,0.2920165089885245,0.7023546514972954,1.519991305098531,0,0.14508223046838312,-0.08841444113955202
pitcher,663978,Chris Paddack,MIA,6,5,1,0.8333333333333334,0.056526281439530646,-0.022600000000000002,0.056526281439530646,0.033926281439530644,0.00942104690658844,0.005654380239921774,0.060385435482477406,0.2890915046177415,0,0,0,1,0.0024457522418376673,0.0024457522418376673,0.006776278405814212,0.7604304344757361,1.6162805984672488,0,0.0024457522418376673,0.054080529197692975
hitter,805367,Chase Meidroth,CWS,5,2,3,0.4,0.05632048339544016,-0.0678,0.05632048339544016,-0.011479516604559849,0.011264096679088032,-0.00229590332091197,0.21402790333969685,-0.3343405332329803,0,1,2,26,0.16644408359699547,0.006401695522961364,0.37067029264926504,0.7312479068769009,1.7652315985896743,0.16644408359699547,0,-0.11012360020155532
pitcher,672582,Angel Zerpa,MIL,6,3,3,0.5,0.0562195010423604,-0.0678,0.0562195010423604,-0.011580498957639608,0.0093699168403934,-0.0019300831596066013,0.36322457682341136,-0.005842783331106355,0,0,1,2,0.004917515199801871,0.0024587575999009356,0.07226949677179217,0.5089010964212781,0.7832279943917257,0,0.004917515199801871,0.051301985842558524
pitcher,669622,Anthony Bender,MIA,4,2,2,0.5,0.056134983624766654,-0.045200000000000004,0.056134983624766654,0.01093498362476665,0.014033745906191664,0.0027337459061916626,0.10160619560992279,-0.22951495799340038,0,1,1,1,0.003467808628280592,0.003467808628280592,0.004956535444822441,0.9084228726597465,2.470896337501781,0,0.003467808628280592,0.052667174996486064
fielder_challenger,666310,Bo Naylor,CLE,10,3,7,0.3,0.05600417062211038,-0.1582,0.05600417062211038,-0.10219582937788962,0.005600417062211038,-0.010219582937788962,0.2766071969555054,-1.0295903342667605,2,0,2,0,0.0,0.0,0.0,0.0,0.0,0.0,0.0,0.05600417062211038
hitter,671732,Lawrence Butler,ATH,7,3,4,0.42857142857142855,0.05588752816351599,-0.09040000000000001,0.05588752816351599,-0.03451247183648402,0.007983932594788,-0.004930353119497717,0.18071294331055096,-0.2266834206489882,2,0,1,6,0.04862860130551027,0.008104766884251711,0.1142573459166499,0.6930069848601654,1.5034315574848491,0.04862860130551027,0,0.007258926858005721
pitcher,608032,Carlos Estevez,KC,1,1,0,1.0,0.055827208388738225,0.0,0.055827208388738225,0.055827208388738225,0.055827208388738225,0.055827208388738225,0.055827208388738225,0.5241805032098816,0,0,0,0,0.0,0.0,0.0,0.0,0.0,0.0,0.0,0.055827208388738225
hitter,514888,Jose Altuve,HOU,10,7,3,0.7,0.05556050131610668,-0.0678,0.05556050131610668,-0.012239498683893325,0.005556050131610668,-0.0012239498683893324,0.08548797724488977,-0.15302352313860496,1,0,1,3,0.01110142471739517,0.00370047490579839,0.0251265958289182,0.7687443564554194,1.6961504075565603,0.01110142471739517,0,0.04445907659871151
pitcher,676962,Ben Brown,CHC,5,4,1,0.8,0.055055046757348375,-0.022600000000000002,0.055055046757348375,0.03245504675734837,0.011011009351469675,0.006491009351469674,0.07921211924863539,0.3619738246059261,0,0,0,11,0.09303711766563608,0.008457919787785097,0.3080495067569652,0.5621955213662718,0.9551187229703555,0,0.09303711766563608,-0.0379820709082877
pitcher,543243,Sonny Gray,BOS,2,1,1,0.5,0.055020871946269034,-0.022600000000000002,0.055020871946269034,0.03242087194626903,0.027510435973134517,0.016210435973134516,0.06812445601992678,0.2845302545063815,1,0,0,19,0.10307243735563922,0.005424865123981011,0.28763339725977927,0.6745399718457383,1.4240617226780408,0,0.10307243735563922,-0.04805156540937018
hitter,681807,David Fry,CLE,2,1,1,0.5,0.05458369790359663,-0.022600000000000002,0.05458369790359663,0.031983697903596627,0.027291848951798314,0.015991848951798313,0.07006242167130494,0.20276497714340144,1,1,0,4,0.02747205920853744,0.00686801480213436,0.051211047624942496,0.7468853118597617,1.577882531487258,0.02747205920853744,0,0.027111638695059188
pitcher,663969,Tyler Phillips,MIA,3,2,1,0.6666666666666666,0.05458341311409465,-0.022600000000000002,0.05458341311409465,0.031983413114094646,0.01819447103803155,0.010661137704698216,0.05576404833728957,0.9548836537597651,1,1,0,15,0.08086841227335774,0.005391227484890516,0.21994022360587184,0.681596952016154,1.4488691657545707,0,0.08086841227335774,-0.026284999159263092
pitcher,668674,Lucas Erceg,KC,5,2,3,0.4,0.054532812525278085,-0.0678,0.054532812525278085,-0.013267187474721921,0.010906562505055617,-0.0026534374949443843,0.3614484989835153,-0.4719502065548209,0,0,2,4,0.12227660511904184,0.03056915127976046,0.2206674620233802,0.6780658049157068,1.3539635499750664,0,0.12227660511904184,-0.06774379259376376
pitcher,622608,Antonio Senzatela,COL,6,5,1,0.8333333333333334,0.05422037157903521,-0.022600000000000002,0.05422037157903521,0.03162037157903521,0.009036728596505868,0.005270061929839202,0.06814170452044767,0.28971255372949967,1,1,1,6,0.08505263948124303,0.014175439913540505,0.1569143781288529,0.6721971475906696,1.5077325748126278,0,0.08505263948124303,-0.03083226790220782
hitter,665019,Kody Clemens,MIN,7,4,3,0.5714285714285714,0.05397355802329218,-0.0678,0.05397355802329218,-0.013826441976707828,0.00771050828904174,-0.001975205996672547,0.09513558763414784,-0.09032531893975879,0,0,3,9,0.07283947075854194,0.008093274528726883,0.12397806249943544,0.8003418535801945,1.9560020445712298,0.07283947075854194,0,-0.018865912735249762
catcher,518595,Travis d'Arnaud,LAA,9,7,2,0.7777777777777778,0.05395373396658808,-0.045200000000000004,0.05395373396658808,0.008753733966588073,0.005994859329620897,0.0009726371073986747,0.09624678358115848,0.18449831160600721,1,0,1,0,0.0,0.0,0.0,0.0,0.0,0.0,0.0,0.05395373396658808
fielder_challenger,518595,Travis d'Arnaud,LAA,8,7,1,0.875,0.05395373396658808,-0.022600000000000002,0.05395373396658808,0.031353733966588075,0.00674421674582351,0.003919216745823509,0.0962884530166399,0.41049831160600725,1,0,0,0,0.0,0.0,0.0,0.0,0.0,0.0,0.0,0.05395373396658808
hitter,665489,Vladimir Guerrero Jr.,TOR,7,3,4,0.42857142857142855,0.053183431453555294,-0.09040000000000001,0.053183431453555294,-0.037216568546444714,0.0075976330647936135,-0.005316652649492102,0.08444299042589752,-0.6207834605241183,0,0,1,12,0.0919681690650451,0.007664014088753758,0.13376208901190562,0.8451993399570049,2.297196866043129,0.0919681690650451,0,-0.0387847376114898
fielder_challenger,663687,Hogan Harris,ATH,1,1,0,1.0,0.05296963403098898,0.0,0.05296963403098898,0.05296963403098898,0.05296963403098898,0.05296963403098898,0.05296963403098898,0.2580276132179913,0,0,0,0,0.0,0.0,0.0,0.0,0.0,0.0,0.0,0.05296963403098898
pitcher,642207,Devin Williams,NYM,3,3,0,1.0,0.0523831283211217,0.0,0.0523831283211217,0.0523831283211217,0.017461042773707233,0.017461042773707233,0.0523831283211217,0.41404262628524713,0,0,0,2,0.023343823451363724,0.011671911725681862,0.06503317863724589,0.5501622513283349,0.9458495240633433,0,0.023343823451363724,0.029039304869757976
pitcher,666142,Cole Ragans,KC,3,2,1,0.6666666666666666,0.05194031445163927,-0.022600000000000002,0.05194031445163927,0.029340314451639267,0.017313438150546423,0.009780104817213088,0.062088725349338486,0.18722149545217856,0,1,0,9,0.060706740302748904,0.0067451933669721,0.1452054915030292,0.6789629515176031,1.427682834909801,0,0.060706740302748904,-0.008766425851109635
hitter,701762,Nick Kurtz,ATH,5,4,1,0.8,0.05167897762306928,-0.022600000000000002,0.05167897762306928,0.029078977623069276,0.010335795524613856,0.005815795524613855,0.1147565758457818,0.4934718937907624,1,1,1,13,0.1094855508865351,0.008421965452810392,0.23647247401728255,0.6776213695235327,1.5176997310986802,0.1094855508865351,0,-0.05780657326346582
pitcher,699134,Bradgley Rodriguez,SD,4,3,1,0.75,0.051459960357059804,-0.022600000000000002,0.051459960357059804,0.028859960357059802,0.012864990089264951,0.007214990089264951,0.176420419516798,0.11067220429596561,1,0,0,8,0.033426843374052204,0.0041783554217565255,0.10453453459826029,0.6822424104316545,1.399950407812534,0,0.033426843374052204,0.0180331169830076
pitcher,663556,Shane McClanahan,TB,4,4,0,1.0,0.05144406752812092,0.0,0.05144406752812092,0.05144406752812092,0.01286101688203023,0.01286101688203023,0.05144406752812092,0.6601891470855668,0,0,0,14,0.12844414793672068,0.009174581995480048,0.3124764333385992,0.6642703479102947,1.4189285980867532,0,0.12844414793672068,-0.07700008040859976
hitter,542303,Marcell Ozuna,PIT,7,4,3,0.5714285714285714,0.05129747694995612,-0.0678,0.05129747694995612,-0.016502523050043884,0.007328210992850874,-0.002357503292863412,0.243870051675403,-0.1320731908919167,0,0,1,9,0.0570937272373127,0.006343747470812522,0.13414995089286266,0.734620141012529,1.7453327734490967,0.0570937272373127,0,-0.005796250287356579
hitter,701350,Roman Anthony,BOS,3,2,1,0.6666666666666666,0.05122247248975831,-0.022600000000000002,0.05122247248975831,0.028622472489758306,0.0170741574965861,0.009540824163252769,0.08215025907613954,0.4202762627033535,1,1,1,6,0.02840392585399162,0.004733987642331937,0.1346180404484462,0.5215776676651508,0.8172587549122788,0.02840392585399162,0,0.022818546635766688
fielder_challenger,663698,Joey Bart,PIT,8,4,4,0.5,0.05077102901720956,-0.09040000000000001,0.05077102901720956,-0.039628970982790446,0.006346378627151195,-0.004953621372848806,0.29104876914763034,-0.47315187375423073,0,1,1,0,0.0,0.0,0.0,0.0,0.0,0.0,0.0,0.05077102901720956
hitter,571970,Max Muncy,LAD,2,1,1,0.5,0.05046721490699907,-0.022600000000000002,0.05046721490699907,0.027867214906999067,0.025233607453499535,0.013933607453499534,0.05192914215659722,0.0322639386276076,1,0,0,10,0.07437546287369337,0.007437546287369337,0.19642029484378826,0.6553355334328921,1.3762126606830667,0.07437546287369337,0,-0.0239082479666943
pitcher,669711,Greg Weissert,BOS,1,1,0,1.0,0.04996634319323179,0.0,0.04996634319323179,0.04996634319323179,0.04996634319323179,0.04996634319323179,0.04996634319323179,0.7806411698744767,1,1,0,5,0.037766265135785855,0.007553253027157171,0.07190483597106125,0.7606879654513546,1.6864033030893821,0,0.037766265135785855,0.012200078057445933
pitcher,668390,Cole Winn,TEX,2,1,1,0.5,0.04985734518022544,-0.022600000000000002,0.04985734518022544,0.02725734518022544,0.02492867259011272,0.01362867259011272,0.11869971694132725,0.2260634456265391,1,1,0,3,0.024370923157935945,0.008123641052645314,0.08835718112578456,0.5124606282909352,0.7967755115132458,0,0.024370923157935945,0.0254864220222895
pitcher,676440,Tanner Bibee,CLE,5,2,3,0.4,0.04965830053761977,-0.0678,0.04965830053761977,-0.018141699462380236,0.009931660107523953,-0.003628339892476047,0.16186459817086768,-0.17674270343058385,2,0,1,18,0.11286488553398533,0.00627027141855474,0.29019740087817447,0.6694104655098624,1.4022142366104642,0,0.11286488553398533,-0.06320658499636556
pitcher,687330,Kevin Kelly,TB,1,1,0,1.0,0.049531650545251105,0.0,0.049531650545251105,0.049531650545251105,0.049531650545251105,0.049531650545251105,0.049531650545251105,0.1236596932549879,0,0,0,5,0.044816091189105456,0.008963218237821091,0.11997448173405156,0.5773142291907194,0.9906599038446625,0,0.044816091189105456,0.004715559356145649
pitcher,664192,Joey Lucchesi,LAA,3,3,0,1.0,0.04885875200168767,0.0,0.04885875200168767,0.04885875200168767,0.016286250667229222,0.016286250667229222,0.04885875200168767,2.1388946177585737,1,1,0,0,0.0,0.0,0.0,0.0,0.0,0.0,0.0,0.04885875200168767
hitter,668901,Mark Vientos,NYM,9,5,4,0.5555555555555556,0.04856395688726134,-0.09040000000000001,0.04856395688726134,-0.04183604311273867,0.005395995209695704,-0.004648449234748741,0.05741937384334485,-0.32701507607556696,1,1,1,3,0.017408350278239438,0.005802783426079813,0.04092119492002905,0.6731023860399814,1.4083070032251939,0.017408350278239438,0,0.0311556066090219
pitcher,607625,Seth Lugo,KC,3,3,0,1.0,0.04840895730814265,0.0,0.04840895730814265,0.04840895730814265,0.01613631910271422,0.01613631910271422,0.04840895730814265,0.5218469512162736,0,1,0,26,0.24085129042002568,0.009263511170000988,0.5598239790563654,0.6400292279732748,1.2468269119197837,0,0.24085129042002568,-0.19244233311188302
pitcher,607259,Nick Martinez,TB,7,5,2,0.7142857142857143,0.04778772362263167,-0.045200000000000004,0.04778772362263167,0.0025877236226316686,0.006826817660375953,0.0003696748032330955,0.080922022608375,-0.0721831035385958,0,0,2,13,0.10535843233656035,0.008104494795120027,0.2554549423561066,0.6571517262156663,1.3967990030437383,0,0.10535843233656035,-0.05757070871392868
pitcher,702070,Noah Cameron,KC,2,1,1,0.5,0.04756190352593981,-0.022600000000000002,0.04756190352593981,0.024961903525939806,0.023780951762969904,0.012480951762969903,0.060390540286056116,0.4074942472965952,1,1,0,22,0.1772328420713108,0.008056038275968673,0.3779237418889777,0.6824633920278269,1.4499382572862534,0,0.1772328420713108,-0.12967093854537098
pitcher,689254,Mason Fluharty,TOR,4,3,1,0.75,0.0474760535929917,-0.022600000000000002,0.0474760535929917,0.0248760535929917,0.011869013398247925,0.006219013398247925,0.0479685425564916,0.43861187313008865,2,1,0,7,0.06250862484638522,0.008929803549483603,0.09582052372231258,0.8362765605093274,2.2071057956610125,0,0.06250862484638522,-0.015032571253393523
pitcher,676282,Joey Cantillo,CLE,3,3,0,1.0,0.04714530376412707,0.0,0.04714530376412707,0.04714530376412707,0.015715101254709023,0.015715101254709023,0.04714530376412707,0.46643494469784086,0,0,0,15,0.1403596506108386,0.009357310040722574,0.26982174661406466,0.745176396274578,1.7520064767383479,0,0.1403596506108386,-0.09321434684671154
hitter,701358,Cam Smith,HOU,6,2,4,0.3333333333333333,0.046884928792205224,-0.09040000000000001,0.046884928792205224,-0.043515071207794784,0.007814154798700871,-0.007252511867965797,0.15488499750445583,-0.5612371471985035,1,0,1,3,0.01577562942260969,0.0052585431408698965,0.04188167278937982,0.6743432961320326,1.3888557227059917,0.01577562942260969,0,0.031109299369595535
pitcher,579328,Yusei Kikuchi,LAA,6,4,2,0.6666666666666666,0.04672916678850075,-0.045200000000000004,0.04672916678850075,0.0015291667885007493,0.0077881944647501256,0.00025486113141679156,0.060886749069397894,-0.016586539570383696,0,0,1,12,0.08711460955724193,0.007259550796436827,0.3128249835828133,0.5159218011920009,0.8038739393698774,0,0.08711460955724193,-0.040385442768741175
hitter,660844,Leo Rivas,SEA,4,1,3,0.25,0.04635135101230259,-0.0678,0.04635135101230259,-0.021448648987697418,0.011587837753075647,-0.005362162246924354,0.10273303591229832,0.10264116987447672,1,1,1,9,0.1308864889569615,0.014542943217440167,0.2536798277610714,0.6811143085288176,1.4090317720579886,0.1308864889569615,0,-0.08453513794465892
pitcher,650633,Michael King,SD,4,4,0,1.0,0.0462557313869314,0.0,0.0462557313869314,0.0462557313869314,0.01156393284673285,0.01156393284673285,0.0462557313869314,0.3698172818086494,1,1,0,24,0.39552926275556943,0.016480385948148726,0.8795745731262203,0.612484571228813,1.170098998096893,0,0.39552926275556943,-0.34927353136863803
pitcher,675660,Shane Drohan,MIL,2,1,1,0.5,0.04613465292344476,-0.022600000000000002,0.04613465292344476,0.02353465292344476,0.02306732646172238,0.01176732646172238,0.08189549222668563,0.2019707869321052,0,0,0,17,0.09200592178634338,0.005412113046255493,0.23827215302849,0.6917714045552439,1.558944179152055,0,0.09200592178634338,-0.04587126886289862
pitcher,690997,Nolan McLean,NYM,2,2,0,1.0,0.045808020336069344,0.0,0.045808020336069344,0.045808020336069344,0.022904010168034672,0.022904010168034672,0.045808020336069344,0.3408864477965445,0,0,0,23,0.21558194093623298,0.009373127866792738,0.5109905257520769,0.665600014393192,1.4112080564573295,0,0.21558194093623298,-0.16977392060016364
pitcher,670329,Rico Garcia,BAL,2,1,1,0.5,0.04529342901763839,-0.022600000000000002,0.04529342901763839,0.022693429017638385,0.022646714508819193,0.011346714508819192,0.05640149611563,0.108192350962343,0,0,0,5,0.034900621979088116,0.006980124395817623,0.12183781857982698,0.5737850402975283,0.9986770775954199,0,0.034900621979088116,0.010392807038550271
pitcher,676083,Janson Junk,MIA,5,3,2,0.6,0.04527740241228306,-0.045200000000000004,0.04527740241228306,7.740241228305911e-05,0.009055480482456612,1.5480482456611822e-05,0.05675793175948962,0.012831866681227266,1,0,0,11,0.07904581127191629,0.007185982842901481,0.2519807563843967,0.5797396608630551,1.0383876002789063,0,0.07904581127191629,-0.033768408859633225
pitcher,694361,Will Klein,LAD,2,1,1,0.5,0.04516678818049902,-0.022600000000000002,0.04516678818049902,0.022566788180499016,0.02258339409024951,0.011283394090249508,0.04781616122961052,-0.008030410480305977,0,0,0,4,0.05756434442709362,0.014391086106773405,0.17353282961940752,0.5885607172112315,1.0933681929683943,0,0.05756434442709362,-0.012397556246594603
pitcher,664991,Grant Wolfram,BAL,2,1,1,0.5,0.04512383032216105,-0.022600000000000002,0.04512383032216105,0.02252383032216105,0.022561915161080526,0.011261915161080525,0.05579123197154445,0.20276497714340144,1,1,0,6,0.08069455110807361,0.013449091851345601,0.13046245865209868,0.8123793446120505,2.021260348805725,0,0.08069455110807361,-0.03557072078591256
fielder_challenger,668670,Jake Rogers,DET,5,4,1,0.8,0.045076640424099534,-0.022600000000000002,0.045076640424099534,0.022476640424099532,0.009015328084819908,0.004495328084819906,0.08950950863896467,0.4362551630470054,1,1,0,0,0.0,0.0,0.0,0.0,0.0,0.0,0.0,0.045076640424099534
pitcher,676263,Jack Dreyer,LAD,3,3,0,1.0,0.04476221646489356,0.0,0.04476221646489356,0.04476221646489356,0.014920738821631188,0.014920738821631188,0.04476221646489356,0.44784316930395984,0,1,0,7,0.05616456169990641,0.008023508814272344,0.15805368434599792,0.6675281108634612,1.3483952814012952,0,0.05616456169990641,-0.01140234523501285
pitcher,572955,Pierce Johnson,CIN,3,3,0,1.0,0.04475288561333801,0.0,0.04475288561333801,0.04475288561333801,0.014917628537779337,0.014917628537779337,0.04475288561333801,0.4598356490888528,1,0,0,6,0.022798857778578905,0.003799809629763151,0.08589906579752973,0.6347641872314682,1.3197036298261533,0,0.022798857778578905,0.021954027834759107
pitcher,686993,Justin Sterner,ATH,4,2,2,0.5,0.04455857792388242,-0.045200000000000004,0.04455857792388242,-0.0006414220761175871,0.011139644480970604,-0.00016035551902939676,0.07406982180424677,0.1810813318125704,0,0,2,4,0.041676317726392666,0.010419079431598166,0.06738751378155305,0.8277010434193501,2.0213032927004853,0,0.041676317726392666,0.0028822601974897513
hitter,680777,Ryan Jeffers,MIN,4,3,1,0.75,0.044417053924194774,-0.022600000000000002,0.044417053924194774,0.021817053924194772,0.011104263481048694,0.005454263481048693,0.05066409846115612,0.25356644900521486,2,0,0,11,0.1259585742406633,0.011450779476423938,0.3154976437449382,0.655907757525494,1.4309161439142917,0.1259585742406633,0,-0.08154152031646854
pitcher,641329,Bryan Baker,TB,2,1,1,0.5,0.04438029131245147,-0.022600000000000002,0.04438029131245147,0.021780291312451468,0.022190145656225735,0.010890145656225734,0.07035753532116351,-0.13874986410439608,0,0,0,7,0.06819206282784873,0.009741723261121247,0.21926233176462517,0.5280033015913486,0.8770236767140079,0,0.06819206282784873,-0.023811771515397262
hitter,678662,Ezequiel Tovar,COL,4,1,3,0.25,0.04432729678945868,-0.0678,0.04432729678945868,-0.023472703210541325,0.01108182419736467,-0.005868175802635331,0.11537894305863755,-0.2918035394214339,1,0,1,11,0.060379536608180524,0.005489048782561866,0.12697172141440924,0.7760699311076746,1.9454013748961962,0.060379536608180524,0,-0.016052239818721843
hitter,663757,Trent Grisham,NYY,6,3,3,0.5,0.04425483095437205,-0.0678,0.04425483095437205,-0.023545169045627957,0.007375805159062008,-0.003924194840937993,0.0763878003612895,-0.32262263659122536,1,0,3,16,0.1687319938664418,0.010545749616652613,0.3955921741954309,0.6500591291399067,1.322310562074942,0.1687319938664418,0,-0.12447716291206976
pitcher,656302,Dylan Cease,TOR,5,4,1,0.8,0.044243438479305064,-0.022600000000000002,0.044243438479305064,0.021643438479305062,0.008848687695861012,0.004328687695861012,0.09975970526681427,0.16393577908580087,1,0,0,18,0.23806923299910426,0.013226068499950236,0.5729866491361078,0.6126958879848201,1.3098429410510772,0,0.23806923299910426,-0.1938257945197992
pitcher,702275,JR Ritchie,ATL,4,3,1,0.75,0.0440514086666276,-0.022600000000000002,0.0440514086666276,0.0214514086666276,0.0110128521666569,0.0053628521666569,0.049943995928892926,0.11357473309112995,1,1,0,7,0.1230020345318841,0.017571719218840588,0.24711660514706862,0.6406448885917567,1.241506115930824,0,0.1230020345318841,-0.0789506258652565
pitcher,676974,Max Meyer,MIA,6,4,2,0.6666666666666666,0.04387242172791367,-0.045200000000000004,0.04387242172791367,-0.0013275782720863355,0.007312070287985611,-0.0002212630453477226,0.111402693015417,0.1480902575770316,0,0,0,16,0.13423005564478252,0.008389378477798907,0.2763002169046557,0.6952012124842754,1.4415334558718031,0,0.13423005564478252,-0.09035763391686885
pitcher,683232,Nick Mears,KC,1,1,0,1.0,0.04360666599432356,0.0,0.04360666599432356,0.04360666599432356,0.04360666599432356,0.04360666599432356,0.04360666599432356,0.19436332898513428,1,0,0,3,0.02510130609150656,0.008367102030502187,0.07171510563064137,0.6461755481024514,1.266693268524934,0,0.02510130609150656,0.018505359902816997
pitcher,669923,George Kirby,SEA,6,2,4,0.3333333333333333,0.04354641981429286,-0.09040000000000001,0.04354641981429286,-0.04685358018570715,0.007257736635715477,-0.007808930030951192,0.27151263542346815,-0.5492643117366626,1,0,1,20,0.16983946814897236,0.008491973407448618,0.458938563164588,0.636663801794449,1.2869912067320184,0,0.16983946814897236,-0.1262930483346795
hitter,656811,Ryan O'Hearn,PIT,5,4,1,0.8,0.04338479617779645,-0.022600000000000002,0.04338479617779645,0.020784796177796445,0.008676959235559289,0.004156959235559289,0.06205840983900435,0.18804404454874699,0,0,0,8,0.07202441760555725,0.009003052200694656,0.2577335612916659,0.5708577110428932,1.0098260656571592,0.07202441760555725,0,-0.028639621427760803
pitcher,665795,Edward Cabrera,CHC,3,3,0,1.0,0.04305792266956074,0.0,0.04305792266956074,0.04305792266956074,0.01435264088985358,0.01435264088985358,0.04305792266956074,0.3747437368702764,0,0,0,6,0.04856688277431265,0.008094480462385442,0.09081778010089836,0.7548653286140677,1.7407160005538553,0,0.04856688277431265,-0.005508960104751909
pitcher,672282,Reid Detmers,LAA,3,3,0,1.0,0.043043776999684424,0.0,0.043043776999684424,0.043043776999684424,0.014347925666561475,0.014347925666561475,0.043043776999684424,0.2860962302486161,0,0,0,35,0.2321106091452868,0.006631731689865338,0.5835566569540943,0.6998011415520528,1.573243464574422,0,0.2321106091452868,-0.18906683214560238
pitcher,573124,Taylor Rogers,MIN,2,2,0,1.0,0.04245345075174112,0.0,0.04245345075174112,0.04245345075174112,0.02122672537587056,0.02122672537587056,0.04245345075174112,0.359108811274257,1,0,0,1,0.0015256720891394793,0.0015256720891394793,0.009825007143080933,0.6071322012944392,1.0764550475135448,0,0.0015256720891394793,0.04092777866260164
hitter,678246,Miguel Vargas,CWS,5,3,2,0.6,0.04195566184620192,-0.045200000000000004,0.04195566184620192,-0.0032443381537980848,0.008391132369240384,-0.000648867630759617,0.09003540850408132,0.11598777406465319,1,0,0,11,0.13795147439078498,0.012541043126434998,0.2555561712500823,0.7414453004808788,1.7515966640403882,0.13795147439078498,0,-0.09599581254458306
pitcher,672456,Keider Montero,DET,4,4,0,1.0,0.0418206123676238,0.0,0.0418206123676238,0.0418206123676238,0.01045515309190595,0.01045515309190595,0.0418206123676238,0.3629781755081636,2,0,0,17,0.11324209218137614,0.0066612995400809494,0.2700406024785269,0.6779523719218672,1.518901621582087,0,0.11324209218137614,-0.07142147981375234
pitcher,650911,Cristopher Sanchez,PHI,4,2,2,0.5,0.04157962480594457,-0.045200000000000004,0.04157962480594457,-0.0036203751940554335,0.010394906201486143,-0.0009050937985138584,0.09255924125806914,-0.2296207817002715,0,0,0,18,0.18313563070358005,0.010174201705754447,0.4236133891152628,0.6318983660930277,1.261668986322942,0,0.18313563070358005,-0.14155600589763548
pitcher,645261,Sandy Alcantara,MIA,11,5,6,0.45454545454545453,0.0412305926656417,-0.1356,0.0412305926656417,-0.09436940733435831,0.003748235696876518,-0.00857903703039621,0.0941148197433397,-0.8523246967754952,1,0,2,15,0.10540182231456283,0.007026788154304188,0.3116622345078691,0.59631967889161,1.0812579178777182,0,0.10540182231456283,-0.06417122964892114
hitter,666397,Edouard Julien,COL,4,3,1,0.75,0.04086501867226982,-0.022600000000000002,0.04086501867226982,0.018265018672269817,0.010216254668067455,0.004566254668067454,0.0494787098531,0.09154070606254663,0,0,1,4,0.046069026394035616,0.011517256598508904,0.15580791463123334,0.5474702325159039,0.9154668050584776,0.046069026394035616,0,-0.0052040077217657965
catcher,624512,Reese McGuire,CWS,9,5,4,0.5555555555555556,0.04078557275576866,-0.09040000000000001,0.04078557275576866,-0.049614427244231346,0.004531730306196518,-0.005512714138247927,0.13037335759484664,-0.25022652900978526,1,1,0,0,0.0,0.0,0.0,0.0,0.0,0.0,0.0,0.04078557275576866
fielder_challenger,624512,Reese McGuire,CWS,8,5,3,0.625,0.04078557275576866,-0.0678,0.04078557275576866,-0.027014427244231344,0.005098196594471083,-0.003376803405528918,0.13015949834055202,-0.02422652900978528,1,1,0,0,0.0,0.0,0.0,0.0,0.0,0.0,0.0,0.04078557275576866
hitter,592450,Aaron Judge,NYY,4,3,1,0.75,0.04074148417146589,-0.022600000000000002,0.04074148417146589,0.01814148417146589,0.010185371042866473,0.004535371042866472,0.05294326522920928,0.0686221961154684,0,0,0,6,0.03502156633776358,0.005836927722960596,0.09155699940018691,0.7030667919766787,1.6148651778497953,0.03502156633776358,0,0.0057199178337023135
pitcher,694738,Landen Roupp,SF,3,2,1,0.6666666666666666,0.040534381298880595,-0.022600000000000002,0.040534381298880595,0.017934381298880593,0.013511460432960198,0.005978127099626865,0.2135700604303687,0.12943861417611627,0,0,0,21,0.14236921635202898,0.006779486492953761,0.3884823915504542,0.648126532173673,1.3027049388917498,0,0.14236921635202898,-0.10183483505314839
hitter,807712,Luke Keaschall,MIN,8,3,5,0.375,0.04033555563259425,-0.11300000000000002,0.04033555563259425,-0.07266444436740577,0.005041944454074281,-0.009083055545925721,0.17267476227557754,-0.6377276869721712,2,0,3,8,0.0537088260813137,0.0067136032601642125,0.17265511375196552,0.5900054997728321,1.0361610469186124,0.0537088260813137,0,-0.01337327044871945
hitter,694497,Evan Carter,TEX,3,1,2,0.3333333333333333,0.04029620086104285,-0.045200000000000004,0.04029620086104285,-0.004903799138957152,0.013432066953680951,-0.0016345997129857172,0.10560241738601728,-0.24925118606776814,0,0,0,12,0.21157427100393544,0.017631189250327955,0.4454614146092551,0.5970960945151784,1.100655652588262,0.21157427100393544,0,-0.1712780701428926
hitter,656941,Kyle Schwarber,PHI,8,5,3,0.625,0.04020913505741561,-0.0678,0.04020913505741561,-0.027590864942584396,0.005026141882176951,-0.0034488581178230495,0.10581313544424037,0.7777130497709498,1,1,1,9,0.06286191570998857,0.006984657301109841,0.2171639884191921,0.5823629492048026,1.0307943640928174,0.06286191570998857,0,-0.022652780652572965
pitcher,682842,Abner Uribe,MIL,2,2,0,1.0,0.04003635879431566,0.0,0.04003635879431566,0.04003635879431566,0.02001817939715783,0.02001817939715783,0.04003635879431566,0.17868482715264405,0,0,0,9,0.098789938597547,0.01097665984417189,0.3005337433432803,0.5308967269960729,0.8496494700706245,0,0.098789938597547,-0.05875357980323134
pitcher,663460,Kris Bubic,KC,5,3,2,0.6,0.039638797601586145,-0.045200000000000004,0.039638797601586145,-0.005561202398413859,0.00792775952031723,-0.0011122404796827718,0.08080542784793024,0.03939322435981535,1,0,0,5,0.06981340820261102,0.013962681640522204,0.17531508096315407,0.513361066834668,0.8474323722456607,0,0.06981340820261102,-0.030174610601024873
catcher,669087,Sam Huff,BAL,1,1,0,1.0,0.03963549887924389,0.0,0.03963549887924389,0.03963549887924389,0.03963549887924389,0.03963549887924389,0.03963549887924389,0.12247644803822733,1,0,0,0,0.0,0.0,0.0,0.0,0.0,0.0,0.0,0.03963549887924389
fielder_challenger,669087,Sam Huff,BAL,1,1,0,1.0,0.03963549887924389,0.0,0.03963549887924389,0.03963549887924389,0.03963549887924389,0.03963549887924389,0.03963549887924389,0.12247644803822733,1,0,0,0,0.0,0.0,0.0,0.0,0.0,0.0,0.0,0.03963549887924389
pitcher,663623,Jake Irvin,WSH,4,2,2,0.5,0.039477546915059614,-0.045200000000000004,0.039477546915059614,-0.00572245308494039,0.009869386728764903,-0.0014306132712350976,0.06233202391984627,-0.13113323849450764,2,0,0,12,0.07449611943248363,0.006208009952706969,0.2658694506844095,0.575487282891618,1.0165494296601185,0,0.07449611943248363,-0.03501857251742402
pitcher,669194,Ryne Nelson,AZ,6,5,1,0.8333333333333334,0.039279111153068036,-0.022600000000000002,0.039279111153068036,0.016679111153068034,0.00654651852551134,0.0027798518588446723,0.05933616926235985,0.2974158601262834,0,0,0,8,0.02873727058928679,0.0035921588236608485,0.1166057830053179,0.6404154797837127,1.3363062509840486,0,0.02873727058928679,0.010541840563781248
pitcher,680732,Sean Burke,CWS,3,2,1,0.6666666666666666,0.038915738687225254,-0.022600000000000002,0.038915738687225254,0.016315738687225252,0.012971912895741752,0.005438579562408417,0.05486634004025953,-0.006093476997505953,1,0,0,12,0.08955563928427539,0.007462969940356282,0.24846673480581075,0.6085376985367829,1.1637958414854803,0,0.08955563928427539,-0.05063990059705013
hitter,669236,Jeremiah Jackson,BAL,1,1,0,1.0,0.03884640903008252,0.0,0.03884640903008252,0.03884640903008252,0.03884640903008252,0.03884640903008252,0.03884640903008252,0.2380528319575802,0,1,0,3,0.0062768636994106775,0.0020922878998035593,0.04179512199079427,0.5458505370456814,0.8916433465313798,0.0062768636994106775,0,0.03256954533067184
hitter,641584,Jake Fraley,TB,8,4,4,0.5,0.038714876277957444,-0.09040000000000001,0.038714876277957444,-0.051685123722042564,0.0048393595347446805,-0.0064606404652553205,0.291056626482172,-0.4845977437866284,0,0,2,1,0.0005305776710178567,0.0005305776710178567,0.0030246630606026725,0.8258887221965915,1.9175740673591672,0.0005305776710178567,0,0.03818429860693959
pitcher,669020,Ryan Rolison,CHC,1,1,0,1.0,0.03871000176740691,0.0,0.03871000176740691,0.03871000176740691,0.03871000176740691,0.03871000176740691,0.03871000176740691,0.26217284582911515,1,0,0,8,0.06845457499452125,0.008556821874315156,0.177357524098453,0.6067528258442074,1.1289752050360007,0,0.06845457499452125,-0.029744573227114338
pitcher,676879,Aaron Ashby,MIL,3,1,2,0.3333333333333333,0.038467485504420806,-0.045200000000000004,0.038467485504420806,-0.006732514495579198,0.012822495168140269,-0.002244171498526399,0.10329046438263878,-0.2507714017377994,1,0,1,13,0.13878835179829294,0.01067602706140715,0.3666357600877679,0.5826889505198944,1.0856742876271643,0,0.13878835179829294,-0.10032086629387213
pitcher,571948,Hoby Milner,CHC,3,2,1,0.6666666666666666,0.03779763048941409,-0.022600000000000002,0.03779763048941409,0.01519763048941409,0.01259921016313803,0.005065876829804697,0.06720660050882687,0.6018575762817295,2,1,0,5,0.03004564152411814,0.006009128304823628,0.1015623959376501,0.6833389998591295,1.432397308840679,0,0.03004564152411814,0.007751988965295952
hitter,660821,Jesus Sanchez,TOR,5,1,4,0.2,0.03753334229158267,-0.09040000000000001,0.03753334229158267,-0.052866657708417336,0.007506668458316534,-0.010573331541683467,0.08684436059322584,-0.7382823308428936,1,0,1,4,0.017820800058545354,0.0044552000146363385,0.05681721132698381,0.662764754083949,1.311362264562204,0.017820800058545354,0,0.019712542233037318
hitter,608369,Corey Seager,TEX,2,1,1,0.5,0.03731211373186227,-0.022600000000000002,0.03731211373186227,0.014712113731862271,0.018656056865931137,0.0073560568659311355,0.08703055301454798,0.07025273535668994,1,0,1,3,0.01723243246405596,0.00574414415468532,0.040067176659696266,0.7151047536164682,1.4813593577541677,0.01723243246405596,0,0.020079681267806314
catcher,543877,Christian Vazquez,HOU,13,4,9,0.3076923076923077,0.0370921774578834,-0.20340000000000003,0.0370921774578834,-0.16630782254211662,0.0028532444198371846,-0.012792909426316664,0.41914224778148496,-1.6669310765148313,1,0,0,0,0.0,0.0,0.0,0.0,0.0,0.0,0.0,0.0370921774578834
fielder_challenger,543877,Christian Vazquez,HOU,13,4,9,0.3076923076923077,0.0370921774578834,-0.20340000000000003,0.0370921774578834,-0.16630782254211662,0.0028532444198371846,-0.012792909426316664,0.41914224778148496,-1.6669310765148313,1,0,0,0,0.0,0.0,0.0,0.0,0.0,0.0,0.0,0.0370921774578834
pitcher,607192,Tyler Glasnow,LAD,7,5,2,0.7142857142857143,0.03665414115065291,-0.045200000000000004,0.03665414115065291,-0.008545858849347096,0.005236305878664701,-0.0012208369784781567,0.04701456937484938,-0.09187006286132801,1,0,0,6,0.02821006703607057,0.004701677839345095,0.1043761697826408,0.5763017149782569,1.0014304489179975,0,0.02821006703607057,0.00844407411458234
hitter,687263,Zach Neto,LAA,7,3,4,0.42857142857142855,0.03611518012940168,-0.09040000000000001,0.03611518012940168,-0.05428481987059833,0.005159311447057383,-0.007754974267228333,0.1138602994715402,-0.6645843751975293,0,0,1,8,0.04009748816309369,0.0050121860203867115,0.09973917178261141,0.7058712358560145,1.4575021897572369,0.04009748816309369,0,-0.003982308033692011
hitter,808982,Jung Hoo Lee,SF,3,2,1,0.6666666666666666,0.0358312310659441,-0.022600000000000002,0.0358312310659441,0.0132312310659441,0.011943743688648034,0.0044104103553147,0.04535792443843001,0.06187435055605403,1,0,0,20,0.14013766820213844,0.007006883410106922,0.32527040077675723,0.699169133705488,1.5742730912880774,0.14013766820213844,0,-0.10430643713619434
hitter,693307,Dillon Dingler,DET,3,2,1,0.6666666666666666,0.03581515916073852,-0.022600000000000002,0.03581515916073852,0.013215159160738517,0.011938386386912839,0.004405053053579505,0.06969946367498708,0.1090531436263503,2,0,0,18,0.16092006100692816,0.008940003389273787,0.40299652107632367,0.6608131657972541,1.3535789064017154,0.16092006100692816,0,-0.12510490184618964
pitcher,676917,Cade Cavalli,WSH,4,2,2,0.5,0.03543355625663197,-0.045200000000000004,0.03543355625663197,-0.009766443743368033,0.008858389064157993,-0.0024416109358420084,0.15524877402566134,0.03645723468863854,0,0,0,11,0.07222716281674485,0.006566105710613168,0.20750885403029334,0.6491426818050695,1.3615701911200246,0,0.07222716281674485,-0.03679360656011288
pitcher,571945,Miles Mikolas,WSH,2,2,0,1.0,0.035139078410037966,0.0,0.035139078410037966,0.035139078410037966,0.017569539205018983,0.017569539205018983,0.035139078410037966,0.30472702431682047,1,0,0,17,0.12646023212850704,0.007438837184029826,0.31318118760885727,0.6878155322524218,1.5316593713824578,0,0.12646023212850704,-0.09132115371846908
pitcher,681347,Mike Burrows,HOU,6,5,1,0.8333333333333334,0.0350145505807761,-0.022600000000000002,0.0350145505807761,0.012414550580776097,0.00583575843012935,0.0020690917634626827,0.03778987299773959,0.21040031345514132,1,0,0,12,0.06600785768374905,0.0055006548069790875,0.21547464884731848,0.6493782966662063,1.313502241852241,0,0.06600785768374905,-0.030993307102972947
hitter,694671,Wyatt Langford,TEX,5,2,3,0.4,0.034742427217109156,-0.0678,0.034742427217109156,-0.03305757278289085,0.006948485443421831,-0.00661151455657817,0.1639622832392374,-0.436548226465603,0,0,0,14,0.09079643052294399,0.006485459323067428,0.25897928932434006,0.7224586661996175,1.6282970003031563,0.09079643052294399,0,-0.056054003305834835
pitcher,666661,Juan Morillo,AZ,3,2,1,0.6666666666666666,0.034711629622678486,-0.022600000000000002,0.034711629622678486,0.012111629622678484,0.011570543207559495,0.004037209874226161,0.07558064819281451,-0.09966122973815236,0,0,1,6,0.0795604856345589,0.013260080939093151,0.17241603835742988,0.6570238788392123,1.3411023384429164,0,0.0795604856345589,-0.04484885601188042
hitter,677951,Bobby Witt Jr.,KC,2,2,0,1.0,0.03433189278443817,0.0,0.03433189278443817,0.03433189278443817,0.017165946392219085,0.017165946392219085,0.03433189278443817,0.4032089804203012,1,0,0,7,0.048147073572624134,0.006878153367517734,0.127137424381017,0.6601560642074525,1.3945854497863297,0.048147073572624134,0,-0.013815180788185964
hitter,643446,Jeff McNeil,ATH,4,2,2,0.5,0.03387647433118904,-0.045200000000000004,0.03387647433118904,-0.011323525668810966,0.00846911858279726,-0.0028308814172027415,0.08961755844284539,0.008207715507819902,0,0,0,5,0.01806293648918932,0.0036125872978378637,0.04188540390603325,0.8004023294721438,3.050925925068743,0.01806293648918932,0,0.01581353784199972
pitcher,694335,Matt Svanson,STL,4,3,1,0.75,0.03387199301691113,-0.022600000000000002,0.03387199301691113,0.011271993016911126,0.008467998254227782,0.0028179982542277816,0.038414761196921304,0.13692954370617794,2,1,0,3,0.024230961672355132,0.008076987224118377,0.046131150051229086,0.7590687622169598,1.6125200852842976,0,0.024230961672355132,0.009641031344555996
hitter,602104,Ramon Urias,STL,2,1,1,0.5,0.03385019497550529,-0.022600000000000002,0.03385019497550529,0.011250194975505286,0.016925097487752644,0.005625097487752643,0.03823889330821076,0.15825392878255826,1,0,0,2,0.008652899220728621,0.004326449610364311,0.05040961041141234,0.42762868933851506,0.5313408118901988,0.008652899220728621,0,0.025197295754776666
hitter,672960,Kazuma Okamoto,TOR,3,1,2,0.3333333333333333,0.033744041187176305,-0.045200000000000004,0.033744041187176305,-0.0114559588128237,0.011248013729058768,-0.0038186529376079,0.09237137464549824,-0.2507714017377994,1,0,1,21,0.22379418047036453,0.010656865736684026,0.4512148114329758,0.6813234942556092,1.4622363257871864,0.22379418047036453,0,-0.19005013928318823
fielder_challenger,642547,Freddy Peralta,NYM,2,2,0,1.0,0.03348112732830438,0.0,0.03348112732830438,0.03348112732830438,0.01674056366415219,0.01674056366415219,0.03348112732830438,0.3124319899667215,0,0,0,0,0.0,0.0,0.0,0.0,0.0,0.0,0.0,0.03348112732830438
pitcher,663372,Ryan Feltner,COL,4,3,1,0.75,0.033254866063405386,-0.022600000000000002,0.033254866063405386,0.010654866063405384,0.008313716515851347,0.002663716515851346,0.08094864908414151,0.07360636551843674,1,0,0,11,0.05051715394741742,0.004592468540674311,0.21665056428779592,0.5883678957892736,1.0738707773165617,0,0.05051715394741742,-0.01726228788401203
pitcher,695243,Mason Miller,SD,4,2,2,0.5,0.033216742942822675,-0.045200000000000004,0.033216742942822675,-0.01198325705717733,0.008304185735705669,-0.0029958142642943324,0.04885441828036757,0.025157576034140205,1,0,0,15,0.11777872597846091,0.007851915065230728,0.3965309615030983,0.5302078884054705,0.8832654111288213,0,0.11777872597846091,-0.08456198303563824
hitter,622761,Jorge Mateo,ATL,2,1,1,0.5,0.03260572740866369,-0.022600000000000002,0.03260572740866369,0.010005727408663685,0.016302863704331844,0.005002863704331843,0.040937053571072635,0.07025273535668994,1,0,0,1,0.016793886087044803,0.016793886087044803,0.020603895603242203,0.8805785486644392,2.2484402166508537,0.016793886087044803,0,0.015811841321618884
hitter,641487,J.P. Crawford,SEA,3,2,1,0.6666666666666666,0.032586967281325485,-0.022600000000000002,0.032586967281325485,0.009986967281325483,0.010862322427108495,0.003328989093775161,0.059381430848404096,-0.040116268698857344,0,0,0,6,0.053497489321725905,0.00891624822028765,0.152538363075351,0.6086655282123815,1.2363059259766465,0.053497489321725905,0,-0.02091052204040042
hitter,687221,Dalton Rushing,LAD,1,1,0,1.0,0.03251626107359537,0.0,0.03251626107359537,0.03251626107359537,0.03251626107359537,0.03251626107359537,0.03251626107359537,0.5669596374584533,0,1,0,4,0.019372400565080758,0.0048431001412701895,0.0568566973110641,0.7183196660693343,1.6708046278336934,0.019372400565080758,0,0.013143860508514613
hitter,608701,Rob Refsnyder,SEA,1,1,0,1.0,0.03218964633992483,0.0,0.03218964633992483,0.03218964633992483,0.03218964633992483,0.03218964633992483,0.03218964633992483,0.11586220029276614,1,0,0,12,0.21782760437059664,0.018152300364216386,0.43710151856204976,0.6828921365226807,1.5787074741295726,0.21782760437059664,0,-0.18563795803067182
pitcher,677952,Braxton Ashcraft,PIT,3,3,0,1.0,0.032017628407779525,0.0,0.032017628407779525,0.032017628407779525,0.010672542802593174,0.010672542802593174,0.032017628407779525,0.4487063170366582,2,1,0,17,0.1637443198193206,0.009632018812901212,0.3311150842598825,0.6911876035952035,1.546415057419019,0,0.1637443198193206,-0.13172669141154109
hitter,678554,Curtis Mead,WSH,2,1,1,0.5,0.031813896210773795,-0.022600000000000002,0.031813896210773795,0.009213896210773793,0.015906948105386898,0.004606948105386897,0.04898167834067631,-0.09091960643218291,0,0,0,15,0.12875151073013447,0.00858343404867563,0.3319376074627085,0.6733719307474135,1.5390942095188622,0.12875151073013447,0,-0.09693761451936067
pitcher,669093,Jeremiah Estrada,SD,1,1,0,1.0,0.031813896210773684,0.0,0.031813896210773684,0.031813896210773684,0.031813896210773684,0.031813896210773684,0.031813896210773684,0.1350803935678171,0,0,0,1,0.003863931596435639,0.003863931596435639,0.025542474321364472,0.4115883060449681,0.4819475474236845,0,0.003863931596435639,0.027949964614338046
pitcher,694297,Brandon Pfaadt,AZ,4,3,1,0.75,0.03175289598672961,-0.022600000000000002,0.03175289598672961,0.009152895986729609,0.007938223996682403,0.0022882239966824022,0.03658435083860708,0.30093293945024135,1,0,0,8,0.04583520123571663,0.005729400154464579,0.15299923619857347,0.6377075120322625,1.2873081985891988,0,0.04583520123571663,-0.014082305248987022
hitter,573262,Mike Yastrzemski,ATL,1,1,0,1.0,0.03175016829629315,0.0,0.03175016829629315,0.03175016829629315,0.03175016829629315,0.03175016829629315,0.03175016829629315,0.08725013589560393,0,0,0,9,0.0649480905883647,0.0072164545098183,0.12019456762897787,0.7864892619472563,1.8311352776048588,0.0649480905883647,0,-0.03319792229207155
hitter,621439,Byron Buxton,MIN,3,1,2,0.3333333333333333,0.031720551892700025,-0.045200000000000004,0.031720551892700025,-0.01347944810729998,0.010573517297566675,-0.004493149369099993,0.07280594641955808,-0.25763667101486576,1,0,0,9,0.10217289451780438,0.011352543835311597,0.15297174850588155,0.8180661369815942,2.0780251236532856,0.10217289451780438,0,-0.07045234262510436
pitcher,666200,Jesus Luzardo,PHI,3,2,1,0.6666666666666666,0.031520223985130214,-0.022600000000000002,0.031520223985130214,0.008920223985130211,0.010506741328376737,0.002973407995043404,0.035112430897959346,-0.009116377852597973,0,1,0,17,0.10194958557236249,0.005997034445433087,0.2718103852586065,0.6797054051589769,1.4088348382426867,0,0.10194958557236249,-0.07042936158723227
fielder_challenger,669923,George Kirby,SEA,2,1,1,0.5,0.03139767771866819,-0.022600000000000002,0.03139767771866819,0.008797677718668191,0.015698838859334097,0.004398838859334096,0.12408680374171455,0.053549287165313236,1,0,1,0,0.0,0.0,0.0,0.0,0.0,0.0,0.0,0.03139767771866819
hitter,606192,Teoscar Hernandez,LAD,4,4,0,1.0,0.03138687632700105,0.0,0.03138687632700105,0.03138687632700105,0.007846719081750263,0.007846719081750263,0.03138687632700105,0.6472805700466406,1,0,0,11,0.09291041714312442,0.008446401558465856,0.2388528748887394,0.6706340730487641,1.6540632239164332,0.09291041714312442,0,-0.06152354081612337
pitcher,605135,Chris Bassitt,BAL,4,3,1,0.75,0.03134635952463277,-0.022600000000000002,0.03134635952463277,0.00874635952463277,0.007836589881158193,0.0021865898811581925,0.05742898110232331,0.18595026093317746,0,0,0,15,0.10937123561727051,0.007291415707818034,0.2927468263364434,0.6620189704199057,1.344183036007991,0,0.10937123561727051,-0.07802487609263774
hitter,686948,Drake Baldwin,ATL,1,1,0,1.0,0.031242512030330294,0.0,0.031242512030330294,0.031242512030330294,0.031242512030330294,0.031242512030330294,0.031242512030330294,0.28501739579789676,0,0,0,15,0.09696053051786226,0.006464035367857484,0.2172458693231164,0.7144954928332804,1.5785627523804615,0.09696053051786226,0,-0.06571801848753196
hitter,695336,Thomas Saggese,STL,4,2,2,0.5,0.03121156117364915,-0.045200000000000004,0.03121156117364915,-0.013988438826350855,0.007802890293412287,-0.0034971097065877137,0.08493872321826797,-0.18815968137814676,1,0,1,0,0.0,0.0,0.0,0.0,0.0,0.0,0.0,0.03121156117364915
pitcher,608379,Michael Wacha,KC,6,4,2,0.6666666666666666,0.031089134408084612,-0.045200000000000004,0.031089134408084612,-0.014110865591915392,0.005181522401347435,-0.002351810931985899,0.078722790937412,0.052119066711121764,0,0,0,20,0.17937587695716004,0.008968793847858002,0.42084266296911643,0.6671270058343459,1.4116629376614163,0,0.17937587695716004,-0.14828674254907542
pitcher,656605,Mitch Keller,PIT,3,2,1,0.6666666666666666,0.03107181975144724,-0.022600000000000002,0.03107181975144724,0.008471819751447236,0.010357273250482413,0.0028239399171490786,0.035978221103522445,0.07760882113923803,1,0,0,10,0.0761923288904489,0.00761923288904489,0.26319894093702506,0.613389610204961,1.1978739810831935,0,0.0761923288904489,-0.04512050913900166
catcher,596117,Garrett Stubbs,PHI,2,1,1,0.5,0.031071385470047452,-0.022600000000000002,0.031071385470047452,0.00847138547004745,0.015535692735023726,0.004235692735023725,0.03888280858341714,-0.07880718279829571,0,0,0,0,0.0,0.0,0.0,0.0,0.0,0.0,0.0,0.031071385470047452
fielder_challenger,596117,Garrett Stubbs,PHI,2,1,1,0.5,0.031071385470047452,-0.022600000000000002,0.031071385470047452,0.00847138547004745,0.015535692735023726,0.004235692735023725,0.03888280858341714,-0.07880718279829571,0,0,0,0,0.0,0.0,0.0,0.0,0.0,0.0,0.0,0.031071385470047452
hitter,666126,Carlos Cortes,ATH,2,1,1,0.5,0.03103596227484212,-0.022600000000000002,0.03103596227484212,0.00843596227484212,0.01551798113742106,0.00421798113742106,0.03748096788974892,-0.05427805334484573,0,0,0,13,0.10890464965198866,0.008377280742460667,0.24485541202295805,0.6963336729449037,1.5881987961775246,0.10890464965198866,0,-0.07786868737714654
pitcher,656876,Drew Rasmussen,TB,6,4,2,0.6666666666666666,0.030816634957141487,-0.045200000000000004,0.030816634957141487,-0.014383365042858517,0.0051361058261902475,-0.0023972275071430862,0.04797239523538421,-0.16848826521355986,0,0,0,14,0.10296346680670658,0.007354533343336184,0.3283679515339492,0.6134450844329477,1.326078014716565,0,0.10296346680670658,-0.0721468318495651
pitcher,641302,Tyler Alexander,TEX,2,2,0,1.0,0.030697244666866526,0.0,0.030697244666866526,0.030697244666866526,0.015348622333433263,0.015348622333433263,0.030697244666866526,0.27081644825116014,1,0,0,5,0.09507618949735207,0.019015237899470412,0.13916739217433763,0.7456127796724156,1.7501911145582034,0,0.09507618949735207,-0.06437894483048553
catcher,543309,Kyle Higashioka,TEX,11,4,7,0.36363636363636365,0.030487314472788685,-0.1582,0.030487314472788685,-0.12771268552721132,0.0027715740429807897,-0.011610244138837393,0.1754715653242761,-1.121754175089779,1,0,2,0,0.0,0.0,0.0,0.0,0.0,0.0,0.0,0.030487314472788685
fielder_challenger,543309,Kyle Higashioka,TEX,9,4,5,0.4444444444444444,0.030487314472788685,-0.11300000000000002,0.030487314472788685,-0.08251268552721133,0.0033874793858654096,-0.009168076169690148,0.160208683031834,-0.669754175089779,1,0,1,0,0.0,0.0,0.0,0.0,0.0,0.0,0.0,0.030487314472788685
hitter,592626,Joc Pederson,TEX,2,2,0,1.0,0.03027060333524193,0.0,0.03027060333524193,0.03027060333524193,0.015135301667620966,0.015135301667620966,0.03027060333524193,0.28157986944987257,2,0,0,6,0.10184124470505208,0.01697354078417535,0.16955344611866222,0.7300463544280857,2.4635592899681438,0.10184124470505208,0,-0.07157064136981015
hitter,663837,Matt Vierling,DET,2,1,1,0.5,0.03026096222620739,-0.022600000000000002,0.03026096222620739,0.0076609622262073865,0.015130481113103694,0.0038304811131036932,0.044290782725441874,-0.02099543878727378,1,0,0,6,0.05273715498430926,0.00878952583071821,0.13152708002033794,0.641926730263135,1.2259146137796908,0.05273715498430926,0,-0.022476192758101872
catcher,691740,Daniel Susac,SF,6,2,4,0.3333333333333333,0.030188192199892952,-0.09040000000000001,0.030188192199892952,-0.060211807800107056,0.005031365366648825,-0.010035301300017842,0.07961329110976094,-0.39925503934432527,1,1,2,0,0.0,0.0,0.0,0.0,0.0,0.0,0.0,0.030188192199892952
fielder_challenger,691740,Daniel Susac,SF,5,2,3,0.4,0.030188192199892952,-0.0678,0.030188192199892952,-0.037611807800107054,0.006037638439978591,-0.007522361560021411,0.07880475521582038,-0.17325503934432526,1,1,1,0,0.0,0.0,0.0,0.0,0.0,0.0,0.0,0.030188192199892952
pitcher,702303,Riley Martin,CHC,2,2,0,1.0,0.03018608416689239,0.0,0.03018608416689239,0.03018608416689239,0.015093042083446195,0.015093042083446195,0.03018608416689239,0.598354215302462,2,0,0,0,0.0,0.0,0.0,0.0,0.0,0.0,0.0,0.03018608416689239
hitter,663886,Tyler Stephenson,CIN,3,3,0,1.0,0.02998073191977725,0.0,0.02998073191977725,0.02998073191977725,0.009993577306592416,0.009993577306592416,0.02998073191977725,0.2895000055928085,1,1,0,10,0.08575849794437425,0.008575849794437426,0.17007957981202657,0.7503196626326476,1.7431010790172898,0.08575849794437425,0,-0.055777766024597
hitter,650333,Luis Arraez,SF,3,2,1,0.6666666666666666,0.0298940120933614,-0.022600000000000002,0.0298940120933614,0.0072940120933613975,0.009964670697787134,0.002431337364453799,0.03283107714232383,0.004459364189258713,0,0,1,12,0.08972982014166073,0.00747748501180506,0.1614259243089952,0.7781008717687699,2.134570809481563,0.08972982014166073,0,-0.05983580804829933
catcher,665861,Sebastian Rivero,LAA,2,2,0,1.0,0.029539902549378674,0.0,0.029539902549378674,0.029539902549378674,0.014769951274689337,0.014769951274689337,0.029539902549378674,2.0637082166605496,1,1,0,0,0.0,0.0,0.0,0.0,0.0,0.0,0.0,0.029539902549378674
fielder_challenger,665861,Sebastian Rivero,LAA,2,2,0,1.0,0.029539902549378674,0.0,0.029539902549378674,0.029539902549378674,0.014769951274689337,0.014769951274689337,0.029539902549378674,2.0637082166605496,1,1,0,0,0.0,0.0,0.0,0.0,0.0,0.0,0.0,0.029539902549378674
pitcher,693821,Bryce Elder,ATL,5,2,3,0.4,0.02952105742066302,-0.0678,0.02952105742066302,-0.038278942579336984,0.005904211484132604,-0.007655788515867397,0.10410875070933095,-0.3715925162016776,2,0,1,17,0.20429985607839285,0.012017638592846639,0.3891305784326048,0.7103900571412366,1.6232392453082274,0,0.20429985607839285,-0.17477879865772983
hitter,677800,Wilyer Abreu,BOS,2,1,1,0.5,0.029432447434184605,-0.022600000000000002,0.029432447434184605,0.006832447434184603,0.014716223717092303,0.0034162237170923017,0.08124636994389328,0.11421999639367594,0,0,0,27,0.20812971697277072,0.007708508036028545,0.395925144014556,0.7678622634303681,1.8716178153196779,0.20812971697277072,0,-0.1786972695385861
catcher,641555,J.C. Escarra,NYY,8,6,2,0.75,0.029256740449048822,-0.045200000000000004,0.029256740449048822,-0.015943259550951182,0.0036570925561311028,-0.0019929074438688977,0.03266305725101628,0.1751249665668487,0,0,1,0,0.0,0.0,0.0,0.0,0.0,0.0,0.0,0.029256740449048822
pitcher,646241,Enmanuel De Jesus,DET,3,3,0,1.0,0.02907537328023977,0.0,0.02907537328023977,0.02907537328023977,0.009691791093413256,0.009691791093413256,0.02907537328023977,0.39335676888172105,1,0,0,2,0.0026743220326942716,0.0013371610163471358,0.005433123581809423,0.9016076679357992,2.411432901610268,0,0.0026743220326942716,0.0264010512475455
pitcher,607536,Kyle Freeland,COL,3,2,1,0.6666666666666666,0.028800768553231104,-0.022600000000000002,0.028800768553231104,0.006200768553231102,0.009600256184410369,0.002066922851077034,0.038188677653195224,0.006680301433164101,2,0,0,15,0.14022688720337295,0.00934845914689153,0.3565715832461357,0.6594812021229227,1.4068785900253113,0,0.14022688720337295,-0.11142611865014185
hitter,686527,Dominic Canzone,SEA,2,1,1,0.5,0.02860259898314632,-0.022600000000000002,0.02860259898314632,0.006002598983146319,0.01430129949157316,0.0030012994915731596,0.05878717510189091,-0.02099543878727378,1,0,0,12,0.15843219841680636,0.01320268320140053,0.3363720527186332,0.6270635630362371,1.381196521081139,0.15843219841680636,0,-0.12982959943366004
pitcher,640448,Kyle Finnegan,DET,3,3,0,1.0,0.02841508443382787,0.0,0.02841508443382787,0.02841508443382787,0.009471694811275957,0.009471694811275957,0.02841508443382787,0.4592361916474843,1,0,0,6,0.04704871028558773,0.00784145171426462,0.12387631036653501,0.6685592311670545,1.4359092592087588,0,0.04704871028558773,-0.018633625851759858
pitcher,621121,Lance McCullers Jr.,HOU,5,2,3,0.4,0.02835537500033336,-0.0678,0.02835537500033336,-0.039444624999666646,0.005671075000066672,-0.007888924999933329,0.06268771255853342,-0.27326324454102613,0,0,0,6,0.031045328099648606,0.005174221349941434,0.08347886238290292,0.6524302860629978,1.27676864770784,0,0.031045328099648606,-0.0026899530993152454
pitcher,669387,Carmen Mlodzinski,PIT,3,2,1,0.6666666666666666,0.028019639116605044,-0.022600000000000002,0.028019639116605044,0.005419639116605042,0.009339879705535015,0.0018065463722016807,0.03800044866536417,-0.04398423848902169,0,0,0,16,0.16923567479430698,0.010577229674644186,0.4263812432390557,0.5830887411262122,1.0517227233513913,0,0.16923567479430698,-0.14121603567770194
pitcher,661395,Jhoan Duran,PHI,2,2,0,1.0,0.02772640207964816,0.0,0.02772640207964816,0.02772640207964816,0.01386320103982408,0.01386320103982408,0.02772640207964816,0.25297565974340586,0,0,0,4,0.07642128897910909,0.019105322244777272,0.17036813218922137,0.5923683189394766,1.0763424629761447,0,0.07642128897910909,-0.04869488689946093
hitter,691720,Kyle Karros,COL,4,2,2,0.5,0.02752714894724611,-0.045200000000000004,0.02752714894724611,-0.017672851052753895,0.006881787236811527,-0.004418212763188474,0.1169994057918789,-0.11709736828196962,1,0,0,9,0.09633233479926352,0.010703592755473725,0.19104526246296433,0.725512208630057,1.6827477529221948,0.09633233479926352,0,-0.06880518585201742
hitter,609280,Miguel Andujar,SD,1,1,0,1.0,0.027220182491191208,0.0,0.027220182491191208,0.027220182491191208,0.027220182491191208,0.027220182491191208,0.027220182491191208,0.260987244009532,0,0,0,3,0.024458078960054842,0.008152692986684947,0.03598061398591851,0.8357598094753284,2.384801978788576,0.024458078960054842,0,0.002762103531136366
pitcher,688642,Zach Agnos,COL,4,2,2,0.5,0.026981818453065798,-0.045200000000000004,0.026981818453065798,-0.018218181546934206,0.0067454546132664495,-0.0045545453867335516,0.03681243840520029,-0.18093942735482704,0,0,0,1,0.0022881577390530157,0.0022881577390530157,0.010271326851564289,0.6299175675448839,1.1488973958107618,0,0.0022881577390530157,0.024693660714012782
pitcher,642528,Jonathan Loaisiga,AZ,1,1,0,1.0,0.026925079297819954,0.0,0.026925079297819954,0.026925079297819954,0.026925079297819954,0.026925079297819954,0.026925079297819954,0.11069733020311845,0,0,0,5,0.04120201460059718,0.008240402920119436,0.11981411791345398,0.6098097639305743,1.0994331426360713,0,0.04120201460059718,-0.014276935302777224
hitter,686555,Isaac Collins,KC,4,1,3,0.25,0.026844983947960865,-0.0678,0.026844983947960865,-0.04095501605203914,0.006711245986990216,-0.010238754013009785,0.08549851922630017,-0.36329030572856935,1,0,2,17,0.11249606026038626,0.0066174153094344865,0.308647045803987,0.6669491594910202,1.4685388230221725,0.11249606026038626,0,-0.0856510763124254
hitter,694208,Moises Ballesteros,CHC,3,2,1,0.6666666666666666,0.026123114485272214,-0.022600000000000002,0.026123114485272214,0.003523114485272212,0.00870770482842407,0.0011743714950907373,0.03886251627071241,0.0005595304958845859,1,0,0,6,0.045398052360900346,0.007566342060150058,0.0748574691033952,0.8108134410703888,2.322718729863233,0.045398052360900346,0,-0.01927493787562813
pitcher,621111,Walker Buehler,SD,4,3,1,0.75,0.026085514582782576,-0.022600000000000002,0.026085514582782576,0.0034855145827825743,0.006521378645695644,0.0008713786456956436,0.04642605376415121,-0.0018052248372813356,0,0,0,14,0.12561488206081872,0.008972491575772765,0.30031325797349745,0.6476304714997313,1.328581046575518,0,0.12561488206081872,-0.09952936747803615
pitcher,640455,Sean Manaea,NYM,3,3,0,1.0,0.025937969073537483,0.0,0.025937969073537483,0.025937969073537483,0.00864598969117916,0.00864598969117916,0.025937969073537483,0.5219481389161319,2,0,0,21,0.19813936117479905,0.009435207674990431,0.4260349605230038,0.6888668964857265,1.4518063176380998,0,0.19813936117479905,-0.17220139210126156
pitcher,625643,Reynaldo Lopez,ATL,4,2,2,0.5,0.02588585441242408,-0.045200000000000004,0.02588585441242408,-0.019314145587575923,0.00647146360310602,-0.004828536396893981,0.04197973547712869,0.3864988085093214,2,1,0,11,0.10601882429721532,0.009638074936110484,0.3562802781939435,0.5151755484568499,0.8483194373756369,0,0.10601882429721532,-0.08013296988479124
pitcher,673929,Jordan Leasure,CWS,4,1,3,0.25,0.02543913627310601,-0.0678,0.02543913627310601,-0.042360863726893995,0.006359784068276503,-0.010590215931723499,0.06608335753016237,-0.2456167458580725,1,0,1,4,0.016348307582913373,0.004087076895728343,0.14573596891643464,0.4704893475338409,0.6519233162540843,0,0.016348307582913373,0.009090828690192638
pitcher,608331,Max Fried,NYY,6,4,2,0.6666666666666666,0.02521425357847845,-0.045200000000000004,0.02521425357847845,-0.019985746421521552,0.0042023755964130756,-0.0033309577369202586,0.06987794782726559,-0.22689051334234117,0,0,0,11,0.052820495303664956,0.0048018632094240865,0.16102025131178954,0.7217509928088159,1.7483501813828228,0,0.052820495303664956,-0.027606241725186505
pitcher,669276,Dylan Lee,ATL,1,1,0,1.0,0.02484817742218748,0.0,0.02484817742218748,0.02484817742218748,0.02484817742218748,0.02484817742218748,0.02484817742218748,0.42876497714340145,1,1,0,10,0.17583143266785406,0.017583143266785405,0.37974013138089524,0.6055521500940813,1.1135540686426677,0,0.17583143266785406,-0.15098325524566658
pitcher,527048,Martin Perez,ATL,3,3,0,1.0,0.02479644179430124,0.0,0.02479644179430124,0.02479644179430124,0.008265480598100413,0.008265480598100413,0.02479644179430124,0.5496571025605647,1,0,0,15,0.1042571109628996,0.006950474064193306,0.36281907197504987,0.5900470975611325,1.087438669124372,0,0.1042571109628996,-0.07946066916859836
pitcher,669022,MacKenzie Gore,TEX,2,1,1,0.5,0.024461485459188248,-0.022600000000000002,0.024461485459188248,0.001861485459188246,0.012230742729594124,0.000930742729594123,0.06279534336825054,0.07518564350488086,0,0,0,20,0.1786801890486101,0.008934009452430506,0.6555068850859149,0.5017735707822959,0.7856832003589106,0,0.1786801890486101,-0.15421870358942186
fielder_challenger,676282,Joey Cantillo,CLE,1,1,0,1.0,0.024242822876861303,0.0,0.024242822876861303,0.024242822876861303,0.024242822876861303,0.024242822876861303,0.024242822876861303,0.19421281707681437,0,0,0,0,0.0,0.0,0.0,0.0,0.0,0.0,0.0,0.024242822876861303
hitter,676475,Alec Burleson,STL,2,2,0,1.0,0.024188591052315078,0.0,0.024188591052315078,0.024188591052315078,0.012094295526157539,0.012094295526157539,0.024188591052315078,0.0987707163958112,0,0,0,18,0.09236648425478769,0.005131471347488205,0.24440320736094207,0.7128261916351684,1.6911577266934614,0.09236648425478769,0,-0.06817789320247261
pitcher,607200,Erick Fedde,CWS,2,2,0,1.0,0.02399781428314679,0.0,0.02399781428314679,0.02399781428314679,0.011998907141573395,0.011998907141573395,0.02399781428314679,0.1331175012444073,0,0,0,11,0.08750877506268658,0.007955343187516962,0.25880572513052846,0.671380211523032,1.3439467303761359,0,0.08750877506268658,-0.06351096077953979
hitter,623168,Tyler Heineman,TOR,1,1,0,1.0,0.023950469184746054,0.0,0.023950469184746054,0.023950469184746054,0.023950469184746054,0.023950469184746054,0.023950469184746054,0.07518640109802421,0,0,0,0,0.0,0.0,0.0,0.0,0.0,0.0,0.0,0.023950469184746054
hitter,621566,Matt Olson,ATL,5,1,4,0.2,0.023947535195629754,-0.09040000000000001,0.023947535195629754,-0.06645246480437025,0.004789507039125951,-0.013290492960874051,0.07248415234712612,-0.7828235104442918,0,0,2,2,0.011153008369470646,0.005576504184735323,0.030581167320763908,0.6255424456980665,1.170766676766525,0.011153008369470646,0,0.012794526826159109
pitcher,656730,Trevor Megill,MIL,3,1,2,0.3333333333333333,0.023939648210125286,-0.045200000000000004,0.023939648210125286,-0.021260351789874718,0.00797988273670843,-0.007086783929958239,0.02605577940031123,-0.3768135989019758,0,0,2,10,0.12402178045891885,0.012402178045891884,0.38642241538338085,0.5824528290427926,1.0491659355302794,0,0.12402178045891885,-0.10008213224879356
pitcher,656427,Jack Flaherty,DET,1,1,0,1.0,0.02387517354110469,0.0,0.02387517354110469,0.02387517354110469,0.02387517354110469,0.02387517354110469,0.02387517354110469,0.34764760751143864,0,1,0,10,0.09563099454854314,0.009563099454854314,0.25186359733911945,0.5838869049089004,1.0513754746644104,0,0.09563099454854314,-0.07175582100743845
hitter,650402,Gleyber Torres,DET,4,2,2,0.5,0.023589682728781314,-0.045200000000000004,0.023589682728781314,-0.02161031727121869,0.0058974206821953284,-0.005402579317804673,0.05772937596681191,-0.24304784426143738,1,0,2,20,0.1955431318769688,0.009777156593848441,0.3905973306784875,0.7392990645682592,1.709332848035735,0.1955431318769688,0,-0.1719534491481875
hitter,682626,Francisco Alvarez,NYM,2,2,0,1.0,0.02349215113596742,0.0,0.02349215113596742,0.02349215113596742,0.01174607556798371,0.01174607556798371,0.02349215113596742,0.1681015336936154,0,0,0,8,0.06087238870162463,0.007609048587703079,0.21041628580279192,0.577149786793834,1.0634201815906872,0.06087238870162463,0,-0.03738023756565721
pitcher,605280,Clay Holmes,NYM,4,2,2,0.5,0.02329376812898848,-0.045200000000000004,0.02329376812898848,-0.021906231871011525,0.00582344203224712,-0.005476557967752881,0.049131786278970635,-0.2176381815982253,0,0,0,8,0.1970021620817482,0.024625270260218525,0.33988071138522014,0.6862291127279109,1.5560913159928245,0,0.1970021620817482,-0.17370839395275972
pitcher,676755,Isaac Mattson,PIT,1,1,0,1.0,0.023254533452546355,0.0,0.023254533452546355,0.023254533452546355,0.023254533452546355,0.023254533452546355,0.023254533452546355,0.16006391798775765,1,0,0,1,0.004819679775386083,0.004819679775386083,0.0195979136497611,0.5217077100450347,0.815164093306429,0,0.004819679775386083,0.018434853677160273
pitcher,681517,Kyle Leahy,STL,3,2,1,0.6666666666666666,0.023211532263285706,-0.022600000000000002,0.023211532263285706,0.0006115322632857037,0.0077371774210952355,0.00020384408776190124,0.06759869323064488,-0.01463538052810695,0,0,0,14,0.10942377670772871,0.00781598405055205,0.25800204270514243,0.671111786273405,1.3962385642992756,0,0.10942377670772871,-0.086212244444443
hitter,596115,Trevor Story,BOS,2,2,0,1.0,0.02308309647797724,0.0,0.02308309647797724,0.02308309647797724,0.01154154823898862,0.01154154823898862,0.02308309647797724,0.4706970080821767,1,0,0,3,0.0235474370786021,0.007849145692867368,0.06909310564251198,0.6396509360889101,1.2152893831151625,0.0235474370786021,0,-0.00046434060062486293
pitcher,683175,Connor Phillips,CIN,2,1,1,0.5,0.022972757720060022,-0.022600000000000002,0.022972757720060022,0.0003727577200600199,0.011486378860030011,0.00018637886003000995,0.025914172984732753,-0.11429964717798594,0,0,0,4,0.03369448933196256,0.00842362233299064,0.10513497983618414,0.635523830078535,1.7760154400608614,0,0.03369448933196256,-0.01072173161190254
pitcher,472610,Luis Garcia,NYM,1,1,0,1.0,0.02288153310562202,0.0,0.02288153310562202,0.02288153310562202,0.02288153310562202,0.02288153310562202,0.02288153310562202,0.07921670836127803,0,0,0,1,0.0073401543304951675,0.0073401543304951675,0.009322571743021757,0.9378991946988123,2.7861626386684324,0,0.0073401543304951675,0.015541378775126853
pitcher,677865,Justin Bruihl,STL,3,2,1,0.6666666666666666,0.02276664382225052,-0.022600000000000002,0.02276664382225052,0.00016664382225051871,0.007588881274083507,5.554794075017291e-05,0.0668247594023032,-0.07562719780395158,0,0,0,11,0.07796287972404231,0.007087534520367483,0.22907316543810666,0.5987686850363141,1.2113418266691227,0,0.07796287972404231,-0.05519623590179179
hitter,673357,Luis Robert Jr.,NYM,5,2,3,0.4,0.022710503483285627,-0.0678,0.022710503483285627,-0.04508949651671438,0.0045421006966571255,-0.009017899303342876,0.21940033484623583,-0.41767276754356875,0,0,1,6,0.04902169738834457,0.008170282898057428,0.11027022247943957,0.6733340819486613,1.4049017373319443,0.04902169738834457,0,-0.02631119390505894
hitter,665833,Oneil Cruz,PIT,4,1,3,0.25,0.02269305249300846,-0.0678,0.02269305249300846,-0.04510694750699155,0.005673263123252115,-0.011276736876747887,0.07445389122538587,-0.537310185358784,1,0,0,9,0.055577998881833464,0.006175333209092607,0.15245992043308576,0.6579781001055208,1.559844641660811,0.055577998881833464,0,-0.032884946388825005
hitter,657041,Lane Thomas,KC,2,2,0,1.0,0.02264826338876598,0.0,0.02264826338876598,0.02264826338876598,0.01132413169438299,0.01132413169438299,0.02264826338876598,0.16243653699362814,0,0,0,8,0.05265342617804396,0.006581678272255495,0.1640192818634255,0.6469819082501027,1.2664895498956799,0.05265342617804396,0,-0.030005162789277978
pitcher,656945,Tanner Scott,LAD,3,3,0,1.0,0.022516143617297715,0.0,0.022516143617297715,0.022516143617297715,0.007505381205765905,0.007505381205765905,0.022516143617297715,0.26725235069055436,0,0,0,10,0.14653948553359997,0.014653948553359997,0.3133340744724993,0.6454169124204634,1.2868607476912828,0,0.14653948553359997,-0.12402334191630225
pitcher,688158,David Morgan,SD,4,2,2,0.5,0.022505667956496445,-0.045200000000000004,0.022505667956496445,-0.02269433204350356,0.005626416989124111,-0.00567358301087589,0.028936698365933808,-0.14365121813497683,0,1,1,0,0.0,0.0,0.0,0.0,0.0,0.0,0.0,0.022505667956496445
hitter,624585,Jorge Soler,LAA,2,1,1,0.5,0.022439976980406673,-0.022600000000000002,0.022439976980406673,-0.00016002301959332915,0.011219988490203336,-8.001150979666458e-05,0.024920797575892828,0.0026627399825109033,1,1,0,1,0.01621773583296261,0.01621773583296261,0.023434231171023057,0.7922367907748368,1.7538459835161362,0.01621773583296261,0,0.006222241147444064
hitter,641355,Cody Bellinger,NYY,5,1,4,0.2,0.022260459119246345,-0.09040000000000001,0.022260459119246345,-0.06813954088075366,0.004452091823849269,-0.013627908176150732,0.0980374437824465,-0.5479196730595891,1,0,2,5,0.12530416958847604,0.02506083391769521,0.17369937153526105,0.8461356986068846,2.1140194109382953,0.12530416958847604,0,-0.1030437104692297
hitter,670764,Taylor Walls,TB,3,1,2,0.3333333333333333,0.022244296833886068,-0.045200000000000004,0.022244296833886068,-0.022955703166113936,0.007414765611295356,-0.007651901055371312,0.21221000528053818,-0.24925118606776814,0,0,0,7,0.09064650616542196,0.012949500880774565,0.2350740914439822,0.6628835750716204,1.4796729484923914,0.09064650616542196,0,-0.06840220933153589
pitcher,547179,Michael Lorenzen,COL,5,3,2,0.6,0.021872187904157514,-0.045200000000000004,0.021872187904157514,-0.02332781209584249,0.004374437580831503,-0.004665562419168498,0.04052261798453444,-0.23073866036201945,0,0,0,15,0.11317540045360608,0.007545026696907072,0.34666694926141345,0.5539776412962444,0.9330543372285504,0,0.11317540045360608,-0.09130321254944856
pitcher,664208,Phil Maton,CHC,3,1,2,0.3333333333333333,0.021711244955208875,-0.045200000000000004,0.021711244955208875,-0.02348875504479113,0.007237081651736292,-0.007829585014930376,0.049850167687441355,-0.25062011135337997,0,0,0,2,0.03182298899213199,0.015911494496065996,0.09171648875143074,0.49722907132559147,0.7414483902860498,0,0.03182298899213199,-0.010111744036923116
pitcher,594798,Jacob deGrom,TEX,3,2,1,0.6666666666666666,0.021693825601878935,-0.022600000000000002,0.021693825601878935,-0.0009061743981210665,0.007231275200626312,-0.0003020581327070222,0.05673565148080373,-0.008236618259148468,1,0,0,17,0.08593176725495442,0.005054809838526731,0.2599762780094317,0.6693899755713378,1.4320893332251243,0,0.08593176725495442,-0.06423794165307549
hitter,596103,Austin Slater,MIA,1,1,0,1.0,0.021550320313019844,0.0,0.021550320313019844,0.021550320313019844,0.021550320313019844,0.021550320313019844,0.021550320313019844,0.2380528319575802,0,1,0,3,0.024099110484743308,0.00803303682824777,0.04673809634533016,0.717999505648006,1.4566736133874187,0.024099110484743308,0,-0.002548790171723464
pitcher,607481,Aaron Bummer,ATL,3,2,1,0.6666666666666666,0.021468018645150355,-0.022600000000000002,0.021468018645150355,-0.0011319813548496468,0.007156006215050119,-0.00037732711828321563,0.03290615545030695,0.0032817567922664714,1,0,0,1,0.001898836940118779,0.001898836940118779,0.01329609033386736,0.6824931827465494,1.3239399364446287,0,0.001898836940118779,0.019569181705031576
fielder_challenger,641555,J.C. Escarra,NYY,6,5,1,0.8333333333333334,0.021432805363322503,-0.022600000000000002,0.021432805363322503,-0.0011671946366774988,0.003572134227220417,-0.0001945324394462498,0.021033730433461482,0.3499725974030253,0,0,1,0,0.0,0.0,0.0,0.0,0.0,0.0,0.0,0.021432805363322503
hitter,678489,Jorge Barrosa,AZ,3,1,2,0.3333333333333333,0.021426393749341098,-0.045200000000000004,0.021426393749341098,-0.023773606250658906,0.007142131249780366,-0.007924535416886301,0.04750373222341126,-0.3647498641043961,0,0,1,10,0.09491644843452844,0.009491644843452844,0.19238084689000617,0.7151272854515407,1.7424520924012872,0.09491644843452844,0,-0.07349005468518735
hitter,621438,Tyrone Taylor,NYM,1,1,0,1.0,0.021375133890427528,0.0,0.021375133890427528,0.021375133890427528,0.021375133890427528,0.021375133890427528,0.021375133890427528,0.06553067333393063,0,0,0,2,0.00654591711933863,0.003272958559669315,0.018196333883285593,0.760988159771009,1.674140682541252,0.00654591711933863,0,0.014829216771088897
hitter,664761,Alec Bohm,PHI,3,2,1,0.6666666666666666,0.021021809238723793,-0.022600000000000002,0.021021809238723793,-0.0015781907612762089,0.007007269746241264,-0.0005260635870920696,0.02126479687839633,-0.05247220831716558,0,0,0,9,0.05673270324829268,0.0063036336942547426,0.13784663884323028,0.6819455707189752,1.4709949815405372,0.05673270324829268,0,-0.03571089400956889
pitcher,685801,Hunter Bigge,TB,2,2,0,1.0,0.020878437106138015,0.0,0.020878437106138015,0.020878437106138015,0.010439218553069007,0.010439218553069007,0.020878437106138015,0.2068433758594282,0,0,0,5,0.036977535801211825,0.007395507160242365,0.2556037459540227,0.40180594592901364,0.43548301089824404,0,0.036977535801211825,-0.01609909869507381
hitter,666310,Bo Naylor,CLE,2,1,1,0.5,0.02082619563202237,-0.022600000000000002,0.02082619563202237,-0.0017738043679776314,0.010413097816011185,-0.0008869021839888157,0.042867797372548644,-0.01682513670739219,0,0,0,3,0.015710825981843028,0.005236941993947676,0.04659300737447167,0.684263962126647,1.7235303076530402,0.015710825981843028,0,0.0051153696501793425
pitcher,596001,Jakob Junis,TEX,2,1,1,0.5,0.02080686373029783,-0.022600000000000002,0.02080686373029783,-0.001793136269702171,0.010403431865148915,-0.0008965681348510855,0.02598205698627025,-0.024771401737799376,1,0,1,6,0.04058845455312248,0.006764742425520414,0.17389648585053263,0.4711034213525105,0.6684312232443647,0,0.04058845455312248,-0.01978159082282465
hitter,677942,Blaze Alexander,BAL,2,1,1,0.5,0.02054288970904372,-0.022600000000000002,0.02054288970904372,-0.002057110290956281,0.01027144485452186,-0.0010285551454781404,0.02566126090537857,-0.02099543878727378,1,0,1,8,0.08174830228534145,0.010218537785667682,0.11373572684944573,0.8435838176024073,2.1640230238487037,0.08174830228534145,0,-0.06120541257629773
pitcher,676617,Riley O'Brien,STL,3,1,2,0.3333333333333333,0.02049424545455092,-0.045200000000000004,0.02049424545455092,-0.024705754545449085,0.006831415151516973,-0.008235251515149694,0.11559785265687855,-0.3719680410061212,0,0,1,2,0.013554008401173462,0.006777004200586731,0.06293780030731355,0.4226862745428615,0.5161564405047876,0,0.013554008401173462,0.006940237053377457
pitcher,695505,Chase Burns,CIN,1,1,0,1.0,0.020468529320079587,0.0,0.020468529320079587,0.020468529320079587,0.020468529320079587,0.020468529320079587,0.020468529320079587,0.12247644803822733,1,0,0,17,0.10244870963282192,0.006026394684283642,0.2859794616468938,0.658247584731547,1.3912249368267486,0,0.10244870963282192,-0.08198018031274233
hitter,702284,Cole Young,SEA,3,1,2,0.3333333333333333,0.020243147911135295,-0.045200000000000004,0.020243147911135295,-0.02495685208886471,0.006747715970378432,-0.008318950696288236,0.08811683861253214,-0.23650727826512336,0,1,1,21,0.1883370223485857,0.008968429635646938,0.49972504447138677,0.6115453922927576,1.1872428076955328,0.1883370223485857,0,-0.1680938744374504
pitcher,641401,Connor Brogdon,CLE,1,1,0,1.0,0.020219439283328255,0.0,0.020219439283328255,0.020219439283328255,0.020219439283328255,0.020219439283328255,0.020219439283328255,0.3473588040092941,1,0,0,0,0.0,0.0,0.0,0.0,0.0,0.0,0.0,0.020219439283328255
pitcher,669084,DL Hall,MIL,3,2,1,0.6666666666666666,0.019960176594486116,-0.022600000000000002,0.019960176594486116,-0.002639823405513887,0.006653392198162039,-0.0008799411351712957,0.03326238018236132,-0.06851531872158859,0,0,1,7,0.05427675044161794,0.007753821491659706,0.16862908539034432,0.6389968309252075,1.3119466519710532,0,0.05427675044161794,-0.034316573847131826
pitcher,623437,Justin Topa,MIN,5,2,3,0.4,0.019842494458864865,-0.0678,0.019842494458864865,-0.04795750554113514,0.003968498891772973,-0.009591501108227029,0.06536132152812335,-0.3463486886691649,1,0,1,3,0.012321325704443827,0.004107108568147943,0.041830686963164276,0.6844518587882563,1.445885959137519,0,0.012321325704443827,0.007521168754421038
pitcher,656271,Brock Burke,CIN,3,2,1,0.6666666666666666,0.01979614853081063,-0.022600000000000002,0.01979614853081063,-0.002803851469189371,0.006598716176936877,-0.000934617156396457,0.06189638788218965,0.228826289209182,1,0,0,11,0.1207387205127736,0.010976247319343053,0.2615231153660261,0.6588933175650781,1.4139718078687098,0,0.1207387205127736,-0.10094257198196296
pitcher,621381,Matt Strahm,KC,2,1,1,0.5,0.01978761471849433,-0.022600000000000002,0.01978761471849433,-0.0028123852815056735,0.009893807359247164,-0.0014061926407528368,0.039332698779616954,-0.1500200164877267,0,0,0,3,0.06954875087908204,0.023182916959694013,0.2634039244247091,0.6597660026139679,1.6764094686980036,0,0.06954875087908204,-0.04976113616058771
pitcher,667297,Tommy Nance,TOR,2,2,0,1.0,0.019665133563394804,0.0,0.019665133563394804,0.019665133563394804,0.009832566781697402,0.009832566781697402,0.019665133563394804,0.4033819211773765,1,0,0,1,0.010468548788342592,0.010468548788342592,0.017498163269278,0.755900596326064,1.597750760066548,0,0.010468548788342592,0.009196584775052212
hitter,667472,Dane Myers,CIN,6,1,5,0.16666666666666666,0.019534145800278457,-0.11300000000000002,0.019534145800278457,-0.09346585419972156,0.0032556909667130762,-0.01557764236662026,0.2050200339587604,-0.9921088480178684,0,0,4,10,0.05261560936664429,0.005261560936664429,0.09318471076459,0.8125279552562337,2.026372824466965,0.05261560936664429,0,-0.033081463566365835
hitter,805300,Jakob Marsee,MIA,3,1,2,0.3333333333333333,0.01939565975704083,-0.045200000000000004,0.01939565975704083,-0.025804340242959176,0.0064652199190136095,-0.008601446747653058,0.08591148817161365,-0.25778718292318564,0,0,2,16,0.12935576668862545,0.00808473541803909,0.30008856290479685,0.7042326564314827,1.5499228298217869,0.12935576668862545,0,-0.10996010693158462
hitter,669003,Garrett Mitchell,MIL,2,1,1,0.5,0.01939565975704083,-0.022600000000000002,0.01939565975704083,-0.0032043402429591736,0.009697829878520414,-0.0016021701214795868,0.033594287606747986,-0.031787182923185636,0,0,0,13,0.13365983419480273,0.010281525707292518,0.28797095274046147,0.7269552205724756,1.7163538718910956,0.13365983419480273,0,-0.1142641744377619
pitcher,677960,Ryan Weathers,NYY,4,2,2,0.5,0.01938326399840115,-0.045200000000000004,0.01938326399840115,-0.025816736001598853,0.004845815999600288,-0.006454184000399713,0.06314866882569833,-0.15265980154008968,0,0,0,17,0.10721465230234037,0.006306744253078846,0.3036823069394502,0.6339890023306255,1.250474942390589,0,0.10721465230234037,-0.08783138830393922
pitcher,519242,Chris Sale,ATL,4,2,2,0.5,0.01927013727150939,-0.045200000000000004,0.01927013727150939,-0.025929862728490613,0.004817534317877348,-0.006482465682122653,0.052395021977000744,-0.2939547643234226,0,0,1,14,0.07824669818823804,0.005589049870588432,0.27280029166862263,0.6508710543846112,1.3476339127532884,0,0.07824669818823804,-0.05897656091672865
pitcher,691799,Grant Taylor,CWS,2,1,1,0.5,0.019226415220817805,-0.022600000000000002,0.019226415220817805,-0.003373584779182197,0.009613207610408903,-0.0016867923895910984,0.05572998968348786,-0.12250157394538017,0,0,0,9,0.10856333537572659,0.012062592819525176,0.2758099531484998,0.5833470175626461,1.1522983405531244,0,0.10856333537572659,-0.08933692015490878
pitcher,676106,Emerson Hancock,SEA,1,1,0,1.0,0.019214904538919164,0.0,0.019214904538919164,0.019214904538919164,0.019214904538919164,0.019214904538919164,0.019214904538919164,0.2732244094560669,0,0,0,13,0.05093977103558227,0.003918443925814021,0.20056765393357512,0.6218293388686843,1.1732883807732843,0,0.05093977103558227,-0.031724866496663104
hitter,804606,Konnor Griffin,PIT,4,2,2,0.5,0.01908341801753553,-0.045200000000000004,0.01908341801753553,-0.026116581982464474,0.0047708545043838825,-0.0065291454956161185,0.14020193329930267,0.08565829598643293,1,0,1,3,0.020559859251798394,0.0068532864172661315,0.06175005331959138,0.6308372285296411,1.2014220210532103,0.020559859251798394,0,-0.0014764412342628645
pitcher,668941,JoJo Romero,STL,1,1,0,1.0,0.01907640391022314,0.0,0.01907640391022314,0.01907640391022314,0.01907640391022314,0.01907640391022314,0.01907640391022314,0.12958634470000086,0,0,0,5,0.06525755236863101,0.013051510473726203,0.15238312856848657,0.5999100212460006,1.2358732151235678,0,0.06525755236863101,-0.04618114845840787
hitter,678882,Ceddanne Rafaela,BOS,3,2,1,0.6666666666666666,0.018914862629902385,-0.022600000000000002,0.018914862629902385,-0.0036851373700976173,0.006304954209967462,-0.0012283791233658724,0.026035762460917045,0.09405963034108597,0,0,0,7,0.05144331870646715,0.007349045529495307,0.09621540186145788,0.7709963466031258,1.7951929278753327,0.05144331870646715,0,-0.032528456076564766
hitter,673962,Josh Jung,TEX,3,1,2,0.3333333333333333,0.01880112771120418,-0.045200000000000004,0.01880112771120418,-0.026398872288795824,0.006267042570401393,-0.008799624096265274,0.1248124113037325,-0.31131018535878396,1,0,0,8,0.05822842199269589,0.007278552749086987,0.1373517916909174,0.7132403719909153,1.7089964654264533,0.05822842199269589,0,-0.039427294281491714
hitter,519317,Giancarlo Stanton,NYY,1,1,0,1.0,0.01880112771120418,0.0,0.01880112771120418,0.01880112771120418,0.01880112771120418,0.01880112771120418,0.01880112771120418,0.14068981464121602,1,0,0,1,0.03672600896769146,0.03672600896769146,0.06974897813142827,0.6424111037077257,1.1893833412712338,0.03672600896769146,0,-0.01792488125648728
pitcher,678906,Kai-Wei Teng,HOU,4,1,3,0.25,0.018768404766112634,-0.0678,0.018768404766112634,-0.04903159523388737,0.0046921011915281585,-0.012257898808471843,0.14079419375326302,-0.4729954387872738,1,0,0,13,0.09911833139427424,0.007624487030328788,0.2236880552382201,0.7129537151846304,1.6090114017918973,0,0.09911833139427424,-0.08034992662816161
hitter,647304,Josh Naylor,SEA,6,2,4,0.3333333333333333,0.018525541601949296,-0.09040000000000001,0.018525541601949296,-0.0718744583980507,0.0030875902669915494,-0.011979076399675118,0.05500426564905347,-0.6561783000561929,0,1,1,7,0.06582064893630667,0.00940294984804381,0.14184654844213201,0.7707075349820264,2.077315526127527,0.06582064893630667,0,-0.04729510733435737
pitcher,667463,John King,MIA,3,2,1,0.6666666666666666,0.01832770572693737,-0.022600000000000002,0.01832770572693737,-0.004272294273062631,0.006109235242312457,-0.001424098091020877,0.020280140633827666,-0.04278200770607435,0,0,1,4,0.031830206928215345,0.007957551732053836,0.07488036601114184,0.6278894075373596,1.1651629920468016,0,0.031830206928215345,-0.013502501201277974
fielder_challenger,666200,Jesus Luzardo,PHI,1,1,0,1.0,0.018315953794423523,0.0,0.018315953794423523,0.018315953794423523,0.018315953794423523,0.018315953794423523,0.018315953794423523,0.10618629194428358,0,1,0,0,0.0,0.0,0.0,0.0,0.0,0.0,0.0,0.018315953794423523
pitcher,669062,Erik Miller,SF,3,2,1,0.6666666666666666,0.018312256335698995,-0.022600000000000002,0.018312256335698995,-0.004287743664301007,0.0061040854452329985,-0.0014292478881003355,0.01912079222963955,-0.05866318823510208,0,0,1,5,0.022625576811305254,0.004525115362261051,0.07681440804781893,0.681113631429055,1.5700716218848936,0,0.022625576811305254,-0.004313320475606258
catcher,687221,Dalton Rushing,LAD,7,3,4,0.42857142857142855,0.01826291670895208,-0.09040000000000001,0.01826291670895208,-0.07213708329104793,0.002608988101278869,-0.010305297613006846,0.08885213927642122,-0.766569419374987,0,0,0,0,0.0,0.0,0.0,0.0,0.0,0.0,0.0,0.01826291670895208
hitter,673548,Seiya Suzuki,CHC,4,3,1,0.75,0.018255285676479105,-0.022600000000000002,0.018255285676479105,-0.004344714323520897,0.004563821419119776,-0.0010861785808802243,0.049488553752382425,0.32601882587527153,1,0,0,12,0.08062849485551078,0.0067190412379592316,0.3175962324744866,0.5808611469675498,1.1007890497978514,0.08062849485551078,0,-0.06237320917903168
hitter,666181,Will Benson,CIN,2,2,0,1.0,0.018242254850429296,0.0,0.018242254850429296,0.018242254850429296,0.009121127425214648,0.009121127425214648,0.018242254850429296,0.24519866478784524,0,1,0,1,0.005128548590760485,0.005128548590760485,0.014888610154447979,0.6273165507399099,1.140541410764531,0.005128548590760485,0,0.01311370625966881
pitcher,695076,Rhett Lowder,CIN,1,1,0,1.0,0.018004530030381438,0.0,0.018004530030381438,0.018004530030381438,0.018004530030381438,0.018004530030381438,0.018004530030381438,0.2237604159306752,0,1,0,17,0.11121599499726771,0.006542117352780453,0.33230640560187824,0.6336428294848147,1.2889858232180795,0,0.11121599499726771,-0.09321146496688627
pitcher,680767,Victor Vodnik,COL,2,2,0,1.0,0.01792302944583671,0.0,0.01792302944583671,0.01792302944583671,0.008961514722918356,0.008961514722918356,0.01792302944583671,0.33515267291227513,1,0,0,3,0.011944746666639933,0.003981582222213311,0.1044956430272157,0.37459702646370846,0.361576391297183,0,0.011944746666639933,0.005978282779196778
pitcher,676979,Garrett Crochet,BOS,3,2,1,0.6666666666666666,0.017655115445436576,-0.022600000000000002,0.017655115445436576,-0.0049448845545634265,0.005885038481812192,-0.0016482948515211422,0.04196966638212846,0.013425612568019302,1,0,0,2,0.019220774796357424,0.009610387398178712,0.02416774352042389,0.8954644351487342,2.384337302080813,0,0.019220774796357424,-0.0015656593509208484
hitter,676356,Jonny DeLuca,TB,1,1,0,1.0,0.017616722703193477,0.0,0.017616722703193477,0.017616722703193477,0.017616722703193477,0.017616722703193477,0.017616722703193477,0.125684121386349,0,0,0,9,0.0388688542350223,0.004318761581669144,0.12895612698983633,0.6896410550523415,1.556370237770584,0.0388688542350223,0,-0.021252131531828825
hitter,672016,Denzel Clarke,ATH,2,1,1,0.5,0.017591343349989907,-0.022600000000000002,0.017591343349989907,-0.005008656650010095,0.008795671674994954,-0.0025043283250050473,0.02192294540368589,-0.046198646743863564,0,0,0,1,0.007242678514076506,0.007242678514076506,0.009071541172502418,0.9102246294014065,2.4872855597697203,0.007242678514076506,0,0.010348664835913401
pitcher,696149,Bubba Chandler,PIT,2,2,0,1.0,0.01758992943669835,0.0,0.01758992943669835,0.01758992943669835,0.008794964718349174,0.008794964718349174,0.01758992943669835,0.1919715235328,0,1,0,20,0.13102478082483035,0.0065512390412415175,0.4594355280628231,0.6156601627815526,1.2844066155722684,0,0.13102478082483035,-0.113434851388132
pitcher,622554,Seranthony Dominguez,CWS,5,1,4,0.2,0.017462183616016674,-0.09040000000000001,0.017462183616016674,-0.07293781638398333,0.0034924367232033347,-0.014587563276796667,0.19370952346558987,-0.7908071083668432,0,0,3,6,0.06472235468469839,0.010787059114116399,0.22705809303932642,0.5362275630302918,1.0311028488585283,0,0.06472235468469839,-0.04726017106868172
catcher,691011,Drew Romo,CWS,3,1,2,0.3333333333333333,0.017462183616016674,-0.045200000000000004,0.017462183616016674,-0.02773781638398333,0.005820727872005558,-0.00924593879466111,0.03762085995328182,-0.3388071083668432,0,0,1,0,0.0,0.0,0.0,0.0,0.0,0.0,0.0,0.017462183616016674
fielder_challenger,691011,Drew Romo,CWS,3,1,2,0.3333333333333333,0.017462183616016674,-0.045200000000000004,0.017462183616016674,-0.02773781638398333,0.005820727872005558,-0.00924593879466111,0.03762085995328182,-0.3388071083668432,0,0,1,0,0.0,0.0,0.0,0.0,0.0,0.0,0.0,0.017462183616016674
pitcher,680736,Justin Wrobleski,LAD,3,2,1,0.6666666666666666,0.01734954268613742,-0.022600000000000002,0.01734954268613742,-0.005250457313862582,0.00578318089537914,-0.001750152437954194,0.0352368975384586,-0.045206964092536245,0,0,0,27,0.17439632853534437,0.006459123279086828,0.42213342804881787,0.68971454344793,1.4778176978299493,0,0.17439632853534437,-0.15704678584920695
hitter,681297,Colton Cowser,BAL,2,2,0,1.0,0.01711221746296659,0.0,0.01711221746296659,0.01711221746296659,0.008556108731483296,0.008556108731483296,0.01711221746296659,0.19104860139079036,1,0,0,7,0.04747871395939591,0.006782673422770844,0.11809335527205764,0.6755947056678709,1.5519483828109615,0.04747871395939591,0,-0.030366496496429318
pitcher,607067,Colin Rea,CHC,3,3,0,1.0,0.017067903561587383,0.0,0.017067903561587383,0.017067903561587383,0.005689301187195794,0.005689301187195794,0.017067903561587383,0.19738770080895435,0,0,0,14,0.14405532970906082,0.010289666407790058,0.3445696092180497,0.6182779621626847,1.1550189853888921,0,0.14405532970906082,-0.12698742614747344
pitcher,676534,Calvin Faucher,MIA,4,1,3,0.25,0.017041003820392198,-0.0678,0.017041003820392198,-0.05075899617960781,0.004260250955098049,-0.012689749044901952,0.27735868955417664,-0.5334065282564778,0,0,1,2,0.014437828955888892,0.007218914477944446,0.024051369547728685,0.789188659731116,1.7776241958849577,0,0.014437828955888892,0.0026031748645033055
hitter,608324,Alex Bregman,CHC,7,3,4,0.42857142857142855,0.016504221042884293,-0.09040000000000001,0.016504221042884293,-0.07389577895711572,0.0023577458632691845,-0.01055653985101653,0.09300571551848086,0.1481675923826051,1,1,0,17,0.14957197158375746,0.008798351269632791,0.3360186326155429,0.7124344806007592,1.573805638230729,0.14957197158375746,0,-0.13306775054087316
pitcher,669302,Logan Gilbert,SEA,5,3,2,0.6,0.016472836808115954,-0.045200000000000004,0.016472836808115954,-0.02872716319188405,0.0032945673616231906,-0.00574543263837681,0.07740390284053608,-0.20473151453378413,0,0,0,17,0.12320685047464569,0.0072474617926262174,0.41055674517331686,0.5741817365898253,1.0329182816971385,0,0.12320685047464569,-0.10673401366652974
hitter,681082,Bryson Stott,PHI,2,1,1,0.5,0.016457031828674196,-0.022600000000000002,0.016457031828674196,-0.006142968171325806,0.008228515914337098,-0.003071484085662903,0.047684985353253495,0.0026627399825109033,1,1,0,17,0.12941688682593155,0.007612758048584209,0.34224431042481657,0.6420733394794448,1.275378176718705,0.12941688682593155,0,-0.11295985499725736
hitter,666018,Jonathan Aranda,TB,5,2,3,0.4,0.01644642079540176,-0.0678,0.01644642079540176,-0.051353579204598244,0.003289284159080352,-0.01027071584091965,0.10034343261763656,-0.4086725689801907,1,0,1,20,0.2121013609528401,0.010605068047642005,0.4819741289746536,0.6884969266475933,1.5546434586028868,0.2121013609528401,0,-0.19565494015743834
hitter,700250,Ben Rice,NYY,4,1,3,0.25,0.016360210945387588,-0.0678,0.016360210945387588,-0.05143978905461242,0.004090052736346897,-0.012859947263653105,0.10517935035241247,-0.5673026697968816,0,0,1,10,0.05732606782891999,0.005732606782891999,0.17951835384508025,0.6451056529173427,1.2966685161416316,0.05732606782891999,0,-0.0409658568835324
hitter,665561,Rafael Marchan,PHI,1,1,0,1.0,0.01632606629346575,0.0,0.01632606629346575,0.01632606629346575,0.01632606629346575,0.01632606629346575,0.01632606629346575,0.1006672892687746,0,0,0,6,0.04483325339971153,0.007472208899951922,0.08247196260822,0.756417751922411,1.7985943831854438,0.04483325339971153,0,-0.028507187106245783
pitcher,608718,Brent Suter,LAA,2,1,1,0.5,0.016129287013800564,-0.022600000000000002,0.016129287013800564,-0.006470712986199438,0.008064643506900282,-0.003235356493099719,0.03175883667403645,-0.06028233084289361,1,0,0,5,0.05883083179771924,0.011766166359543848,0.1041056954500626,0.6868857416649677,1.4034097166736892,0,0.05883083179771924,-0.042701544783918674
hitter,545121,Ildemaro Vargas,AZ,1,1,0,1.0,0.016072084192826686,0.0,0.016072084192826686,0.016072084192826686,0.016072084192826686,0.016072084192826686,0.016072084192826686,0.07518640109802421,0,0,0,7,0.036119929672810636,0.005159989953258662,0.10142114321710616,0.6423070407424669,1.4111355607001062,0.036119929672810636,0,-0.02004784547998395
pitcher,669467,Andre Pallante,STL,2,1,1,0.5,0.0160605900004836,-0.022600000000000002,0.0160605900004836,-0.006539409999516403,0.0080302950002418,-0.0032697049997582016,0.04921770384875718,-0.10031587861365102,0,0,0,17,0.13339822736168738,0.007846954550687494,0.3466982882373043,0.6440383221287717,1.276268215524957,0,0.13339822736168738,-0.11733763736120378
pitcher,690925,Clayton Beeter,WSH,2,1,1,0.5,0.01570062263926364,-0.022600000000000002,0.01570062263926364,-0.006899377360736363,0.00785031131963182,-0.0034496886803681813,0.08216737684761855,-0.10905083547020802,0,0,1,3,0.014093078203928132,0.00469769273464271,0.12779379443141237,0.3676350945234757,0.3342909972524799,0,0.014093078203928132,0.001607544435335508
fielder_challenger,690925,Clayton Beeter,WSH,1,1,0,1.0,0.01570062263926364,0.0,0.01570062263926364,0.01570062263926364,0.01570062263926364,0.01570062263926364,0.01570062263926364,0.11694916452979198,0,0,0,0,0.0,0.0,0.0,0.0,0.0,0.0,0.0,0.01570062263926364
hitter,630105,Jake Cronenworth,SD,2,1,1,0.5,0.015608758609316542,-0.022600000000000002,0.015608758609316542,-0.00699124139068346,0.007804379304658271,-0.00349562069534173,0.01897485872114435,0.27535010426372974,1,0,0,8,0.08731384199395045,0.010914230249243807,0.18864071156313403,0.6927804928063221,1.4285349977560406,0.08731384199395045,0,-0.07170508338463391
hitter,663728,Cal Raleigh,SEA,3,1,2,0.3333333333333333,0.015478723767708313,-0.045200000000000004,0.015478723767708313,-0.02972127623229169,0.0051595745892361045,-0.009907092077430563,0.14297694937197414,-0.31131018535878396,1,0,0,5,0.09995597717700955,0.01999119543540191,0.15184444144398992,0.79885967886724,1.9882312017853487,0.09995597717700955,0,-0.08447725340930123
catcher,657136,Connor Wong,BOS,5,4,1,0.8,0.015353735005717697,-0.022600000000000002,0.015353735005717697,-0.007246264994282305,0.0030707470011435397,-0.001449252998856461,0.039293383215842984,0.1585378907735426,1,0,0,0,0.0,0.0,0.0,0.0,0.0,0.0,0.0,0.015353735005717697
fielder_challenger,657136,Connor Wong,BOS,5,4,1,0.8,0.015353735005717697,-0.022600000000000002,0.015353735005717697,-0.007246264994282305,0.0030707470011435397,-0.001449252998856461,0.039293383215842984,0.1585378907735426,1,0,0,0,0.0,0.0,0.0,0.0,0.0,0.0,0.0,0.015353735005717697
pitcher,680730,Mitchell Parker,WSH,1,1,0,1.0,0.01533730032288061,0.0,0.01533730032288061,0.01533730032288061,0.01533730032288061,0.01533730032288061,0.01533730032288061,0.15822220596928865,0,0,0,7,0.05415145564477283,0.007735922234967547,0.13022795491711053,0.6563636001058664,1.2905370213481666,0,0.05415145564477283,-0.038814155321892224
hitter,676391,Ernie Clement,TOR,3,2,1,0.6666666666666666,0.015099675592256001,-0.022600000000000002,0.015099675592256001,-0.007500324407744001,0.005033225197418667,-0.002500108135914667,0.0262520238219661,-0.05241135390842855,0,0,0,12,0.10255609954012286,0.008546341628343572,0.2604268098735652,0.6471376427651129,1.2993513516793238,0.10255609954012286,0,-0.08745642394786686
hitter,695578,James Wood,WSH,6,1,5,0.16666666666666666,0.01504968359198211,-0.11300000000000002,0.01504968359198211,-0.0979503164080179,0.002508280598663685,-0.01632505273466965,0.07824674647042607,-0.9991366076528452,0,0,1,14,0.1390635191152415,0.009933108508231536,0.32889229802288433,0.631796976207555,1.2496687104443769,0.1390635191152415,0,-0.1240138355232594
hitter,664702,Myles Straw,TOR,2,1,1,0.5,0.01504968359198211,-0.022600000000000002,0.01504968359198211,-0.007550316408017892,0.007524841795991055,-0.003775158204008946,0.016562188297910785,-0.09513660765284512,0,0,1,12,0.09698657319646754,0.008082214433038961,0.25087327775924667,0.6597553685395802,1.6137779939440857,0.09698657319646754,0,-0.08193688960448543
hitter,543309,Kyle Higashioka,TEX,1,1,0,1.0,0.015030240868504463,0.0,0.015030240868504463,0.015030240868504463,0.015030240868504463,0.015030240868504463,0.015030240868504463,0.29625273535668994,1,0,0,8,0.05130097011422834,0.006412621264278543,0.12675026475138473,0.6798598504995665,1.3924016179284306,0.05130097011422834,0,-0.03627072924572388
hitter,547180,Bryce Harper,PHI,3,1,2,0.3333333333333333,0.015004786237331702,-0.045200000000000004,0.015004786237331702,-0.030195213762668302,0.0050015954124439,-0.010065071254222768,0.04974973732521981,-0.34396840880409857,0,0,1,2,0.03335872395059497,0.016679361975297485,0.05654948611228855,0.683547849030675,1.3499839393894104,0.03335872395059497,0,-0.01835393771326327
hitter,671286,Johnathan Rodriguez,BAL,1,1,0,1.0,0.015003181824731815,0.0,0.015003181824731815,0.015003181824731815,0.015003181824731815,0.015003181824731815,0.015003181824731815,0.13205169686991308,0,0,0,0,0.0,0.0,0.0,0.0,0.0,0.0,0.0,0.015003181824731815
pitcher,693855,Ian Seymour,TB,1,1,0,1.0,0.014991044126861808,0.0,0.014991044126861808,0.014991044126861808,0.014991044126861808,0.014991044126861808,0.014991044126861808,0.12622584390520997,0,0,0,6,0.04119684862300718,0.006866141437167864,0.13859285468721322,0.6594706736614849,1.42795281488016,0,0.04119684862300718,-0.026205804496145374
hitter,691406,Junior Caminero,TB,3,1,2,0.3333333333333333,0.014620832343672716,-0.045200000000000004,0.014620832343672716,-0.03057916765632729,0.0048736107812242385,-0.010193055885442429,0.04359777426957222,-0.32113660765284513,0,0,0,18,0.10924106234716573,0.006068947908175874,0.306938796178833,0.6502471713813898,1.3993989675952736,0.10924106234716573,0,-0.09462023000349301
pitcher,656848,Michael Petersen,MIA,3,2,1,0.6666666666666666,0.014541328426313282,-0.022600000000000002,0.014541328426313282,-0.00805867157368672,0.004847109475437761,-0.0026862238578955733,0.026647667108102513,-0.03386443437218381,0,0,1,13,0.08405726511655003,0.006465943470503848,0.2685607744100378,0.661721702107015,1.5198516151945483,0,0.08405726511655003,-0.06951593669023674
hitter,677950,Alek Thomas,AZ,4,3,1,0.75,0.014540380260839848,-0.022600000000000002,0.014540380260839848,-0.008059619739160154,0.003635095065209962,-0.0020149049347900384,0.024652664311693807,-0.00037042636351161673,0,0,0,0,0.0,0.0,0.0,0.0,0.0,0.0,0.0,0.014540380260839848
pitcher,683004,Jack Leiter,TEX,3,2,1,0.6666666666666666,0.014263539648724718,-0.022600000000000002,0.014263539648724718,-0.008336460351275284,0.0047545132162415725,-0.002778820117091761,0.021671216346989763,-0.03530390517293744,0,0,0,6,0.03175095620374649,0.005291826033957748,0.0744471648178393,0.7215667765584878,1.540342911589632,0,0.03175095620374649,-0.01748741655502177
pitcher,641927,Bailey Ober,MIN,4,3,1,0.75,0.014196428007203443,-0.022600000000000002,0.014196428007203443,-0.008403571992796559,0.003549107001800861,-0.0021008929981991397,0.05179720482289307,0.05502096358277617,1,0,0,9,0.09442064111598747,0.01049118234622083,0.1768691812950169,0.7111938741666097,1.5969468518625682,0,0.09442064111598747,-0.08022421310878403
pitcher,694477,Chad Patrick,MIL,4,2,2,0.5,0.014171096712486286,-0.045200000000000004,0.014171096712486286,-0.031028903287513718,0.0035427741781215716,-0.0077572258218784294,0.14053953462205626,-0.34420814927439713,0,0,0,11,0.061421867981946654,0.005583806180176968,0.21647775010695117,0.6035495682876788,1.2807074999560824,0,0.061421867981946654,-0.04725077126946037
hitter,681481,Kerry Carpenter,DET,4,2,2,0.5,0.01401877935501683,-0.045200000000000004,0.01401877935501683,-0.031181220644983174,0.0035046948387542076,-0.007795305161245793,0.022603648119167957,-0.15974530289166985,1,0,1,3,0.01611927901540035,0.005373093005133451,0.03560704336896686,0.7193184123281089,1.4650926831626851,0.01611927901540035,0,-0.002100499660383521
hitter,702332,Caleb Durbin,BOS,4,2,2,0.5,0.013987917460486443,-0.045200000000000004,0.013987917460486443,-0.03121208253951356,0.003496979365121611,-0.00780302063487839,0.05952029573516564,-0.16069646221814093,0,0,0,8,0.11032526125248769,0.013790657656560961,0.20619681386559388,0.7063491603194592,1.5555545350888054,0.11032526125248769,0,-0.09633734379200125
hitter,695506,Jac Caglianone,KC,3,1,2,0.3333333333333333,0.013826982751894645,-0.045200000000000004,0.013826982751894645,-0.03137301724810536,0.0046089942506315484,-0.010457672416035119,0.0624722301552344,-0.3218733663900559,0,0,0,6,0.046940143346878224,0.007823357224479703,0.11829180216069626,0.6253323309984733,1.1659592682277635,0.046940143346878224,0,-0.03311316059498358
pitcher,805326,Tyler Schweitzer,CWS,1,1,0,1.0,0.01380242398210002,0.0,0.01380242398210002,0.01380242398210002,0.01380242398210002,0.01380242398210002,0.01380242398210002,0.18989059979742395,0,1,0,2,0.0017727053836294766,0.0008863526918147383,0.020444882054935776,0.574514793263799,0.9805976493224526,0,0.0017727053836294766,0.012029718598470544
hitter,667670,Brent Rooker,ATH,2,2,0,1.0,0.013572709029027186,0.0,0.013572709029027186,0.013572709029027186,0.006786354514513593,0.006786354514513593,0.013572709029027186,0.2989468170286994,0,1,0,0,0.0,0.0,0.0,0.0,0.0,0.0,0.0,0.013572709029027186
pitcher,686973,Louis Varland,TOR,6,2,4,0.3333333333333333,0.01353517126375628,-0.09040000000000001,0.01353517126375628,-0.07686482873624373,0.0022558618772927134,-0.012810804789373955,0.13036512645448264,-0.7664290508305238,0,0,3,6,0.0679453405881937,0.011324223431365616,0.23575942863777505,0.5021368613414859,0.7573765992449948,0,0.0679453405881937,-0.054410169324437416
hitter,687462,Spencer Horwitz,PIT,3,1,2,0.3333333333333333,0.013340482839630213,-0.045200000000000004,0.013340482839630213,-0.03185951716036979,0.004446827613210071,-0.010619839053456597,0.021577994400528894,-0.23490382451882857,0,0,0,18,0.21280477864196928,0.011822487702331626,0.3480491125013582,0.7793632781258777,2.17732517330192,0.21280477864196928,0,-0.19946429580233907
pitcher,656641,Jacob Latz,TEX,2,1,1,0.5,0.013292084109919,-0.022600000000000002,0.013292084109919,-0.009307915890081002,0.0066460420549595,-0.004653957945040501,0.06355194033949862,-0.1431411654214468,0,0,0,9,0.19732256860416364,0.021924729844907072,0.5813095308802961,0.5031547658644956,0.7574537989045926,0,0.19732256860416364,-0.18403048449424464
pitcher,668984,Casey Legumina,SEA,3,3,0,1.0,0.013204298877824741,0.0,0.013204298877824741,0.013204298877824741,0.004401432959274914,0.004401432959274914,0.013204298877824741,0.6228272413689306,0,0,0,1,0.007152119647844559,0.007152119647844559,0.0195979136497611,0.5971962980091774,1.0453473864660938,0,0.007152119647844559,0.006052179229980182
hitter,695600,Carter Jensen,KC,1,1,0,1.0,0.013204270190706746,0.0,0.013204270190706746,0.013204270190706746,0.013204270190706746,0.013204270190706746,0.013204270190706746,0.11069733020311845,0,0,0,14,0.07288599479410439,0.005206142485293171,0.31294119549277,0.5373853007021816,0.9037037129469423,0.07288599479410439,0,-0.05968172460339764
fielder_challenger,687221,Dalton Rushing,LAD,6,2,4,0.3333333333333333,0.013142481927065242,-0.09040000000000001,0.013142481927065242,-0.07725751807293477,0.0021904136545108734,-0.012876253012155794,0.08373170449453438,-0.8092338187106665,0,0,0,0,0.0,0.0,0.0,0.0,0.0,0.0,0.0,0.013142481927065242
hitter,800050,Chase DeLauter,CLE,4,2,2,0.5,0.013047677698708848,-0.045200000000000004,0.013047677698708848,-0.032152322301291156,0.003261919424677212,-0.008038080575322789,0.041479661109880106,-0.29546390018103463,0,0,1,9,0.06374408100084653,0.007082675666760725,0.18745982188433144,0.5850301694586217,1.023365658485667,0.06374408100084653,0,-0.05069640330213768
pitcher,691587,Eury Perez,MIA,4,2,2,0.5,0.013004693220829089,-0.045200000000000004,0.013004693220829089,-0.032195306779170915,0.003251173305207272,-0.008048826694792729,0.03937484024428384,-0.34420814927439713,0,0,0,14,0.10272763807083207,0.007337688433630862,0.2450232347021441,0.7015930266241632,1.6077077296828748,0,0.10272763807083207,-0.08972294485000298
pitcher,445276,Kenley Jansen,DET,1,1,0,1.0,0.012910726230758174,0.0,0.012910726230758174,0.012910726230758174,0.012910726230758174,0.012910726230758174,0.012910726230758174,0.03630819172270323,0,0,0,5,0.03838925385947646,0.007677850771895292,0.1343255286763203,0.5557471425112415,0.9702561079015084,0,0.03838925385947646,-0.025478527628718287
pitcher,691946,George Klassen,LAA,1,1,0,1.0,0.012818956200947862,0.0,0.012818956200947862,0.012818956200947862,0.012818956200947862,0.012818956200947862,0.012818956200947862,0.22418050320988137,0,0,0,2,0.006072743652315304,0.003036371826157652,0.03816189732973796,0.5428138596463412,0.895666242734529,0,0.006072743652315304,0.006746212548632558
hitter,656775,Cedric Mullins,TB,2,2,0,1.0,0.012727601788937504,0.0,0.012727601788937504,0.012727601788937504,0.006363800894468752,0.006363800894468752,0.012727601788937504,0.625684121386349,0,0,0,13,0.10795554903537607,0.008304273002721237,0.19636891331031464,0.761900078163656,2.0097635733269588,0.10795554903537607,0,-0.09522794724643857
hitter,624641,Edmundo Sosa,PHI,1,1,0,1.0,0.012630257291061375,0.0,0.012630257291061375,0.012630257291061375,0.012630257291061375,0.012630257291061375,0.012630257291061375,0.08725013589560393,0,0,0,4,0.03245744746008419,0.008114361865021048,0.05715351413401629,0.7534298855557147,1.6554363469945996,0.03245744746008419,0,-0.019827190169022818
hitter,680757,Steven Kwan,CLE,4,1,3,0.25,0.012443073527775628,-0.0678,0.012443073527775628,-0.05535692647222438,0.003110768381943907,-0.013839231618056095,0.06351392209225937,-0.5673026697968816,0,0,0,34,0.39860428351094496,0.011723655397380734,0.7960445697956036,0.7345229526047063,1.7867978752875842,0.39860428351094496,0,-0.38616120998316933
pitcher,677961,Cole Wilcox,SEA,3,2,1,0.6666666666666666,0.012327677613199847,-0.022600000000000002,0.012327677613199847,-0.010272322386800155,0.004109225871066616,-0.0034241074622667184,0.02225324947377308,0.029016841526429693,0,0,1,1,0.0022375382089270058,0.0022375382089270058,0.004863464805509726,0.8375393748692046,1.980024458881454,0,0.0022375382089270058,0.010090139404272842
hitter,663647,Ke'Bryan Hayes,CIN,3,2,1,0.6666666666666666,0.012296952110005255,-0.022600000000000002,0.012296952110005255,-0.010303047889994747,0.004098984036668418,-0.003434349296664916,0.02291147571552815,0.2900151130390054,1,1,0,5,0.028222332704390354,0.0056444665408780705,0.06906673568574495,0.6885054165600244,1.376933280589564,0.028222332704390354,0,-0.0159253805943851
hitter,687401,Joey Ortiz,MIL,2,1,1,0.5,0.0121391039655811,-0.022600000000000002,0.0121391039655811,-0.010460896034418903,0.00606955198279055,-0.005230448017209451,0.05216907967399029,-0.16936051843822053,0,0,0,12,0.10229751384066943,0.008524792820055785,0.18562058492460343,0.7778268655372265,1.9733000568650738,0.10229751384066943,0,-0.09015840987508833
hitter,621493,Taylor Ward,BAL,6,3,3,0.5,0.012051823660433003,-0.0678,0.012051823660433003,-0.055748176339567,0.002008637276738834,-0.009291362723261167,0.11320495766453581,0.13804321100526531,1,1,1,17,0.1405434849221609,0.00826726381895064,0.3253004894138172,0.7122437858456965,1.7052269059685863,0.1405434849221609,0,-0.1284916612617279
pitcher,606996,Kyle Hart,SD,3,1,2,0.3333333333333333,0.011876786746025658,-0.045200000000000004,0.011876786746025658,-0.033323213253974346,0.003958928915341886,-0.011107737751324781,0.04303206163502411,-0.30606608851411027,0,0,1,8,0.05102495617229741,0.006378119521537176,0.1201199843959655,0.7252860408116061,1.6359361861684323,0,0.05102495617229741,-0.03914816942627175
pitcher,663362,Matt Waldron,SD,3,2,1,0.6666666666666666,0.011862030622717346,-0.022600000000000002,0.011862030622717346,-0.010737969377282656,0.003954010207572449,-0.0035793231257608854,0.057177083251012756,-0.06890116692113216,0,0,0,2,0.06545946149843009,0.03272973074921504,0.0987015937575274,0.710457386398748,1.430289954868549,0,0.06545946149843009,-0.05359743087571274
pitcher,657612,Tim Hill,NYY,1,1,0,1.0,0.011800538847092312,0.0,0.011800538847092312,0.011800538847092312,0.011800538847092312,0.011800538847092312,0.011800538847092312,0.07261638344540645,1,0,0,8,0.0906813992400498,0.011335174905006224,0.20543734873696234,0.7544901883919183,1.8863372847128348,0,0.0906813992400498,-0.07888086039295748
pitcher,663554,Casey Mize,DET,1,1,0,1.0,0.011778402673863486,0.0,0.011778402673863486,0.011778402673863486,0.011778402673863486,0.011778402673863486,0.011778402673863486,0.22418050320988137,0,0,0,10,0.0945052833877634,0.00945052833877634,0.24908963343575546,0.6445135299213538,1.3312370395905038,0,0.0945052833877634,-0.08272688071389991
fielder_challenger,663554,Casey Mize,DET,1,1,0,1.0,0.011778402673863486,0.0,0.011778402673863486,0.011778402673863486,0.011778402673863486,0.011778402673863486,0.011778402673863486,0.22418050320988137,0,0,0,0,0.0,0.0,0.0,0.0,0.0,0.0,0.0,0.011778402673863486
hitter,669720,Austin Hays,CWS,1,1,0,1.0,0.011763751659206845,0.0,0.011763751659206845,0.011763751659206845,0.011763751659206845,0.011763751659206845,0.011763751659206845,0.13086339234715488,0,0,0,1,0.0011188669229033944,0.0011188669229033944,0.004696110004587251,0.7763679369135371,1.683468320607703,0.0011188669229033944,0,0.01064488473630345
hitter,686681,Michael Massey,KC,1,1,0,1.0,0.011755963578521988,0.0,0.011755963578521988,0.011755963578521988,0.011755963578521988,0.011755963578521988,0.011755963578521988,0.07518640109802421,0,0,0,5,0.04752149388835166,0.009504298777670332,0.09616276520458372,0.7103577282870072,1.6657916011165725,0.04752149388835166,0,-0.03576553030982967
pitcher,701542,Will Warren,NYY,2,1,1,0.5,0.01174603648871575,-0.022600000000000002,0.01174603648871575,-0.010853963511284252,0.005873018244357875,-0.005426981755642126,0.015551428220544228,-0.13874986410439608,0,0,0,17,0.13532665320351575,0.007960391364912691,0.34755885161960287,0.619720886517239,1.1717391691728545,0,0.13532665320351575,-0.1235806167148
pitcher,660853,Enyel De Los Santos,HOU,3,1,2,0.3333333333333333,0.011654486941858111,-0.045200000000000004,0.011654486941858111,-0.03354551305814189,0.0038848289806193703,-0.011181837686047297,0.12656761688121274,-0.33505083547020803,0,0,0,1,0.009680467228319126,0.009680467228319126,0.02909579526982059,0.5193725507365734,0.808146760173714,0,0.009680467228319126,0.0019740197135389853
pitcher,573009,Joe Mantiply,TOR,1,1,0,1.0,0.011339445605117515,0.0,0.011339445605117515,0.011339445605117515,0.011339445605117515,0.011339445605117515,0.011339445605117515,0.14459347174352222,0,0,0,1,0.020546938373179214,0.020546938373179214,0.022318021780629027,0.9473174412519917,2.917012347772712,0,0.020546938373179214,-0.009207492768061699
hitter,607043,Brandon Nimmo,TEX,1,1,0,1.0,0.011337635283893754,0.0,0.011337635283893754,0.011337635283893754,0.011337635283893754,0.011337635283893754,0.011337635283893754,0.0864757077003353,0,0,0,6,0.06624087515367123,0.011040145858945206,0.15938920517049562,0.6080156544854545,1.1040560305873262,0.06624087515367123,0,-0.05490323986977748
pitcher,518886,Craig Kimbrel,NYM,1,1,0,1.0,0.01129381635156368,0.0,0.01129381635156368,0.01129381635156368,0.01129381635156368,0.01129381635156368,0.01129381635156368,0.16006391798775765,1,0,0,0,0.0,0.0,0.0,0.0,0.0,0.0,0.0,0.01129381635156368
pitcher,656492,Foster Griffin,WSH,4,1,3,0.25,0.011243599221801515,-0.0678,0.011243599221801515,-0.05655640077819849,0.0028108998054503787,-0.014139100194549623,0.05183717432850493,-0.5773327107312254,0,0,0,16,0.09528822001566022,0.0059555137509787635,0.26037951659101183,0.668958057542831,1.3967523845384526,0,0.09528822001566022,-0.0840446207938587
hitter,663616,Trevor Larnach,MIN,4,1,3,0.25,0.011236774332303745,-0.0678,0.011236774332303745,-0.05656322566769626,0.0028091935830759363,-0.014140806416924065,0.07126171942124193,-0.4837871829231857,0,0,1,5,0.018110520402567852,0.0036221040805135703,0.084341121625046,0.5917872016061931,1.108749588389579,0.018110520402567852,0,-0.006873746070264107
hitter,694377,Nick Yorke,PIT,1,1,0,1.0,0.011228249230662679,0.0,0.011228249230662679,0.011228249230662679,0.011228249230662679,0.011228249230662679,0.011228249230662679,0.19421281707681437,0,0,0,4,0.02998665344018681,0.007496663360046702,0.06056135125142093,0.7567125309837575,1.9627631180392093,0.02998665344018681,0,-0.01875840420952413
pitcher,663559,Bailey Falter,KC,2,2,0,1.0,0.011162282072384767,0.0,0.011162282072384767,0.011162282072384767,0.005581141036192384,0.005581141036192384,0.011162282072384767,0.42907381448274884,0,0,0,1,0.004213336203915845,0.004213336203915845,0.014462101634477934,0.6021766556170262,1.0609071012857232,0,0.004213336203915845,0.006948945868468922
fielder_challenger,605135,Chris Bassitt,BAL,1,1,0,1.0,0.01111512377062246,0.0,0.01111512377062246,0.01111512377062246,0.01111512377062246,0.01111512377062246,0.01111512377062246,0.07518640109802421,0,0,0,0,0.0,0.0,0.0,0.0,0.0,0.0,0.0,0.01111512377062246
pitcher,657277,Logan Webb,SF,5,1,4,0.2,0.011086645567762732,-0.09040000000000001,0.011086645567762732,-0.07931335443223728,0.0022173291135525464,-0.015862670886447456,0.06960436608860532,-0.8167498641043961,0,0,1,9,0.05349258484865639,0.005943620538739599,0.20057184470420886,0.588673586236093,1.0622318119365108,0,0.05349258484865639,-0.04240593928089366
hitter,682998,Corbin Carroll,AZ,1,1,0,1.0,0.011061640084489732,0.0,0.011061640084489732,0.011061640084489732,0.011061640084489732,0.011061640084489732,0.011061640084489732,0.11586220029276614,1,0,0,17,0.15352240334477996,0.009030729608516468,0.3409693933062117,0.6971009458981916,1.5528045543660618,0.15352240334477996,0,-0.14246076326029022
fielder_challenger,608331,Max Fried,NYY,2,2,0,1.0,0.01106053435250176,0.0,0.01106053435250176,0.01106053435250176,0.00553026717625088,0.00553026717625088,0.01106053435250176,0.08746056088652665,0,0,0,0,0.0,0.0,0.0,0.0,0.0,0.0,0.0,0.01106053435250176
pitcher,815083,Mitch Farris,LAA,1,1,0,1.0,0.0109634733297172,0.0,0.0109634733297172,0.0109634733297172,0.0109634733297172,0.0109634733297172,0.0109634733297172,0.07518640109802421,0,0,0,1,0.0015267107511034127,0.0015267107511034127,0.009568331758605164,0.6146495512663226,1.1001743200069667,0,0.0015267107511034127,0.009436762578613787
hitter,624428,Adam Frazier,LAA,1,1,0,1.0,0.010882429993843867,0.0,0.010882429993843867,0.010882429993843867,0.010882429993843867,0.010882429993843867,0.010882429993843867,0.057931100146383085,0,0,0,2,0.014306376503479799,0.007153188251739899,0.03402113349518278,0.6687519144991239,1.3425597419723225,0.014306376503479799,0,-0.0034239465096359313
pitcher,656234,Jake Bird,NYY,2,1,1,0.5,0.010882429993843812,-0.022600000000000002,0.010882429993843812,-0.01171757000615619,0.005441214996921906,-0.005858785003078095,0.018558281238271634,-0.16806889985361692,0,0,0,1,0.0010870911463987916,0.0010870911463987916,0.012295510604331872,0.524976609072603,0.8249922454288239,0,0.0010870911463987916,0.009795338847445021
pitcher,678606,Jose A. Ferrer,SEA,2,2,0,1.0,0.010827660171015913,0.0,0.010827660171015913,0.010827660171015913,0.005413830085507956,0.005413830085507956,0.010827660171015913,0.20234023491947659,1,0,0,2,0.02957331873275974,0.01478665936637987,0.04645842441133319,0.8137939383003812,2.0026702530396445,0,0.02957331873275974,-0.018745658561743827
pitcher,605130,Scott Barlow,ATH,2,1,1,0.5,0.010806081830130765,-0.022600000000000002,0.010806081830130765,-0.011793918169869237,0.005403040915065382,-0.005896959084934619,0.012273258982342182,-0.17484763083617658,0,0,1,4,0.09004559076875294,0.022511397692188236,0.27414956749022845,0.5862023563873167,1.1261753861001242,0,0.09004559076875294,-0.07923950893862218
hitter,671739,Michael Harris II,ATL,3,2,1,0.6666666666666666,0.01076300068690178,-0.022600000000000002,0.01076300068690178,-0.011836999313098222,0.0035876668956339266,-0.0039456664376994076,0.03568849878031062,-0.08835107422886783,0,0,0,4,0.013878707673897478,0.0034696769184743696,0.06128705618458466,0.6468764349560482,1.2703409295415349,0.013878707673897478,0,-0.003115706986995698
hitter,672640,Otto Lopez,MIA,2,1,1,0.5,0.01074234657082912,-0.022600000000000002,0.01074234657082912,-0.011857653429170882,0.00537117328541456,-0.005928826714585441,0.024031061366390438,-0.1508135989019758,0,0,0,19,0.14747345665226486,0.007761760876434993,0.3975183317839802,0.6803351176096838,1.4268657698930114,0.14747345665226486,0,-0.13673111008143574
pitcher,664285,Framber Valdez,DET,2,1,1,0.5,0.010437359058658502,-0.022600000000000002,0.010437359058658502,-0.0121626409413415,0.005218679529329251,-0.00608132047067075,0.013705629415740272,-0.1508135989019758,0,0,0,22,0.15613079028283688,0.007096854103765313,0.3635787148735646,0.6841302478268716,1.430969176760277,0,0.15613079028283688,-0.14569343122417838
pitcher,657097,Jacob Webb,CHC,1,1,0,1.0,0.010418669802352287,0.0,0.010418669802352287,0.010418669802352287,0.010418669802352287,0.010418669802352287,0.010418669802352287,0.20137988864662004,0,0,0,16,0.16318304004272843,0.010198940002670527,0.5121292949975522,0.5720661509494044,1.0826480725809202,0,0.16318304004272843,-0.15276437024037615
hitter,672724,Oswald Peraza,LAA,4,2,2,0.5,0.01028635847082049,-0.045200000000000004,0.01028635847082049,-0.034913641529179515,0.0025715896177051223,-0.008728410382294879,0.04776689855588856,0.07291547533920084,2,1,1,3,0.011803138487196782,0.003934379495732261,0.06978839772578689,0.45421986564730626,0.6109738184334224,0.011803138487196782,0,-0.0015167800163762932
pitcher,689441,Coleman Crow,MIL,1,1,0,1.0,0.010271326851564289,0.0,0.010271326851564289,0.010271326851564289,0.010271326851564289,0.010271326851564289,0.010271326851564289,0.07518640109802421,0,0,0,2,0.0066254901124833815,0.0033127450562416907,0.045660466382565934,0.4950716778246008,0.7331805992526153,0,0.0066254901124833815,0.003645836739080907
pitcher,669212,Eli Morgan,KC,1,1,0,1.0,0.010109554407751326,0.0,0.010109554407751326,0.010109554407751326,0.010109554407751326,0.010109554407751326,0.010109554407751326,0.11069733020311845,0,0,0,0,0.0,0.0,0.0,0.0,0.0,0.0,0.0,0.010109554407751326
pitcher,663574,Tony Santillan,CIN,2,1,1,0.5,0.010042252610270253,-0.022600000000000002,0.010042252610270253,-0.01255774738972975,0.005021126305135126,-0.006278873694864875,0.023835619366186944,-0.15338361655459354,1,0,0,9,0.2069407645890078,0.02299341828766753,0.3745614777155778,0.6510292778964198,1.3091694706303922,0,0.2069407645890078,-0.19689851197873753
hitter,668885,Austin Martin,MIN,5,3,2,0.6,0.009887806523130253,-0.045200000000000004,0.009887806523130253,-0.03531219347686975,0.0019775613046260506,-0.00706243869537395,0.04840415135130526,0.31971696527821386,0,2,0,12,0.0765517531376325,0.006379312761469375,0.2606800280322783,0.579881630838997,1.176717973527716,0.0765517531376325,0,-0.06666394661450226
pitcher,681402,Gus Varland,WSH,1,1,0,1.0,0.009776771470107803,0.0,0.009776771470107803,0.009776771470107803,0.009776771470107803,0.009776771470107803,0.009776771470107803,0.042664399335679545,0,0,0,4,0.03836244552543188,0.00959061138135797,0.09544472539034626,0.6014774181943383,1.1437261724659686,0,0.03836244552543188,-0.028585674055324077
hitter,810938,Ben Williamson,TB,1,1,0,1.0,0.00977287798755977,0.0,0.00977287798755977,0.00977287798755977,0.00977287798755977,0.00977287798755977,0.00977287798755977,0.07597998351227331,0,0,0,6,0.08697249457455081,0.014495415762425135,0.24427341693001983,0.621118376176243,1.2157245952028881,0.08697249457455081,0,-0.07719961658699104
hitter,666160,Mickey Moniak,COL,2,1,1,0.5,0.009772818024577634,-0.022600000000000002,0.009772818024577634,-0.012827181975422368,0.004886409012288817,-0.006413590987711184,0.23462720599221376,-0.1500200164877267,0,0,0,5,0.07536785268744567,0.015073570537489134,0.1551595190137132,0.6527123279636627,1.3015839572584489,0.07536785268744567,0,-0.06559503466286803
hitter,666182,Bo Bichette,NYM,3,1,2,0.3333333333333333,0.00969216893149294,-0.045200000000000004,0.00969216893149294,-0.035507831068507065,0.003230722977164313,-0.011835943689502354,0.034420194164907714,-0.3768135989019758,0,0,0,19,0.10322076108235659,0.005432671635913505,0.3023794732051575,0.7005824288158611,1.653526943968857,0.10322076108235659,0,-0.09352859215086365
pitcher,684007,Shota Imanaga,CHC,1,1,0,1.0,0.009654882295109801,0.0,0.009654882295109801,0.009654882295109801,0.009654882295109801,0.009654882295109801,0.009654882295109801,0.0828588345785532,0,0,0,14,0.0779570766798737,0.005568362619990978,0.19872472247900796,0.6959018569926104,1.4596298871453317,0,0.0779570766798737,-0.0683021943847639
pitcher,686610,Ken Waldichuk,WSH,1,1,0,1.0,0.009626546142064818,0.0,0.009626546142064818,0.009626546142064818,0.009626546142064818,0.009626546142064818,0.009626546142064818,0.07518640109802421,0,0,0,0,0.0,0.0,0.0,0.0,0.0,0.0,0.0,0.009626546142064818
hitter,691023,Jordan Walker,STL,4,1,3,0.25,0.009582339125132316,-0.0678,0.009582339125132316,-0.05821766087486769,0.002395584781283079,-0.014554415218716922,0.09351505623860093,-0.6268476308361766,0,0,0,9,0.04882651207226523,0.0054251680080294705,0.14118461041156566,0.6601531164588557,1.300116113222564,0.04882651207226523,0,-0.039244172947132915
hitter,671289,Tyler Freeman,COL,2,1,1,0.5,0.009582282224498806,-0.022600000000000002,0.009582282224498806,-0.013017717775501196,0.004791141112249403,-0.006508858887750598,0.031002131356780482,-0.16353747532689206,0,0,0,8,0.09686824252663644,0.012108530315829555,0.18885656573325638,0.7325298379235168,1.9262536422604524,0.09686824252663644,0,-0.08728596030213763
hitter,670623,Isaac Paredes,HOU,2,2,0,1.0,0.00948343448476241,0.0,0.00948343448476241,0.00948343448476241,0.004741717242381205,0.004741717242381205,0.00948343448476241,0.2526660317416702,0,0,0,17,0.15418753736677265,0.00906985513922192,0.3643613907239131,0.6788234221801167,1.5134318962783355,0.15418753736677265,0,-0.14470410288201024
pitcher,670036,Matt Festa,CLE,2,1,1,0.5,0.009396853465514221,-0.022600000000000002,0.009396853465514221,-0.013203146534485781,0.0046984267327571105,-0.0066015732672428905,0.024104286574187367,-0.1196560252709851,0,0,0,4,0.03541520969157395,0.008853802422893487,0.08482966725117133,0.6859795346265491,1.5570779889657733,0,0.03541520969157395,-0.026018356226059726
pitcher,680742,Jonathan Bowlan,PHI,2,2,0,1.0,0.009374040210794368,0.0,0.009374040210794368,0.009374040210794368,0.004687020105397184,0.004687020105397184,0.009374040210794368,0.20163622276227455,0,0,0,8,0.04714915460756249,0.0058936443259453115,0.12153947929699765,0.7134504254637171,1.567251383110802,0,0.04714915460756249,-0.037775114396768124
pitcher,669373,Tarik Skubal,DET,2,1,1,0.5,0.009366797258910542,-0.022600000000000002,0.009366797258910542,-0.01323320274108946,0.004683398629455271,-0.00661660137054473,0.01963812411047483,-0.1508135989019758,0,0,0,5,0.05345243853849965,0.01069048770769993,0.1404721322958769,0.6460790984049412,1.4818349202766903,0,0.05345243853849965,-0.04408564127958911
hitter,687231,Darell Hernaiz,ATH,3,2,1,0.6666666666666666,0.009325469250696,-0.022600000000000002,0.009325469250696,-0.013274530749304002,0.003108489750232,-0.004424843583101334,0.01684251618362307,0.08200772433447767,1,0,0,8,0.04474913853596585,0.005593642316995731,0.1240755070361849,0.6609427599837902,1.443699018223501,0.04474913853596585,0,-0.03542366928526985
pitcher,650556,Bryan Abreu,HOU,1,1,0,1.0,0.009274869775388717,0.0,0.009274869775388717,0.009274869775388717,0.009274869775388717,0.009274869775388717,0.009274869775388717,0.34836100641976286,0,0,0,4,0.034137364315138446,0.008534341078784612,0.1624066035252062,0.4791050857322093,0.7946616890385275,0,0.034137364315138446,-0.02486249453974973
pitcher,543135,Nathan Eovaldi,TEX,1,1,0,1.0,0.008906738856268193,0.0,0.008906738856268193,0.008906738856268193,0.008906738856268193,0.008906738856268193,0.008906738856268193,0.07518640109802421,0,0,0,15,0.10519381207955462,0.007012920805303641,0.2559120925829796,0.6822871898719952,1.4706767103923482,0,0.10519381207955462,-0.09628707322328643
hitter,663538,Nico Hoerner,CHC,5,1,4,0.2,0.008763800774614139,-0.09040000000000001,0.008763800774614139,-0.08163619922538587,0.0017527601549228277,-0.016327239845077175,0.15507668184103257,-0.8423495797217395,0,0,1,8,0.1084565062632727,0.013557063282909088,0.2970781533043241,0.5264943650241432,1.0363438455905456,0.1084565062632727,0,-0.09969270548865856
hitter,656305,Matt Chapman,SF,3,1,2,0.3333333333333333,0.008748680059102232,-0.045200000000000004,0.008748680059102232,-0.03645131994089777,0.0029162266863674105,-0.012150439980299257,0.05712641030369309,-0.3456560252709851,0,0,1,10,0.08406902687401857,0.008406902687401857,0.21652853597804464,0.6602309276193956,1.4304323830403802,0.08406902687401857,0,-0.07532034681491634
hitter,670541,Yordan Alvarez,HOU,1,1,0,1.0,0.008568792949079695,0.0,0.008568792949079695,0.008568792949079695,0.008568792949079695,0.008568792949079695,0.008568792949079695,0.07845334869233397,0,0,0,15,0.13805754898805994,0.009203836599203995,0.2902552162423351,0.7276482186548204,1.6997680015318692,0.13805754898805994,0,-0.12948875603898025
pitcher,813349,Connelly Early,BOS,2,1,1,0.5,0.008556053297831712,-0.022600000000000002,0.008556053297831712,-0.01404394670216829,0.004278026648915856,-0.007021973351084145,0.07463500622792812,-0.10905083547020802,0,0,0,13,0.12251188520549815,0.009423991169653704,0.2705917711940755,0.6604289449579087,1.2984855803349609,0,0.12251188520549815,-0.11395583190766644
catcher,691620,Jeferson Quero,MIL,2,2,0,1.0,0.008499873547098719,0.0,0.008499873547098719,0.008499873547098719,0.004249936773549359,0.004249936773549359,0.008499873547098719,0.37628469435056877,1,0,0,0,0.0,0.0,0.0,0.0,0.0,0.0,0.0,0.008499873547098719
fielder_challenger,691620,Jeferson Quero,MIL,2,2,0,1.0,0.008499873547098719,0.0,0.008499873547098719,0.008499873547098719,0.004249936773549359,0.004249936773549359,0.008499873547098719,0.37628469435056877,1,0,0,0,0.0,0.0,0.0,0.0,0.0,0.0,0.0,0.008499873547098719
pitcher,679883,Luinder Avila,KC,2,1,1,0.5,0.008331289685030246,-0.022600000000000002,0.008331289685030246,-0.014268710314969756,0.004165644842515123,-0.007134355157484878,0.025317765845918244,0.08106079829181487,0,0,0,13,0.1345827785144094,0.010352521424185338,0.3023055147765634,0.6842401712847239,1.410718950548057,0,0.1345827785144094,-0.12625148882937914
pitcher,669358,Shane Baz,BAL,1,1,0,1.0,0.008212379123253455,0.0,0.008212379123253455,0.008212379123253455,0.008212379123253455,0.008212379123253455,0.008212379123253455,0.0828588345785532,0,0,0,36,0.24684376284015605,0.0068567711900043345,0.6359464348176469,0.6495268431995016,1.3251826343597015,0,0.24684376284015605,-0.2386313837169026
hitter,693304,Nick Gonzales,PIT,3,1,2,0.3333333333333333,0.008134066437329057,-0.045200000000000004,0.008134066437329057,-0.03706593356267095,0.002711355479109686,-0.012355311187556983,0.015581054130950098,-0.3361377997072339,1,0,0,21,0.16352477897523357,0.007786894236915884,0.37537193734823043,0.7261599099017029,1.6972646181887239,0.16352477897523357,0,-0.1553907125379045
hitter,691723,Coby Mayo,BAL,4,1,3,0.25,0.008033747263603841,-0.0678,0.008033747263603841,-0.059766252736396165,0.0020084368159009602,-0.014941563184099041,0.09045941574502753,-0.4837871829231857,0,0,1,9,0.06786464389024516,0.007540515987805018,0.11153731811475642,0.8192277325997064,2.0425890989167486,0.06786464389024516,0,-0.05983089662664132
hitter,669743,Alex Call,LAD,2,1,1,0.5,0.007976230678786944,-0.022600000000000002,0.007976230678786944,-0.014623769321213058,0.003988115339393472,-0.007311884660606529,0.043478294510010285,0.12135880400929408,1,0,1,6,0.07262155265425682,0.012103592109042804,0.1504643025357846,0.6621337791076126,1.3477221030722175,0.07262155265425682,0,-0.06464532197546988
hitter,691777,Max Muncy,ATH,2,1,1,0.5,0.007859429604530371,-0.022600000000000002,0.007859429604530371,-0.01474057039546963,0.003929714802265186,-0.007370285197734815,0.06688659317440007,-0.1350611074408439,0,0,0,9,0.07632614260405354,0.008480682511561505,0.16524246338253337,0.68801198411956,1.5290890930090564,0.07632614260405354,0,-0.06846671299952317
pitcher,694973,Paul Skenes,PIT,2,1,1,0.5,0.007823935085726319,-0.022600000000000002,0.007823935085726319,-0.014776064914273683,0.0039119675428631595,-0.0073880324571368415,0.02162550967132887,-0.17484763083617658,0,0,0,20,0.20974853640329658,0.01048742682016483,0.5883441536313154,0.5896821093022294,1.1021787282211435,0,0.20974853640329658,-0.20192460131757026
pitcher,621112,Paul Blackburn,NYY,2,2,0,1.0,0.007785918642207956,0.0,0.007785918642207956,0.007785918642207956,0.003892959321103978,0.003892959321103978,0.007785918642207956,1.0920066955333492,1,1,0,8,0.14942847828348105,0.01867855978543513,0.2893304012266111,0.6476870926116784,1.2390047648773161,0,0.14942847828348105,-0.1416425596412731
fielder_challenger,547179,Michael Lorenzen,COL,2,1,1,0.5,0.007739273347929454,-0.022600000000000002,0.007739273347929454,-0.014860726652070548,0.003869636673964727,-0.007430363326035274,0.014547933426638626,-0.1431411654214468,0,0,0,0,0.0,0.0,0.0,0.0,0.0,0.0,0.0,0.007739273347929454
pitcher,837227,Tatsuya Imai,HOU,3,1,2,0.3333333333333333,0.00773672212475407,-0.045200000000000004,0.00773672212475407,-0.037463277875245934,0.0025789073749180234,-0.012487759291748645,0.02845554004502726,-0.3691411654214468,0,0,0,10,0.052495718047888815,0.005249571804788881,0.1463411638180544,0.6823762200141101,1.5085593895649825,0,0.052495718047888815,-0.044758995923134745
hitter,687515,Colby Thomas,ATH,1,1,0,1.0,0.007693057739080911,0.0,0.007693057739080911,0.007693057739080911,0.007693057739080911,0.007693057739080911,0.007693057739080911,0.20122859826220063,1,0,0,0,0.0,0.0,0.0,0.0,0.0,0.0,0.0,0.007693057739080911
pitcher,669724,Brenan Hanifee,DET,1,1,0,1.0,0.0076385810951205,0.0,0.0076385810951205,0.0076385810951205,0.0076385810951205,0.0076385810951205,0.0076385810951205,0.19837735996465022,0,0,0,0,0.0,0.0,0.0,0.0,0.0,0.0,0.0,0.0076385810951205
pitcher,656794,Sean Newcomb,CWS,5,1,4,0.2,0.00749691471802133,-0.09040000000000001,0.00749691471802133,-0.08290308528197868,0.001499382943604266,-0.016580617056395734,0.06206282731895285,-0.8423495797217395,0,0,1,8,0.09618537526422077,0.012023171908027597,0.21544476605667,0.6205557970944856,1.1855164460468748,0,0.09618537526422077,-0.08868846054619944
pitcher,686613,Hunter Brown,HOU,1,1,0,1.0,0.007443407768378374,0.0,0.007443407768378374,0.007443407768378374,0.007443407768378374,0.007443407768378374,0.007443407768378374,0.07845334869233397,0,0,0,14,0.07753631218289946,0.005538308013064247,0.265227770254046,0.6140553991792455,1.200452009173187,0,0.07753631218289946,-0.07009290441452108
hitter,677594,Julio Rodriguez,SEA,1,1,0,1.0,0.007384676065793794,0.0,0.007384676065793794,0.007384676065793794,0.007384676065793794,0.007384676065793794,0.007384676065793794,0.05115236916382343,0,0,0,8,0.0555944209142668,0.00694930261428335,0.12381730211336998,0.724077637965193,1.5384858927154317,0.0555944209142668,0,-0.048209744848473006
pitcher,615698,Cal Quantrill,TEX,1,1,0,1.0,0.007317035967795774,0.0,0.007317035967795774,0.007317035967795774,0.007317035967795774,0.007317035967795774,0.007317035967795774,0.19436332898513428,1,0,0,11,0.04400280047819181,0.004000254588926528,0.19405784633716716,0.6015332943572701,1.2213560696982277,0,0.04400280047819181,-0.036685764510396034
pitcher,695684,Elmer Rodriguez,NYY,1,1,0,1.0,0.0073159551766598385,0.0,0.0073159551766598385,0.0073159551766598385,0.0073159551766598385,0.0073159551766598385,0.0073159551766598385,0.05115236916382343,0,0,0,3,0.022717805378782426,0.007572601792927475,0.060946887114494475,0.6420921890020092,1.2692463862720684,0,0.022717805378782426,-0.015401850202122588
pitcher,679358,Eric Orze,MIN,3,1,2,0.3333333333333333,0.007258393897316862,-0.045200000000000004,0.007258393897316862,-0.03794160610268314,0.0024194646324389537,-0.012647202034227714,0.08416309220372042,-0.40838618787448994,0,0,1,2,0.019119273168076604,0.009559636584038302,0.047568839451541445,0.5981651963128769,1.0505104087173462,0,0.019119273168076604,-0.011860879270759742
pitcher,671096,Andrew Abbott,CIN,2,2,0,1.0,0.007246609631233442,0.0,0.007246609631233442,0.007246609631233442,0.003623304815616721,0.003623304815616721,0.007246609631233442,0.16131218327088717,0,0,0,34,0.31434217674876946,0.00924535813966969,0.7769676306685968,0.6411809388268379,1.2592099901989968,0,0.31434217674876946,-0.30709556711753605
pitcher,676571,PJ Poulin,WSH,2,1,1,0.5,0.007169314712919039,-0.022600000000000002,0.007169314712919039,-0.015430685287080963,0.0035846573564595197,-0.007715342643540481,0.014286677036937208,-0.19794684146993416,0,0,0,4,0.017099733500384497,0.004274933375096124,0.04142813257348876,0.7290995936308124,1.624506794312964,0,0.017099733500384497,-0.009930418787465457
pitcher,680802,Ryan Weiss,HOU,4,2,2,0.5,0.007146142910165368,-0.045200000000000004,0.007146142910165368,-0.038053857089834636,0.001786535727541342,-0.009513464272458659,0.01910008729460491,-0.3247651853551579,0,0,0,1,0.007852910997326355,0.007852910997326355,0.03998063329436041,0.3734920917880454,0.36205157549228506,0,0.007852910997326355,-0.0007067680871609867
hitter,666211,Taylor Trammell,HOU,2,1,1,0.5,0.007093184769936478,-0.022600000000000002,0.007093184769936478,-0.015506815230063524,0.003546592384968239,-0.007753407615031762,0.08989983814030805,-0.1350611074408439,0,0,1,6,0.05601970730514823,0.009336617884191371,0.13822989964355575,0.6277089917889432,1.2738699476188717,0.05601970730514823,0,-0.04892652253521175
pitcher,668909,Gavin Williams,CLE,4,1,3,0.25,0.0070541594981251565,-0.0678,0.0070541594981251565,-0.06074584050187485,0.0017635398745312891,-0.015186460125468712,0.09262469902849829,-0.6268476308361766,0,0,0,20,0.21381654658619104,0.010690827329309552,0.45682275563013625,0.6843428917652068,1.469985165350088,0,0.21381654658619104,-0.20676238708806588
hitter,669394,Jake Burger,TEX,3,2,1,0.6666666666666666,0.0070162669661889,-0.022600000000000002,0.0070162669661889,-0.015583733033811102,0.0023387556553963,-0.005194577677937034,0.044695520821907066,-0.024879812776323618,1,0,0,11,0.029019415853798008,0.0026381287139816373,0.15930975442809275,0.5718506297730339,1.0046640606476298,0.029019415853798008,0,-0.022003148887609108
hitter,642715,Willy Adames,SF,4,1,3,0.25,0.006983945103221201,-0.0678,0.006983945103221201,-0.060816054896778805,0.0017459862758053002,-0.015204013724194701,0.12287806267158291,-0.6200688998536169,0,0,0,12,0.055469310321615936,0.004622442526801328,0.19724871724669774,0.6524986072914563,1.400558686078269,0.055469310321615936,0,-0.048485365218394735
pitcher,608566,German Marquez,SD,1,1,0,1.0,0.006979610015930587,0.0,0.006979610015930587,0.006979610015930587,0.006979610015930587,0.006979610015930587,0.006979610015930587,0.16006391798775765,1,0,0,7,0.06040219120883011,0.0086288844584043,0.1842408707208363,0.5430849244907799,0.8873253783719689,0,0.06040219120883011,-0.05342258119289952
pitcher,660761,Jose Suarez,ATL,1,1,0,1.0,0.006898836312863865,0.0,0.006898836312863865,0.006898836312863865,0.006898836312863865,0.006898836312863865,0.006898836312863865,0.07518640109802421,0,0,0,0,0.0,0.0,0.0,0.0,0.0,0.0,0.0,0.006898836312863865
fielder_challenger,665795,Edward Cabrera,CHC,1,1,0,1.0,0.006822225042244862,0.0,0.006822225042244862,0.006822225042244862,0.006822225042244862,0.006822225042244862,0.006822225042244862,0.1236596932549879,0,0,0,0,0.0,0.0,0.0,0.0,0.0,0.0,0.0,0.006822225042244862
hitter,694212,Samuel Basallo,BAL,3,1,2,0.3333333333333333,0.006796992838655121,-0.045200000000000004,0.006796992838655121,-0.038403007161344885,0.002265664279551707,-0.012801002387114962,0.04142382537383808,-0.34029964717798594,0,0,1,3,0.016441094029106963,0.0054803646763689874,0.05810937996545129,0.6048618996032359,1.3852794486412503,0.016441094029106963,0,-0.009644101190451842
hitter,665862,Jazz Chisholm Jr.,NYY,7,1,6,0.14285714285714285,0.006618871674578808,-0.1356,0.006618871674578808,-0.1289811283254212,0.0009455530963684011,-0.01842587547506017,0.08979779665802629,-1.3279468414699342,0,0,1,10,0.09537053706912879,0.009537053706912879,0.21480343873053653,0.6807056368420518,1.4582231158469359,0.09537053706912879,0,-0.08875166539454998
pitcher,592836,Taijuan Walker,PHI,2,1,1,0.5,0.006564169103662837,-0.022600000000000002,0.006564169103662837,-0.016035830896337165,0.0032820845518314185,-0.008017915448168583,0.03132068825069842,-0.1508135989019758,0,0,0,2,0.014272787789282277,0.0071363938946411385,0.034777258835682,0.6520557525489807,1.2589851610151956,0,0.014272787789282277,-0.00770861868561944
pitcher,694918,Blade Tidwell,SF,2,1,1,0.5,0.0064981172225226785,-0.022600000000000002,0.0064981172225226785,-0.016101882777477323,0.0032490586112613393,-0.008050941388738662,0.017739833670793445,-0.02099543878727378,1,0,1,9,0.05613617316256263,0.0062373525736180695,0.13396716428648703,0.6844373967864255,1.5156951589251422,0,0.05613617316256263,-0.04963805594003995
fielder_challenger,696149,Bubba Chandler,PIT,1,1,0,1.0,0.006480579267748476,0.0,0.006480579267748476,0.006480579267748476,0.006480579267748476,0.006480579267748476,0.006480579267748476,0.057931100146383085,0,0,0,0,0.0,0.0,0.0,0.0,0.0,0.0,0.0,0.006480579267748476
pitcher,571510,Matthew Boyd,CHC,3,1,2,0.3333333333333333,0.006412456291362667,-0.045200000000000004,0.006412456291362667,-0.03878754370863734,0.0021374854304542223,-0.012929181236212445,0.03587667342690665,-0.3655242922996647,0,0,1,13,0.11457785629686475,0.008813681253604981,0.34422501564124475,0.5978330424235672,1.1700033175002509,0,0.11457785629686475,-0.10816540000550208
pitcher,677944,Slade Cecconi,CLE,2,1,1,0.5,0.006345870084490612,-0.022600000000000002,0.006345870084490612,-0.01625412991550939,0.003172935042245306,-0.008127064957754695,0.010675046877264394,-0.17484763083617658,0,0,1,10,0.07187306605734295,0.007187306605734295,0.22731677342727888,0.6179332917978226,1.2261799205904296,0,0.07187306605734295,-0.06552719597285234
hitter,681198,TJ Rumfield,COL,3,1,2,0.3333333333333333,0.006345870084490612,-0.045200000000000004,0.006345870084490612,-0.03885412991550939,0.0021152900281635376,-0.012951376638503131,0.029290821088071666,-0.4008476308361766,0,0,1,4,0.05187071423834884,0.01296767855958721,0.07425320193697699,0.7698829487109862,1.8687837010843549,0.05187071423834884,0,-0.04552484415385823
pitcher,700669,Gordon Graceffo,STL,2,1,1,0.5,0.0062981403715869945,-0.022600000000000002,0.0062981403715869945,-0.016301859628413008,0.0031490701857934972,-0.008150929814206504,0.010680299216021764,0.29600335709608516,0,1,1,5,0.04828150767260918,0.009656301534521836,0.09950391877436078,0.7267776639882337,1.5728082787652873,0,0.04828150767260918,-0.04198336730102219
hitter,662139,Daulton Varsho,TOR,1,1,0,1.0,0.006163751226383685,0.0,0.006163751226383685,0.006163751226383685,0.006163751226383685,0.006163751226383685,0.006163751226383685,0.043613812125510076,0,0,0,12,0.07549689303619372,0.006291407753016144,0.20219206140149096,0.7026618172413954,1.8167337931164296,0.07549689303619372,0,-0.06933314180981004
pitcher,681892,Kody Funderburk,MIN,2,1,1,0.5,0.006121660632674497,-0.022600000000000002,0.006121660632674497,-0.016478339367325505,0.0030608303163372486,-0.008239169683662752,0.01398160014703436,-0.17484763083617658,0,0,0,8,0.0866836747485675,0.010835459343570938,0.1719633498577241,0.7121643250777929,1.588824411408136,0,0.0866836747485675,-0.080562014115893
hitter,605170,Victor Caratini,MIN,1,1,0,1.0,0.006117422726038324,0.0,0.006117422726038324,0.006117422726038324,0.006117422726038324,0.006117422726038324,0.006117422726038324,0.10618629194428358,0,1,0,14,0.08119482110554492,0.005799630078967494,0.1974404412957077,0.7548268409660726,1.8368576392841531,0.08119482110554492,0,-0.0750773983795066
pitcher,694851,Andrew Hoffmann,AZ,2,2,0,1.0,0.006109700948287944,0.0,0.006109700948287944,0.006109700948287944,0.003054850474143972,0.003054850474143972,0.006109700948287944,0.5337613331594269,1,0,0,0,0.0,0.0,0.0,0.0,0.0,0.0,0.0,0.006109700948287944
pitcher,601713,Nick Pivetta,SD,3,1,2,0.3333333333333333,0.006085822372295768,-0.045200000000000004,0.006085822372295768,-0.039114177627704236,0.0020286074574319226,-0.013038059209234745,0.018987088727835666,-0.3940688998536169,0,0,0,9,0.09171710718944459,0.010190789687716065,0.15603079212969867,0.8040470298687559,1.895419852869765,0,0.09171710718944459,-0.08563128481714882
catcher,650968,Yohel Pozo,STL,2,1,1,0.5,0.0052851760948932625,-0.022600000000000002,0.0052851760948932625,-0.01731482390510674,0.0026425880474466312,-0.00865741195255337,0.05420064316848916,-0.1508135989019758,0,0,0,0,0.0,0.0,0.0,0.0,0.0,0.0,0.0,0.0052851760948932625
fielder_challenger,650968,Yohel Pozo,STL,2,1,1,0.5,0.0052851760948932625,-0.022600000000000002,0.0052851760948932625,-0.01731482390510674,0.0026425880474466312,-0.00865741195255337,0.05420064316848916,-0.1508135989019758,0,0,0,0,0.0,0.0,0.0,0.0,0.0,0.0,0.0,0.0052851760948932625
hitter,572233,Christian Walker,HOU,2,1,1,0.5,0.005269216008694122,-0.022600000000000002,0.005269216008694122,-0.01733078399130588,0.002634608004347061,-0.00866539199565294,0.0053120291023755345,-0.05351383059877915,0,0,1,9,0.07418993031743137,0.008243325590825709,0.19678696578201677,0.6712081266290415,1.5441082983958294,0.07418993031743137,0,-0.06892071430873725
pitcher,665152,Dean Kremer,BAL,2,1,1,0.5,0.0052577935275753,-0.022600000000000002,0.0052577935275753,-0.017342206472424702,0.00262889676378765,-0.008671103236212351,0.011343615899871068,-0.13198887078627933,0,0,0,4,0.017580641299566692,0.004395160324891673,0.042589963646054496,0.7630296205550315,1.6675706864878643,0,0.017580641299566692,-0.012322847771991392
pitcher,663765,Jake Woodford,MIL,2,1,1,0.5,0.005226931739513607,-0.022600000000000002,0.005226931739513607,-0.017373068260486395,0.0026134658697568036,-0.008686534130243197,0.028240823974322704,-0.14596804100612118,0,0,1,0,0.0,0.0,0.0,0.0,0.0,0.0,0.0,0.005226931739513607
hitter,670242,Matt Wallner,MIN,6,1,5,0.16666666666666666,0.005203926259518488,-0.11300000000000002,0.005203926259518488,-0.10779607374048153,0.0008673210432530812,-0.017966012290080255,0.3521235830744395,-1.0130508354702081,0,0,2,1,0.006597101213576415,0.006597101213576415,0.00979089457659632,0.9013984206127007,2.4096450588740503,0.006597101213576415,0,-0.0013931749540579278
fielder_challenger,607192,Tyler Glasnow,LAD,1,1,0,1.0,0.00512043478188684,0.0,0.00512043478188684,0.00512043478188684,0.00512043478188684,0.00512043478188684,0.00512043478188684,0.042664399335679545,0,0,0,0,0.0,0.0,0.0,0.0,0.0,0.0,0.0,0.00512043478188684
hitter,680977,Brendan Donovan,SEA,2,1,1,0.5,0.0051192378423104146,-0.022600000000000002,0.0051192378423104146,-0.017480762157689587,0.0025596189211552073,-0.008740381078844794,0.01743112169644581,-0.16806889985361692,0,0,0,2,0.0222688172950985,0.01113440864754925,0.05664040913002677,0.6138210502945114,1.1091347494909565,0.0222688172950985,0,-0.017149579452788086
pitcher,683742,Jose Franco,CIN,1,1,0,1.0,0.0050634650783389495,0.0,0.0050634650783389495,0.0050634650783389495,0.0050634650783389495,0.0050634650783389495,0.0050634650783389495,0.08725013589560393,0,0,0,0,0.0,0.0,0.0,0.0,0.0,0.0,0.0,0.0050634650783389495
pitcher,670245,Ryan Watson,BOS,2,1,1,0.5,0.004998872726003661,-0.022600000000000002,0.004998872726003661,-0.01760112727399634,0.0024994363630018307,-0.00880056363699817,0.0050382056739449645,-0.10352355196177268,1,0,0,2,0.0033594283937922473,0.0016797141968961237,0.007995737173985992,0.850040595552968,2.0961571813448785,0,0.0033594283937922473,0.001639444332211414
fielder_challenger,670245,Ryan Watson,BOS,1,1,0,1.0,0.004998872726003661,0.0,0.004998872726003661,0.004998872726003661,0.004998872726003661,0.004998872726003661,0.004998872726003661,0.12247644803822733,1,0,0,0,0.0,0.0,0.0,0.0,0.0,0.0,0.0,0.004998872726003661
pitcher,518585,Fernando Cruz,NYY,4,3,1,0.75,0.004972125752452615,-0.022600000000000002,0.004972125752452615,-0.017627874247547387,0.0012430314381131537,-0.004406968561886847,0.02676558242393825,-0.05330735943857972,0,0,1,4,0.0751707337406559,0.018792683435163975,0.13747614816859977,0.6689807620117303,1.2824953121398495,0,0.0751707337406559,-0.0701986079882033
hitter,681393,Connor Norby,MIA,4,1,3,0.25,0.004839389526036353,-0.0678,0.004839389526036353,-0.06296061047396365,0.0012098473815090882,-0.01574015261849091,0.14616371179518223,-0.6053836165545936,1,0,2,9,0.04903925986361669,0.005448806651512966,0.16857659807165093,0.6266406729133683,1.236873905697169,0.04903925986361669,0,-0.044199870337580334
pitcher,657649,Jared Koenig,MIL,1,1,0,1.0,0.0047518955912557725,0.0,0.0047518955912557725,0.0047518955912557725,0.0047518955912557725,0.0047518955912557725,0.0047518955912557725,0.29625273535668994,1,0,0,0,0.0,0.0,0.0,0.0,0.0,0.0,0.0,0.0047518955912557725
hitter,682985,Riley Greene,DET,3,2,1,0.6666666666666666,0.004631527804492386,-0.022600000000000002,0.004631527804492386,-0.017968472195507616,0.001543842601497462,-0.005989490731835872,0.056616987853268755,0.22820126424893125,1,1,0,13,0.14887109655769984,0.011451622812130757,0.2811884475931007,0.7393708382509273,1.7543305069270072,0.14887109655769984,0,-0.14423956875320745
pitcher,663567,Peter Lambert,HOU,1,1,0,1.0,0.004622520927767049,0.0,0.004622520927767049,0.004622520927767049,0.004622520927767049,0.004622520927767049,0.004622520927767049,0.028053158530065847,0,0,0,23,0.12679143827943726,0.00551267122954075,0.4889724719590641,0.5845853121806953,1.0783306815796676,0,0.12679143827943726,-0.12216891735167021
hitter,682829,Elly De La Cruz,CIN,3,1,2,0.3333333333333333,0.004608406254309694,-0.045200000000000004,0.004608406254309694,-0.04059159374569031,0.0015361354181032312,-0.013530531248563437,0.02335150908928066,-0.37354665130766607,0,0,0,5,0.02090076649079513,0.004180153298159026,0.1221426792194329,0.4996046637808719,0.7498422771674027,0.02090076649079513,0,-0.016292360236485438
pitcher,621366,Ryan Borucki,SF,2,1,1,0.5,0.0045130516163801315,-0.022600000000000002,0.0045130516163801315,-0.01808694838361987,0.0022565258081900658,-0.009043474191809935,0.00669344767274057,0.06375450748972364,0,0,0,2,0.06648077724925221,0.033240388624626103,0.10312988697603034,0.768195105075461,1.6556476886961762,0,0.06648077724925221,-0.061967725632872075
pitcher,669330,Tyler Wells,BAL,1,1,0,1.0,0.00417142017160721,0.0,0.00417142017160721,0.00417142017160721,0.00417142017160721,0.00417142017160721,0.00417142017160721,0.05339865510992847,0,0,0,5,0.04847465169452196,0.009694930338904392,0.1128237514241186,0.7043737725716473,1.4579648226138464,0,0.04847465169452196,-0.04430323152291475
hitter,686217,Sal Frelick,MIL,3,1,2,0.3333333333333333,0.0041021353681590655,-0.045200000000000004,0.0041021353681590655,-0.04109786463184094,0.0013673784560530218,-0.013699288210613647,0.02164351836692532,-0.34581370805571643,0,1,1,13,0.1732884351321551,0.013329879625550394,0.3280590038822657,0.6895221914809556,1.459721190428381,0.1732884351321551,0,-0.16918629976399605
hitter,664238,Dylan Moore,PHI,1,1,0,1.0,0.004053514259507576,0.0,0.004053514259507576,0.004053514259507576,0.004053514259507576,0.004053514259507576,0.004053514259507576,0.1301266336099441,0,0,0,0,0.0,0.0,0.0,0.0,0.0,0.0,0.0,0.004053514259507576
hitter,669364,Xavier Edwards,MIA,2,1,1,0.5,0.003943700450914633,-0.022600000000000002,0.003943700450914633,-0.01865629954908537,0.0019718502254573167,-0.009328149774542684,0.015043672575290379,-0.1508135989019758,0,0,1,18,0.12659032225684222,0.007032795680935679,0.3706877243959756,0.6102182273785259,1.157507518217245,0.12659032225684222,0,-0.12264662180592759
hitter,807713,Matt Shaw,CHC,1,1,0,1.0,0.003824510330467712,0.0,0.003824510330467712,0.003824510330467712,0.003824510330467712,0.003824510330467712,0.003824510330467712,0.07597998351227331,0,0,0,6,0.03895350989037431,0.006492251648395719,0.09871688010317325,0.692636087705876,1.459132170492398,0.03895350989037431,0,-0.0351289995599066
hitter,682928,CJ Abrams,WSH,1,1,0,1.0,0.0035922069128292433,0.0,0.0035922069128292433,0.0035922069128292433,0.0035922069128292433,0.0035922069128292433,0.0035922069128292433,0.11069733020311845,0,0,0,15,0.11722308735542694,0.007814872490361797,0.25962722952552647,0.6835554257958537,1.5298090142970198,0.11722308735542694,0,-0.1136308804425977
hitter,664023,Ian Happ,CHC,2,1,1,0.5,0.003444835788833367,-0.022600000000000002,0.003444835788833367,-0.019155164211166635,0.0017224178944166835,-0.009577582105583318,0.062498011254541394,-0.010507278265123349,0,1,0,13,0.06592754888032107,0.0050713499138708516,0.1756648402336897,0.6836989303181198,1.6528941074975232,0.06592754888032107,0,-0.0624827130914877
pitcher,663855,Jordan Hicks,CWS,2,1,1,0.5,0.0033648305033058268,-0.022600000000000002,0.0033648305033058268,-0.019235169496694175,0.0016824152516529134,-0.009617584748347088,0.0037449388398369246,-0.08140652825647779,0,0,0,4,0.21414323967856735,0.05353580991964184,0.29713421052406686,0.7847782063191566,1.8524605858759893,0,0.21414323967856735,-0.21077840917526153
hitter,680869,Zack Gelof,ATH,2,1,1,0.5,0.003276435719404478,-0.022600000000000002,0.003276435719404478,-0.019323564280595524,0.001638217859702239,-0.009661782140297762,0.022984541817691582,-0.1253327107312254,0,0,0,4,0.05932205788358805,0.014830514470897012,0.12095780729827824,0.6923249780272963,1.3846212204076815,0.05932205788358805,0,-0.05604562216418357
pitcher,674370,Osvaldo Bido,ATL,2,1,1,0.5,0.003137117719609131,-0.022600000000000002,0.003137117719609131,-0.01946288228039087,0.0015685588598045655,-0.009731441140195436,0.005617926126032971,-0.096954325451198,0,0,1,0,0.0,0.0,0.0,0.0,0.0,0.0,0.0,0.003137117719609131
pitcher,685126,Brandon Eisert,CWS,2,1,1,0.5,0.003076680172644501,-0.022600000000000002,0.003076680172644501,-0.0195233198273555,0.0015383400863222506,-0.00976165991367775,0.004364555485490473,-0.08634809526988277,0,1,1,2,0.016298050451509616,0.008149025225754808,0.0323206173084849,0.742192814989673,2.480721699198082,0,0.016298050451509616,-0.013221370278865115
hitter,666464,Jerar Encarnacion,SF,3,1,2,0.3333333333333333,0.0030588000174838204,-0.045200000000000004,0.0030588000174838204,-0.042141199982516184,0.0010196000058279402,-0.014047066660838728,0.012995307164707972,-0.42394684146993417,0,0,1,0,0.0,0.0,0.0,0.0,0.0,0.0,0.0,0.0030588000174838204
pitcher,694680,Trevor Martin,TB,1,1,0,1.0,0.003040162771630703,0.0,0.003040162771630703,0.003040162771630703,0.003040162771630703,0.003040162771630703,0.003040162771630703,0.2286627399825109,1,1,0,0,0.0,0.0,0.0,0.0,0.0,0.0,0.0,0.003040162771630703
pitcher,694819,Jacob Misiorowski,MIL,2,1,1,0.5,0.0030023121519378027,-0.022600000000000002,0.0030023121519378027,-0.0195976878480622,0.0015011560759689013,-0.0097988439240311,0.007499069745776743,-0.1896918082772968,0,0,0,17,0.1173225975871079,0.006901329269829877,0.29675553933209403,0.6743512320282935,1.4164033758048096,0,0.1173225975871079,-0.1143202854351701
pitcher,663558,Jovani Moran,BOS,1,1,0,1.0,0.0028840567948387047,0.0,0.0028840567948387047,0.0028840567948387047,0.0028840567948387047,0.0028840567948387047,0.0028840567948387047,0.062462524673107964,0,0,0,4,0.0210354390210774,0.00525885975526935,0.07805754114201359,0.5457639609795805,0.8895210344079724,0,0.0210354390210774,-0.018151382226238695
pitcher,656464,Kevin Ginkel,AZ,1,1,0,1.0,0.0027873104342331784,0.0,0.0027873104342331784,0.0027873104342331784,0.0027873104342331784,0.0027873104342331784,0.0027873104342331784,0.05115236916382343,0,0,0,5,0.036005129991153836,0.007201025998230767,0.11535634290504579,0.6146064898284871,1.3261259881982828,0,0.036005129991153836,-0.03321781955692066
pitcher,666171,Ryan Zeferjahn,LAA,2,1,1,0.5,0.002676413616495066,-0.022600000000000002,0.002676413616495066,-0.019923586383504936,0.001338206808247533,-0.009961793191752468,0.013682361014611177,-0.19794684146993416,0,0,0,7,0.07504370042273686,0.010720528631819552,0.20768300215617624,0.5783007628445693,1.0186040749038443,0,0.07504370042273686,-0.0723672868062418
pitcher,701552,Andre Granillo,WSH,1,1,0,1.0,0.002603469358791216,0.0,0.002603469358791216,0.002603469358791216,0.002603469358791216,0.002603469358791216,0.002603469358791216,0.06553067333393063,0,0,0,0,0.0,0.0,0.0,0.0,0.0,0.0,0.0,0.002603469358791216
hitter,683002,Gunnar Henderson,BAL,6,1,5,0.16666666666666666,0.00257647405173745,-0.11300000000000002,0.00257647405173745,-0.11042352594826256,0.00042941234195624164,-0.018403920991377092,0.061435327019648205,-1.0733605184382204,0,0,2,11,0.08847034401468676,0.008042758546789706,0.22324483947043952,0.6623121626770669,1.3696264139207708,0.08847034401468676,0,-0.08589386996294932
hitter,643289,Mauricio Dubon,ATL,6,1,5,0.16666666666666666,0.0025255543580154083,-0.11300000000000002,0.0025255543580154083,-0.11047444564198461,0.00042092572633590136,-0.018412407606997434,0.12599011132919077,-1.1019468414699343,0,0,1,14,0.17905131171502145,0.012789379408215817,0.3060300739607936,0.7389489368065749,1.7320714835819866,0.17905131171502145,0,-0.17652575735700604
pitcher,657424,Matt Gage,SF,2,1,1,0.5,0.002498787389464824,-0.022600000000000002,0.002498787389464824,-0.020101212610535178,0.001249393694732412,-0.010050606305267589,0.00944781884184362,-0.19794684146993416,0,0,0,2,0.01887133379231493,0.009435666896157465,0.04771946918596637,0.6548495423535734,1.4726588755806158,0,0.01887133379231493,-0.016372546402850106
pitcher,700842,Eduardo Rivera,BOS,1,1,0,1.0,0.002438578044990397,0.0,0.002438578044990397,0.002438578044990397,0.002438578044990397,0.002438578044990397,0.002438578044990397,0.08817703704085068,1,0,0,1,0.0010003313322659185,0.0010003313322659185,0.00178994880744765,0.9396775734728259,2.8093746442626006,0,0.0010003313322659185,0.0014382467127244786
pitcher,547184,Michael Kelly,ATH,3,1,2,0.3333333333333333,0.0024336947020733926,-0.045200000000000004,0.0024336947020733926,-0.04276630529792661,0.0008112315673577975,-0.01425543509930887,0.003197134727554188,-0.25778718292318564,0,0,1,1,0.0028779201132432854,0.0028779201132432854,0.006538214725337641,0.794806001135572,1.7656066451834649,0,0.0028779201132432854,-0.00044422541116989275
hitter,608348,Carson Kelly,CHC,1,1,0,1.0,0.0023963829911251497,0.0,0.0023963829911251497,0.0023963829911251497,0.0023963829911251497,0.0023963829911251497,0.0023963829911251497,0.03630819172270323,0,0,0,8,0.03673707053253127,0.004592133816566409,0.11402791124801079,0.6532826628289897,1.3283445114126249,0.03673707053253127,0,-0.03434068754140612
hitter,663624,Ryan Mountcastle,BAL,1,1,0,1.0,0.0023755833680961617,0.0,0.0023755833680961617,0.0023755833680961617,0.0023755833680961617,0.0023755833680961617,0.0023755833680961617,0.03630819172270323,0,0,0,0,0.0,0.0,0.0,0.0,0.0,0.0,0.0,0.0023755833680961617
hitter,660271,Shohei Ohtani,LAD,3,1,2,0.3333333333333333,0.002146414446629219,-0.045200000000000004,0.002146414446629219,-0.043053585553370785,0.0007154714822097397,-0.014351195184456928,0.022403394307902114,-0.25406598617873716,0,0,0,6,0.06415662572023546,0.010692770953372578,0.20583375556389022,0.6075066779929683,1.1747400557075673,0.06415662572023546,0,-0.062010211273606244
pitcher,689690,Alek Jacob,SD,1,1,0,1.0,0.002134585512920721,0.0,0.002134585512920721,0.002134585512920721,0.002134585512920721,0.002134585512920721,0.002134585512920721,0.13086339234715488,0,0,0,0,0.0,0.0,0.0,0.0,0.0,0.0,0.0,0.002134585512920721
pitcher,664353,Jose Urquidy,PIT,1,1,0,1.0,0.0019087916059778165,0.0,0.0019087916059778165,0.0019087916059778165,0.0019087916059778165,0.0019087916059778165,0.0019087916059778165,0.028053158530065847,0,0,0,2,0.1052317288070105,0.05261586440350525,0.1273241521920767,0.8721565953436128,2.3951619656514467,0,0.1052317288070105,-0.10332293720103268
pitcher,666277,George Soriano,STL,2,1,1,0.5,0.0018811022460905047,-0.022600000000000002,0.0018811022460905047,-0.020718897753909497,0.0009405511230452523,-0.010359448876954749,-0.006868435984992649,-0.01682513670739219,0,0,1,7,0.14476892955465667,0.02068127565066524,0.346838059467633,0.6293816712815946,1.402946195786861,0,0.14476892955465667,-0.14288782730856617
pitcher,572143,Burch Smith,DET,1,1,0,1.0,0.0018566812886218753,0.0,0.0018566812886218753,0.0018566812886218753,0.0018566812886218753,0.0018566812886218753,0.0018566812886218753,0.08003195899387883,0,0,0,0,0.0,0.0,0.0,0.0,0.0,0.0,0.0,0.0018566812886218753
hitter,669477,Casey Schmitt,SF,3,1,2,0.3333333333333333,0.0016515070030453348,-0.045200000000000004,0.0016515070030453348,-0.043548492996954666,0.0005505023343484449,-0.014516164332318221,0.005567299114910374,-0.33505083547020803,0,0,1,11,0.08101908614397309,0.007365371467633917,0.21151318922822251,0.6553452505539723,1.3400365031802492,0.08101908614397309,0,-0.07936757914092775
pitcher,690928,Hunter Dobbins,STL,1,1,0,1.0,0.0016349010386694784,0.0,0.0016349010386694784,0.0016349010386694784,0.0016349010386694784,0.0016349010386694784,0.0016349010386694784,0.19714663454876258,0,1,0,5,0.039774370684346964,0.007954874136869393,0.08250850840637208,0.753106235532705,1.844063391055613,0,0.039774370684346964,-0.038139469645677486
pitcher,623454,Drew Anderson,DET,1,1,0,1.0,0.0016105899911468269,0.0,0.0016105899911468269,0.0016105899911468269,0.0016105899911468269,0.0016105899911468269,0.0016105899911468269,0.028053158530065847,0,0,0,8,0.05257129045618973,0.0065714113070237164,0.21209895560211917,0.5217892191512372,0.8431619500053256,0,0.05257129045618973,-0.050960700465042905
hitter,695734,Daylen Lile,WSH,1,1,0,1.0,0.0015033075882740915,0.0,0.0015033075882740915,0.0015033075882740915,0.0015033075882740915,0.0015033075882740915,0.0015033075882740915,0.05115236916382343,0,0,0,16,0.1563060172049723,0.00976912607531077,0.2763138702544206,0.7704549201041748,1.8903645278806678,0.1563060172049723,0,-0.15480270961669823
hitter,699912,Jose Fernandez,AZ,1,1,0,1.0,0.0014970967963310322,0.0,0.0014970967963310322,0.0014970967963310322,0.0014970967963310322,0.0014970967963310322,0.0014970967963310322,0.06043037258246037,0,0,0,3,0.02887098710214312,0.00962366236738104,0.1304220060224199,0.4022034166621717,0.44326687191320735,0.02887098710214312,0,-0.02737389030581209
pitcher,593974,Wandy Peralta,SD,1,1,0,1.0,0.0014278252196526682,0.0,0.0014278252196526682,0.0014278252196526682,0.0014278252196526682,0.0014278252196526682,0.0014278252196526682,0.7036895181893287,1,0,0,2,0.026072206576340445,0.013036103288170222,0.05288628010923685,0.7207169289496942,1.4713725277272072,0,0.026072206576340445,-0.024644381356687776
pitcher,642121,Cole Sulser,TB,2,1,1,0.5,0.0013074267452296284,-0.022600000000000002,0.0013074267452296284,-0.021292573254770374,0.0006537133726148142,-0.010646286627385187,0.0016787287333694181,-0.10905083547020802,0,0,1,0,0.0,0.0,0.0,0.0,0.0,0.0,0.0,0.0013074267452296284
pitcher,519141,Drew Pomeranz,LAA,2,1,1,0.5,0.0011576254441513084,-0.022600000000000002,0.0011576254441513084,-0.021442374555848694,0.0005788127220756542,-0.010721187277924347,0.024496753705157012,-0.18238618787448993,0,0,0,5,0.09260879277327837,0.018521758554655675,0.20097153971692594,0.5366290098893364,0.8730837872080054,0,0.09260879277327837,-0.09145116732912706
hitter,682657,Angel Martinez,CLE,3,1,2,0.3333333333333333,0.0011545236496167677,-0.045200000000000004,0.0011545236496167677,-0.044045476350383236,0.00038484121653892256,-0.014681825450127745,0.054151334818783425,-0.42394684146993417,0,0,0,10,0.08303305738856429,0.008303305738856428,0.19295294068450203,0.6520386856314515,1.4141947918088864,0.08303305738856429,0,-0.08187853373894752
pitcher,800311,Didier Fuentes,ATL,2,1,1,0.5,0.0011488933348056327,-0.022600000000000002,0.0011488933348056327,-0.02145110666519437,0.0005744466674028163,-0.010725553332597185,0.003374005826042213,-0.14596804100612118,0,0,0,5,0.04683900781656214,0.009367801563312428,0.10523201507839547,0.6969551901455364,1.4740326611838255,0,0.04683900781656214,-0.04569011448175651
pitcher,642232,Ryan Yarbrough,NYY,2,1,1,0.5,0.0010733719733961866,-0.022600000000000002,0.0010733719733961866,-0.021526628026603815,0.0005366859866980933,-0.010763314013301908,0.0006742970435351658,0.07518564350488086,0,0,1,3,0.00410912600889082,0.0013697086696302732,0.01600124845745321,0.7834614080973102,1.9821747233372502,0,0.00410912600889082,-0.003035754035494633
pitcher,680702,Joey Gerber,NYM,1,1,0,1.0,0.0010547174300038625,0.0,0.0010547174300038625,0.0010547174300038625,0.0010547174300038625,0.0010547174300038625,0.0010547174300038625,0.19421281707681437,0,0,0,0,0.0,0.0,0.0,0.0,0.0,0.0,0.0,0.0010547174300038625
pitcher,686751,Seth Johnson,PHI,1,1,0,1.0,0.0010343689116603105,0.0,0.0010343689116603105,0.0010343689116603105,0.0010343689116603105,0.0010343689116603105,0.0010343689116603105,0.36847295795017776,0,1,0,0,0.0,0.0,0.0,0.0,0.0,0.0,0.0,0.0010343689116603105
hitter,700932,Kyle Manzardo,CLE,2,1,1,0.5,0.0010336203807194133,-0.022600000000000002,0.0010336203807194133,-0.02156637961928059,0.0005168101903597067,-0.010783189809640294,0.039359165495437054,-0.10905083547020802,0,0,0,7,0.06973049454534887,0.009961499220764124,0.14389539716372243,0.6956955719653622,1.493043826264294,0.06973049454534887,0,-0.06869687416462945
hitter,668904,Royce Lewis,MIN,2,1,1,0.5,0.0010109775438631452,-0.022600000000000002,0.0010109775438631452,-0.021589022456136857,0.0005054887719315726,-0.010794511228068428,0.01184202123396573,-0.09587336639005592,0,0,1,9,0.034987194189661265,0.0038874660210734737,0.07819355085472349,0.7843528725380554,1.9003999133749372,0.034987194189661265,0,-0.03397621664579812
pitcher,681867,Cooper Criswell,SEA,3,1,2,0.3333333333333333,0.0009225550197328181,-0.045200000000000004,0.0009225550197328181,-0.044277444980267186,0.00030751833991093935,-0.014759148326755728,0.002412767094363992,-0.25763667101486576,1,0,2,2,0.006260420272566915,0.0031302101362834576,0.05724200558087578,0.4352503209168408,0.5540329813694511,0,0.006260420272566915,-0.005337865252834097
pitcher,687064,Brandon Young,BAL,2,1,1,0.5,0.0008843863329738785,-0.022600000000000002,0.0008843863329738785,-0.021715613667026124,0.00044219316648693927,-0.010857806833513062,0.032316395887664044,0.1300803269404109,1,0,0,22,0.16273211937293638,0.0073969145169516535,0.4026550516517015,0.6846677641354441,1.467975417220912,0,0.16273211937293638,-0.1618477330399625
pitcher,647336,Michael Soroka,AZ,1,1,0,1.0,0.0008328205933352401,0.0,0.0008328205933352401,0.0008328205933352401,0.0008328205933352401,0.0008328205933352401,0.0008328205933352401,0.11694916452979198,0,0,0,5,0.023676833502408855,0.004735366700481771,0.0764857133311227,0.6110342215638992,1.1097956078628886,0,0.023676833502408855,-0.022844012909073615
pitcher,663767,Chase Shugart,PHI,2,1,1,0.5,0.0006516801276161416,-0.022600000000000002,0.0006516801276161416,-0.02194831987238386,0.0003258400638080708,-0.01097415993619193,0.001814223257051481,-0.19794684146993416,0,0,0,5,0.03170456048583344,0.0063409120971666885,0.058400556440525844,0.8099393912581094,1.9918128769003587,0,0.03170456048583344,-0.0310528803582173
pitcher,544150,Albert Suarez,BAL,1,1,0,1.0,0.0006287130636334348,0.0,0.0006287130636334348,0.0006287130636334348,0.0006287130636334348,0.0006287130636334348,0.0006287130636334348,0.08817703704085068,1,0,0,4,0.012753395568705396,0.003188348892176349,0.02059711813203945,0.88193029857306,2.320303121918181,0,0.012753395568705396,-0.012124682505071961
hitter,687551,Drew Gilbert,SF,1,1,0,1.0,0.0005113481652401219,0.0,0.0005113481652401219,0.0005113481652401219,0.0005113481652401219,0.0005113481652401219,0.0005113481652401219,0.07518640109802421,0,0,0,13,0.13200652634250307,0.010154348180192544,0.2553285010443265,0.7142998533841521,1.533703343373523,0.13200652634250307,0,-0.13149517817726294
pitcher,670183,Garrett Acton,MIN,2,1,1,0.5,0.0004270746098775516,-0.022600000000000002,0.0004270746098775516,-0.02217292539012245,0.0002135373049387758,-0.011086462695061226,0.0032037445260045686,-0.024771401737799376,1,0,1,0,0.0,0.0,0.0,0.0,0.0,0.0,0.0,0.0004270746098775516
pitcher,681676,Ryan Fernandez,STL,1,1,0,1.0,0.000415496619693687,0.0,0.000415496619693687,0.000415496619693687,0.000415496619693687,0.000415496619693687,0.000415496619693687,0.3180441440058779,1,0,0,0,0.0,0.0,0.0,0.0,0.0,0.0,0.0,0.000415496619693687
pitcher,665622,Luis Medina,ATH,3,3,0,1.0,0.00033158652542528383,0.0,0.00033158652542528383,0.00033158652542528383,0.00011052884180842795,0.00011052884180842795,0.00033158652542528383,0.20111015601834842,0,0,0,5,0.032470965424991616,0.006494193084998323,0.14574240425225204,0.6059334190499299,1.3948721446938135,0,0.032470965424991616,-0.032139378899566334
pitcher,660787,Yerry De los Santos,NYY,1,1,0,1.0,0.00032280377637860375,0.0,0.00032280377637860375,0.00032280377637860375,0.00032280377637860375,0.00032280377637860375,0.00032280377637860375,0.042664399335679545,0,0,0,3,0.016515725649225606,0.005505241883075202,0.12026011056007857,0.3279250665092227,0.2091428997529996,0,0.016515725649225606,-0.016192921872847002
pitcher,663992,Richard Lovelady,WSH,2,1,1,0.5,0.0002791618422565839,-0.022600000000000002,0.0002791618422565839,-0.022320838157743418,0.00013958092112829196,-0.011160419078871709,0.01262013815733505,-0.10905083547020802,0,0,0,3,0.12091895950384082,0.04030631983461361,0.49769939490932225,0.31466108053814756,0.1610047075998473,0,0.12091895950384082,-0.12063979766158424
hitter,805779,Jacob Wilson,ATH,1,1,0,1.0,0.00025917732919567005,0.0,0.00025917732919567005,0.00025917732919567005,0.00025917732919567005,0.00025917732919567005,0.00025917732919567005,0.03630819172270323,0,0,0,11,0.06452497887596172,0.005865907170541974,0.15814003469159305,0.6997904628922221,1.4920064563151898,0.06452497887596172,0,-0.06426580154676605
hitter,595879,Javier Baez,DET,2,1,1,0.5,0.00015806520410310831,-0.022600000000000002,0.00015806520410310831,-0.022441934795896894,7.903260205155416e-05,-0.011220967397948447,0.0034100731407430106,-0.1896918082772968,0,0,0,3,0.019083845141044532,0.0063612817136815105,0.05460404920079426,0.6184808660418887,1.1350664945574556,0.019083845141044532,0,-0.018925779936941424
pitcher,685299,Tanner Gordon,COL,1,1,0,1.0,0.00014989681549227663,0.0,0.00014989681549227663,0.00014989681549227663,0.00014989681549227663,0.00014989681549227663,0.00014989681549227663,0.09401112921372068,0,0,0,14,0.16202899783413882,0.01157349984529563,0.2828266950745514,0.7328585276412961,1.5780718581242346,0,0.16202899783413882,-0.16187910101864655
pitcher,693686,Spencer Miles,TOR,1,1,0,1.0,0.00014605702429648648,0.0,0.00014605702429648648,0.00014605702429648648,0.00014605702429648648,0.00014605702429648648,0.00014605702429648648,0.10618629194428358,0,1,0,9,0.09820648001428008,0.010911831112697785,0.2333971243843248,0.6469362435953157,1.332785256527285,0,0.09820648001428008,-0.09806042298998359
pitcher,542888,Shawn Armstrong,CLE,1,1,0,1.0,0.0001298614946967369,0.0,0.0001298614946967369,0.0001298614946967369,0.0001298614946967369,0.0001298614946967369,0.0001298614946967369,0.15822220596928865,0,0,0,5,0.03410333857020621,0.006820667714041243,0.09432889519841971,0.7418011003739238,1.7713918640987916,0,0.03410333857020621,-0.033973477075509476
pitcher,681151,Jayden Murray,HOU,1,1,0,1.0,9.898972601796174e-05,0.0,9.898972601796174e-05,9.898972601796174e-05,9.898972601796174e-05,9.898972601796174e-05,9.898972601796174e-05,0.03630819172270323,0,0,0,1,0.001285077105318284,0.001285077105318284,0.007090386368803492,0.6843291300647693,1.3303041496782697,0,0.001285077105318284,-0.0011860873793003222
hitter,666969,Adolis Garcia,PHI,2,1,1,0.5,8.131746077211233e-05,-0.022600000000000002,8.131746077211233e-05,-0.02251868253922789,4.065873038605616e-05,-0.011259341269613945,0.007716890699256417,-0.18333560066432047,0,0,0,5,0.13878518523954425,0.02775703704790885,0.1977824046066527,0.7466759681319767,1.7444530536568716,0.13878518523954425,0,-0.13870386777877214
pitcher,592826,Vince Velasquez,CHC,1,1,0,1.0,4.641756231527354e-05,0.0,4.641756231527354e-05,4.641756231527354e-05,4.641756231527354e-05,4.641756231527354e-05,4.641756231527354e-05,0.061650420278260565,0,0,0,0,0.0,0.0,0.0,0.0,0.0,0.0,0.0,4.641756231527354e-05
hitter,694376,Shay Whitcomb,HOU,1,1,0,1.0,7.284117880534957e-06,0.0,7.284117880534957e-06,7.284117880534957e-06,7.284117880534957e-06,7.284117880534957e-06,7.284117880534957e-06,0.0909388925591561,0,0,0,0,0.0,0.0,0.0,0.0,0.0,0.0,0.0,7.284117880534957e-06
pitcher,672335,Cionel Perez,WSH,1,0,1,0.0,0.0,-0.022600000000000002,0.0,-0.022600000000000002,0.0,-0.022600000000000002,0.002503759902535707,-0.226,0,0,1,3,0.010687165359082502,0.0035623884530275006,0.059677211113027095,0.6217616635114611,1.1419310571640588,0,0.010687165359082502,-0.010687165359082502
pitcher,641755,Tyler Kinley,ATL,1,0,1,0.0,0.0,-0.022600000000000002,0.0,-0.022600000000000002,0.0,-0.022600000000000002,0.014570913161839338,-0.226,0,0,1,2,0.042060918955512894,0.021030459477756447,0.15523863146099526,0.38765654336249405,0.4058213189109998,0,0.042060918955512894,-0.042060918955512894
pitcher,674841,Andrew Alvarez,WSH,1,0,1,0.0,0.0,-0.022600000000000002,0.0,-0.022600000000000002,0.0,-0.022600000000000002,0.004283608249220916,-0.226,0,0,1,13,0.10354103984083185,0.007964695372371681,0.3508803017410408,0.564039493407215,0.9808310770264493,0,0.10354103984083185,-0.10354103984083185
pitcher,687606,Paxton Schultz,WSH,1,0,1,0.0,0.0,-0.022600000000000002,0.0,-0.022600000000000002,0.0,-0.022600000000000002,0.033810634444890186,-0.226,0,0,1,1,0.0008156552571385537,0.0008156552571385537,0.003791160993914841,0.8028312243189182,1.8030633143505437,0,0.0008156552571385537,-0.0008156552571385537
hitter,683083,Nasim Nunez,WSH,3,0,3,0.0,0.0,-0.0678,0.0,-0.0678,0.0,-0.0226,0.03913650234040589,-0.678,0,0,2,18,0.08937133109420015,0.004965073949677786,0.23009188448133935,0.7128262675546302,1.5578870831146103,0.08937133109420015,0,-0.08937133109420015
hitter,681624,Andy Pages,LAD,3,0,3,0.0,0.0,-0.0678,0.0,-0.0678,0.0,-0.0226,0.05160747976961193,-0.678,0,0,0,14,0.19675071064463148,0.014053622188902248,0.34099534973428747,0.7525472421005442,1.986394284465859,0.19675071064463148,0,-0.19675071064463148
hitter,671277,Luis Garcia Jr.,WSH,4,0,4,0.0,0.0,-0.09040000000000001,0.0,-0.09040000000000001,0.0,-0.022600000000000002,0.017175403420815184,-0.904,0,0,2,3,0.024882340358211824,0.008294113452737275,0.0678213488423792,0.686910149226562,1.534649327485769,0.024882340358211824,0,-0.024882340358211824
hitter,682177,Daniel Schneemann,CLE,1,0,1,0.0,0.0,-0.022600000000000002,0.0,-0.022600000000000002,0.0,-0.022600000000000002,0.026289593953970902,-0.226,0,0,0,3,0.02159789890062748,0.007199299633542493,0.06855816268853615,0.5386645742349251,0.867266086109026,0.02159789890062748,0,-0.02159789890062748
pitcher,680755,Braydon Fisher,TOR,2,0,2,0.0,0.0,-0.045200000000000004,0.0,-0.045200000000000004,0.0,-0.022600000000000002,0.05414566019901573,-0.452,0,0,0,3,0.03196808753572542,0.01065602917857514,0.06850458748618987,0.7521050034459368,1.773888875565512,0,0.03196808753572542,-0.03196808753572542
hitter,671655,George Valera,CLE,2,0,2,0.0,0.0,-0.045200000000000004,0.0,-0.045200000000000004,0.0,-0.022600000000000002,0.037137085643789924,-0.452,0,0,0,0,0.0,0.0,0.0,0.0,0.0,0.0,0.0,0.0
hitter,681546,James Outman,MIN,1,0,1,0.0,0.0,-0.022600000000000002,0.0,-0.022600000000000002,0.0,-0.022600000000000002,0.0010475846989029813,-0.226,0,0,0,1,0.0012403588958738616,0.0012403588958738616,0.011115123770622515,0.5594597212222125,0.9292272408968838,0.0012403588958738616,0,-0.0012403588958738616
pitcher,607455,Anthony Banda,MIN,1,0,1,0.0,0.0,-0.022600000000000002,0.0,-0.022600000000000002,0.0,-0.022600000000000002,0.012578298038481206,-0.226,0,0,1,1,0.0019297763523247833,0.0019297763523247833,0.035903907945082913,0.2802686669018235,0.04265300540323125,0,0.0019297763523247833,-0.0019297763523247833
pitcher,595014,Blake Treinen,LAD,2,0,2,0.0,0.0,-0.045200000000000004,0.0,-0.045200000000000004,0.0,-0.022600000000000002,0.10875474351130876,-0.452,0,0,0,6,0.0324355334453237,0.005405922240887283,0.08748988730408652,0.6581837419764202,1.4128464126900873,0,0.0324355334453237,-0.0324355334453237
pitcher,676596,Josh Fleming,TOR,1,0,1,0.0,0.0,-0.022600000000000002,0.0,-0.022600000000000002,0.0,-0.022600000000000002,-0.0013484711034883329,-0.226,0,0,0,0,0.0,0.0,0.0,0.0,0.0,0.0,0.0,0.0
hitter,665926,Andres Gimenez,TOR,4,0,4,0.0,0.0,-0.09040000000000001,0.0,-0.09040000000000001,0.0,-0.022600000000000002,0.042598227226694575,-0.904,0,0,3,10,0.06292963707325656,0.006292963707325657,0.17566052337173527,0.6342513945485827,1.2420599171982891,0.06292963707325656,0,-0.06292963707325656
hitter,672386,Alejandro Kirk,TOR,1,0,1,0.0,0.0,-0.022600000000000002,0.0,-0.022600000000000002,0.0,-0.022600000000000002,0.0050859360843587,-0.226,0,0,0,6,0.08850481830218199,0.014750803050363664,0.1856732729225901,0.7458038381742845,1.9198801792316715,0.08850481830218199,0,-0.08850481830218199
pitcher,663893,Brendon Little,TOR,1,0,1,0.0,0.0,-0.022600000000000002,0.0,-0.022600000000000002,0.0,-0.022600000000000002,0.03753334229158267,-0.226,0,0,1,1,0.019171657667827982,0.019171657667827982,0.037172984804126785,0.6286317583074388,1.1447636323660868,0,0.019171657667827982,-0.019171657667827982
pitcher,453286,Max Scherzer,TOR,1,0,1,0.0,0.0,-0.022600000000000002,0.0,-0.022600000000000002,0.0,-0.022600000000000002,0.017701181434551905,-0.226,0,0,0,6,0.05047272843398317,0.008412121405663862,0.09349666578779375,0.7558544224845455,1.8724162681378995,0,0.05047272843398317,-0.05047272843398317
pitcher,642397,Gregory Soto,PIT,3,0,3,0.0,0.0,-0.0678,0.0,-0.0678,0.0,-0.0226,0.09197980497899294,-0.678,0,0,2,5,0.20540340358309597,0.041080680716619196,0.4892920579152995,0.46854978036151856,0.6677448045245387,0,0.20540340358309597,-0.20540340358309597
fielder_challenger,642397,Gregory Soto,PIT,3,0,3,0.0,0.0,-0.0678,0.0,-0.0678,0.0,-0.0226,0.09197980497899294,-0.678,0,0,2,0,0.0,0.0,0.0,0.0,0.0,0.0,0.0,0.0
catcher,624431,Jose Trevino,CIN,1,0,1,0.0,0.0,-0.022600000000000002,0.0,-0.022600000000000002,0.0,-0.022600000000000002,0.047254457560509944,-0.226,0,0,0,0,0.0,0.0,0.0,0.0,0.0,0.0,0.0,0.0
pitcher,641941,Emilio Pagan,CIN,1,0,1,0.0,0.0,-0.022600000000000002,0.0,-0.022600000000000002,0.0,-0.022600000000000002,0.047254457560509944,-0.226,0,0,0,3,0.03184235381360848,0.010614117937869495,0.09692818975244444,0.533897904892885,0.8612647287677757,0,0.03184235381360848,-0.03184235381360848
fielder_challenger,624431,Jose Trevino,CIN,1,0,1,0.0,0.0,-0.022600000000000002,0.0,-0.022600000000000002,0.0,-0.022600000000000002,0.047254457560509944,-0.226,0,0,0,0,0.0,0.0,0.0,0.0,0.0,0.0,0.0,0.0
hitter,664731,P.J. Higgins,CIN,1,0,1,0.0,0.0,-0.022600000000000002,0.0,-0.022600000000000002,0.0,-0.022600000000000002,0.019588313636802024,-0.226,0,0,0,1,0.0006341679959866097,0.0006341679959866097,0.00817094844738453,0.6129217602437692,1.0947078383212414,0.0006341679959866097,0,-0.0006341679959866097
pitcher,693312,Kyle Nicolas,CIN,1,0,1,0.0,0.0,-0.022600000000000002,0.0,-0.022600000000000002,0.0,-0.022600000000000002,-1.6018809345652585e-07,-0.226,0,0,0,1,0.0036046995810296704,0.0036046995810296704,0.006367182199942978,0.8436376221374893,2.014160097236651,0,0.0036046995810296704,-0.0036046995810296704
pitcher,672782,Yoendrys Gomez,TB,3,0,3,0.0,0.0,-0.0678,0.0,-0.0678,0.0,-0.0226,0.001650274274567704,-0.678,0,0,2,1,0.004362955493188614,0.004362955493188614,0.007553086794461997,0.830789974286308,1.9434272440077516,0,0.004362955493188614,-0.004362955493188614
hitter,663743,Nick Fortes,TB,1,0,1,0.0,0.0,-0.022600000000000002,0.0,-0.022600000000000002,0.0,-0.022600000000000002,0.02885232114259806,-0.226,0,0,1,5,0.042622049205038044,0.00852440984100761,0.10830308357366733,0.6722474190227083,1.4235749187318525,0.042622049205038044,0,-0.042622049205038044
hitter,691718,Pete Crow-Armstrong,CHC,1,0,1,0.0,0.0,-0.022600000000000002,0.0,-0.022600000000000002,0.0,-0.022600000000000002,0.006239849842067158,-0.226,0,0,0,11,0.07908678929045458,0.007189708117314053,0.24073209823742658,0.6270364658351227,1.3258609042519092,0.07908678929045458,0,-0.07908678929045458
pitcher,671212,Joe Boyle,TB,2,0,2,0.0,0.0,-0.045200000000000004,0.0,-0.045200000000000004,0.0,-0.022600000000000002,0.04349999760245682,-0.452,0,0,0,3,0.016946361910239315,0.005648787303413105,0.05523648136667986,0.6324146281448176,1.1583605695196337,0,0.016946361910239315,-0.016946361910239315
hitter,802139,JJ Wetherholt,STL,1,0,1,0.0,0.0,-0.022600000000000002,0.0,-0.022600000000000002,0.0,-0.022600000000000002,0.012910726230758139,-0.226,0,0,0,18,0.1837796221748458,0.010209979009713656,0.40970403081639734,0.6820701550796443,1.448474758754698,0.1837796221748458,0,-0.1837796221748458
hitter,682877,Juan Brito,CLE,1,0,1,0.0,0.0,-0.022600000000000002,0.0,-0.022600000000000002,0.0,-0.022600000000000002,0.016365659352214235,-0.226,0,0,0,0,0.0,0.0,0.0,0.0,0.0,0.0,0.0,0.0
hitter,701675,Nathan Church,STL,1,0,1,0.0,0.0,-0.022600000000000002,0.0,-0.022600000000000002,0.0,-0.022600000000000002,0.004936727185721357,-0.226,0,0,0,12,0.10470604297838533,0.008725503581532111,0.22873637931519553,0.6961318591291875,1.491532716366046,0.10470604297838533,0,-0.10470604297838533
fielder_challenger,669461,Matthew Liberatore,STL,1,0,1,0.0,0.0,-0.022600000000000002,0.0,-0.022600000000000002,0.0,-0.022600000000000002,0.02287478452290559,-0.226,0,0,0,0,0.0,0.0,0.0,0.0,0.0,0.0,0.0,0.0
hitter,676439,Hunter Feduccia,TB,1,0,1,0.0,0.0,-0.022600000000000002,0.0,-0.022600000000000002,0.0,-0.022600000000000002,0.005929152081129652,-0.226,0,0,0,3,0.012467406480057768,0.004155802160019256,0.047185490647741996,0.6174635614285818,1.2330858384004149,0.012467406480057768,0,-0.012467406480057768
fielder_challenger,596001,Jakob Junis,TEX,1,0,1,0.0,0.0,-0.022600000000000002,0.0,-0.022600000000000002,0.0,-0.022600000000000002,0.005175193255972418,-0.226,0,0,1,0,0.0,0.0,0.0,0.0,0.0,0.0,0.0,0.0
hitter,669701,Josh Smith,TEX,2,0,2,0.0,0.0,-0.045200000000000004,0.0,-0.045200000000000004,0.0,-0.022600000000000002,0.01792751909575685,-0.452,0,0,0,2,0.010436768432846806,0.005218384216423403,0.02745553078370387,0.6602376856337868,1.2483248932133477,0.010436768432846806,0,-0.010436768432846806
hitter,694388,Joey Loperfido,HOU,2,0,2,0.0,0.0,-0.045200000000000004,0.0,-0.045200000000000004,0.0,-0.022600000000000002,0.05355205603724783,-0.452,0,0,2,2,0.01375809702056287,0.006879048510281435,0.07425960471732002,0.42380107073295525,0.5101909539582141,0.01375809702056287,0,-0.01375809702056287
pitcher,662253,Andres Munoz,SEA,1,0,1,0.0,0.0,-0.022600000000000002,0.0,-0.022600000000000002,0.0,-0.022600000000000002,0.0033385928958350464,-0.226,0,0,0,9,0.09604668384994108,0.010671853761104565,0.33447931702746286,0.48121718645271866,0.6939831799558659,0,0.09604668384994108,-0.09604668384994108
hitter,669224,Austin Wells,NYY,2,0,2,0.0,0.0,-0.045200000000000004,0.0,-0.045200000000000004,0.0,-0.022600000000000002,0.017670144378453156,-0.452,0,0,0,4,0.06700091644762558,0.016750229111906396,0.24669978712660512,0.498801505458892,0.7446829277285101,0.06700091644762558,0,-0.06700091644762558
hitter,672356,Gabriel Arias,CLE,2,0,2,0.0,0.0,-0.045200000000000004,0.0,-0.045200000000000004,0.0,-0.022600000000000002,0.025392874380911548,-0.452,0,0,1,6,0.025510783962979483,0.004251797327163247,0.05175985870030153,0.8552996345269711,2.6578925422124366,0.025510783962979483,0,-0.025510783962979483
pitcher,670059,Colin Holderman,CLE,1,0,1,0.0,0.0,-0.022600000000000002,0.0,-0.022600000000000002,0.0,-0.022600000000000002,0.01647055476119133,-0.226,0,0,1,6,0.037148905113542456,0.006191484185590409,0.09741866954568457,0.6540994375135635,1.3062625532177765,0,0.037148905113542456,-0.037148905113542456
hitter,672275,Patrick Bailey,SF,2,0,2,0.0,0.0,-0.045200000000000004,0.0,-0.045200000000000004,0.0,-0.022600000000000002,0.0021099990121519197,-0.452,0,0,0,4,0.03522043479922326,0.008805108699805815,0.08116537164329701,0.6652774593230939,1.265946464818327,0.03522043479922326,0,-0.03522043479922326
pitcher,668873,Caleb Kilian,SF,1,0,1,0.0,0.0,-0.022600000000000002,0.0,-0.022600000000000002,0.0,-0.022600000000000002,0.012300876430297203,-0.226,0,0,1,4,0.047026611929030036,0.011756652982257509,0.11990595522406317,0.5766182967912661,1.0124187611264865,0,0.047026611929030036,-0.047026611929030036
fielder_challenger,645261,Sandy Alcantara,MIA,1,0,1,0.0,0.0,-0.022600000000000002,0.0,-0.022600000000000002,0.0,-0.022600000000000002,0.0038925672215549545,-0.226,0,0,0,0,0.0,0.0,0.0,0.0,0.0,0.0,0.0,0.0
pitcher,605288,Adrian Houser,SF,2,0,2,0.0,0.0,-0.045200000000000004,0.0,-0.045200000000000004,0.0,-0.022600000000000002,0.08823560774299555,-0.452,0,0,1,11,0.0523328751284922,0.0047575341025902,0.15043364895548206,0.674806694937549,1.376164268837215,0,0.0523328751284922,-0.0523328751284922
hitter,702222,Justin Crawford,PHI,3,0,3,0.0,0.0,-0.0678,0.0,-0.0678,0.0,-0.0226,0.08788098575919291,-0.678,0,0,1,8,0.042256919746614385,0.005282114968326798,0.09914915806300074,0.7378402459389349,1.593895020032486,0.042256919746614385,0,-0.042256919746614385
pitcher,676775,Keaton Winn,SF,1,0,1,0.0,0.0,-0.022600000000000002,0.0,-0.022600000000000002,0.0,-0.022600000000000002,0.00019852748998199594,-0.226,0,0,0,5,0.03323428357726163,0.006646856715452326,0.12474133993243101,0.5629704809788147,1.0043286687565989,0,0.03323428357726163,-0.03323428357726163
catcher,694208,Moises Ballesteros,CHC,2,0,2,0.0,0.0,-0.045200000000000004,0.0,-0.045200000000000004,0.0,-0.022600000000000002,0.02946421713554398,-0.452,0,0,1,0,0.0,0.0,0.0,0.0,0.0,0.0,0.0,0.0
fielder_challenger,571510,Matthew Boyd,CHC,1,0,1,0.0,0.0,-0.022600000000000002,0.0,-0.022600000000000002,0.0,-0.022600000000000002,0.019395659757040995,-0.226,0,0,0,0,0.0,0.0,0.0,0.0,0.0,0.0,0.0,0.0
fielder_challenger,694208,Moises Ballesteros,CHC,1,0,1,0.0,0.0,-0.022600000000000002,0.0,-0.022600000000000002,0.0,-0.022600000000000002,0.010068557378502985,-0.226,0,0,1,0,0.0,0.0,0.0,0.0,0.0,0.0,0.0,0.0
hitter,592206,Nick Castellanos,SD,1,0,1,0.0,0.0,-0.022600000000000002,0.0,-0.022600000000000002,0.0,-0.022600000000000002,0.011853168866744368,-0.226,0,0,0,0,0.0,0.0,0.0,0.0,0.0,0.0,0.0,0.0
hitter,687859,Troy Johnston,COL,4,0,4,0.0,0.0,-0.09040000000000001,0.0,-0.09040000000000001,0.0,-0.022600000000000002,0.1268420644685471,-0.904,0,0,1,5,0.028541121123149674,0.005708224224629935,0.054378377219748475,0.7796924249005077,2.116855588379475,0.028541121123149674,0,-0.028541121123149674
hitter,650489,Willi Castro,COL,2,0,2,0.0,0.0,-0.045200000000000004,0.0,-0.045200000000000004,0.0,-0.022600000000000002,0.03338045612545337,-0.452,0,0,1,11,0.06243139284070033,0.005675581167336394,0.22058999190850073,0.6054225416121432,1.330286017900332,0.06243139284070033,0,-0.06243139284070033
hitter,690993,Colt Keith,DET,3,0,3,0.0,0.0,-0.0678,0.0,-0.0678,0.0,-0.0226,0.17415558315379684,-0.678,0,0,2,5,0.0223900314516138,0.00447800629032276,0.0889412963376135,0.6220964080216475,1.260655433779998,0.0223900314516138,0,-0.0223900314516138
hitter,665487,Fernando Tatis Jr.,SD,1,0,1,0.0,0.0,-0.022600000000000002,0.0,-0.022600000000000002,0.0,-0.022600000000000002,0.0065651779613385974,-0.226,0,0,0,11,0.10028101460375852,0.009116455873068956,0.22361012369071187,0.6706955243458205,1.4116766672920547,0.10028101460375852,0,-0.10028101460375852
pitcher,642701,Dennis Santana,PIT,2,0,2,0.0,0.0,-0.045200000000000004,0.0,-0.045200000000000004,0.0,-0.022600000000000002,0.03065988443584644,-0.452,0,0,2,4,0.01645935476868423,0.0041148386921710575,0.07268826714023882,0.6058249217201874,1.1368871867572792,0,0.01645935476868423,-0.01645935476868423
hitter,678391,Jorbit Vivas,WSH,1,0,1,0.0,0.0,-0.022600000000000002,0.0,-0.022600000000000002,0.0,-0.022600000000000002,0.00957490937437866,-0.226,0,0,0,12,0.09896697968907212,0.008247248307422676,0.17956832606798825,0.7600813916223993,1.9184274958933587,0.09896697968907212,0,-0.09896697968907212
pitcher,681895,Evan Sisk,PIT,1,0,1,0.0,0.0,-0.022600000000000002,0.0,-0.022600000000000002,0.0,-0.022600000000000002,0.0,-0.226,0,0,0,10,0.04730801460081962,0.004730801460081962,0.10129854779164187,0.776487036827952,1.9628213625568407,0,0.04730801460081962,-0.04730801460081962
hitter,657656,Ramon Laureano,SD,2,0,2,0.0,0.0,-0.045200000000000004,0.0,-0.045200000000000004,0.0,-0.022600000000000002,0.07384818433770879,-0.452,0,0,1,2,0.008374910717134624,0.004187455358567312,0.032253015508517224,0.5713682886818229,0.9675572352650921,0.008374910717134624,0,-0.008374910717134624
pitcher,700249,Cade Povich,BAL,1,0,1,0.0,0.0,-0.022600000000000002,0.0,-0.022600000000000002,0.0,-0.022600000000000002,6.92008253620432e-05,-0.226,0,0,0,7,0.03779408065016796,0.005399154378595423,0.08336786492944842,0.7496201098876208,1.8039626756434557,0,0.03779408065016796,-0.03779408065016796
hitter,687637,Dylan Beavers,BAL,2,0,2,0.0,0.0,-0.045200000000000004,0.0,-0.045200000000000004,0.0,-0.022600000000000002,0.0688620150898342,-0.452,0,0,1,16,0.11737447524055702,0.007335904702534814,0.3365556592947499,0.6550902501428765,1.3791962884577267,0.11737447524055702,0,-0.11737447524055702
catcher,606992,Eric Haase,SF,1,0,1,0.0,0.0,-0.022600000000000002,0.0,-0.022600000000000002,0.0,-0.022600000000000002,0.028603292180991058,-0.226,0,0,1,0,0.0,0.0,0.0,0.0,0.0,0.0,0.0,0.0
fielder_challenger,606992,Eric Haase,SF,1,0,1,0.0,0.0,-0.022600000000000002,0.0,-0.022600000000000002,0.0,-0.022600000000000002,0.028603292180991058,-0.226,0,0,1,0,0.0,0.0,0.0,0.0,0.0,0.0,0.0,0.0
pitcher,641835,Tim Mayza,PHI,1,0,1,0.0,0.0,-0.022600000000000002,0.0,-0.022600000000000002,0.0,-0.022600000000000002,0.0078114231133696865,-0.226,0,0,0,2,0.00794207541735511,0.003971037708677555,0.04620288404877554,0.5591347733858535,1.003280589982536,0,0.00794207541735511,-0.00794207541735511
fielder_challenger,650911,Cristopher Sanchez,PHI,2,0,2,0.0,0.0,-0.045200000000000004,0.0,-0.045200000000000004,0.0,-0.022600000000000002,0.050979616452124565,-0.452,0,0,0,0,0.0,0.0,0.0,0.0,0.0,0.0,0.0,0.0
pitcher,689147,Orion Kerkering,PHI,1,0,1,0.0,0.0,-0.022600000000000002,0.0,-0.022600000000000002,0.0,-0.022600000000000002,0.004375989527126506,-0.226,0,0,1,6,0.1551518820926542,0.025858647015442368,0.3371569178810072,0.6251969763087691,1.211650738349456,0,0.1551518820926542,-0.1551518820926542
pitcher,621383,Tanner Banks,PHI,1,0,1,0.0,0.0,-0.022600000000000002,0.0,-0.022600000000000002,0.0,-0.022600000000000002,0.009846735388071876,-0.226,0,0,0,1,0.0005620127731247133,0.0005620127731247133,0.006500691028251335,0.6663793419198506,1.2688908731880613,0,0.0005620127731247133,-0.0005620127731247133
pitcher,668678,Zac Gallen,AZ,2,0,2,0.0,0.0,-0.045200000000000004,0.0,-0.045200000000000004,0.0,-0.022600000000000002,0.034574298291372485,-0.452,0,0,0,10,0.11236623673487998,0.011236623673488,0.18938581972880697,0.7701929441146126,1.7535201553178656,0,0.11236623673487998,-0.11236623673487998
hitter,672695,Geraldo Perdomo,AZ,2,0,2,0.0,0.0,-0.045200000000000004,0.0,-0.045200000000000004,0.0,-0.022600000000000002,0.12250385268205394,-0.452,0,0,1,10,0.07657181583541259,0.007657181583541259,0.2197436142274862,0.6001228832185417,1.0687888510134758,0.07657181583541259,0,-0.07657181583541259
pitcher,665871,Javier Assad,CHC,2,0,2,0.0,0.0,-0.045200000000000004,0.0,-0.045200000000000004,0.0,-0.022600000000000002,0.029302154153335314,-0.452,0,0,0,5,0.0826142123841255,0.0165228424768251,0.1853039521621676,0.6530739269287726,1.2582854837182968,0,0.0826142123841255,-0.0826142123841255
pitcher,641793,Zack Littell,WSH,2,0,2,0.0,0.0,-0.045200000000000004,0.0,-0.045200000000000004,0.0,-0.022600000000000002,0.04350948859997111,-0.452,0,0,0,12,0.12094173482294365,0.010078477901911971,0.2601739331390883,0.7101771908584817,1.5906472921745731,0,0.12094173482294365,-0.12094173482294365
pitcher,647315,Zach Pop,PHI,1,0,1,0.0,0.0,-0.022600000000000002,0.0,-0.022600000000000002,0.0,-0.022600000000000002,0.004493001109409422,-0.226,0,0,0,0,0.0,0.0,0.0,0.0,0.0,0.0,0.0,0.0
fielder_challenger,647315,Zach Pop,PHI,1,0,1,0.0,0.0,-0.022600000000000002,0.0,-0.022600000000000002,0.0,-0.022600000000000002,0.004493001109409422,-0.226,0,0,0,0,0.0,0.0,0.0,0.0,0.0,0.0,0.0,0.0
pitcher,676395,Robert Garcia,TEX,2,0,2,0.0,0.0,-0.045200000000000004,0.0,-0.045200000000000004,0.0,-0.022600000000000002,0.011928042252136034,-0.452,0,0,0,5,0.06456573024077805,0.01291314604815561,0.1569332699875784,0.5537935513750911,0.9173833273428631,0,0.06456573024077805,-0.06456573024077805
catcher,553869,Elias Diaz,KC,3,0,3,0.0,0.0,-0.0678,0.0,-0.0678,0.0,-0.0226,0.033190619429813856,-0.678,0,0,1,0,0.0,0.0,0.0,0.0,0.0,0.0,0.0,0.0
fielder_challenger,553869,Elias Diaz,KC,3,0,3,0.0,0.0,-0.0678,0.0,-0.0678,0.0,-0.0226,0.033190619429813856,-0.678,0,0,1,0,0.0,0.0,0.0,0.0,0.0,0.0,0.0,0.0
hitter,502671,Paul Goldschmidt,NYY,1,0,1,0.0,0.0,-0.022600000000000002,0.0,-0.022600000000000002,0.0,-0.022600000000000002,0.012633447453847091,-0.226,0,0,0,10,0.08109115816135774,0.008109115816135774,0.19541694094600615,0.6529021466351588,1.2684874016406875,0.08109115816135774,0,-0.08109115816135774
pitcher,683409,Angel Chivilli,NYY,1,0,1,0.0,0.0,-0.022600000000000002,0.0,-0.022600000000000002,0.0,-0.022600000000000002,9.446160366122225e-05,-0.226,0,0,1,0,0.0,0.0,0.0,0.0,0.0,0.0,0.0,0.0
fielder_challenger,701542,Will Warren,NYY,1,0,1,0.0,0.0,-0.022600000000000002,0.0,-0.022600000000000002,0.0,-0.022600000000000002,0.003805391731828478,-0.226,0,0,0,0,0.0,0.0,0.0,0.0,0.0,0.0,0.0,0.0
pitcher,661563,Luis Gil,NYY,1,0,1,0.0,0.0,-0.022600000000000002,0.0,-0.022600000000000002,0.0,-0.022600000000000002,0.027318100416526048,-0.226,0,0,0,2,0.007914965202357585,0.0039574826011787925,0.027015247725036662,0.6495425147122261,1.2735451872246304,0,0.007914965202357585,-0.007914965202357585
pitcher,687396,Brent Headrick,NYY,1,0,1,0.0,0.0,-0.022600000000000002,0.0,-0.022600000000000002,0.0,-0.022600000000000002,0.00011366548914824815,-0.226,0,0,0,8,0.10092140480650282,0.012615175600812852,0.3010436472865519,0.5239245893057368,0.8746267327086459,0,0.10092140480650282,-0.10092140480650282
hitter,660162,Yoan Moncada,LAA,3,0,3,0.0,0.0,-0.0678,0.0,-0.0678,0.0,-0.0226,0.1049300792943796,-0.678,0,0,1,5,0.02125618338542442,0.004251236677084884,0.042480842366065225,0.8151834182132431,1.9849996328645871,0.02125618338542442,0,-0.02125618338542442
pitcher,622663,Luis Severino,ATH,3,0,3,0.0,0.0,-0.0678,0.0,-0.0678,0.0,-0.0226,0.08396003156519494,-0.678,0,0,0,16,0.09005486576082385,0.00562842911005149,0.2341504700748934,0.7076093980685794,1.6397458519046035,0,0.09005486576082385,-0.09005486576082385
pitcher,623211,Huascar Brazoban,NYM,1,0,1,0.0,0.0,-0.022600000000000002,0.0,-0.022600000000000002,0.0,-0.022600000000000002,0.0057468706814295945,-0.226,0,0,0,4,0.01835135301760048,0.00458783825440012,0.08208379788535397,0.5869068644403191,1.0323910457723848,0,0.01835135301760048,-0.01835135301760048
hitter,665742,Juan Soto,NYM,2,0,2,0.0,0.0,-0.045200000000000004,0.0,-0.045200000000000004,0.0,-0.022600000000000002,0.01729420985306379,-0.452,0,0,1,6,0.03161072828663153,0.005268454714438588,0.12167056915407867,0.570884621679221,1.0040397646978747,0.03161072828663153,0,-0.03161072828663153
hitter,683146,Brett Baty,NYM,1,0,1,0.0,0.0,-0.022600000000000002,0.0,-0.022600000000000002,0.0,-0.022600000000000002,0.02741132721620987,-0.226,0,0,1,8,0.06299169972598832,0.00787396246574854,0.19111762471695473,0.6114450726499844,1.1497860197197378,0.06299169972598832,0,-0.06299169972598832
hitter,701807,Carson Benge,NYM,1,0,1,0.0,0.0,-0.022600000000000002,0.0,-0.022600000000000002,0.0,-0.022600000000000002,0.03258811594084887,-0.226,0,0,0,11,0.12899552866701194,0.011726866242455631,0.3203611156630433,0.5969883190822519,1.1029954494195555,0.12899552866701194,0,-0.12899552866701194
pitcher,682052,Jacob Lopez,ATH,2,0,2,0.0,0.0,-0.045200000000000004,0.0,-0.045200000000000004,0.0,-0.022600000000000002,0.059315521206483646,-0.452,0,0,1,22,0.1449404724663091,0.00658820329392314,0.35057584743140263,0.6819461933733731,1.4844630198742437,0,0.1449404724663091,-0.1449404724663091
hitter,606466,Ketel Marte,AZ,2,0,2,0.0,0.0,-0.045200000000000004,0.0,-0.045200000000000004,0.0,-0.022600000000000002,0.07598905494652275,-0.452,0,0,1,16,0.22620665712742777,0.014137916070464236,0.45160323028270744,0.7555128652510262,1.9824853547487975,0.22620665712742777,0,-0.22620665712742777
pitcher,664875,Justin Lawrence,PIT,1,0,1,0.0,0.0,-0.022600000000000002,0.0,-0.022600000000000002,0.0,-0.022600000000000002,0.05339067645242085,-0.226,0,0,0,0,0.0,0.0,0.0,0.0,0.0,0.0,0.0,0.0
pitcher,682227,Brandon Williamson,CIN,1,0,1,0.0,0.0,-0.022600000000000002,0.0,-0.022600000000000002,0.0,-0.022600000000000002,0.05197912146196837,-0.226,0,0,0,10,0.0658464886750014,0.00658464886750014,0.14899323113267496,0.7644248667804887,1.7718269499768646,0,0.0658464886750014,-0.0658464886750014
hitter,655316,Andruw Monasterio,BOS,1,0,1,0.0,0.0,-0.022600000000000002,0.0,-0.022600000000000002,0.0,-0.022600000000000002,0.017245456403288555,-0.226,0,0,0,9,0.0870772208568708,0.009675246761874532,0.23778197920253175,0.5855858102055472,1.2089720499476828,0.0870772208568708,0,-0.0870772208568708
pitcher,547973,Aroldis Chapman,BOS,2,0,2,0.0,0.0,-0.045200000000000004,0.0,-0.045200000000000004,0.0,-0.022600000000000002,0.024231021800261734,-0.452,0,0,1,9,0.050999141422629846,0.005666571269181094,0.2384832638674756,0.5050991495983937,0.7865899538842577,0,0.050999141422629846,-0.050999141422629846
hitter,679529,Spencer Torkelson,DET,3,0,3,0.0,0.0,-0.0678,0.0,-0.0678,0.0,-0.0226,0.010328996697245983,-0.678,0,0,0,18,0.1391379392817886,0.007729885515654923,0.31344055168776946,0.7256050341521049,1.689748766632316,0.1391379392817886,0,-0.1391379392817886
hitter,686797,Brooks Lee,MIN,1,0,1,0.0,0.0,-0.022600000000000002,0.0,-0.022600000000000002,0.0,-0.022600000000000002,0.01330974811512331,-0.226,0,0,0,7,0.03570382788344177,0.0051005468404916815,0.08927266575123521,0.7045160154172727,1.477456885604599,0.03570382788344177,0,-0.03570382788344177
pitcher,691769,Philip Abner,AZ,1,0,1,0.0,0.0,-0.022600000000000002,0.0,-0.022600000000000002,0.0,-0.022600000000000002,0.0004080583008377655,-0.226,0,0,0,0,0.0,0.0,0.0,0.0,0.0,0.0,0.0,0.0
hitter,666152,David Hamilton,MIL,1,0,1,0.0,0.0,-0.022600000000000002,0.0,-0.022600000000000002,0.0,-0.022600000000000002,0.02152404560214438,-0.226,0,0,0,5,0.07180868848113212,0.014361737696226423,0.1060731902438996,0.7360130485863113,1.8570715298198486,0.07180868848113212,0,-0.07180868848113212
pitcher,702153,Brian Fitzpatrick,MIL,1,0,1,0.0,0.0,-0.022600000000000002,0.0,-0.022600000000000002,0.0,-0.022600000000000002,5.2883015545734935e-05,-0.226,0,0,1,0,0.0,0.0,0.0,0.0,0.0,0.0,0.0,0.0
hitter,675659,Greg Jones,MIL,1,0,1,0.0,0.0,-0.022600000000000002,0.0,-0.022600000000000002,0.0,-0.022600000000000002,0.02163394831288601,-0.226,0,0,1,0,0.0,0.0,0.0,0.0,0.0,0.0,0.0,0.0
hitter,663604,Brandon Lockridge,MIL,2,0,2,0.0,0.0,-0.045200000000000004,0.0,-0.045200000000000004,0.0,-0.022600000000000002,0.03781722973037549,-0.452,0,0,0,3,0.01496246198606738,0.004987487328689127,0.056399401808452376,0.5426002887630442,0.8782809421338507,0.01496246198606738,0,-0.01496246198606738
pitcher,592332,Kevin Gausman,TOR,2,0,2,0.0,0.0,-0.045200000000000004,0.0,-0.045200000000000004,0.0,-0.022600000000000002,0.02213535582707571,-0.452,0,0,0,18,0.1397195342963856,0.007762196349799199,0.33205058606297444,0.6698744255845573,1.543741523558371,0,0.1397195342963856,-0.1397195342963856
hitter,802415,Chandler Simpson,TB,1,0,1,0.0,0.0,-0.022600000000000002,0.0,-0.022600000000000002,0.0,-0.022600000000000002,0.019190314317219737,-0.226,0,0,0,11,0.09251017324681474,0.00841001574971043,0.2930202843540533,0.6260224636612451,1.3783766642820428,0.09251017324681474,0,-0.09251017324681474
hitter,661388,William Contreras,MIL,1,0,1,0.0,0.0,-0.022600000000000002,0.0,-0.022600000000000002,0.0,-0.022600000000000002,0.01859733033812902,-0.226,0,0,0,19,0.14805003585626808,0.007792107150329899,0.3522141947069477,0.672308798511901,1.4622662192246103,0.14805003585626808,0,-0.14805003585626808
hitter,671976,Tristan Peters,CWS,1,0,1,0.0,0.0,-0.022600000000000002,0.0,-0.022600000000000002,0.0,-0.022600000000000002,0.017266031656338166,-0.226,0,0,0,5,0.031565136660682246,0.006313027332136449,0.07122139011308903,0.6955876854136094,1.404417197504522,0.031565136660682246,0,-0.031565136660682246
hitter,672820,Lenyn Sosa,CWS,1,0,1,0.0,0.0,-0.022600000000000002,0.0,-0.022600000000000002,0.0,-0.022600000000000002,0.0020233800311715983,-0.226,0,0,1,1,0.013078652004064325,0.013078652004064325,0.016875370745605633,0.9038205678672706,2.430311491650107,0.013078652004064325,0,-0.013078652004064325
hitter,682663,Agustin Ramirez,MIA,5,0,5,0.0,0.0,-0.11300000000000002,0.0,-0.11300000000000002,0.0,-0.022600000000000002,0.10477639798561346,-1.1300000000000001,0,0,1,3,0.030096502930006378,0.01003216764333546,0.0437714953338446,0.8226771985463698,1.9332667965101518,0.030096502930006378,0,-0.030096502930006378
hitter,650859,Luis Rengifo,MIL,1,0,1,0.0,0.0,-0.022600000000000002,0.0,-0.022600000000000002,0.0,-0.022600000000000002,0.024248126589845452,-0.226,0,0,0,7,0.059435236690478135,0.008490748098639733,0.14291863324039167,0.649250000328046,1.3697132822770042,0.059435236690478135,0,-0.059435236690478135
hitter,641343,Jake Bauers,MIL,1,0,1,0.0,0.0,-0.022600000000000002,0.0,-0.022600000000000002,0.0,-0.022600000000000002,0.009548029621289922,-0.226,0,0,0,13,0.10456358791597314,0.008043352916613318,0.24403211808192693,0.7195607032987394,1.7564014649511006,0.10456358791597314,0,-0.10456358791597314
hitter,663993,Nathaniel Lowe,CIN,1,0,1,0.0,0.0,-0.022600000000000002,0.0,-0.022600000000000002,0.0,-0.022600000000000002,0.05246441543558915,-0.226,0,0,1,11,0.0853046756363077,0.007754970512391609,0.19698134026028746,0.6606597324058355,1.3795522238536386,0.0853046756363077,0,-0.0853046756363077
hitter,668715,Spencer Steer,CIN,2,0,2,0.0,0.0,-0.045200000000000004,0.0,-0.045200000000000004,0.0,-0.022600000000000002,0.12801674861736734,-0.452,0,0,0,10,0.14761132333712235,0.014761132333712235,0.22827225923890668,0.7435591333410423,1.9897042308923638,0.14761132333712235,0,-0.14761132333712235
pitcher,663542,Bryan Hudson,CWS,2,0,2,0.0,0.0,-0.045200000000000004,0.0,-0.045200000000000004,0.0,-0.022600000000000002,0.03496158166618343,-0.452,0,0,0,18,0.1320096484124883,0.00733386935624935,0.3862377757198608,0.6230167531214202,1.2328177473868955,0,0.1320096484124883,-0.1320096484124883
fielder_challenger,500779,Jose Quintana,COL,1,0,1,0.0,0.0,-0.022600000000000002,0.0,-0.022600000000000002,0.0,-0.022600000000000002,0.03731211373186216,-0.226,0,0,0,0,0.0,0.0,0.0,0.0,0.0,0.0,0.0,0.0
hitter,688363,Graham Pauley,MIA,2,0,2,0.0,0.0,-0.045200000000000004,0.0,-0.045200000000000004,0.0,-0.022600000000000002,0.048167220573995695,-0.452,0,0,1,4,0.0388072156834978,0.00970180392087445,0.08057686982162066,0.7102767160273269,1.4424424969311933,0.0388072156834978,0,-0.0388072156834978
pitcher,808963,Roki Sasaki,LAD,2,0,2,0.0,0.0,-0.045200000000000004,0.0,-0.045200000000000004,0.0,-0.022600000000000002,0.05005249466603645,-0.452,0,0,0,16,0.14129773687073838,0.008831108554421149,0.31862948320339846,0.6434811682623591,1.2546930110954426,0,0.14129773687073838,-0.14129773687073838
hitter,663656,Kyle Tucker,LAD,1,0,1,0.0,0.0,-0.022600000000000002,0.0,-0.022600000000000002,0.0,-0.022600000000000002,0.045807707591042246,-0.226,0,0,1,13,0.06543559304800992,0.005033507157539224,0.28179715023364793,0.5980613334644013,1.1764469899089502,0.06543559304800992,0,-0.06543559304800992
pitcher,808967,Yoshinobu Yamamoto,LAD,1,0,1,0.0,0.0,-0.022600000000000002,0.0,-0.022600000000000002,0.0,-0.022600000000000002,0.03548439305350115,-0.226,0,0,0,22,0.16258514918745218,0.0073902340539750986,0.425261115949532,0.6521711228257037,1.3093218326942142,0,0.16258514918745218,-0.16258514918745218
hitter,500743,Miguel Rojas,LAD,1,0,1,0.0,0.0,-0.022600000000000002,0.0,-0.022600000000000002,0.0,-0.022600000000000002,0.07184636893976548,-0.226,0,0,1,10,0.11514688764612015,0.011514688764612015,0.20709103745739543,0.7479852288540936,1.975662654794813,0.11514688764612015,0,-0.11514688764612015
pitcher,669165,Kyle Hurt,LAD,1,0,1,0.0,0.0,-0.022600000000000002,0.0,-0.022600000000000002,0.0,-0.022600000000000002,0.0003096443757678591,-0.226,0,0,1,4,0.014247202476796235,0.0035618006191990587,0.0823047150289401,0.5077269803969651,0.7902205114922612,0,0.014247202476796235,-0.014247202476796235
hitter,808975,Hyeseong Kim,LAD,1,0,1,0.0,0.0,-0.022600000000000002,0.0,-0.022600000000000002,0.0,-0.022600000000000002,0.0492807156477853,-0.226,0,0,1,1,0.0050997372392881275,0.0050997372392881275,0.011751826546216843,0.7114289709931717,1.42675074441828,0.0050997372392881275,0,-0.0050997372392881275
fielder_challenger,676395,Robert Garcia,TEX,1,0,1,0.0,0.0,-0.022600000000000002,0.0,-0.022600000000000002,0.0,-0.022600000000000002,0.0100876890364697,-0.226,0,0,0,0,0.0,0.0,0.0,0.0,0.0,0.0,0.0,0.0
pitcher,455119,Chris Martin,TEX,1,0,1,0.0,0.0,-0.022600000000000002,0.0,-0.022600000000000002,0.0,-0.022600000000000002,0.0013711106544324995,-0.226,0,0,1,2,0.020168945195281243,0.010084472597640622,0.02421016732075776,0.9165250999733645,2.6035459920691713,0,0.020168945195281243,-0.020168945195281243
pitcher,671922,Cade Smith,CLE,2,0,2,0.0,0.0,-0.045200000000000004,0.0,-0.045200000000000004,0.0,-0.022600000000000002,0.019596520855479027,-0.452,0,0,0,11,0.19261844063393238,0.017510767330357488,0.5161803713598743,0.642051098374041,1.3808609358013133,0,0.19261844063393238,-0.19261844063393238
fielder_challenger,621242,Edwin Diaz,LAD,1,0,1,0.0,0.0,-0.022600000000000002,0.0,-0.022600000000000002,0.0,-0.022600000000000002,0.037157528421607355,-0.226,0,0,1,0,0.0,0.0,0.0,0.0,0.0,0.0,0.0,0.0
hitter,657757,Gavin Sheets,SD,1,0,1,0.0,0.0,-0.022600000000000002,0.0,-0.022600000000000002,0.0,-0.022600000000000002,0.02120306023368196,-0.226,0,0,0,11,0.10633875621403069,0.009667159655820972,0.25038965395720736,0.6187904732038028,1.3491128299451538,0.10633875621403069,0,-0.10633875621403069
pitcher,663158,Robert Suarez,ATL,2,0,2,0.0,0.0,-0.045200000000000004,0.0,-0.045200000000000004,0.0,-0.022600000000000002,0.13512645028261072,-0.452,0,0,1,3,0.06650142796198073,0.02216714265399358,0.14518573495639997,0.5396133867731933,0.8711677495282464,0,0.06650142796198073,-0.06650142796198073
hitter,641598,Mitch Garver,SEA,1,0,1,0.0,0.0,-0.022600000000000002,0.0,-0.022600000000000002,0.0,-0.022600000000000002,0.019433062532574152,-0.226,0,0,0,2,0.018752835948345425,0.009376417974172713,0.08055324276933012,0.47199926721576474,0.6608948031249309,0.018752835948345425,0,-0.018752835948345425
pitcher,700712,Walbert Urena,LAA,1,0,1,0.0,0.0,-0.022600000000000002,0.0,-0.022600000000000002,0.0,-0.022600000000000002,0.006460468191284541,-0.226,0,0,0,2,0.010545682818654742,0.005272841409327371,0.015923166012543108,0.8555198319467116,2.1010339451377105,0,0.010545682818654742,-0.010545682818654742
fielder_challenger,605447,Jordan Romano,LAA,1,0,1,0.0,0.0,-0.022600000000000002,0.0,-0.022600000000000002,0.0,-0.022600000000000002,-4.166943548141334e-05,-0.226,0,0,1,0,0.0,0.0,0.0,0.0,0.0,0.0,0.0,0.0
hitter,679845,Nick Loftin,KC,1,0,1,0.0,0.0,-0.022600000000000002,0.0,-0.022600000000000002,0.0,-0.022600000000000002,0.0010632569927258029,-0.226,0,0,0,7,0.05340921337225458,0.007629887624607797,0.10869746076169134,0.7010385333988826,1.4576817176310715,0.05340921337225458,0,-0.05340921337225458
pitcher,670167,John Schreiber,KC,2,0,2,0.0,0.0,-0.045200000000000004,0.0,-0.045200000000000004,0.0,-0.022600000000000002,0.03329436599350388,-0.452,0,0,1,3,0.010606264848129834,0.003535421616043278,0.0884156613411638,0.42077247104288934,0.5100053815004877,0,0.010606264848129834,-0.010606264848129834
pitcher,696147,Sam Bachman,LAA,1,0,1,0.0,0.0,-0.022600000000000002,0.0,-0.022600000000000002,0.0,-0.022600000000000002,0.04233471905005182,-0.226,0,0,0,5,0.13275263627760325,0.02655052725552065,0.4957906929738805,0.4377345620807608,0.5474266868944345,0,0.13275263627760325,-0.13275263627760325
hitter,669326,Bryce Teodosio,LAA,2,0,2,0.0,0.0,-0.045200000000000004,0.0,-0.045200000000000004,0.0,-0.022600000000000002,0.00267958274715141,-0.452,0,0,1,1,0.006965234836766145,0.006965234836766145,0.010439040729214422,0.8402042695573068,1.994811544105782,0.006965234836766145,0,-0.006965234836766145
pitcher,656638,Alex Lange,KC,1,0,1,0.0,0.0,-0.022600000000000002,0.0,-0.022600000000000002,0.0,-0.022600000000000002,0.002298202464006943,-0.226,0,0,0,3,0.016323715802141134,0.0054412386007137116,0.02696093123737961,0.8245293956526064,1.973702291013477,0,0.016323715802141134,-0.016323715802141134
pitcher,689296,Anthony Nunez,BAL,1,0,1,0.0,0.0,-0.022600000000000002,0.0,-0.022600000000000002,0.0,-0.022600000000000002,0.005979810541409503,-0.226,0,0,1,8,0.07057040735753486,0.008821300919691858,0.1663162642522451,0.6845966241703193,1.4526485048360964,0,0.07057040735753486,-0.07057040735753486
hitter,642215,Weston Wilson,BAL,1,0,1,0.0,0.0,-0.022600000000000002,0.0,-0.022600000000000002,0.0,-0.022600000000000002,0.03558572697404405,-0.226,0,0,0,2,0.013248145284011116,0.006624072642005558,0.048974823786877536,0.6560910600158163,1.284193733514921,0.013248145284011116,0,-0.013248145284011116
pitcher,701474,Duncan Davitt,CWS,1,0,1,0.0,0.0,-0.022600000000000002,0.0,-0.022600000000000002,0.0,-0.022600000000000002,0.015024209393035538,-0.226,0,0,0,0,0.0,0.0,0.0,0.0,0.0,0.0,0.0,0.0
hitter,695020,Tanner Murray,CWS,1,0,1,0.0,0.0,-0.022600000000000002,0.0,-0.022600000000000002,0.0,-0.022600000000000002,0.006535892918145159,-0.226,0,0,0,1,0.0022539588038151467,0.0022539588038151467,0.006305780134210459,0.7698584612832882,1.6556341320452344,0.0022539588038151467,0,-0.0022539588038151467
hitter,643217,Andrew Benintendi,CWS,1,0,1,0.0,0.0,-0.022600000000000002,0.0,-0.022600000000000002,0.0,-0.022600000000000002,0.07547021524759732,-0.226,0,0,1,6,0.10213798904118147,0.017022998173530247,0.15271552678764577,0.764712397534611,2.2307984093277833,0.10213798904118147,0,-0.10213798904118147
fielder_challenger,622554,Seranthony Dominguez,CWS,1,0,1,0.0,0.0,-0.022600000000000002,0.0,-0.022600000000000002,0.0,-0.022600000000000002,0.09597409362541875,-0.226,0,0,1,0,0.0,0.0,0.0,0.0,0.0,0.0,0.0,0.0
pitcher,690986,Kyle Harrison,MIL,2,0,2,0.0,0.0,-0.045200000000000004,0.0,-0.045200000000000004,0.0,-0.022600000000000002,0.038661576042888335,-0.452,0,0,0,17,0.21194432170799565,0.012467313041646803,0.3714319903466757,0.7165560580866153,1.552776441948126,0,0.21194432170799565,-0.21194432170799565
pitcher,663738,Daniel Lynch IV,KC,1,0,1,0.0,0.0,-0.022600000000000002,0.0,-0.022600000000000002,0.0,-0.022600000000000002,0.00027043173452523384,-0.226,0,0,0,8,0.046448219754108705,0.005806027469263588,0.16527711595508254,0.5810885532671387,1.024014702835201,0,0.046448219754108705,-0.046448219754108705
fielder_challenger,518585,Fernando Cruz,NYY,1,0,1,0.0,0.0,-0.022600000000000002,0.0,-0.022600000000000002,0.0,-0.022600000000000002,0.021793456671485634,-0.226,0,0,1,0,0.0,0.0,0.0,0.0,0.0,0.0,0.0,0.0
hitter,687363,Victor Scott II,STL,1,0,1,0.0,0.0,-0.022600000000000002,0.0,-0.022600000000000002,0.0,-0.022600000000000002,0.1300586799250053,-0.226,0,0,0,5,0.01870127325377375,0.0037402546507547497,0.045971745330471485,0.7328497484829029,1.6243191619843018,0.01870127325377375,0,-0.01870127325377375
pitcher,676467,Colton Gordon,HOU,1,0,1,0.0,0.0,-0.022600000000000002,0.0,-0.022600000000000002,0.0,-0.022600000000000002,0.0007814763642465545,-0.226,0,0,0,0,0.0,0.0,0.0,0.0,0.0,0.0,0.0,0.0
hitter,543877,Christian Vazquez,HOU,1,0,1,0.0,0.0,-0.022600000000000002,0.0,-0.022600000000000002,0.0,-0.022600000000000002,0.0732298469780181,-0.226,0,0,0,9,0.025451426317486182,0.002827936257498465,0.08116953628129531,0.7132531529795914,1.5516222949604983,0.025451426317486182,0,-0.025451426317486182
pitcher,624133,Ranger Suarez,BOS,1,0,1,0.0,0.0,-0.022600000000000002,0.0,-0.022600000000000002,0.0,-0.022600000000000002,0.003882191120140571,-0.226,0,0,0,8,0.0452689467302223,0.005658618341277787,0.15442743107387313,0.6000657969971583,1.1606116512803355,0,0.0452689467302223,-0.0452689467302223
pitcher,687911,Bryan King,HOU,1,0,1,0.0,0.0,-0.022600000000000002,0.0,-0.022600000000000002,0.0,-0.022600000000000002,0.09581413866465949,-0.226,0,0,0,8,0.08742602616954535,0.01092825327119317,0.22134514327211452,0.5998456601508011,1.2107356348562042,0,0.08742602616954535,-0.08742602616954535
hitter,666176,Jo Adell,LAA,1,0,1,0.0,0.0,-0.022600000000000002,0.0,-0.022600000000000002,0.0,-0.022600000000000002,0.02025137074177663,-0.226,0,0,0,8,0.06955435474894552,0.00869429434361819,0.22099469717863465,0.6267386880455479,1.3000520113728062,0.06955435474894552,0,-0.06955435474894552
pitcher,682610,Roddery Munoz,HOU,1,0,1,0.0,0.0,-0.022600000000000002,0.0,-0.022600000000000002,0.0,-0.022600000000000002,0.01671911940495463,-0.226,0,0,1,0,0.0,0.0,0.0,0.0,0.0,0.0,0.0,0.0
fielder_challenger,682610,Roddery Munoz,HOU,1,0,1,0.0,0.0,-0.022600000000000002,0.0,-0.022600000000000002,0.0,-0.022600000000000002,0.01671911940495463,-0.226,0,0,1,0,0.0,0.0,0.0,0.0,0.0,0.0,0.0,0.0
hitter,669397,Nick Allen,HOU,1,0,1,0.0,0.0,-0.022600000000000002,0.0,-0.022600000000000002,0.0,-0.022600000000000002,0.011432835718333582,-0.226,0,0,0,2,0.009698634286541264,0.004849317143270632,0.041612004440351034,0.5007973219225892,0.7523977257220797,0.009698634286541264,0,-0.009698634286541264
hitter,668670,Jake Rogers,DET,2,0,2,0.0,0.0,-0.045200000000000004,0.0,-0.045200000000000004,0.0,-0.022600000000000002,0.1057252166617823,-0.452,0,0,1,2,0.019841622647157817,0.009920811323578908,0.03487438291085354,0.8045449815726294,1.9084975398234552,0.019841622647157817,0,-0.019841622647157817
pitcher,688297,Chris Roycroft,STL,1,0,1,0.0,0.0,-0.022600000000000002,0.0,-0.022600000000000002,0.0,-0.022600000000000002,0.0006000590521131454,-0.226,0,0,0,0,0.0,0.0,0.0,0.0,0.0,0.0,0.0,0.0
pitcher,675848,Juan Mejia,COL,1,0,1,0.0,0.0,-0.022600000000000002,0.0,-0.022600000000000002,0.0,-0.022600000000000002,0.0038157435826086106,-0.226,0,0,1,7,0.043990015600161865,0.006284287942880266,0.14952362626596727,0.6213840369895998,1.1828581615283287,0,0.043990015600161865,-0.043990015600161865
hitter,669257,Will Smith,LAD,1,0,1,0.0,0.0,-0.022600000000000002,0.0,-0.022600000000000002,0.0,-0.022600000000000002,0.011180099398468424,-0.226,0,0,0,9,0.12983975301791317,0.014426639224212575,0.2526279145000693,0.6704197503269369,1.3604829181834512,0.12983975301791317,0,-0.12983975301791317
hitter,592663,J.T. Realmuto,PHI,1,0,1,0.0,0.0,-0.022600000000000002,0.0,-0.022600000000000002,0.0,-0.022600000000000002,0.019711646790952164,-0.226,0,0,0,17,0.3146689502000871,0.01850993824706395,0.4875061420850394,0.7321449528256666,1.6772822099875133,0.3146689502000871,0,-0.3146689502000871
hitter,608070,Jose Ramirez,CLE,1,0,1,0.0,0.0,-0.022600000000000002,0.0,-0.022600000000000002,0.0,-0.022600000000000002,0.026631394545742523,-0.226,0,0,0,22,0.20962357590473335,0.009528344359306062,0.41511848317024613,0.7463594506287325,1.958616400336801,0.20962357590473335,0,-0.20962357590473335
pitcher,674444,Steven Cruz,KC,1,0,1,0.0,0.0,-0.022600000000000002,0.0,-0.022600000000000002,0.0,-0.022600000000000002,0.0019037648581241664,-0.226,0,0,0,2,0.03571598838256533,0.017857994191282665,0.04166422847539669,0.8943899161421333,2.378487039867637,0,0.03571598838256533,-0.03571598838256533
hitter,521692,Salvador Perez,KC,1,0,1,0.0,0.0,-0.022600000000000002,0.0,-0.022600000000000002,0.0,-0.022600000000000002,0.029055578354637457,-0.226,0,0,0,7,0.034024021055397584,0.004860574436485369,0.09805423130595345,0.6668194579638467,1.400133826126463,0.034024021055397584,0,-0.034024021055397584
hitter,646240,Rafael Devers,SF,1,0,1,0.0,0.0,-0.022600000000000002,0.0,-0.022600000000000002,0.0,-0.022600000000000002,0.04800528030966206,-0.226,0,0,0,9,0.10527946996931965,0.011697718885479961,0.238099897409822,0.6561643506661679,1.4878289153114117,0.10527946996931965,0,-0.10527946996931965
hitter,691785,Marcelo Mayer,BOS,1,0,1,0.0,0.0,-0.022600000000000002,0.0,-0.022600000000000002,0.0,-0.022600000000000002,0.03389622539703441,-0.226,0,0,0,2,0.05859254099895756,0.02929627049947878,0.07956300883233822,0.7558124567688012,1.6562251902769158,0.05859254099895756,0,-0.05859254099895756
pitcher,686580,Justin Slaten,BOS,1,0,1,0.0,0.0,-0.022600000000000002,0.0,-0.022600000000000002,0.0,-0.022600000000000002,0.015716907509518707,-0.226,0,0,0,9,0.14155574752532604,0.015728416391702894,0.32150523527988756,0.5915861714327822,1.0569051743644824,0,0.14155574752532604,-0.14155574752532604
pitcher,663436,Davis Martin,CWS,3,0,3,0.0,0.0,-0.0678,0.0,-0.0678,0.0,-0.0226,0.0433935671509465,-0.678,0,0,1,17,0.11919859555075833,0.007011682091221078,0.3340267165986077,0.6634927458205984,1.3648947314716733,0,0.11919859555075833,-0.11919859555075833
pitcher,683000,Riley Cornelio,WSH,2,0,2,0.0,0.0,-0.045200000000000004,0.0,-0.045200000000000004,0.0,-0.022600000000000002,0.023812753125776936,-0.452,0,0,1,3,0.03804062142125693,0.012680207140418976,0.09554679258360853,0.659303596406523,1.6397231402606947,0,0.03804062142125693,-0.03804062142125693
hitter,686894,Joey Wiemer,WSH,1,0,1,0.0,0.0,-0.022600000000000002,0.0,-0.022600000000000002,0.0,-0.022600000000000002,0.0,-0.226,0,0,1,1,0.012495139666687466,0.012495139666687466,0.017481467727357425,0.8267521271706952,1.9220861736273567,0.012495139666687466,0,-0.012495139666687466
pitcher,643377,Griffin Jax,TB,1,0,1,0.0,0.0,-0.022600000000000002,0.0,-0.022600000000000002,0.0,-0.022600000000000002,0.008848566409308173,-0.226,0,0,0,7,0.06856044250458418,0.009794348929226312,0.1469904973694368,0.651903100443106,1.248305576544515,0,0.06856044250458418,-0.06856044250458418
pitcher,669947,Jesse Scholtens,TB,1,0,1,0.0,0.0,-0.022600000000000002,0.0,-0.022600000000000002,0.0,-0.022600000000000002,0.0007561545461237662,-0.226,0,0,1,3,0.01904942624562733,0.006349808748542443,0.04562000451867532,0.6978739912489497,1.397916473414994,0,0.01904942624562733,-0.01904942624562733
pitcher,669432,Trevor Rogers,BAL,2,0,2,0.0,0.0,-0.045200000000000004,0.0,-0.045200000000000004,0.0,-0.022600000000000002,0.04033238401840139,-0.452,0,0,0,25,0.18895705693179304,0.007558282277271722,0.4973825171089359,0.6791116487988437,1.4452748336122982,0,0.18895705693179304,-0.18895705693179304
hitter,668939,Adley Rutschman,BAL,1,0,1,0.0,0.0,-0.022600000000000002,0.0,-0.022600000000000002,0.0,-0.022600000000000002,0.005410533196210099,-0.226,0,0,0,9,0.05764492727937963,0.00640499191993107,0.17608018580455634,0.6085792001690301,1.1261016768226833,0.05764492727937963,0,-0.05764492727937963
hitter,700337,Edgar Quero,CWS,1,0,1,0.0,0.0,-0.022600000000000002,0.0,-0.022600000000000002,0.0,-0.022600000000000002,0.03522651623564643,-0.226,0,0,0,9,0.05484330110673934,0.0060937001229710375,0.14643106647011933,0.6860951332707524,1.4754065537683219,0.05484330110673934,0,-0.05484330110673934
hitter,683737,Michael Busch,CHC,1,0,1,0.0,0.0,-0.022600000000000002,0.0,-0.022600000000000002,0.0,-0.022600000000000002,0.11564310047710691,-0.226,0,0,1,15,0.08626978243240428,0.0057513188288269524,0.3125043304181795,0.6196485394514751,1.220079355877913,0.08626978243240428,0,-0.08626978243240428
pitcher,656686,Corbin Martin,CHC,1,0,1,0.0,0.0,-0.022600000000000002,0.0,-0.022600000000000002,0.0,-0.022600000000000002,0.001078988804586123,-0.226,0,0,1,0,0.0,0.0,0.0,0.0,0.0,0.0,0.0,0.0
pitcher,682254,Mason Montgomery,PIT,1,0,1,0.0,0.0,-0.022600000000000002,0.0,-0.022600000000000002,0.0,-0.022600000000000002,0.06009463242192781,-0.226,0,0,0,6,0.13852051282454772,0.02308675213742462,0.22983637546710922,0.689556442724157,1.4557241246986772,0,0.13852051282454772,-0.13852051282454772
hitter,663698,Joey Bart,PIT,1,0,1,0.0,0.0,-0.022600000000000002,0.0,-0.022600000000000002,0.0,-0.022600000000000002,0.0038660253005411427,-0.226,0,0,1,2,0.037334593520476404,0.018667296760238202,0.04857576993914403,0.8267034120180923,2.094453163667364,0.037334593520476404,0,-0.037334593520476404
hitter,665804,Miguel Amaya,CHC,1,0,1,0.0,0.0,-0.022600000000000002,0.0,-0.022600000000000002,0.0,-0.022600000000000002,0.1427025494726799,-0.226,0,0,1,1,0.0011048830849903354,0.0011048830849903354,0.0018257106680335897,0.9450827767521373,2.8840841238202053,0.0011048830849903354,0,-0.0011048830849903354
hitter,621020,Dansby Swanson,CHC,1,0,1,0.0,0.0,-0.022600000000000002,0.0,-0.022600000000000002,0.0,-0.022600000000000002,0.0050859360843587,-0.226,0,0,0,4,0.03949317165833831,0.009873292914584577,0.07275250961136248,0.7641960520475077,1.6728809853378315,0.03949317165833831,0,-0.03949317165833831
pitcher,676428,Brant Hurter,DET,1,0,1,0.0,0.0,-0.022600000000000002,0.0,-0.022600000000000002,0.0,-0.022600000000000002,0.04443286821486514,-0.226,0,0,0,5,0.029793226388102518,0.005958645277620503,0.07427794354957248,0.6905603087537433,1.4423101630685626,0,0.029793226388102518,-0.029793226388102518
pitcher,595345,Steven Okert,HOU,1,0,1,0.0,0.0,-0.022600000000000002,0.0,-0.022600000000000002,0.0,-0.022600000000000002,0.028624210293709235,-0.226,0,0,0,5,0.013238557698581895,0.002647711539716379,0.055928747349431415,0.7368018858396599,2.1676856617898705,0,0.013238557698581895,-0.013238557698581895
pitcher,656986,Bennett Sousa,HOU,1,0,1,0.0,0.0,-0.022600000000000002,0.0,-0.022600000000000002,0.0,-0.022600000000000002,0.004384288182093701,-0.226,0,0,1,5,0.039412179852692394,0.00788243597053848,0.08535178078919725,0.7020182102500443,1.4736848995115874,0,0.039412179852692394,-0.039412179852692394
pitcher,518876,Merrill Kelly,AZ,1,0,1,0.0,0.0,-0.022600000000000002,0.0,-0.022600000000000002,0.0,-0.022600000000000002,0.023803167221216004,-0.226,0,0,0,15,0.07007316516185362,0.004671544344123575,0.2584905781295027,0.61622553950837,1.1563608942763266,0,0.07007316516185362,-0.07007316516185362
fielder_challenger,669062,Erik Miller,SF,1,0,1,0.0,0.0,-0.022600000000000002,0.0,-0.022600000000000002,0.0,-0.022600000000000002,0.0008085358939405561,-0.226,0,0,1,0,0.0,0.0,0.0,0.0,0.0,0.0,0.0,0.0
pitcher,682274,Yaramil Hiraldo,BAL,1,0,1,0.0,0.0,-0.022600000000000002,0.0,-0.022600000000000002,0.0,-0.022600000000000002,0.03712896852348202,-0.226,0,0,0,2,0.02051039716082565,0.010255198580412826,0.05016103991025864,0.6262074719589952,1.1462629099535788,0,0.02051039716082565,-0.02051039716082565
hitter,663586,Austin Riley,ATL,1,0,1,0.0,0.0,-0.022600000000000002,0.0,-0.022600000000000002,0.0,-0.022600000000000002,0.0055154026429365954,-0.226,0,0,1,11,0.16055288166209694,0.014595716514736085,0.2577419548886885,0.749357670354994,1.804246007154844,0.16055288166209694,0,-0.16055288166209694
pitcher,554430,Zack Wheeler,PHI,1,0,1,0.0,0.0,-0.022600000000000002,0.0,-0.022600000000000002,0.0,-0.022600000000000002,0.12018275246751664,-0.226,0,0,0,11,0.07576437514691822,0.006887670467901657,0.2742550402552429,0.5400283253774902,0.9207950308718363,0,0.07576437514691822,-0.07576437514691822
pitcher,628452,Raisel Iglesias,ATL,1,0,1,0.0,0.0,-0.022600000000000002,0.0,-0.022600000000000002,0.0,-0.022600000000000002,0.010987246758521252,-0.226,0,0,0,7,0.1275683168787223,0.0182240452683889,0.2503733995452706,0.6089517844136549,1.34544958749225,0,0.1275683168787223,-0.1275683168787223
catcher,681807,David Fry,CLE,2,0,2,0.0,0.0,-0.045200000000000004,0.0,-0.045200000000000004,0.0,-0.022600000000000002,0.0034557536494011823,-0.452,0,0,1,0,0.0,0.0,0.0,0.0,0.0,0.0,0.0,0.0
fielder_challenger,681807,David Fry,CLE,2,0,2,0.0,0.0,-0.045200000000000004,0.0,-0.045200000000000004,0.0,-0.022600000000000002,0.0034557536494011823,-0.452,0,0,1,0,0.0,0.0,0.0,0.0,0.0,0.0,0.0,0.0
pitcher,663465,Kolby Allard,CLE,1,0,1,0.0,0.0,-0.022600000000000002,0.0,-0.022600000000000002,0.0,-0.022600000000000002,0.00015087559766317543,-0.226,0,0,1,0,0.0,0.0,0.0,0.0,0.0,0.0,0.0,0.0
fielder_challenger,674370,Osvaldo Bido,ATL,1,0,1,0.0,0.0,-0.022600000000000002,0.0,-0.022600000000000002,0.0,-0.022600000000000002,0.00248080840642384,-0.226,0,0,1,0,0.0,0.0,0.0,0.0,0.0,0.0,0.0,0.0
pitcher,643410,Mark Leiter Jr.,ATH,2,0,2,0.0,0.0,-0.045200000000000004,0.0,-0.045200000000000004,0.0,-0.022600000000000002,0.04445863085672053,-0.452,0,0,0,0,0.0,0.0,0.0,0.0,0.0,0.0,0.0,0.0
pitcher,665660,Elvis Alvarado,ATH,1,0,1,0.0,0.0,-0.022600000000000002,0.0,-0.022600000000000002,0.0,-0.022600000000000002,0.009975570544276328,-0.226,0,0,0,5,0.027351472703961516,0.005470294540792303,0.10702615163427726,0.569403701418843,0.981859723018354,0,0.027351472703961516,-0.027351472703961516
fielder_challenger,665660,Elvis Alvarado,ATH,1,0,1,0.0,0.0,-0.022600000000000002,0.0,-0.022600000000000002,0.0,-0.022600000000000002,0.009975570544276328,-0.226,0,0,0,0,0.0,0.0,0.0,0.0,0.0,0.0,0.0,0.0
pitcher,677958,Kumar Rocker,TEX,1,0,1,0.0,0.0,-0.022600000000000002,0.0,-0.022600000000000002,0.0,-0.022600000000000002,0.018288163726831064,-0.226,0,0,0,13,0.07418433247542087,0.005706487113493914,0.14683889511349016,0.7603672795116532,1.7966940492754917,0,0.07418433247542087,-0.07418433247542087
pitcher,669372,J.T. Ginn,ATH,1,0,1,0.0,0.0,-0.022600000000000002,0.0,-0.022600000000000002,0.0,-0.022600000000000002,5.450074516688552e-06,-0.226,0,0,1,7,0.07657449576797032,0.010939213681138617,0.17984826711657498,0.5899740349718072,1.0281762672059047,0,0.07657449576797032,-0.07657449576797032
hitter,543510,James McCann,AZ,1,0,1,0.0,0.0,-0.022600000000000002,0.0,-0.022600000000000002,0.0,-0.022600000000000002,0.0018010720100430921,-0.226,0,0,1,2,0.006969201266367835,0.0034846006331839176,0.030351349717316956,0.6388527730795281,1.4535755572533544,0.006969201266367835,0,-0.006969201266367835
pitcher,674370,Osvaldo Bido,CWS,1,0,1,0.0,0.0,-0.022600000000000002,0.0,-0.022600000000000002,0.0,-0.022600000000000002,0.00021385925429462382,-0.226,0,0,0,0,0.0,0.0,0.0,0.0,0.0,0.0,0.0,0.0
fielder_challenger,674370,Osvaldo Bido,CWS,1,0,1,0.0,0.0,-0.022600000000000002,0.0,-0.022600000000000002,0.0,-0.022600000000000002,0.00021385925429462382,-0.226,0,0,0,0,0.0,0.0,0.0,0.0,0.0,0.0,0.0,0.0
pitcher,657044,Ryan Thompson,AZ,1,0,1,0.0,0.0,-0.022600000000000002,0.0,-0.022600000000000002,0.0,-0.022600000000000002,0.011883054968375717,-0.226,0,0,0,3,0.019238368460446457,0.006412789486815486,0.055908515923078106,0.6008309837725614,1.0659342469166577,0,0.019238368460446457,-0.019238368460446457
hitter,656716,Zach McKinstry,DET,1,0,1,0.0,0.0,-0.022600000000000002,0.0,-0.022600000000000002,0.0,-0.022600000000000002,0.01200890658776689,-0.226,0,0,0,8,0.04300887089775698,0.005376108862219622,0.13032613171414853,0.7013112611183093,1.6038722835532389,0.04300887089775698,0,-0.04300887089775698
hitter,689414,Liam Hicks,MIA,1,1,0,1.0,-0.0010359166761860772,0.0,-0.0010359166761860772,-0.0010359166761860772,-0.0010359166761860772,-0.0010359166761860772,-0.0010359166761860772,0.10702080562648203,0,0,0,13,0.10731748080536727,0.008255190831182098,0.2607038959464508,0.689263503585214,1.6605311987832787,0.10731748080536727,0,-0.10835339748155334
